elapsed_s,timestamp,gateway_id,cpu_pct,cpu_user,cpu_sys,cpu_iowait,mem_total_mb,mem_used_mb,mem_free_mb,mem_used_pct,load_1,load_5,load_15,net_rx_bytes,net_tx_bytes,net_rx_delta,net_tx_delta,cs_cpu_pct,cs_mem_mb,pf_cpu_pct,pf_mem_mb,rx_total,tx_total,rx_delta,tx_delta,rx_crc_ok,rx_crc_error,rx_crc_none,crc_error_rate_pct,rx_dr0,rx_dr1,rx_dr2,rx_dr3,rx_dr4,rx_dr5
0.0,2026-05-16T18:17:22,0016c001f10c2ef6,,,,,7809,699,7110,9.0,0.18,0.29,0.42,313687267,1264307428,,,1.3,234.2,3.1,2.0,25,12,,,0,0,0,0.0,0,0,0,0,0,0
0.6,2026-05-16T18:17:22,0016c001f10c2ef6,9.5,4.1,5.4,0.0,7809,699,7110,9.0,0.18,0.29,0.42,313690253,1264319085,2986,11657,1.3,234.2,3.1,2.0,25,12,0,0,0,0,0,0.0,0,0,0,0,0,0
1.1,2026-05-16T18:17:22,0016c001f10c2ef6,6.0,2.2,3.8,0.0,7809,699,7110,9.0,0.18,0.29,0.42,313693387,1264330676,3134,11591,1.3,234.2,3.1,2.0,25,12,0,0,0,0,0,0.0,0,0,0,0,0,0
1.6,2026-05-16T18:17:23,0016c001f10c2ef6,5.8,2.9,2.9,0.0,7809,699,7110,9.0,0.18,0.29,0.42,313696477,1264342267,3090,11591,1.3,234.2,3.1,2.0,25,12,0,0,0,0,0,0.0,0,0,0,0,0,0
2.1,2026-05-16T18:17:23,0016c001f10c2ef6,7.1,3.0,4.2,0.0,7809,701,7108,9.0,0.18,0.29,0.42,313700644,1264384617,4167,42350,1.3,234.2,3.1,2.0,25,12,0,0,0,0,0,0.0,0,0,0,0,0,0
2.6,2026-05-16T18:17:24,0016c001f10c2ef6,6.5,2.4,4.1,0.0,7809,700,7109,9.0,0.18,0.29,0.42,313703834,1264396208,3190,11591,1.3,234.2,3.1,2.0,25,12,0,0,0,0,0,0.0,0,0,0,0,0,0
3.0,2026-05-16T18:17:24,0016c001f10c2ef6,6.7,2.8,3.9,0.0,7809,700,7109,9.0,0.18,0.29,0.42,313706972,1264407799,3138,11591,1.3,234.2,3.1,2.0,25,12,0,0,0,0,0,0.0,0,0,0,0,0,0
3.5,2026-05-16T18:17:25,0016c001f10c2ef6,6.2,2.3,4.0,0.0,7809,700,7109,9.0,0.25,0.3,0.42,313710162,1264419390,3190,11591,1.3,234.2,3.1,2.0,25,12,0,0,0,0,0,0.0,0,0,0,0,0,0
4.0,2026-05-16T18:17:25,0016c001f10c2ef6,7.0,2.9,4.1,0.0,7809,699,7110,9.0,0.25,0.3,0.42,313714177,1264461740,4015,42350,1.3,234.2,3.1,2.0,25,12,0,0,0,0,0,0.0,0,0,0,0,0,0
4.5,2026-05-16T18:17:26,0016c001f10c2ef6,6.0,2.4,3.6,0.0,7809,700,7109,9.0,0.25,0.3,0.42,313717215,1264473331,3038,11591,1.3,234.2,3.1,2.0,25,12,0,0,0,0,0,0.0,0,0,0,0,0,0
5.0,2026-05-16T18:17:26,0016c001f10c2ef6,6.4,2.9,3.5,0.0,7809,700,7109,9.0,0.25,0.3,0.42,313720353,1264484922,3138,11591,1.3,234.2,3.1,2.0,25,12,0,0,0,0,0,0.0,0,0,0,0,0,0
5.4,2026-05-16T18:17:27,0016c001f10c2ef6,7.3,3.4,3.9,0.0,7809,699,7110,9.0,0.25,0.3,0.42,313723491,1264496513,3138,11591,1.3,234.2,3.1,2.0,25,12,0,0,0,0,0,0.0,0,0,0,0,0,0
5.9,2026-05-16T18:17:27,0016c001f10c2ef6,5.2,1.2,4.0,0.0,7809,699,7110,9.0,0.25,0.3,0.42,313727554,1264538929,4063,42416,1.3,234.1,3.1,2.0,25,12,0,0,0,0,0,0.0,0,0,0,0,0,0
6.4,2026-05-16T18:17:27,0016c001f10c2ef6,21.3,4.5,16.9,0.0,7809,699,7110,9.0,0.25,0.3,0.42,313730592,1264550520,3038,11591,1.3,234.1,3.1,2.0,25,12,0,0,0,0,0,0.0,0,0,0,0,0,0
6.9,2026-05-16T18:17:28,0016c001f10c2ef6,19.0,1.8,17.3,0.0,7809,699,7110,9.0,0.25,0.3,0.42,313733778,1264562111,3186,11591,1.3,234.1,3.1,2.0,25,12,0,0,0,0,0,0.0,0,0,0,0,0,0
7.4,2026-05-16T18:17:28,0016c001f10c2ef6,19.8,1.9,17.9,0.0,7809,700,7109,9.0,0.25,0.3,0.42,313736916,1264573702,3138,11591,1.3,234.1,3.1,2.0,25,12,0,0,0,0,0,0.0,0,0,0,0,0,0
7.9,2026-05-16T18:17:29,0016c001f10c2ef6,17.1,3.4,13.7,0.0,7809,700,7109,9.0,0.25,0.3,0.42,313740058,1264585293,3142,11591,1.3,234.1,3.1,2.0,25,12,0,0,0,0,0,0.0,0,0,0,0,0,0
8.3,2026-05-16T18:17:29,0016c001f10c2ef6,6.6,2.4,4.2,0.0,7809,700,7109,9.0,0.25,0.3,0.42,313744498,1264627643,4440,42350,1.3,234.1,3.1,2.0,25,12,0,0,0,0,0,0.0,0,0,0,0,0,0
8.8,2026-05-16T18:17:30,0016c001f10c2ef6,7.9,2.8,5.1,0.0,7809,701,7108,9.0,0.23,0.3,0.42,313747640,1264639234,3142,11591,1.3,234.1,3.1,2.0,25,12,0,0,0,0,0,0.0,0,0,0,0,0,0
9.3,2026-05-16T18:17:30,0016c001f10c2ef6,5.8,1.7,4.1,0.0,7809,700,7109,9.0,0.23,0.3,0.42,313750898,1264650903,3258,11669,1.3,234.1,3.1,2.0,25,12,0,0,0,0,0,0.0,0,0,0,0,0,0
9.7,2026-05-16T18:17:31,0016c001f10c2ef6,6.0,1.8,4.2,0.0,7809,700,7109,9.0,0.23,0.3,0.42,313753988,1264662560,3090,11657,1.3,234.1,3.1,2.0,25,12,0,0,0,0,0,0.0,0,0,0,0,0,0
10.2,2026-05-16T18:17:31,0016c001f10c2ef6,7.4,3.1,4.3,0.0,7809,700,7109,9.0,0.23,0.3,0.42,313758155,1264704910,4167,42350,1.3,234.1,3.1,2.0,25,12,0,0,0,0,0,0.0,0,0,0,0,0,0
10.7,2026-05-16T18:17:31,0016c001f10c2ef6,6.3,2.9,3.4,0.0,7809,700,7109,9.0,0.23,0.3,0.42,313761245,1264716567,3090,11657,1.3,234.1,3.1,2.0,25,12,0,0,0,0,0,0.0,0,0,0,0,0,0
11.2,2026-05-16T18:17:32,0016c001f10c2ef6,7.0,2.3,4.7,0.0,7809,699,7110,9.0,0.23,0.3,0.42,313764383,1264728158,3138,11591,1.3,234.1,3.1,2.0,25,12,0,0,0,0,0,0.0,0,0,0,0,0,0
11.6,2026-05-16T18:17:32,0016c001f10c2ef6,5.9,2.4,3.5,0.0,7809,699,7110,9.0,0.23,0.3,0.42,313767673,1264739749,3290,11591,1.3,234.1,3.1,2.0,25,12,0,0,0,0,0,0.0,0,0,0,0,0,0
12.2,2026-05-16T18:17:32,0016c001f10c2ef6,8.4,2.6,5.8,0.0,7809,699,7110,9.0,0.23,0.3,0.42,313771688,1264782231,4015,42482,1.3,234.2,3.1,2.0,25,12,0,0,0,0,0,0.0,0,0,0,0,0,0
12.6,2026-05-16T18:17:33,0016c001f10c2ef6,7.6,2.4,5.3,0.0,7809,700,7109,9.0,0.23,0.3,0.42,313774826,1264793822,3138,11591,1.3,234.2,3.1,2.0,25,12,0,0,0,0,0,0.0,0,0,0,0,0,0
13.1,2026-05-16T18:17:33,0016c001f10c2ef6,7.1,2.4,4.7,0.0,7809,701,7108,9.0,0.23,0.3,0.42,313777864,1264805413,3038,11591,1.3,234.2,3.1,2.0,25,12,0,0,0,0,0,0.0,0,0,0,0,0,0
13.6,2026-05-16T18:17:34,0016c001f10c2ef6,6.6,1.8,4.8,0.0,7809,701,7108,9.0,0.23,0.3,0.42,313780950,1264817004,3086,11591,1.3,234.2,3.1,2.0,25,12,0,0,0,0,0,0.0,0,0,0,0,0,0
14.0,2026-05-16T18:17:34,0016c001f10c2ef6,6.6,2.4,4.2,0.0,7809,700,7109,9.0,0.23,0.3,0.42,313785065,1264859354,4115,42350,1.3,234.3,3.1,2.0,25,12,0,0,0,0,0,0.0,0,0,0,0,0,0
14.5,2026-05-16T18:17:35,0016c001f10c2ef6,6.6,1.8,4.8,0.0,7809,700,7109,9.0,0.21,0.29,0.42,313788103,1264871628,3038,12274,1.3,234.3,3.1,2.0,25,12,0,0,0,0,0,0.0,0,0,0,0,0,0
15.0,2026-05-16T18:17:35,0016c001f10c2ef6,9.0,3.0,5.4,0.6,7809,700,7109,9.0,0.21,0.29,0.42,313791393,1264883219,3290,11591,1.3,234.3,3.1,2.0,25,12,0,0,0,0,0,0.0,0,0,0,0,0,0
15.4,2026-05-16T18:17:36,0016c001f10c2ef6,6.0,1.8,4.2,0.0,7809,700,7109,9.0,0.21,0.29,0.42,313794577,1264896397,3184,13178,1.3,234.3,3.1,2.0,25,12,0,0,0,0,0,0.0,0,0,0,0,0,0
15.9,2026-05-16T18:17:36,0016c001f10c2ef6,5.9,3.6,2.4,0.0,7809,700,7109,9.0,0.21,0.29,0.42,313797563,1264907988,2986,11591,1.3,234.3,3.1,2.0,25,12,0,0,0,0,0,0.0,0,0,0,0,0,0
16.3,2026-05-16T18:17:37,0016c001f10c2ef6,8.0,3.1,4.9,0.0,7809,700,7109,9.0,0.21,0.29,0.42,313801782,1264950404,4219,42416,1.3,234.4,3.1,2.0,25,12,0,0,0,0,0,0.0,0,0,0,0,0,0
16.8,2026-05-16T18:17:37,0016c001f10c2ef6,7.6,2.9,4.7,0.0,7809,700,7109,9.0,0.21,0.29,0.42,313804884,1264962237,3102,11833,1.3,234.4,3.1,2.0,25,12,0,0,0,0,0,0.0,0,0,0,0,0,0
17.3,2026-05-16T18:17:38,0016c001f10c2ef6,6.2,2.3,4.0,0.0,7809,700,7109,9.0,0.21,0.29,0.42,313808070,1264973828,3186,11591,1.3,234.4,3.1,2.0,25,12,0,0,0,0,0,0.0,0,0,0,0,0,0
17.8,2026-05-16T18:17:38,0016c001f10c2ef6,8.0,2.1,5.9,0.0,7809,700,7109,9.0,0.21,0.29,0.42,313811478,1264985839,3408,12011,1.3,234.4,3.1,2.0,25,12,0,0,0,0,0,0.0,0,0,0,0,0,0
18.4,2026-05-16T18:17:38,0016c001f10c2ef6,11.6,5.6,6.1,0.0,7809,701,7108,9.0,0.21,0.29,0.42,313815665,1265028399,4187,42560,1.3,234.3,3.1,2.0,25,12,0,0,0,0,0,0.0,0,0,0,0,0,0
18.9,2026-05-16T18:17:39,0016c001f10c2ef6,8.6,3.5,5.1,0.0,7809,701,7108,9.0,0.21,0.29,0.42,313818859,1265040122,3194,11723,1.3,234.3,3.1,2.0,25,12,0,0,0,0,0,0.0,0,0,0,0,0,0
19.4,2026-05-16T18:17:39,0016c001f10c2ef6,18.8,2.3,16.5,0.0,7809,701,7108,9.0,0.21,0.29,0.42,313822426,1265051713,3567,11591,1.3,234.3,3.1,2.0,25,12,0,0,0,0,0,0.0,0,0,0,0,0,0
19.9,2026-05-16T18:17:40,0016c001f10c2ef6,18.8,2.9,15.3,0.6,7809,701,7108,9.0,0.35,0.32,0.43,313825564,1265063304,3138,11591,1.3,234.3,3.1,2.0,25,12,0,0,0,0,0,0.0,0,0,0,0,0,0
20.4,2026-05-16T18:17:40,0016c001f10c2ef6,19.6,2.5,17.2,0.0,7809,701,7108,9.0,0.35,0.32,0.43,313829631,1265105588,4067,42284,1.3,234.3,3.1,2.0,25,12,0,0,0,0,0,0.0,0,0,0,0,0,0
20.9,2026-05-16T18:17:41,0016c001f10c2ef6,14.0,2.2,11.8,0.0,7809,700,7109,9.0,0.35,0.32,0.43,313832869,1265117179,3238,11591,1.3,234.3,3.1,2.0,25,12,0,0,0,0,0,0.0,0,0,0,0,0,0
21.4,2026-05-16T18:17:41,0016c001f10c2ef6,6.3,2.3,4.0,0.0,7809,700,7109,9.0,0.35,0.32,0.43,313835959,1265128836,3090,11657,1.3,234.3,3.1,2.0,25,12,0,0,0,0,0,0.0,0,0,0,0,0,0
21.9,2026-05-16T18:17:42,0016c001f10c2ef6,6.3,2.3,4.0,0.0,7809,700,7109,9.0,0.35,0.32,0.43,313839201,1265140427,3242,11591,1.3,234.3,3.1,2.0,25,12,0,0,0,0,0,0.0,0,0,0,0,0,0
22.3,2026-05-16T18:17:42,0016c001f10c2ef6,5.4,1.8,3.6,0.0,7809,700,7109,9.0,0.35,0.32,0.43,313843264,1265182777,4063,42350,1.3,234.3,3.1,2.0,25,12,0,0,0,0,0,0.0,0,0,0,0,0,0
22.8,2026-05-16T18:17:43,0016c001f10c2ef6,8.3,3.0,5.3,0.0,7809,700,7109,9.0,0.35,0.32,0.43,313846402,1265194368,3138,11591,1.3,234.3,3.1,2.0,25,12,0,0,0,0,0,0.0,0,0,0,0,0,0
23.3,2026-05-16T18:17:43,0016c001f10c2ef6,7.1,2.4,4.7,0.0,7809,699,7110,9.0,0.35,0.32,0.43,313849592,1265205959,3190,11591,1.3,234.3,3.1,2.0,25,12,0,0,0,0,0,0.0,0,0,0,0,0,0
23.7,2026-05-16T18:17:43,0016c001f10c2ef6,9.7,4.5,5.1,0.0,7809,700,7109,9.0,0.35,0.32,0.43,313852650,1265217636,3058,11677,1.3,234.3,3.1,2.0,25,12,0,0,0,0,0,0.0,0,0,0,0,0,0
24.2,2026-05-16T18:17:44,0016c001f10c2ef6,4.8,1.8,3.0,0.0,7809,701,7108,9.0,0.35,0.32,0.43,313856717,1265259986,4067,42350,1.3,234.3,3.1,2.0,25,12,0,0,0,0,0,0.0,0,0,0,0,0,0
24.7,2026-05-16T18:17:44,0016c001f10c2ef6,7.6,2.9,4.7,0.0,7809,700,7109,9.0,0.35,0.32,0.43,313859907,1265271577,3190,11591,1.3,234.3,3.1,2.0,25,12,0,0,0,0,0,0.0,0,0,0,0,0,0
25.2,2026-05-16T18:17:45,0016c001f10c2ef6,9.0,3.5,5.5,0.0,7809,700,7109,9.0,0.35,0.32,0.43,313863097,1265283234,3190,11657,1.3,234.3,3.1,2.0,25,12,0,0,0,0,0,0.0,0,0,0,0,0,0
25.7,2026-05-16T18:17:45,0016c001f10c2ef6,6.3,1.1,5.2,0.0,7809,701,7108,9.0,0.33,0.32,0.42,313866235,1265295903,3138,12669,1.3,234.3,3.1,2.0,25,12,0,0,0,0,0,0.0,0,0,0,0,0,0
26.2,2026-05-16T18:17:45,0016c001f10c2ef6,10.4,3.1,6.1,1.2,7809,701,7108,9.0,0.33,0.32,0.42,313869419,1265309464,3184,13561,1.3,234.3,3.1,2.0,25,12,0,0,0,0,0,0.0,0,0,0,0,0,0
26.6,2026-05-16T18:17:46,0016c001f10c2ef6,7.2,3.6,3.6,0.0,7809,701,7108,9.0,0.33,0.32,0.42,313873430,1265351814,4011,42350,1.3,234.3,3.1,2.0,25,12,0,0,0,0,0,0.0,0,0,0,0,0,0
27.1,2026-05-16T18:17:46,0016c001f10c2ef6,6.0,1.8,4.2,0.0,7809,701,7108,9.0,0.33,0.32,0.42,313876568,1265363405,3138,11591,1.3,234.3,3.1,2.0,25,12,0,0,0,0,0,0.0,0,0,0,0,0,0
27.6,2026-05-16T18:17:47,0016c001f10c2ef6,7.6,2.3,5.2,0.0,7809,699,7110,9.0,0.33,0.32,0.42,313879758,1265374996,3190,11591,1.3,234.3,3.1,2.0,25,12,0,0,0,0,0,0.0,0,0,0,0,0,0
28.0,2026-05-16T18:17:47,0016c001f10c2ef6,6.5,3.0,3.6,0.0,7809,700,7109,9.0,0.33,0.32,0.42,313882900,1265386587,3142,11591,1.3,234.3,3.1,2.0,25,12,0,0,0,0,0,0.0,0,0,0,0,0,0
28.5,2026-05-16T18:17:47,0016c001f10c2ef6,6.4,2.9,3.5,0.0,7809,702,7107,9.0,0.33,0.32,0.42,313886967,1265429003,4067,42416,1.3,234.1,3.1,2.0,27,14,2,2,0,0,0,0.0,0,0,0,0,0,0
29.0,2026-05-16T18:17:48,0016c001f10c2ef6,7.4,2.3,5.1,0.0,7809,701,7108,9.0,0.33,0.32,0.42,313890105,1265440594,3138,11591,1.3,234.1,3.1,2.0,27,14,0,0,0,0,0,0.0,0,0,0,0,0,0
29.5,2026-05-16T18:17:48,0016c001f10c2ef6,6.5,3.0,3.6,0.0,7809,700,7109,9.0,0.33,0.32,0.42,313893343,1265452251,3238,11657,1.3,234.1,3.1,2.0,27,14,0,0,0,0,0,0.0,0,0,0,0,0,0
30.0,2026-05-16T18:17:49,0016c001f10c2ef6,5.8,2.9,2.9,0.0,7809,700,7109,9.0,0.33,0.32,0.42,313896585,1265463842,3242,11591,1.3,234.1,3.1,2.0,27,14,0,0,0,0,0,0.0,0,0,0,0,0,0
30.4,2026-05-16T18:17:49,0016c001f10c2ef6,6.4,2.3,4.1,0.0,7809,700,7109,9.0,0.33,0.32,0.42,313901081,1265506192,4496,42350,1.3,234.1,3.1,2.0,27,14,0,0,0,0,0,0.0,0,0,0,0,0,0
31.0,2026-05-16T18:17:50,0016c001f10c2ef6,9.4,4.2,5.2,0.0,7809,700,7109,9.0,0.3,0.31,0.42,313904119,1265517915,3038,11723,1.3,234.1,3.1,2.0,27,14,0,0,0,0,0,0.0,0,0,0,0,0,0
31.4,2026-05-16T18:17:50,0016c001f10c2ef6,7.7,1.8,5.3,0.6,7809,700,7109,9.0,0.3,0.31,0.42,313907257,1265529506,3138,11591,1.3,234.1,3.1,2.0,27,14,0,0,0,0,0,0.0,0,0,0,0,0,0
31.9,2026-05-16T18:17:51,0016c001f10c2ef6,7.2,3.0,4.2,0.0,7809,700,7109,9.0,0.3,0.31,0.42,313910495,1265541097,3238,11591,1.3,234.1,3.1,2.0,27,14,0,0,0,0,0,0.0,0,0,0,0,0,0
32.4,2026-05-16T18:17:51,0016c001f10c2ef6,19.2,2.3,16.9,0.0,7809,701,7108,9.0,0.3,0.31,0.42,313914770,1265583447,4275,42350,1.3,234.1,3.1,2.0,27,14,0,0,0,0,0,0.0,0,0,0,0,0,0
32.9,2026-05-16T18:17:52,0016c001f10c2ef6,20.5,1.8,18.7,0.0,7809,701,7108,9.0,0.3,0.31,0.42,313917912,1265595038,3142,11591,1.3,234.1,3.1,2.0,27,14,0,0,0,0,0,0.0,0,0,0,0,0,0
33.4,2026-05-16T18:17:52,0016c001f10c2ef6,19.0,1.8,17.3,0.0,7809,701,7108,9.0,0.3,0.31,0.42,313921150,1265606629,3238,11591,1.3,234.1,3.1,2.0,27,14,0,0,0,0,0,0.0,0,0,0,0,0,0
33.8,2026-05-16T18:17:53,0016c001f10c2ef6,13.3,3.0,10.2,0.0,7809,701,7108,9.0,0.3,0.31,0.42,313924340,1265618220,3190,11591,1.3,234.1,3.1,2.0,27,14,0,0,0,0,0,0.0,0,0,0,0,0,0
34.3,2026-05-16T18:17:53,0016c001f10c2ef6,5.3,2.3,2.9,0.0,7809,700,7109,9.0,0.3,0.31,0.42,313927378,1265629811,3038,11591,1.3,234.1,3.1,2.0,27,14,0,0,0,0,0,0.0,0,0,0,0,0,0
34.8,2026-05-16T18:17:53,0016c001f10c2ef6,7.2,3.0,4.2,0.0,7809,700,7109,9.0,0.3,0.31,0.42,313931493,1265672161,4115,42350,1.3,234.1,3.1,2.0,27,14,0,0,0,0,0,0.0,0,0,0,0,0,0
35.3,2026-05-16T18:17:54,0016c001f10c2ef6,5.1,2.3,2.9,0.0,7809,700,7109,9.0,0.3,0.31,0.42,313934583,1265683752,3090,11591,1.3,234.1,3.1,2.0,27,14,0,0,0,0,0,0.0,0,0,0,0,0,0
35.7,2026-05-16T18:17:54,0016c001f10c2ef6,5.3,2.4,2.9,0.0,7809,699,7110,9.0,0.3,0.31,0.42,313937793,1265695421,3210,11669,1.3,234.1,3.1,2.0,27,14,0,0,0,0,0,0.0,0,0,0,0,0,0
36.2,2026-05-16T18:17:55,0016c001f10c2ef6,8.0,3.4,4.6,0.0,7809,701,7108,9.0,0.3,0.31,0.42,313941031,1265707012,3238,11591,1.3,234.1,3.1,2.0,27,14,0,0,0,0,0,0.0,0,0,0,0,0,0
36.7,2026-05-16T18:17:55,0016c001f10c2ef6,11.0,4.7,6.3,0.0,7809,700,7109,9.0,0.28,0.31,0.42,313945102,1265749428,4071,42416,1.3,234.1,3.1,2.0,27,14,0,0,0,0,0,0.0,0,0,0,0,0,0
37.2,2026-05-16T18:17:56,0016c001f10c2ef6,6.9,2.9,4.0,0.0,7809,699,7110,9.0,0.28,0.31,0.42,313948288,1265761019,3186,11591,1.3,234.1,3.1,2.0,27,14,0,0,0,0,0,0.0,0,0,0,0,0,0
37.7,2026-05-16T18:17:56,0016c001f10c2ef6,6.5,2.4,4.1,0.0,7809,699,7110,9.0,0.28,0.31,0.42,313951426,1265772610,3138,11591,1.3,234.1,3.1,2.0,27,14,0,0,0,0,0,0.0,0,0,0,0,0,0
38.2,2026-05-16T18:17:56,0016c001f10c2ef6,6.5,2.4,4.1,0.0,7809,698,7111,8.9,0.28,0.31,0.42,313954464,1265784201,3038,11591,1.3,234.1,3.1,2.0,27,14,0,0,0,0,0,0.0,0,0,0,0,0,0
38.6,2026-05-16T18:17:57,0016c001f10c2ef6,6.5,2.4,4.2,0.0,7809,699,7110,9.0,0.28,0.31,0.42,313958479,1265826551,4015,42350,1.3,234.1,3.1,2.0,27,14,0,0,0,0,0,0.0,0,0,0,0,0,0
39.1,2026-05-16T18:17:57,0016c001f10c2ef6,5.8,1.7,4.0,0.0,7809,700,7109,9.0,0.28,0.31,0.42,313961565,1265838142,3086,11591,1.3,234.1,3.1,2.0,27,14,0,0,0,0,0,0.0,0,0,0,0,0,0
39.6,2026-05-16T18:17:57,0016c001f10c2ef6,6.8,2.3,4.5,0.0,7809,701,7108,9.0,0.28,0.31,0.42,313964547,1265849733,2982,11591,1.3,234.1,3.1,2.0,27,14,0,0,0,0,0,0.0,0,0,0,0,0,0
40.1,2026-05-16T18:17:58,0016c001f10c2ef6,8.4,5.0,3.4,0.0,7809,701,7108,9.0,0.28,0.31,0.42,313967733,1265861324,3186,11591,1.3,234.1,3.1,2.0,27,14,0,0,0,0,0,0.0,0,0,0,0,0,0
40.6,2026-05-16T18:17:58,0016c001f10c2ef6,7.6,4.1,3.5,0.0,7809,701,7108,9.0,0.28,0.31,0.42,313971700,1265903740,3967,42416,1.3,234.1,3.1,2.0,27,14,0,0,0,0,0,0.0,0,0,0,0,0,0
41.0,2026-05-16T18:17:59,0016c001f10c2ef6,8.2,2.9,5.3,0.0,7809,701,7108,9.0,0.28,0.31,0.42,313974734,1265915331,3034,11591,1.3,234.1,3.1,2.0,27,14,0,0,0,0,0,0.0,0,0,0,0,0,0
41.5,2026-05-16T18:17:59,0016c001f10c2ef6,6.4,1.2,5.2,0.0,7809,701,7108,9.0,0.28,0.31,0.42,313978249,1265926922,3515,11591,1.3,234.1,3.1,2.0,27,14,0,0,0,0,0,0.0,0,0,0,0,0,0
42.0,2026-05-16T18:18:00,0016c001f10c2ef6,5.8,2.9,2.9,0.0,7809,701,7108,9.0,0.25,0.3,0.42,313981383,1265938513,3134,11591,1.3,234.1,3.1,2.0,27,14,0,0,0,0,0,0.0,0,0,0,0,0,0
42.5,2026-05-16T18:18:00,0016c001f10c2ef6,8.9,3.7,5.3,0.0,7809,701,7108,9.0,0.25,0.3,0.42,313985450,1265980929,4067,42416,1.3,234.1,3.1,2.0,27,14,0,0,0,0,0,0.0,0,0,0,0,0,0
43.1,2026-05-16T18:18:01,0016c001f10c2ef6,10.4,4.2,6.2,0.0,7809,700,7109,9.0,0.25,0.3,0.42,313988640,1265992586,3190,11657,1.3,234.1,3.1,2.0,27,14,0,0,0,0,0,0.0,0,0,0,0,0,0
43.6,2026-05-16T18:18:01,0016c001f10c2ef6,10.1,4.0,6.1,0.0,7809,701,7108,9.0,0.25,0.3,0.42,313991830,1266004309,3190,11723,1.3,234.1,3.1,2.0,27,14,0,0,0,0,0,0.0,0,0,0,0,0,0
44.1,2026-05-16T18:18:02,0016c001f10c2ef6,10.7,3.0,7.1,0.5,7809,701,7108,9.0,0.25,0.3,0.42,313994972,1266016032,3142,11723,1.3,234.1,3.1,2.0,27,14,0,0,0,0,0,0.0,0,0,0,0,0,0
44.7,2026-05-16T18:18:03,0016c001f10c2ef6,8.4,3.0,5.4,0.0,7809,701,7108,9.0,0.25,0.3,0.42,313999159,1266058526,4187,42494,1.3,234.1,3.1,2.0,27,14,0,0,0,0,0,0.0,0,0,0,0,0,0
45.2,2026-05-16T18:18:03,0016c001f10c2ef6,19.4,4.2,15.2,0.0,7809,701,7108,9.0,0.25,0.3,0.42,314002197,1266070117,3038,11591,1.3,234.1,3.1,2.0,27,14,0,0,0,0,0,0.0,0,0,0,0,0,0
45.7,2026-05-16T18:18:03,0016c001f10c2ef6,19.8,2.3,17.4,0.0,7809,701,7108,9.0,0.25,0.3,0.42,314005283,1266081708,3086,11591,1.3,234.1,3.1,2.0,27,14,0,0,0,0,0,0.0,0,0,0,0,0,0
46.2,2026-05-16T18:18:04,0016c001f10c2ef6,19.9,1.7,18.2,0.0,7809,701,7108,9.0,0.25,0.3,0.42,314008329,1266094258,3046,12550,1.3,234.1,3.1,2.0,27,14,0,0,0,0,0,0.0,0,0,0,0,0,0
46.7,2026-05-16T18:18:04,0016c001f10c2ef6,14.3,1.7,12.6,0.0,7809,702,7107,9.0,0.25,0.3,0.42,314012292,1266136608,3963,42350,1.3,234.1,3.1,2.0,27,14,0,0,0,0,0,0.0,0,0,0,0,0,0
47.2,2026-05-16T18:18:05,0016c001f10c2ef6,6.2,2.3,4.0,0.0,7809,702,7107,9.0,0.25,0.3,0.42,314015274,1266148199,2982,11591,1.3,234.1,3.1,2.0,27,14,0,0,0,0,0,0.0,0,0,0,0,0,0
47.7,2026-05-16T18:18:05,0016c001f10c2ef6,7.4,1.7,5.7,0.0,7809,702,7107,9.0,0.23,0.3,0.41,314018360,1266159790,3086,11591,1.3,234.1,3.1,2.0,27,14,0,0,0,0,0,0.0,0,0,0,0,0,0
48.2,2026-05-16T18:18:06,0016c001f10c2ef6,5.6,2.8,2.8,0.0,7809,702,7107,9.0,0.23,0.3,0.41,314021550,1266171381,3190,11591,1.3,234.1,3.1,2.0,27,14,0,0,0,0,0,0.0,0,0,0,0,0,0
48.7,2026-05-16T18:18:06,0016c001f10c2ef6,5.8,1.7,4.1,0.0,7809,702,7107,9.0,0.23,0.3,0.41,314025717,1266213731,4167,42350,1.3,234.0,3.1,2.0,27,14,0,0,0,0,0,0.0,0,0,0,0,0,0
49.2,2026-05-16T18:18:06,0016c001f10c2ef6,6.9,1.7,5.2,0.0,7809,702,7107,9.0,0.23,0.3,0.41,314028855,1266225322,3138,11591,1.3,234.0,3.1,2.0,27,14,0,0,0,0,0,0.0,0,0,0,0,0,0
49.7,2026-05-16T18:18:07,0016c001f10c2ef6,5.3,1.2,4.1,0.0,7809,702,7107,9.0,0.23,0.3,0.41,314031945,1266236979,3090,11657,1.3,234.0,3.1,2.0,27,14,0,0,0,0,0,0.0,0,0,0,0,0,0
50.1,2026-05-16T18:18:07,0016c001f10c2ef6,7.1,2.4,4.7,0.0,7809,700,7109,9.0,0.23,0.3,0.41,314035207,1266248656,3262,11677,1.3,234.0,3.1,2.0,27,14,0,0,0,0,0,0.0,0,0,0,0,0,0
50.6,2026-05-16T18:18:07,0016c001f10c2ef6,6.6,1.2,5.4,0.0,7809,700,7109,9.0,0.23,0.3,0.41,314038573,1266260403,3366,11747,1.3,234.0,3.1,2.0,27,14,0,0,0,0,0,0.0,0,0,0,0,0,0
51.1,2026-05-16T18:18:08,0016c001f10c2ef6,11.4,4.3,7.0,0.0,7809,700,7109,9.0,0.23,0.3,0.41,314042640,1266302885,4067,42482,1.3,234.0,3.1,2.0,27,14,0,0,0,0,0,0.0,0,0,0,0,0,0
51.6,2026-05-16T18:18:08,0016c001f10c2ef6,9.6,3.5,6.1,0.0,7809,700,7109,9.0,0.23,0.3,0.41,314045882,1266314542,3242,11657,1.3,234.0,3.1,2.0,27,14,0,0,0,0,0,0.0,0,0,0,0,0,0
52.2,2026-05-16T18:18:09,0016c001f10c2ef6,9.9,4.2,5.7,0.0,7809,700,7109,9.0,0.23,0.3,0.41,314049501,1266326199,3619,11657,1.3,234.0,3.1,2.0,27,14,0,0,0,0,0,0.0,0,0,0,0,0,0
52.7,2026-05-16T18:18:09,0016c001f10c2ef6,6.4,1.7,4.7,0.0,7809,700,7109,9.0,0.23,0.3,0.41,314053256,1266337790,3755,11591,1.3,234.0,3.1,2.0,27,14,0,0,0,0,0,0.0,0,0,0,0,0,0
53.1,2026-05-16T18:18:10,0016c001f10c2ef6,11.3,4.0,7.3,0.0,7809,700,7109,9.0,0.21,0.29,0.41,314056710,1266380140,3454,42350,1.3,234.0,3.1,2.0,27,14,0,0,0,0,0,0.0,0,0,0,0,0,0
53.6,2026-05-16T18:18:10,0016c001f10c2ef6,6.2,1.7,4.5,0.0,7809,700,7109,9.0,0.21,0.29,0.41,314059796,1266391731,3086,11591,1.3,234.0,3.1,2.0,27,14,0,0,0,0,0,0.0,0,0,0,0,0,0
54.1,2026-05-16T18:18:11,0016c001f10c2ef6,7.7,2.2,5.5,0.0,7809,700,7109,9.0,0.21,0.29,0.41,314062982,1266403322,3186,11591,1.3,234.0,3.1,2.0,27,14,0,0,0,0,0,0.0,0,0,0,0,0,0
54.6,2026-05-16T18:18:11,0016c001f10c2ef6,5.4,3.0,2.4,0.0,7809,701,7108,9.0,0.21,0.29,0.41,314066072,1266414913,3090,11591,1.3,234.0,3.1,2.0,27,14,0,0,0,0,0,0.0,0,0,0,0,0,0
55.1,2026-05-16T18:18:12,0016c001f10c2ef6,8.2,2.9,5.3,0.0,7809,699,7110,9.0,0.21,0.29,0.41,314070191,1266457329,4119,42416,1.3,234.0,3.1,2.0,27,14,0,0,0,0,0,0.0,0,0,0,0,0,0
55.5,2026-05-16T18:18:12,0016c001f10c2ef6,5.5,1.2,4.2,0.0,7809,699,7110,9.0,0.21,0.29,0.41,314073277,1266468920,3086,11591,1.3,234.0,3.1,2.0,27,14,0,0,0,0,0,0.0,0,0,0,0,0,0
56.0,2026-05-16T18:18:12,0016c001f10c2ef6,7.1,2.4,4.7,0.0,7809,700,7109,9.0,0.21,0.29,0.41,314076467,1266480511,3190,11591,1.3,234.0,3.1,2.0,27,14,0,0,0,0,0,0.0,0,0,0,0,0,0
56.5,2026-05-16T18:18:13,0016c001f10c2ef6,10.5,3.3,5.5,1.7,7809,700,7109,9.0,0.21,0.29,0.41,314079553,1266492102,3086,11591,1.3,234.0,3.1,2.0,27,14,0,0,0,0,0,0.0,0,0,0,0,0,0
57.0,2026-05-16T18:18:13,0016c001f10c2ef6,8.0,4.6,3.4,0.0,7809,701,7108,9.0,0.21,0.29,0.41,314083620,1266534452,4067,42350,1.3,234.0,3.1,2.0,27,14,0,0,0,0,0,0.0,0,0,0,0,0,0
57.5,2026-05-16T18:18:14,0016c001f10c2ef6,5.9,1.2,4.7,0.0,7809,700,7109,9.0,0.21,0.29,0.41,314086858,1266546043,3238,11591,1.3,234.0,3.1,2.0,27,14,0,0,0,0,0,0.0,0,0,0,0,0,0
58.0,2026-05-16T18:18:14,0016c001f10c2ef6,13.4,3.1,10.3,0.0,7809,701,7108,9.0,0.21,0.29,0.41,314089896,1266557700,3038,11657,1.3,234.0,3.1,2.0,27,14,0,0,0,0,0,0.0,0,0,0,0,0,0
58.5,2026-05-16T18:18:15,0016c001f10c2ef6,17.6,1.8,15.9,0.0,7809,700,7109,9.0,0.28,0.3,0.42,314093186,1266569291,3290,11591,1.3,234.0,3.1,2.0,27,14,0,0,0,0,0,0.0,0,0,0,0,0,0
59.0,2026-05-16T18:18:15,0016c001f10c2ef6,18.7,2.9,15.8,0.0,7809,700,7109,9.0,0.28,0.3,0.42,314097153,1266611641,3967,42350,1.3,234.0,3.1,2.0,27,14,0,0,0,0,0,0.0,0,0,0,0,0,0
59.5,2026-05-16T18:18:16,0016c001f10c2ef6,18.5,1.8,16.7,0.0,7809,699,7110,9.0,0.28,0.3,0.42,314100339,1266623298,3186,11657,1.3,234.0,3.1,2.0,27,14,0,0,0,0,0,0.0,0,0,0,0,0,0
60.0,2026-05-16T18:18:16,0016c001f10c2ef6,8.3,3.0,5.4,0.0,7809,700,7109,9.0,0.28,0.3,0.42,314103481,1266634889,3142,11591,1.3,234.0,3.1,2.0,27,14,0,0,0,0,0,0.0,0,0,0,0,0,0
60.5,2026-05-16T18:18:17,0016c001f10c2ef6,6.2,1.5,4.6,0.0,7809,700,7109,9.0,0.28,0.3,0.42,314106619,1266646480,3138,11591,1.3,234.0,3.1,2.0,27,14,0,0,0,0,0,0.0,0,0,0,0,0,0
61.0,2026-05-16T18:18:17,0016c001f10c2ef6,5.8,1.8,4.1,0.0,7809,700,7109,9.0,0.28,0.3,0.42,314110890,1266688830,4271,42350,1.3,234.0,3.1,2.0,27,14,0,0,0,0,0,0.0,0,0,0,0,0,0
61.5,2026-05-16T18:18:24,0016c001f10c2ef6,8.5,4.5,4.0,0.0,7809,700,7109,9.0,0.28,0.3,0.42,314114028,1266700421,3138,11591,1.3,234.0,3.1,2.0,27,14,0,0,0,0,0,0.0,0,0,0,0,0,0
61.9,2026-05-16T18:18:18,0016c001f10c2ef6,8.6,2.9,5.7,0.0,7809,701,7108,9.0,0.28,0.3,0.42,314117170,1266712012,3142,11591,1.3,234.0,3.1,2.0,27,14,0,0,0,0,0,0.0,0,0,0,0,0,0
62.4,2026-05-16T18:18:18,0016c001f10c2ef6,14.1,4.5,7.9,1.7,7809,700,7109,9.0,0.28,0.3,0.42,314120480,1266723681,3310,11669,1.3,234.0,3.1,2.0,27,14,0,0,0,0,0,0.0,0,0,0,0,0,0
62.9,2026-05-16T18:18:19,0016c001f10c2ef6,7.6,1.8,5.8,0.0,7809,700,7109,9.0,0.28,0.3,0.42,314124495,1266766031,4015,42350,1.3,234.0,3.1,2.0,27,14,0,0,0,0,0,0.0,0,0,0,0,0,0
63.4,2026-05-16T18:18:19,0016c001f10c2ef6,7.0,2.9,4.1,0.0,7809,700,7109,9.0,0.28,0.3,0.42,314128166,1266777622,3671,11591,1.3,234.0,3.1,2.0,27,14,0,0,0,0,0,0.0,0,0,0,0,0,0
63.9,2026-05-16T18:18:20,0016c001f10c2ef6,9.1,2.5,6.6,0.0,7809,701,7108,9.0,0.25,0.3,0.41,314131304,1266789345,3138,11723,1.3,234.0,3.1,2.0,27,14,0,0,0,0,0,0.0,0,0,0,0,0,0
64.4,2026-05-16T18:18:20,0016c001f10c2ef6,7.1,2.4,4.7,0.0,7809,700,7109,9.0,0.25,0.3,0.41,314134342,1266800936,3038,11591,1.3,234.0,3.1,2.0,27,14,0,0,0,0,0,0.0,0,0,0,0,0,0
64.9,2026-05-16T18:18:21,0016c001f10c2ef6,6.3,1.7,4.6,0.0,7809,700,7109,9.0,0.25,0.3,0.41,314137941,1266812527,3599,11591,1.3,234.0,3.1,2.0,27,14,0,0,0,0,0,0.0,0,0,0,0,0,0
65.3,2026-05-16T18:18:21,0016c001f10c2ef6,9.0,2.8,6.2,0.0,7809,700,7109,9.0,0.25,0.3,0.41,314141339,1266854877,3398,42350,1.3,233.8,3.1,2.0,27,14,0,0,0,0,0,0.0,0,0,0,0,0,0
65.8,2026-05-16T18:18:22,0016c001f10c2ef6,5.4,3.0,2.4,0.0,7809,699,7110,9.0,0.25,0.3,0.41,314144373,1266866468,3034,11591,1.3,233.8,3.1,2.0,27,14,0,0,0,0,0,0.0,0,0,0,0,0,0
66.3,2026-05-16T18:18:22,0016c001f10c2ef6,8.4,3.0,5.4,0.0,7809,699,7110,9.0,0.25,0.3,0.41,314147507,1266878059,3134,11591,1.3,233.8,3.1,2.0,27,14,0,0,0,0,0,0.0,0,0,0,0,0,0
66.7,2026-05-16T18:18:23,0016c001f10c2ef6,7.1,2.4,4.7,0.0,7809,701,7108,9.0,0.25,0.3,0.41,314150645,1266889650,3138,11591,1.3,233.8,3.1,2.0,27,14,0,0,0,0,0,0.0,0,0,0,0,0,0
67.2,2026-05-16T18:18:23,0016c001f10c2ef6,7.1,2.9,4.1,0.0,7809,701,7108,9.0,0.25,0.3,0.41,314154642,1266932198,3997,42548,1.3,233.8,3.1,2.0,27,14,0,0,0,0,0,0.0,0,0,0,0,0,0
67.7,2026-05-16T18:18:23,0016c001f10c2ef6,6.0,2.4,3.6,0.0,7809,701,7108,9.0,0.25,0.3,0.41,314157728,1266943789,3086,11591,1.3,233.8,3.1,2.0,27,14,0,0,0,0,0,0.0,0,0,0,0,0,0
68.1,2026-05-16T18:18:23,0016c001f10c2ef6,7.0,1.7,4.7,0.6,7809,701,7108,9.0,0.25,0.3,0.41,314160814,1266955380,3086,11591,1.3,233.8,3.1,2.0,27,14,0,0,0,0,0,0.0,0,0,0,0,0,0
68.6,2026-05-16T18:18:24,0016c001f10c2ef6,7.6,2.9,4.7,0.0,7809,700,7109,9.0,0.25,0.3,0.41,314163800,1266966971,2986,11591,1.3,233.8,3.1,2.0,27,14,0,0,0,0,0,0.0,0,0,0,0,0,0
69.1,2026-05-16T18:18:24,0016c001f10c2ef6,6.0,2.4,3.6,0.0,7809,700,7109,9.0,0.25,0.3,0.41,314167919,1267009321,4119,42350,1.3,233.8,3.1,2.0,27,14,0,0,0,0,0,0.0,0,0,0,0,0,0
69.6,2026-05-16T18:18:25,0016c001f10c2ef6,9.7,3.8,5.9,0.0,7809,699,7110,9.0,0.31,0.31,0.42,314171157,1267020978,3238,11657,1.3,233.8,3.1,2.0,27,14,0,0,0,0,0,0.0,0,0,0,0,0,0
70.1,2026-05-16T18:18:25,0016c001f10c2ef6,8.8,3.6,5.2,0.0,7809,702,7107,9.0,0.31,0.31,0.42,314174243,1267032635,3086,11657,1.3,233.8,3.1,2.0,27,14,0,0,0,0,0,0.0,0,0,0,0,0,0
70.7,2026-05-16T18:18:26,0016c001f10c2ef6,8.7,3.6,5.1,0.0,7809,701,7108,9.0,0.31,0.31,0.42,314177333,1267044292,3090,11657,1.3,233.8,3.1,2.0,27,14,0,0,0,0,0,0.0,0,0,0,0,0,0
71.2,2026-05-16T18:18:27,0016c001f10c2ef6,19.4,3.2,16.1,0.0,7809,701,7108,9.0,0.31,0.31,0.42,314181368,1267086786,4035,42494,1.3,233.8,3.1,2.0,27,14,0,0,0,0,0,0.0,0,0,0,0,0,0
71.7,2026-05-16T18:18:27,0016c001f10c2ef6,18.9,3.0,15.9,0.0,7809,701,7108,9.0,0.31,0.31,0.42,314184402,1267098377,3034,11591,1.3,233.8,3.1,2.0,27,14,0,0,0,0,0,0.0,0,0,0,0,0,0
72.2,2026-05-16T18:18:27,0016c001f10c2ef6,18.8,1.8,17.0,0.0,7809,702,7107,9.0,0.31,0.31,0.42,314187436,1267109968,3034,11591,1.3,233.8,3.1,2.0,27,14,0,0,0,0,0,0.0,0,0,0,0,0,0
72.6,2026-05-16T18:18:27,0016c001f10c2ef6,15.5,2.4,13.1,0.0,7809,702,7107,9.0,0.31,0.31,0.42,314190574,1267121559,3138,11591,1.3,233.8,3.1,2.0,27,14,0,0,0,0,0,0.0,0,0,0,0,0,0
73.1,2026-05-16T18:18:28,0016c001f10c2ef6,6.4,2.9,3.5,0.0,7809,702,7107,9.0,0.31,0.31,0.42,314194589,1267163909,4015,42350,1.3,233.8,3.1,2.0,27,14,0,0,0,0,0,0.0,0,0,0,0,0,0
73.6,2026-05-16T18:18:28,0016c001f10c2ef6,6.5,2.2,4.3,0.0,7809,702,7107,9.0,0.31,0.31,0.42,314197675,1267175500,3086,11591,1.3,233.8,3.1,2.0,27,14,0,0,0,0,0,0.0,0,0,0,0,0,0
74.1,2026-05-16T18:18:29,0016c001f10c2ef6,7.1,2.4,4.7,0.0,7809,701,7108,9.0,0.31,0.31,0.42,314200709,1267187091,3034,11591,1.3,234.0,3.1,2.0,27,14,0,0,0,0,0,0.0,0,0,0,0,0,0
74.6,2026-05-16T18:18:29,0016c001f10c2ef6,6.4,2.9,3.5,0.0,7809,701,7108,9.0,0.31,0.31,0.42,314204172,1267198682,3463,11591,1.3,234.0,3.1,2.0,27,14,0,0,0,0,0,0.0,0,0,0,0,0,0
75.0,2026-05-16T18:18:30,0016c001f10c2ef6,7.1,3.6,3.6,0.0,7809,701,7108,9.0,0.29,0.3,0.41,314207719,1267210273,3547,11591,1.3,234.0,3.1,2.0,27,14,0,0,0,0,0,0.0,0,0,0,0,0,0
75.5,2026-05-16T18:18:30,0016c001f10c2ef6,7.8,3.0,4.8,0.0,7809,701,7108,9.0,0.29,0.3,0.41,314211325,1267252623,3606,42350,1.3,234.0,3.1,2.0,27,14,0,0,0,0,0,0.0,0,0,0,0,0,0
76.0,2026-05-16T18:18:31,0016c001f10c2ef6,6.0,1.8,4.2,0.0,7809,701,7108,9.0,0.29,0.3,0.41,314214405,1267264280,3080,11657,1.3,234.0,3.1,2.0,27,14,0,0,0,0,0,0.0,0,0,0,0,0,0
76.4,2026-05-16T18:18:31,0016c001f10c2ef6,6.4,2.3,4.1,0.0,7809,702,7107,9.0,0.29,0.3,0.41,314217643,1267275957,3238,11677,1.3,234.0,3.1,2.0,27,14,0,0,0,0,0,0.0,0,0,0,0,0,0
77.0,2026-05-16T18:18:32,0016c001f10c2ef6,8.9,2.6,6.3,0.0,7809,702,7107,9.0,0.29,0.3,0.41,314221009,1267287614,3366,11657,1.3,233.8,3.1,2.0,27,14,0,0,0,0,0,0.0,0,0,0,0,0,0
77.5,2026-05-16T18:18:32,0016c001f10c2ef6,11.4,5.0,6.4,0.0,7809,702,7107,9.0,0.29,0.3,0.41,314225232,1267330030,4223,42416,1.3,233.8,3.1,2.0,27,14,0,0,0,0,0,0.0,0,0,0,0,0,0
78.1,2026-05-16T18:18:32,0016c001f10c2ef6,8.9,2.6,6.2,0.0,7809,702,7107,9.0,0.29,0.3,0.41,314228270,1267341687,3038,11657,1.3,233.8,3.1,2.0,27,14,0,0,0,0,0,0.0,0,0,0,0,0,0
78.6,2026-05-16T18:18:33,0016c001f10c2ef6,8.0,2.9,5.1,0.0,7809,701,7108,9.0,0.29,0.3,0.41,314231456,1267353278,3186,11591,1.3,233.8,3.1,2.0,27,14,0,0,0,0,0,0.0,0,0,0,0,0,0
79.0,2026-05-16T18:18:33,0016c001f10c2ef6,5.7,1.1,4.5,0.0,7809,701,7108,9.0,0.29,0.3,0.41,314234646,1267364869,3190,11591,1.3,233.8,3.1,2.0,27,14,0,0,0,0,0,0.0,0,0,0,0,0,0
79.5,2026-05-16T18:18:34,0016c001f10c2ef6,7.4,2.8,4.5,0.0,7809,701,7108,9.0,0.29,0.3,0.41,314238613,1267407219,3967,42350,1.3,233.8,3.1,2.0,27,14,0,0,0,0,0,0.0,0,0,0,0,0,0
80.0,2026-05-16T18:18:34,0016c001f10c2ef6,5.7,2.3,3.4,0.0,7809,702,7107,9.0,0.29,0.3,0.41,314241851,1267418810,3238,11591,1.3,233.8,3.1,2.0,27,14,0,0,0,0,0,0.0,0,0,0,0,0,0
80.5,2026-05-16T18:18:35,0016c001f10c2ef6,6.3,2.9,3.4,0.0,7809,701,7108,9.0,0.35,0.31,0.42,314244837,1267430401,2986,11591,1.3,233.8,3.1,2.0,27,14,0,0,0,0,0,0.0,0,0,0,0,0,0
81.0,2026-05-16T18:18:35,0016c001f10c2ef6,6.4,1.7,4.7,0.0,7809,701,7108,9.0,0.35,0.31,0.42,314248023,1267441992,3186,11591,1.3,233.8,3.1,2.0,27,14,0,0,0,0,0,0.0,0,0,0,0,0,0
81.4,2026-05-16T18:18:36,0016c001f10c2ef6,7.7,3.0,4.8,0.0,7809,701,7108,9.0,0.35,0.31,0.42,314251990,1267484342,3967,42350,1.3,233.8,3.1,2.0,27,14,0,0,0,0,0,0.0,0,0,0,0,0,0
81.9,2026-05-16T18:18:36,0016c001f10c2ef6,5.3,1.8,3.5,0.0,7809,701,7108,9.0,0.35,0.31,0.42,314255076,1267495933,3086,11591,1.3,233.8,3.1,2.0,27,14,0,0,0,0,0,0.0,0,0,0,0,0,0
82.4,2026-05-16T18:18:37,0016c001f10c2ef6,7.6,2.3,5.3,0.0,7809,701,7108,9.0,0.35,0.31,0.42,314258162,1267507524,3086,11591,1.3,233.8,3.1,2.0,27,14,0,0,0,0,0,0.0,0,0,0,0,0,0
82.9,2026-05-16T18:18:37,0016c001f10c2ef6,6.5,1.2,5.3,0.0,7809,700,7109,9.0,0.35,0.31,0.42,314261196,1267519115,3034,11591,1.3,233.9,3.1,2.0,27,14,0,0,0,0,0,0.0,0,0,0,0,0,0
83.3,2026-05-16T18:18:38,0016c001f10c2ef6,7.0,2.3,4.7,0.0,7809,701,7108,9.0,0.35,0.31,0.42,314265311,1267561465,4115,42350,1.3,233.9,3.1,2.0,27,14,0,0,0,0,0,0.0,0,0,0,0,0,0
83.9,2026-05-16T18:18:38,0016c001f10c2ef6,13.8,4.3,9.6,0.0,7809,701,7108,9.0,0.35,0.31,0.42,314268525,1267573278,3214,11813,1.3,233.9,3.1,2.0,27,14,0,0,0,0,0,0.0,0,0,0,0,0,0
84.4,2026-05-16T18:18:38,0016c001f10c2ef6,18.9,2.9,16.0,0.0,7809,700,7109,9.0,0.35,0.31,0.42,314271511,1267584869,2986,11591,1.3,233.9,3.1,2.0,27,14,0,0,0,0,0,0.0,0,0,0,0,0,0
84.9,2026-05-16T18:18:39,0016c001f10c2ef6,19.4,2.3,17.1,0.0,7809,700,7109,9.0,0.35,0.31,0.42,314274649,1267596460,3138,11591,1.3,233.9,3.1,2.0,27,14,0,0,0,0,0,0.0,0,0,0,0,0,0
85.4,2026-05-16T18:18:39,0016c001f10c2ef6,20.2,1.7,18.5,0.0,7809,700,7109,9.0,0.35,0.31,0.42,314278937,1267638810,4288,42350,1.3,233.9,3.1,2.0,27,14,0,0,0,0,0,0.0,0,0,0,0,0,0
85.8,2026-05-16T18:18:40,0016c001f10c2ef6,9.5,1.8,7.7,0.0,7809,700,7109,9.0,0.35,0.31,0.42,314281971,1267650401,3034,11591,1.3,233.9,3.1,2.0,27,14,0,0,0,0,0,0.0,0,0,0,0,0,0
86.3,2026-05-16T18:18:40,0016c001f10c2ef6,7.1,2.4,4.7,0.0,7809,700,7109,9.0,0.32,0.31,0.41,314285105,1267661992,3134,11591,1.3,233.9,3.1,2.0,27,14,0,0,0,0,0,0.0,0,0,0,0,0,0
86.8,2026-05-16T18:18:41,0016c001f10c2ef6,6.1,3.0,3.0,0.0,7809,700,7109,9.0,0.32,0.31,0.41,314288143,1267673649,3038,11657,1.3,233.9,3.1,2.0,27,14,0,0,0,0,0,0.0,0,0,0,0,0,0
87.2,2026-05-16T18:18:41,0016c001f10c2ef6,5.8,2.3,3.5,0.0,7809,701,7108,9.0,0.32,0.31,0.41,314291333,1267685240,3190,11591,1.3,233.9,3.1,2.0,27,14,0,0,0,0,0,0.0,0,0,0,0,0,0
87.7,2026-05-16T18:18:42,0016c001f10c2ef6,7.1,2.0,5.1,0.0,7809,701,7108,9.0,0.32,0.31,0.41,314295348,1267727590,4015,42350,1.3,233.9,3.1,2.0,27,14,0,0,0,0,0,0.0,0,0,0,0,0,0
88.2,2026-05-16T18:18:42,0016c001f10c2ef6,8.1,3.5,4.6,0.0,7809,700,7109,9.0,0.32,0.31,0.41,314298534,1267739181,3186,11591,1.3,233.9,3.1,2.0,27,14,0,0,0,0,0,0.0,0,0,0,0,0,0
88.7,2026-05-16T18:18:43,0016c001f10c2ef6,6.5,2.4,4.2,0.0,7809,700,7109,9.0,0.32,0.31,0.41,314301644,1267750850,3110,11669,1.3,233.9,3.1,2.0,27,14,0,0,0,0,0,0.0,0,0,0,0,0,0
89.2,2026-05-16T18:18:42,0016c001f10c2ef6,7.0,1.8,5.3,0.0,7809,700,7109,9.0,0.32,0.31,0.41,314304882,1267762441,3238,11591,1.3,233.9,3.1,2.0,27,14,0,0,0,0,0,0.0,0,0,0,0,0,0
89.7,2026-05-16T18:18:43,0016c001f10c2ef6,12.2,5.3,6.9,0.0,7809,699,7110,9.0,0.32,0.31,0.41,314308849,1267804857,3967,42416,1.3,233.9,3.1,2.0,27,14,0,0,0,0,0,0.0,0,0,0,0,0,0
90.2,2026-05-16T18:18:43,0016c001f10c2ef6,6.0,0.6,5.4,0.0,7809,701,7108,9.0,0.32,0.31,0.41,314312139,1267816448,3290,11591,1.3,233.9,3.1,2.0,27,14,0,0,0,0,0,0.0,0,0,0,0,0,0
90.7,2026-05-16T18:18:44,0016c001f10c2ef6,6.8,3.4,3.4,0.0,7809,701,7108,9.0,0.32,0.31,0.41,314315177,1267828039,3038,11591,1.3,233.9,3.1,2.0,27,14,0,0,0,0,0,0.0,0,0,0,0,0,0
91.2,2026-05-16T18:18:44,0016c001f10c2ef6,6.3,2.3,4.0,0.0,7809,701,7108,9.0,0.32,0.31,0.41,314318415,1267839630,3238,11591,1.3,233.9,3.1,2.0,27,14,0,0,0,0,0,0.0,0,0,0,0,0,0
91.6,2026-05-16T18:18:45,0016c001f10c2ef6,6.4,2.3,4.0,0.0,7809,701,7108,9.0,0.29,0.3,0.41,314322482,1267881980,4067,42350,1.3,233.9,3.1,2.0,27,14,0,0,0,0,0,0.0,0,0,0,0,0,0
92.1,2026-05-16T18:18:45,0016c001f10c2ef6,7.0,2.9,4.1,0.0,7809,700,7109,9.0,0.29,0.3,0.41,314325624,1267893571,3142,11591,1.3,233.9,3.1,2.0,27,14,0,0,0,0,0,0.0,0,0,0,0,0,0
92.6,2026-05-16T18:18:46,0016c001f10c2ef6,7.4,2.3,5.1,0.0,7809,700,7109,9.0,0.29,0.3,0.41,314328810,1267905228,3186,11657,1.3,233.9,3.1,2.0,27,14,0,0,0,0,0,0.0,0,0,0,0,0,0
93.1,2026-05-16T18:18:46,0016c001f10c2ef6,5.8,1.7,4.1,0.0,7809,700,7109,9.0,0.29,0.3,0.41,314331796,1267916819,2986,11591,1.3,233.9,3.1,2.0,27,14,0,0,0,0,0,0.0,0,0,0,0,0,0
93.5,2026-05-16T18:18:47,0016c001f10c2ef6,7.0,2.3,4.7,0.0,7809,700,7109,9.0,0.29,0.3,0.41,314336015,1267959169,4219,42350,1.3,233.9,3.1,2.0,27,14,0,0,0,0,0,0.0,0,0,0,0,0,0
94.0,2026-05-16T18:18:47,0016c001f10c2ef6,6.5,3.6,3.0,0.0,7809,699,7110,9.0,0.29,0.3,0.41,314339053,1267970760,3038,11591,1.3,233.9,3.1,2.0,27,14,0,0,0,0,0,0.0,0,0,0,0,0,0
94.5,2026-05-16T18:18:48,0016c001f10c2ef6,4.7,2.4,2.4,0.0,7809,699,7110,9.0,0.29,0.3,0.41,314342191,1267982351,3138,11591,1.3,233.9,3.1,2.0,27,14,0,0,0,0,0,0.0,0,0,0,0,0,0
95.0,2026-05-16T18:18:48,0016c001f10c2ef6,8.0,2.9,4.6,0.6,7809,701,7108,9.0,0.29,0.3,0.41,314345481,1267993942,3290,11591,1.3,233.9,3.1,2.0,27,14,0,0,0,0,0,0.0,0,0,0,0,0,0
95.5,2026-05-16T18:18:48,0016c001f10c2ef6,11.5,4.5,7.0,0.0,7809,700,7109,9.0,0.29,0.3,0.41,314349236,1268020557,3755,26615,1.3,234.1,3.1,2.0,27,14,0,0,0,0,0,0.0,0,0,0,0,0,0
96.1,2026-05-16T18:18:49,0016c001f10c2ef6,11.5,4.7,6.8,0.0,7809,700,7109,9.0,0.29,0.3,0.41,314352842,1268048081,3606,27524,1.3,234.1,3.1,2.0,27,14,0,0,0,0,0,0.0,0,0,0,0,0,0
96.6,2026-05-16T18:18:49,0016c001f10c2ef6,9.2,3.6,5.6,0.0,7809,702,7107,9.0,0.29,0.3,0.41,314356513,1268059804,3671,11723,1.3,234.1,3.1,2.0,27,14,0,0,0,0,0,0.0,0,0,0,0,0,0
97.1,2026-05-16T18:18:50,0016c001f10c2ef6,19.0,2.2,16.8,0.0,7809,701,7108,9.0,0.43,0.33,0.42,314359551,1268071395,3038,11591,1.3,234.1,3.1,2.0,27,14,0,0,0,0,0,0.0,0,0,0,0,0,0
97.6,2026-05-16T18:18:50,0016c001f10c2ef6,18.6,1.8,16.8,0.0,7809,701,7108,9.0,0.43,0.33,0.42,314363322,1268083064,3771,11669,1.3,234.2,3.1,2.0,27,14,0,0,0,0,0,0.0,0,0,0,0,0,0
98.1,2026-05-16T18:18:51,0016c001f10c2ef6,19.4,2.9,16.5,0.0,7809,701,7108,9.0,0.43,0.33,0.42,314366876,1268125480,3554,42416,1.3,234.2,3.1,2.0,27,14,0,0,0,0,0,0.0,0,0,0,0,0,0
98.5,2026-05-16T18:18:51,0016c001f10c2ef6,15.4,1.8,13.6,0.0,7809,701,7108,9.0,0.43,0.33,0.42,314369914,1268137071,3038,11591,1.3,234.2,3.1,2.0,27,14,0,0,0,0,0,0.0,0,0,0,0,0,0
99.0,2026-05-16T18:18:52,0016c001f10c2ef6,5.8,2.9,2.9,0.0,7809,701,7108,9.0,0.43,0.33,0.42,314373000,1268148662,3086,11591,1.3,234.2,3.1,2.0,27,14,0,0,0,0,0,0.0,0,0,0,0,0,0
99.5,2026-05-16T18:18:52,0016c001f10c2ef6,5.8,2.3,3.5,0.0,7809,701,7108,9.0,0.43,0.33,0.42,314376238,1268160319,3238,11657,1.3,234.2,3.1,2.0,27,14,0,0,0,0,0,0.0,0,0,0,0,0,0
100.0,2026-05-16T18:18:53,0016c001f10c2ef6,6.5,3.6,3.0,0.0,7809,699,7110,9.0,0.43,0.33,0.42,314380153,1268202669,3915,42350,1.3,234.3,3.1,2.0,27,14,0,0,0,0,0,0.0,0,0,0,0,0,0
100.5,2026-05-16T18:18:53,0016c001f10c2ef6,6.4,1.2,5.2,0.0,7809,701,7108,9.0,0.43,0.33,0.42,314383135,1268214260,2982,11591,1.3,234.3,3.1,2.0,27,14,0,0,0,0,0,0.0,0,0,0,0,0,0
100.9,2026-05-16T18:18:53,0016c001f10c2ef6,6.9,2.3,4.6,0.0,7809,701,7108,9.0,0.43,0.33,0.42,314386169,1268225851,3034,11591,1.3,234.3,3.1,2.0,27,14,0,0,0,0,0,0.0,0,0,0,0,0,0
101.4,2026-05-16T18:18:54,0016c001f10c2ef6,7.8,2.4,5.4,0.0,7809,702,7107,9.0,0.43,0.33,0.42,314389303,1268237442,3134,11591,1.3,234.3,3.1,2.0,27,14,0,0,0,0,0,0.0,0,0,0,0,0,0
101.9,2026-05-16T18:18:54,0016c001f10c2ef6,6.4,1.8,4.7,0.0,7809,701,7108,9.0,0.43,0.33,0.42,314393270,1268279792,3967,42350,1.3,234.2,3.1,2.0,27,14,0,0,0,0,0,0.0,0,0,0,0,0,0
102.3,2026-05-16T18:18:55,0016c001f10c2ef6,6.9,3.5,3.5,0.0,7809,702,7107,9.0,0.39,0.33,0.42,314396508,1268291383,3238,11591,1.3,234.2,3.1,2.0,27,14,0,0,0,0,0,0.0,0,0,0,0,0,0
102.9,2026-05-16T18:18:55,0016c001f10c2ef6,9.8,3.6,6.2,0.0,7809,701,7108,9.0,0.39,0.33,0.42,314399698,1268303106,3190,11723,1.3,234.2,3.1,2.0,27,14,0,0,0,0,0,0.0,0,0,0,0,0,0
103.4,2026-05-16T18:18:56,0016c001f10c2ef6,8.9,3.6,5.2,0.0,7809,702,7107,9.0,0.39,0.33,0.42,314403012,1268314849,3314,11743,1.3,234.2,3.1,2.0,27,14,0,0,0,0,0,0.0,0,0,0,0,0,0
104.0,2026-05-16T18:18:56,0016c001f10c2ef6,9.8,3.6,6.2,0.0,7809,701,7108,9.0,0.39,0.33,0.42,314407079,1268357331,4067,42482,1.3,234.2,3.1,2.0,27,14,0,0,0,0,0,0.0,0,0,0,0,0,0
104.5,2026-05-16T18:18:57,0016c001f10c2ef6,8.9,3.1,5.7,0.0,7809,701,7108,9.0,0.39,0.33,0.42,314410065,1268368988,2986,11657,1.3,234.2,3.1,2.0,27,14,0,0,0,0,0,0.0,0,0,0,0,0,0
105.0,2026-05-16T18:18:57,0016c001f10c2ef6,7.5,2.9,4.6,0.0,7809,701,7108,9.0,0.39,0.33,0.42,314413251,1268380513,3186,11525,1.3,234.2,3.1,2.0,27,14,0,0,0,0,0,0.0,0,0,0,0,0,0
105.5,2026-05-16T18:18:58,0016c001f10c2ef6,5.8,1.8,4.1,0.0,7809,701,7108,9.0,0.39,0.33,0.42,314416237,1268392104,2986,11591,1.3,234.2,3.1,2.0,27,14,0,0,0,0,0,0.0,0,0,0,0,0,0
105.9,2026-05-16T18:18:58,0016c001f10c2ef6,7.0,2.9,4.1,0.0,7809,699,7110,9.0,0.39,0.33,0.42,314420512,1268434454,4275,42350,1.3,234.2,3.1,2.0,27,14,0,0,0,0,0,0.0,0,0,0,0,0,0
106.4,2026-05-16T18:18:58,0016c001f10c2ef6,8.1,3.5,4.7,0.0,7809,699,7110,9.0,0.39,0.33,0.42,314423598,1268446045,3086,11591,1.3,234.2,3.1,2.0,27,14,0,0,0,0,0,0.0,0,0,0,0,0,0
106.9,2026-05-16T18:18:59,0016c001f10c2ef6,5.8,1.2,4.6,0.0,7809,699,7110,9.0,0.39,0.33,0.42,314426784,1268457636,3186,11591,1.3,234.2,3.1,2.0,27,14,0,0,0,0,0,0.0,0,0,0,0,0,0
107.4,2026-05-16T18:18:59,0016c001f10c2ef6,6.2,1.7,4.5,0.0,7809,699,7110,9.0,0.39,0.33,0.42,314430251,1268469227,3467,11591,1.3,234.2,3.1,2.0,27,14,0,0,0,0,0,0.0,0,0,0,0,0,0
107.8,2026-05-16T18:19:00,0016c001f10c2ef6,6.4,1.2,5.3,0.0,7809,700,7109,9.0,0.39,0.33,0.42,314434418,1268511577,4167,42350,1.3,234.1,3.1,2.0,27,14,0,0,0,0,0,0.0,0,0,0,0,0,0
108.3,2026-05-16T18:19:00,0016c001f10c2ef6,9.4,4.1,5.3,0.0,7809,700,7109,9.0,0.36,0.32,0.42,314437560,1268523234,3142,11657,1.3,234.1,3.1,2.0,27,14,0,0,0,0,0,0.0,0,0,0,0,0,0
108.8,2026-05-16T18:19:01,0016c001f10c2ef6,7.6,2.9,4.7,0.0,7809,701,7108,9.0,0.36,0.32,0.42,314440746,1268534825,3186,11591,1.3,234.1,3.1,2.0,27,14,0,0,0,0,0,0.0,0,0,0,0,0,0
109.3,2026-05-16T18:19:01,0016c001f10c2ef6,6.4,1.2,5.2,0.0,7809,700,7109,9.0,0.36,0.32,0.42,314444052,1268546724,3306,11899,1.3,234.1,3.1,2.0,27,14,0,0,0,0,0,0.0,0,0,0,0,0,0
109.8,2026-05-16T18:19:02,0016c001f10c2ef6,8.6,2.3,6.3,0.0,7809,700,7109,9.0,0.36,0.32,0.42,314447242,1268558315,3190,11591,1.3,234.1,3.1,2.0,27,14,0,0,0,0,0,0.0,0,0,0,0,0,0
110.2,2026-05-16T18:19:02,0016c001f10c2ef6,21.1,2.9,18.1,0.0,7809,701,7108,9.0,0.36,0.32,0.42,314451261,1268600665,4019,42350,1.3,234.1,3.1,2.0,27,14,0,0,0,0,0,0.0,0,0,0,0,0,0
110.7,2026-05-16T18:19:02,0016c001f10c2ef6,20.1,2.4,17.7,0.0,7809,701,7108,9.0,0.36,0.32,0.42,314454347,1268612256,3086,11591,1.3,234.1,3.1,2.0,27,14,0,0,0,0,0,0.0,0,0,0,0,0,0
111.2,2026-05-16T18:19:02,0016c001f10c2ef6,20.1,3.0,17.1,0.0,7809,701,7108,9.0,0.36,0.32,0.42,314457433,1268623847,3086,11591,1.3,234.1,3.1,2.0,27,14,0,0,0,0,0,0.0,0,0,0,0,0,0
111.6,2026-05-16T18:19:03,0016c001f10c2ef6,12.2,3.5,8.1,0.6,7809,701,7108,9.0,0.36,0.32,0.42,314460571,1268635438,3138,11591,1.3,234.1,3.1,2.0,27,14,0,0,0,0,0,0.0,0,0,0,0,0,0
112.1,2026-05-16T18:19:03,0016c001f10c2ef6,6.0,2.4,3.6,0.0,7809,700,7109,9.0,0.36,0.32,0.42,314464638,1268677788,4067,42350,1.3,234.1,3.1,2.0,27,14,0,0,0,0,0,0.0,0,0,0,0,0,0
112.6,2026-05-16T18:19:04,0016c001f10c2ef6,6.5,1.2,5.3,0.0,7809,701,7108,9.0,0.36,0.32,0.42,314467772,1268689379,3134,11591,1.3,234.1,3.1,2.0,27,14,0,0,0,0,0,0.0,0,0,0,0,0,0
113.1,2026-05-16T18:19:04,0016c001f10c2ef6,6.3,3.4,2.9,0.0,7809,701,7108,9.0,0.36,0.32,0.42,314470810,1268701036,3038,11657,1.3,234.1,3.1,2.0,27,14,0,0,0,0,0,0.0,0,0,0,0,0,0
113.6,2026-05-16T18:19:05,0016c001f10c2ef6,5.7,2.3,3.4,0.0,7809,701,7108,9.0,0.33,0.32,0.41,314473996,1268712627,3186,11591,1.3,234.1,3.1,2.0,27,14,0,0,0,0,0,0.0,0,0,0,0,0,0
114.0,2026-05-16T18:19:05,0016c001f10c2ef6,5.8,2.3,3.5,0.0,7809,702,7107,9.0,0.33,0.32,0.41,314478015,1268754977,4019,42350,1.3,234.1,3.1,2.0,27,14,0,0,0,0,0,0.0,0,0,0,0,0,0
114.5,2026-05-16T18:19:06,0016c001f10c2ef6,6.9,2.3,4.6,0.0,7809,701,7108,9.0,0.33,0.32,0.41,314481153,1268766568,3138,11591,1.3,234.1,3.1,2.0,27,14,0,0,0,0,0,0.0,0,0,0,0,0,0
115.0,2026-05-16T18:19:06,0016c001f10c2ef6,8.0,3.4,4.6,0.0,7809,702,7107,9.0,0.33,0.32,0.41,314484259,1268778237,3106,11669,1.3,234.1,3.1,2.0,27,14,0,0,0,0,0,0.0,0,0,0,0,0,0
115.5,2026-05-16T18:19:07,0016c001f10c2ef6,4.8,1.2,3.6,0.0,7809,702,7107,9.0,0.33,0.32,0.41,314487497,1268789828,3238,11591,1.3,234.1,3.1,2.0,27,14,0,0,0,0,0,0.0,0,0,0,0,0,0
116.0,2026-05-16T18:19:07,0016c001f10c2ef6,9.8,3.1,6.7,0.0,7809,701,7108,9.0,0.33,0.32,0.41,314491360,1268832310,3863,42482,1.3,234.1,3.1,2.0,27,14,0,0,0,0,0,0.0,0,0,0,0,0,0
116.5,2026-05-16T18:19:08,0016c001f10c2ef6,8.5,3.6,4.8,0.0,7809,701,7108,9.0,0.33,0.32,0.41,314494394,1268843991,3034,11681,1.3,234.1,3.1,2.0,27,14,0,0,0,0,0,0.0,0,0,0,0,0,0
116.9,2026-05-16T18:19:08,0016c001f10c2ef6,7.7,2.4,5.4,0.0,7809,701,7108,9.0,0.33,0.32,0.41,314497846,1268855846,3452,11855,1.3,234.1,3.1,2.0,27,14,0,0,0,0,0,0.0,0,0,0,0,0,0
117.4,2026-05-16T18:19:08,0016c001f10c2ef6,5.3,1.8,3.5,0.0,7809,701,7108,9.0,0.33,0.32,0.41,314500936,1268867437,3090,11591,1.3,234.1,3.1,2.0,27,14,0,0,0,0,0,0.0,0,0,0,0,0,0
117.9,2026-05-16T18:19:09,0016c001f10c2ef6,6.4,1.7,4.6,0.0,7809,701,7108,9.0,0.33,0.32,0.41,314504022,1268879028,3086,11591,1.3,234.0,3.1,2.0,27,14,0,0,0,0,0,0.0,0,0,0,0,0,0
118.4,2026-05-16T18:19:09,0016c001f10c2ef6,6.0,2.4,3.6,0.0,7809,701,7108,9.0,0.33,0.32,0.41,314508414,1268921378,4392,42350,1.3,234.0,3.1,2.0,27,14,0,0,0,0,0,0.0,0,0,0,0,0,0
118.8,2026-05-16T18:19:10,0016c001f10c2ef6,7.1,1.8,5.3,0.0,7809,700,7109,9.0,0.33,0.32,0.41,314511652,1268932969,3238,11591,1.3,234.0,3.1,2.0,27,14,0,0,0,0,0,0.0,0,0,0,0,0,0
119.3,2026-05-16T18:19:10,0016c001f10c2ef6,7.9,2.2,5.6,0.0,7809,700,7109,9.0,0.31,0.31,0.41,314514738,1268944560,3086,11591,1.3,234.0,3.1,2.0,27,14,0,0,0,0,0,0.0,0,0,0,0,0,0
119.8,2026-05-16T18:19:11,0016c001f10c2ef6,6.9,1.7,5.2,0.0,7809,700,7109,9.0,0.31,0.31,0.41,314517724,1268956151,2986,11591,1.3,234.0,3.1,2.0,27,14,0,0,0,0,0,0.0,0,0,0,0,0,0
120.3,2026-05-16T18:19:11,0016c001f10c2ef6,8.4,2.4,6.0,0.0,7809,700,7109,9.0,0.31,0.31,0.41,314521839,1268998501,4115,42350,1.3,234.0,3.1,2.0,27,14,0,0,0,0,0,0.0,0,0,0,0,0,0
120.7,2026-05-16T18:19:12,0016c001f10c2ef6,5.3,1.8,3.5,0.0,7809,700,7109,9.0,0.31,0.31,0.41,314524825,1269010092,2986,11591,1.3,234.0,3.1,2.0,27,14,0,0,0,0,0,0.0,0,0,0,0,0,0
121.2,2026-05-16T18:19:12,0016c001f10c2ef6,8.7,2.9,5.8,0.0,7809,700,7109,9.0,0.31,0.31,0.41,314528011,1269021683,3186,11591,1.3,234.0,3.1,2.0,27,14,0,0,0,0,0,0.0,0,0,0,0,0,0
121.7,2026-05-16T18:19:12,0016c001f10c2ef6,8.6,1.6,7.0,0.0,7809,699,7110,9.0,0.31,0.31,0.41,314531253,1269033340,3242,11657,1.3,234.0,3.1,2.0,27,14,0,0,0,0,0,0.0,0,0,0,0,0,0
122.3,2026-05-16T18:19:13,0016c001f10c2ef6,12.0,4.5,7.5,0.0,7809,701,7108,9.0,0.31,0.31,0.41,314535320,1269075756,4067,42416,1.3,234.0,3.1,2.0,27,14,0,0,0,0,0,0.0,0,0,0,0,0,0
122.8,2026-05-16T18:19:13,0016c001f10c2ef6,16.8,5.8,11.0,0.0,7809,701,7108,9.0,0.31,0.31,0.41,314538406,1269087479,3086,11723,1.3,234.0,3.1,2.0,27,14,0,0,0,0,0,0.0,0,0,0,0,0,0
123.3,2026-05-16T18:19:14,0016c001f10c2ef6,18.3,1.2,17.2,0.0,7809,701,7108,9.0,0.31,0.31,0.41,314541496,1269099070,3090,11591,1.3,234.0,3.1,2.0,27,14,0,0,0,0,0,0.0,0,0,0,0,0,0
123.9,2026-05-16T18:19:14,0016c001f10c2ef6,19.7,2.3,16.1,1.4,7809,701,7108,9.0,0.31,0.31,0.41,314545098,1269113440,3602,14370,1.3,234.0,3.1,2.0,27,14,0,0,0,0,0,0.0,0,0,0,0,0,0
124.4,2026-05-16T18:19:15,0016c001f10c2ef6,16.3,1.7,14.5,0.0,7809,700,7109,9.0,0.36,0.32,0.41,314548961,1269140063,3863,26623,1.3,234.0,3.1,2.0,27,14,0,0,0,0,0,0.0,0,0,0,0,0,0
124.9,2026-05-16T18:19:15,0016c001f10c2ef6,7.8,3.4,4.5,0.0,7809,702,7107,9.0,0.36,0.32,0.41,314552311,1269167521,3350,27458,1.3,234.0,3.1,2.0,27,14,0,0,0,0,0,0.0,0,0,0,0,0,0
125.4,2026-05-16T18:19:16,0016c001f10c2ef6,6.5,3.5,2.9,0.0,7809,701,7108,9.0,0.36,0.32,0.41,314555547,1269179178,3236,11657,1.3,234.0,3.1,2.0,27,14,0,0,0,0,0,0.0,0,0,0,0,0,0
125.9,2026-05-16T18:19:16,0016c001f10c2ef6,6.2,1.1,5.1,0.0,7809,700,7109,9.0,0.36,0.32,0.41,314558837,1269190785,3290,11607,1.3,234.0,3.1,2.0,27,14,0,0,0,0,0,0.0,0,0,0,0,0,0
126.3,2026-05-16T18:19:17,0016c001f10c2ef6,5.2,2.3,2.9,0.0,7809,700,7109,9.0,0.36,0.32,0.41,314561875,1269202376,3038,11591,1.3,234.0,3.1,2.0,27,14,0,0,0,0,0,0.0,0,0,0,0,0,0
126.8,2026-05-16T18:19:17,0016c001f10c2ef6,6.5,3.0,3.6,0.0,7809,701,7108,9.0,0.36,0.32,0.41,314565990,1269244726,4115,42350,1.3,234.1,3.1,2.0,27,14,0,0,0,0,0,0.0,0,0,0,0,0,0
127.3,2026-05-16T18:19:18,0016c001f10c2ef6,5.2,1.7,3.5,0.0,7809,699,7110,9.0,0.36,0.32,0.41,314569076,1269256317,3086,11591,1.3,234.1,3.1,2.0,27,14,0,0,0,0,0,0.0,0,0,0,0,0,0
127.8,2026-05-16T18:19:18,0016c001f10c2ef6,5.1,1.1,4.0,0.0,7809,699,7110,9.0,0.36,0.32,0.41,314572114,1269267908,3038,11591,1.3,234.1,3.1,2.0,27,14,0,0,0,0,0,0.0,0,0,0,0,0,0
128.3,2026-05-16T18:19:18,0016c001f10c2ef6,6.1,1.7,4.4,0.0,7809,700,7109,9.0,0.36,0.32,0.41,314575404,1269279499,3290,11591,1.3,234.1,3.1,2.0,27,14,0,0,0,0,0,0.0,0,0,0,0,0,0
128.8,2026-05-16T18:19:19,0016c001f10c2ef6,11.1,4.0,7.0,0.0,7809,700,7109,9.0,0.36,0.32,0.41,314579371,1269321981,3967,42482,1.3,234.1,3.1,2.0,27,14,0,0,0,0,0,0.0,0,0,0,0,0,0
129.4,2026-05-16T18:19:19,0016c001f10c2ef6,5.2,1.6,3.1,0.5,7809,701,7108,9.0,0.36,0.32,0.41,314583062,1269333658,3691,11677,1.3,234.1,3.1,2.0,27,14,0,0,0,0,0,0.0,0,0,0,0,0,0
129.9,2026-05-16T18:19:20,0016c001f10c2ef6,6.4,1.7,4.7,0.0,7809,701,7108,9.0,0.36,0.32,0.41,314586148,1269345249,3086,11591,1.3,234.1,3.1,2.0,27,14,0,0,0,0,0,0.0,0,0,0,0,0,0
130.3,2026-05-16T18:19:20,0016c001f10c2ef6,7.0,1.7,5.2,0.0,7809,700,7109,9.0,0.33,0.32,0.41,314589182,1269356840,3034,11591,1.3,234.1,3.1,2.0,27,14,0,0,0,0,0,0.0,0,0,0,0,0,0
130.8,2026-05-16T18:19:21,0016c001f10c2ef6,7.3,2.4,4.9,0.0,7809,701,7108,9.0,0.33,0.32,0.41,314593249,1269399256,4067,42416,1.3,234.0,3.1,2.0,27,14,0,0,0,0,0,0.0,0,0,0,0,0,0
131.3,2026-05-16T18:19:21,0016c001f10c2ef6,5.9,3.0,3.0,0.0,7809,701,7108,9.0,0.33,0.32,0.41,314596487,1269410847,3238,11591,1.3,234.0,3.1,2.0,27,14,0,0,0,0,0,0.0,0,0,0,0,0,0
131.7,2026-05-16T18:19:22,0016c001f10c2ef6,5.8,2.3,3.5,0.0,7809,701,7108,9.0,0.33,0.32,0.41,314599525,1269422438,3038,11591,1.3,234.0,3.1,2.0,27,14,0,0,0,0,0,0.0,0,0,0,0,0,0
132.2,2026-05-16T18:19:22,0016c001f10c2ef6,4.8,1.8,3.0,0.0,7809,701,7108,9.0,0.33,0.32,0.41,314602711,1269434029,3186,11591,1.3,234.0,3.1,2.0,27,14,0,0,0,0,0,0.0,0,0,0,0,0,0
132.7,2026-05-16T18:19:22,0016c001f10c2ef6,7.6,2.3,5.2,0.0,7809,701,7108,9.0,0.33,0.32,0.41,314606574,1269476379,3863,42350,1.3,234.0,3.1,2.0,27,14,0,0,0,0,0,0.0,0,0,0,0,0,0
133.1,2026-05-16T18:19:22,0016c001f10c2ef6,9.0,3.6,5.4,0.0,7809,700,7109,9.0,0.33,0.32,0.41,314609812,1269487970,3238,11591,1.3,234.0,3.1,2.0,27,14,0,0,0,0,0,0.0,0,0,0,0,0,0
133.6,2026-05-16T18:19:23,0016c001f10c2ef6,6.4,1.7,4.6,0.0,7809,700,7109,9.0,0.33,0.32,0.41,314612950,1269499627,3138,11657,1.3,234.0,3.1,2.0,27,14,0,0,0,0,0,0.0,0,0,0,0,0,0
134.1,2026-05-16T18:19:23,0016c001f10c2ef6,6.0,1.8,4.2,0.0,7809,701,7108,9.0,0.33,0.32,0.41,314616192,1269511218,3242,11591,1.3,234.0,3.1,2.0,27,14,0,0,0,0,0,0.0,0,0,0,0,0,0
134.6,2026-05-16T18:19:24,0016c001f10c2ef6,9.7,3.6,6.1,0.0,7809,702,7107,9.0,0.33,0.32,0.41,314619639,1269537833,3447,26615,1.3,234.0,3.1,2.0,27,14,0,0,0,0,0,0.0,0,0,0,0,0,0
135.1,2026-05-16T18:19:24,0016c001f10c2ef6,6.9,3.4,3.4,0.0,7809,702,7107,9.0,0.33,0.32,0.41,314623293,1269565291,3654,27458,1.3,234.0,3.1,2.0,27,14,0,0,0,0,0,0.0,0,0,0,0,0,0
135.6,2026-05-16T18:19:25,0016c001f10c2ef6,7.0,1.7,5.2,0.0,7809,701,7108,9.0,0.31,0.31,0.41,314626483,1269576882,3190,11591,1.3,234.0,3.1,2.0,27,14,0,0,0,0,0,0.0,0,0,0,0,0,0
136.1,2026-05-16T18:19:25,0016c001f10c2ef6,19.7,2.9,16.8,0.0,7809,702,7107,9.0,0.31,0.31,0.41,314630072,1269589266,3589,12384,1.3,234.1,3.1,2.0,27,14,0,0,0,0,0,0.0,0,0,0,0,0,0
136.8,2026-05-16T18:19:26,0016c001f10c2ef6,20.2,2.0,18.2,0.0,7809,700,7109,9.0,0.31,0.31,0.41,314657191,1274393273,27119,4804007,1.3,234.0,3.1,2.0,27,14,0,0,0,0,0,0.0,0,0,0,0,0,0
137.3,2026-05-16T18:19:27,0016c001f10c2ef6,21.7,4.4,17.2,0.0,7809,700,7109,9.0,0.31,0.31,0.41,314665813,1274410319,8622,17046,1.3,234.0,3.1,2.0,27,14,0,0,0,0,0,0.0,0,0,0,0,0,0
137.8,2026-05-16T18:19:27,0016c001f10c2ef6,5.9,2.9,2.9,0.0,7809,701,7108,9.0,0.31,0.31,0.41,314668903,1274421910,3090,11591,1.3,234.0,3.1,2.0,27,14,0,0,0,0,0,0.0,0,0,0,0,0,0
138.3,2026-05-16T18:19:28,0016c001f10c2ef6,6.9,1.1,5.7,0.0,7809,700,7109,9.0,0.31,0.31,0.41,314672037,1274433501,3134,11591,1.3,234.0,3.1,2.0,27,14,0,0,0,0,0,0.0,0,0,0,0,0,0
138.8,2026-05-16T18:19:28,0016c001f10c2ef6,5.7,2.3,3.4,0.0,7809,700,7109,9.0,0.31,0.31,0.41,314676156,1274475851,4119,42350,1.3,234.0,3.1,2.0,27,14,0,0,0,0,0,0.0,0,0,0,0,0,0
139.3,2026-05-16T18:19:28,0016c001f10c2ef6,7.3,2.3,5.1,0.0,7809,701,7108,9.0,0.31,0.31,0.41,314679346,1274487442,3190,11591,1.3,234.0,3.1,2.0,27,14,0,0,0,0,0,0.0,0,0,0,0,0,0
139.7,2026-05-16T18:19:29,0016c001f10c2ef6,6.9,2.3,4.6,0.0,7809,701,7108,9.0,0.31,0.31,0.41,314682384,1274499033,3038,11591,1.3,234.0,3.1,2.0,27,14,0,0,0,0,0,0.0,0,0,0,0,0,0
140.3,2026-05-16T18:19:29,0016c001f10c2ef6,7.5,1.6,5.9,0.0,7809,699,7110,9.0,0.31,0.31,0.41,314686003,1274510690,3619,11657,1.3,234.0,3.1,2.0,27,14,0,0,0,0,0,0.0,0,0,0,0,0,0
140.7,2026-05-16T18:19:30,0016c001f10c2ef6,6.5,2.4,4.1,0.0,7809,700,7109,9.0,0.31,0.31,0.41,314690118,1274553106,4115,42416,1.3,234.0,3.1,2.0,27,14,0,0,0,0,0,0.0,0,0,0,0,0,0
141.2,2026-05-16T18:19:30,0016c001f10c2ef6,5.4,1.8,3.6,0.0,7809,700,7109,9.0,0.36,0.32,0.41,314693276,1274564775,3158,11669,1.3,234.0,3.1,2.0,27,14,0,0,0,0,0,0.0,0,0,0,0,0,0
141.7,2026-05-16T18:19:30,0016c001f10c2ef6,8.8,3.5,4.7,0.6,7809,700,7109,9.0,0.36,0.32,0.41,314696262,1274576366,2986,11591,1.3,234.0,3.1,2.0,27,14,0,0,0,0,0,0.0,0,0,0,0,0,0
142.2,2026-05-16T18:19:31,0016c001f10c2ef6,6.2,1.7,4.5,0.0,7809,700,7109,9.0,0.36,0.32,0.41,314699348,1274587957,3086,11591,1.3,234.0,3.1,2.0,27,14,0,0,0,0,0,0.0,0,0,0,0,0,0
142.6,2026-05-16T18:19:31,0016c001f10c2ef6,6.4,2.3,4.1,0.0,7809,700,7109,9.0,0.36,0.32,0.41,314702486,1274599548,3138,11591,1.3,234.0,3.1,2.0,27,14,0,0,0,0,0,0.0,0,0,0,0,0,0
143.1,2026-05-16T18:19:32,0016c001f10c2ef6,8.4,3.9,4.5,0.0,7809,700,7109,9.0,0.36,0.32,0.41,314706705,1274641898,4219,42350,1.3,234.0,3.1,2.0,27,14,0,0,0,0,0,0.0,0,0,0,0,0,0
143.6,2026-05-16T18:19:32,0016c001f10c2ef6,5.9,1.8,4.1,0.0,7809,700,7109,9.0,0.36,0.32,0.41,314709843,1274653489,3138,11591,1.3,234.0,3.1,2.0,27,14,0,0,0,0,0,0.0,0,0,0,0,0,0
144.1,2026-05-16T18:19:33,0016c001f10c2ef6,6.0,3.6,2.4,0.0,7809,700,7109,9.0,0.36,0.32,0.41,314712881,1274665080,3038,11591,1.3,234.0,3.1,2.0,27,14,0,0,0,0,0,0.0,0,0,0,0,0,0
144.5,2026-05-16T18:19:33,0016c001f10c2ef6,6.0,1.8,4.2,0.0,7809,700,7109,9.0,0.36,0.32,0.41,314715967,1274676671,3086,11591,1.3,234.0,3.1,2.0,27,14,0,0,0,0,0,0.0,0,0,0,0,0,0
145.0,2026-05-16T18:19:33,0016c001f10c2ef6,7.7,2.4,5.4,0.0,7809,700,7109,9.0,0.36,0.32,0.41,314720034,1274719087,4067,42416,1.3,234.0,3.1,2.0,27,14,0,0,0,0,0,0.0,0,0,0,0,0,0
145.5,2026-05-16T18:19:34,0016c001f10c2ef6,5.8,1.7,4.1,0.0,7809,700,7109,9.0,0.36,0.32,0.41,314723324,1274730744,3290,11657,1.3,234.0,3.1,2.0,27,14,0,0,0,0,0,0.0,0,0,0,0,0,0
146.0,2026-05-16T18:19:34,0016c001f10c2ef6,8.6,3.2,5.4,0.0,7809,700,7109,9.0,0.36,0.32,0.41,314726362,1274742401,3038,11657,1.3,234.0,3.1,2.0,27,14,0,0,0,0,0,0.0,0,0,0,0,0,0
146.5,2026-05-16T18:19:35,0016c001f10c2ef6,6.0,2.4,3.6,0.0,7809,700,7109,9.0,0.33,0.32,0.41,314729552,1274753992,3190,11591,1.3,234.0,3.1,2.0,27,14,0,0,0,0,0,0.0,0,0,0,0,0,0
146.9,2026-05-16T18:19:35,0016c001f10c2ef6,6.5,3.0,3.6,0.0,7809,702,7107,9.0,0.33,0.32,0.41,314733463,1274796342,3911,42350,1.3,234.1,3.1,2.0,27,14,0,0,0,0,0,0.0,0,0,0,0,0,0
147.4,2026-05-16T18:19:36,0016c001f10c2ef6,7.1,2.4,4.7,0.0,7809,701,7108,9.0,0.33,0.32,0.41,314736601,1274807933,3138,11591,1.3,234.0,3.1,2.0,27,14,0,0,0,0,0,0.0,0,0,0,0,0,0
147.9,2026-05-16T18:19:36,0016c001f10c2ef6,6.0,2.4,3.6,0.0,7809,702,7107,9.0,0.33,0.32,0.41,314739739,1274819590,3138,11657,1.3,234.0,3.1,2.0,27,14,0,0,0,0,0,0.0,0,0,0,0,0,0
148.3,2026-05-16T18:19:37,0016c001f10c2ef6,5.3,1.2,4.1,0.0,7809,701,7108,9.0,0.33,0.32,0.41,314742877,1274831181,3138,11591,1.3,234.0,3.1,2.0,27,14,0,0,0,0,0,0.0,0,0,0,0,0,0
148.8,2026-05-16T18:19:37,0016c001f10c2ef6,14.4,1.8,12.6,0.0,7809,701,7108,9.0,0.33,0.32,0.41,314746015,1274842772,3138,11591,1.3,234.0,3.1,2.0,27,14,0,0,0,0,0,0.0,0,0,0,0,0,0
149.3,2026-05-16T18:19:38,0016c001f10c2ef6,20.5,2.4,18.1,0.0,7809,702,7107,9.0,0.33,0.32,0.41,314749822,1274885122,3807,42350,1.3,234.0,3.1,2.0,27,14,0,0,0,0,0,0.0,0,0,0,0,0,0
149.8,2026-05-16T18:19:38,0016c001f10c2ef6,18.3,3.0,15.4,0.0,7809,701,7108,9.0,0.33,0.32,0.41,314753140,1274896803,3318,11681,1.3,234.0,3.1,2.0,27,14,0,0,0,0,0,0.0,0,0,0,0,0,0
150.2,2026-05-16T18:19:38,0016c001f10c2ef6,18.2,1.8,16.4,0.0,7809,702,7107,9.0,0.33,0.32,0.41,314756246,1274908472,3106,11669,1.3,234.0,3.1,2.0,27,14,0,0,0,0,0,0.0,0,0,0,0,0,0
150.7,2026-05-16T18:19:38,0016c001f10c2ef6,6.7,1.8,4.8,0.0,7809,701,7108,9.0,0.33,0.32,0.41,314759384,1274920063,3138,11591,1.3,234.0,3.1,2.0,27,14,0,0,0,0,0,0.0,0,0,0,0,0,0
151.2,2026-05-16T18:19:39,0016c001f10c2ef6,7.1,1.2,5.9,0.0,7809,701,7108,9.0,0.33,0.32,0.41,314763551,1274962413,4167,42350,1.3,234.0,3.1,2.0,27,14,0,0,0,0,0,0.0,0,0,0,0,0,0
151.7,2026-05-16T18:19:39,0016c001f10c2ef6,9.1,3.2,5.9,0.0,7809,700,7109,9.0,0.33,0.32,0.41,314767070,1274974070,3519,11657,1.3,234.0,3.1,2.0,27,14,0,0,0,0,0,0.0,0,0,0,0,0,0
152.2,2026-05-16T18:19:40,0016c001f10c2ef6,7.6,2.3,5.2,0.0,7809,700,7109,9.0,0.63,0.38,0.43,314770312,1274985727,3242,11657,1.3,234.0,3.1,2.0,27,14,0,0,0,0,0,0.0,0,0,0,0,0,0
152.6,2026-05-16T18:19:40,0016c001f10c2ef6,5.7,0.6,5.1,0.0,7809,699,7110,9.0,0.63,0.38,0.43,314773502,1274997318,3190,11591,1.3,234.0,3.1,2.0,27,14,0,0,0,0,0,0.0,0,0,0,0,0,0
153.1,2026-05-16T18:19:41,0016c001f10c2ef6,7.6,2.9,4.7,0.0,7809,699,7110,9.0,0.63,0.38,0.43,314777465,1275039668,3963,42350,1.3,234.0,3.1,2.0,27,14,0,0,0,0,0,0.0,0,0,0,0,0,0
153.6,2026-05-16T18:19:41,0016c001f10c2ef6,8.0,2.3,5.7,0.0,7809,699,7110,9.0,0.63,0.38,0.43,314780651,1275051259,3186,11591,1.3,234.0,3.1,2.0,27,14,0,0,0,0,0,0.0,0,0,0,0,0,0
154.1,2026-05-16T18:19:42,0016c001f10c2ef6,7.9,2.3,5.6,0.0,7809,699,7110,9.0,0.63,0.38,0.43,314783741,1275062850,3090,11591,1.3,234.0,3.1,2.0,27,14,0,0,0,0,0,0.0,0,0,0,0,0,0
154.6,2026-05-16T18:19:42,0016c001f10c2ef6,5.8,3.5,2.3,0.0,7809,699,7110,9.0,0.63,0.38,0.43,314786927,1275074441,3186,11591,1.3,234.0,3.1,2.0,27,14,0,0,0,0,0,0.0,0,0,0,0,0,0
155.0,2026-05-16T18:19:43,0016c001f10c2ef6,7.5,1.7,5.8,0.0,7809,699,7110,9.0,0.63,0.38,0.43,314790994,1275116791,4067,42350,1.3,234.0,3.1,2.0,27,14,0,0,0,0,0,0.0,0,0,0,0,0,0
155.5,2026-05-16T18:19:43,0016c001f10c2ef6,10.4,5.8,4.6,0.0,7809,700,7109,9.0,0.63,0.38,0.43,314794184,1275129065,3190,12274,1.3,234.0,3.1,2.0,27,14,0,0,0,0,0,0.0,0,0,0,0,0,0
156.0,2026-05-16T18:19:43,0016c001f10c2ef6,7.3,2.8,4.5,0.0,7809,700,7109,9.0,0.63,0.38,0.43,314797346,1275140742,3162,11677,1.3,234.0,3.1,2.0,27,14,0,0,0,0,0,0.0,0,0,0,0,0,0
156.5,2026-05-16T18:19:44,0016c001f10c2ef6,6.9,2.3,4.6,0.0,7809,700,7109,9.0,0.63,0.38,0.43,314800478,1275153915,3132,13173,1.3,234.0,3.1,2.0,27,14,0,0,0,0,0,0.0,0,0,0,0,0,0
157.0,2026-05-16T18:19:44,0016c001f10c2ef6,6.8,2.3,4.5,0.0,7809,700,7109,9.0,0.63,0.38,0.43,314804697,1275196265,4219,42350,1.3,234.0,3.1,2.0,27,14,0,0,0,0,0,0.0,0,0,0,0,0,0
157.5,2026-05-16T18:19:45,0016c001f10c2ef6,9.9,4.2,5.8,0.0,7809,700,7109,9.0,0.58,0.37,0.43,314807839,1275207988,3142,11723,1.3,234.0,3.1,2.0,27,14,0,0,0,0,0,0.0,0,0,0,0,0,0
158.0,2026-05-16T18:19:45,0016c001f10c2ef6,5.3,1.6,3.7,0.0,7809,700,7109,9.0,0.58,0.37,0.43,314811081,1275219579,3242,11591,1.3,234.0,3.1,2.0,27,14,0,0,0,0,0,0.0,0,0,0,0,0,0
158.5,2026-05-16T18:19:46,0016c001f10c2ef6,5.9,1.8,4.1,0.0,7809,697,7112,8.9,0.58,0.37,0.43,314814167,1275231236,3086,11657,1.3,234.0,3.1,2.0,27,14,0,0,0,0,0,0.0,0,0,0,0,0,0
159.0,2026-05-16T18:19:46,0016c001f10c2ef6,6.5,2.9,3.5,0.0,7809,699,7110,9.0,0.58,0.37,0.43,314817253,1275242827,3086,11591,1.3,234.0,3.1,2.0,27,14,0,0,0,0,0,0.0,0,0,0,0,0,0
159.5,2026-05-16T18:19:47,0016c001f10c2ef6,7.1,3.0,4.2,0.0,7809,700,7109,9.0,0.58,0.37,0.43,314821212,1275285177,3959,42350,1.3,234.0,3.1,2.0,27,14,0,0,0,0,0,0.0,0,0,0,0,0,0
159.9,2026-05-16T18:19:47,0016c001f10c2ef6,4.7,1.8,3.0,0.0,7809,700,7109,9.0,0.58,0.37,0.43,314824350,1275296768,3138,11591,1.3,234.0,3.1,2.0,27,14,0,0,0,0,0,0.0,0,0,0,0,0,0
160.4,2026-05-16T18:19:48,0016c001f10c2ef6,7.0,2.3,4.1,0.6,7809,701,7108,9.0,0.58,0.37,0.43,314827440,1275308359,3090,11591,1.3,234.0,3.1,2.0,28,15,1,1,0,0,0,0.0,0,0,0,0,0,0
160.9,2026-05-16T18:19:48,0016c001f10c2ef6,7.8,2.8,5.0,0.0,7809,701,7108,9.0,0.58,0.37,0.43,314830574,1275319950,3134,11591,1.3,234.0,3.1,2.0,28,15,0,0,0,0,0,0.0,0,0,0,0,0,0
161.4,2026-05-16T18:19:48,0016c001f10c2ef6,6.4,2.3,4.1,0.0,7809,701,7108,9.0,0.58,0.37,0.43,314834641,1275362300,4067,42350,1.3,234.0,3.1,2.0,28,15,0,0,0,0,0,0.0,0,0,0,0,0,0
161.9,2026-05-16T18:19:49,0016c001f10c2ef6,18.5,3.5,15.0,0.0,7809,700,7109,9.0,0.58,0.37,0.43,314837627,1275373891,2986,11591,1.3,234.0,3.1,2.0,28,15,0,0,0,0,0,0.0,0,0,0,0,0,0
162.3,2026-05-16T18:19:49,0016c001f10c2ef6,18.9,2.4,16.5,0.0,7809,700,7109,9.0,0.58,0.37,0.43,314841142,1275385482,3515,11591,1.3,234.0,3.1,2.0,28,15,0,0,0,0,0,0.0,0,0,0,0,0,0
162.8,2026-05-16T18:19:50,0016c001f10c2ef6,18.8,2.4,16.5,0.0,7809,701,7108,9.0,0.58,0.37,0.43,314844228,1275397139,3086,11657,1.3,234.0,3.1,2.0,28,15,0,0,0,0,0,0.0,0,0,0,0,0,0
163.3,2026-05-16T18:19:50,0016c001f10c2ef6,17.1,2.9,14.3,0.0,7809,700,7109,9.0,0.61,0.38,0.43,314848347,1275439489,4119,42350,1.3,234.0,3.1,2.0,28,15,0,0,0,0,0,0.0,0,0,0,0,0,0
163.8,2026-05-16T18:19:51,0016c001f10c2ef6,6.5,2.4,4.1,0.0,7809,702,7107,9.0,0.61,0.38,0.43,314851537,1275451080,3190,11591,1.3,234.0,3.1,2.0,28,15,0,0,0,0,0,0.0,0,0,0,0,0,0
164.3,2026-05-16T18:19:51,0016c001f10c2ef6,5.2,1.1,4.0,0.0,7809,701,7108,9.0,0.61,0.38,0.43,314854723,1275462671,3186,11591,1.3,234.0,3.1,2.0,28,15,0,0,0,0,0,0.0,0,0,0,0,0,0
164.7,2026-05-16T18:19:52,0016c001f10c2ef6,6.5,3.0,3.6,0.0,7809,701,7108,9.0,0.61,0.38,0.43,314857861,1275474262,3138,11591,1.3,234.0,3.1,2.0,28,15,0,0,0,0,0,0.0,0,0,0,0,0,0
165.2,2026-05-16T18:19:52,0016c001f10c2ef6,6.4,2.3,4.1,0.0,7809,701,7108,9.0,0.61,0.38,0.43,314861724,1275516612,3863,42350,1.3,234.0,3.1,2.0,28,15,0,0,0,0,0,0.0,0,0,0,0,0,0
165.7,2026-05-16T18:19:52,0016c001f10c2ef6,8.1,2.9,5.2,0.0,7809,701,7108,9.0,0.61,0.38,0.43,314864858,1275528203,3134,11591,1.3,234.0,3.1,2.0,28,15,0,0,0,0,0,0.0,0,0,0,0,0,0
166.2,2026-05-16T18:19:59,0016c001f10c2ef6,5.4,1.8,3.6,0.0,7809,701,7108,9.0,0.61,0.38,0.43,314867844,1275539794,2986,11591,1.3,234.0,3.1,2.0,28,15,0,0,0,0,0,0.0,0,0,0,0,0,0
166.6,2026-05-16T18:19:53,0016c001f10c2ef6,9.8,2.9,6.9,0.0,7809,700,7109,9.0,0.61,0.38,0.43,314871034,1275552068,3190,12274,1.3,234.0,3.1,2.0,28,15,0,0,0,0,0,0.0,0,0,0,0,0,0
167.1,2026-05-16T18:19:53,0016c001f10c2ef6,5.9,1.2,4.7,0.0,7809,700,7109,9.0,0.61,0.38,0.43,314874270,1275565261,3236,13193,1.3,234.0,3.1,2.0,28,15,0,0,0,0,0,0.0,0,0,0,0,0,0
167.6,2026-05-16T18:19:54,0016c001f10c2ef6,8.6,2.9,5.7,0.0,7809,700,7109,9.0,0.61,0.38,0.43,314878357,1275607689,4087,42428,1.3,234.0,3.1,2.0,28,15,0,0,0,0,0,0.0,0,0,0,0,0,0
168.1,2026-05-16T18:19:54,0016c001f10c2ef6,6.0,2.4,3.6,0.0,7809,697,7112,8.9,0.61,0.38,0.43,314881543,1275619280,3186,11591,1.3,234.0,3.1,2.0,28,15,0,0,0,0,0,0.0,0,0,0,0,0,0
168.5,2026-05-16T18:19:55,0016c001f10c2ef6,8.1,3.5,4.7,0.0,7809,698,7111,8.9,0.56,0.38,0.43,314884733,1275630871,3190,11591,1.3,234.0,3.1,2.0,28,15,0,0,0,0,0,0.0,0,0,0,0,0,0
169.1,2026-05-16T18:19:55,0016c001f10c2ef6,8.7,2.6,6.1,0.0,7809,698,7111,8.9,0.56,0.38,0.43,314887923,1275642528,3190,11657,1.3,234.0,3.1,2.0,28,15,0,0,0,0,0,0.0,0,0,0,0,0,0
169.6,2026-05-16T18:19:56,0016c001f10c2ef6,8.6,2.9,5.7,0.0,7809,698,7111,8.9,0.56,0.38,0.43,314891890,1275684944,3967,42416,1.3,234.0,3.1,2.0,28,15,0,0,0,0,0,0.0,0,0,0,0,0,0
170.0,2026-05-16T18:19:56,0016c001f10c2ef6,6.9,1.2,5.8,0.0,7809,698,7111,8.9,0.56,0.38,0.43,314895232,1275696535,3342,11591,1.3,234.0,3.1,2.0,28,15,0,0,0,0,0,0.0,0,0,0,0,0,0
170.5,2026-05-16T18:19:57,0016c001f10c2ef6,6.4,1.7,4.6,0.0,7809,698,7111,8.9,0.56,0.38,0.43,314898270,1275708126,3038,11591,1.3,234.0,3.1,2.0,28,15,0,0,0,0,0,0.0,0,0,0,0,0,0
171.0,2026-05-16T18:19:57,0016c001f10c2ef6,6.5,3.0,3.6,0.0,7809,698,7111,8.9,0.56,0.38,0.43,314901304,1275719717,3034,11591,1.3,234.0,3.1,2.0,28,15,0,0,0,0,0,0.0,0,0,0,0,0,0
171.5,2026-05-16T18:19:58,0016c001f10c2ef6,7.4,2.3,5.1,0.0,7809,700,7109,9.0,0.56,0.38,0.43,314905371,1275762067,4067,42350,1.3,234.0,3.1,2.0,28,15,0,0,0,0,0,0.0,0,0,0,0,0,0
171.9,2026-05-16T18:19:58,0016c001f10c2ef6,6.4,2.3,4.1,0.0,7809,700,7109,9.0,0.56,0.38,0.43,314908509,1275773658,3138,11591,1.3,234.0,3.1,2.0,28,15,0,0,0,0,0,0.0,0,0,0,0,0,0
172.4,2026-05-16T18:19:58,0016c001f10c2ef6,9.8,5.8,3.5,0.6,7809,699,7110,9.0,0.56,0.38,0.43,314911695,1275785249,3186,11591,1.3,234.0,3.1,2.0,28,15,0,0,0,0,0,0.0,0,0,0,0,0,0
172.9,2026-05-16T18:19:59,0016c001f10c2ef6,6.8,2.3,4.5,0.0,7809,700,7109,9.0,0.56,0.38,0.43,314914837,1275796906,3142,11657,1.3,234.0,3.1,2.0,28,15,0,0,0,0,0,0.0,0,0,0,0,0,0
173.4,2026-05-16T18:19:59,0016c001f10c2ef6,5.2,2.3,2.9,0.0,7809,701,7108,9.0,0.56,0.38,0.43,314919381,1275839256,4544,42350,1.3,234.0,3.1,2.0,28,15,0,0,0,0,0,0.0,0,0,0,0,0,0
173.9,2026-05-16T18:20:00,0016c001f10c2ef6,7.6,3.5,4.1,0.0,7809,701,7108,9.0,0.56,0.38,0.43,314922471,1275850847,3090,11591,1.3,234.0,3.1,2.0,28,15,0,0,0,0,0,0.0,0,0,0,0,0,0
174.3,2026-05-16T18:20:00,0016c001f10c2ef6,6.0,2.4,3.6,0.0,7809,700,7109,9.0,0.52,0.37,0.43,314925657,1275862438,3186,11591,1.3,234.0,3.1,2.0,28,15,0,0,0,0,0,0.0,0,0,0,0,0,0
174.8,2026-05-16T18:20:01,0016c001f10c2ef6,17.6,2.8,14.8,0.0,7809,700,7109,9.0,0.52,0.37,0.43,314928747,1275874029,3090,11591,1.3,234.0,3.1,2.0,28,15,0,0,0,0,0,0.0,0,0,0,0,0,0
175.3,2026-05-16T18:20:01,0016c001f10c2ef6,18.2,1.8,16.4,0.0,7809,700,7109,9.0,0.52,0.37,0.43,314932446,1275885620,3699,11591,1.3,234.0,3.1,2.0,28,15,0,0,0,0,0,0.0,0,0,0,0,0,0
175.8,2026-05-16T18:20:02,0016c001f10c2ef6,20.0,2.4,17.6,0.0,7809,700,7109,9.0,0.52,0.37,0.43,314935792,1275927970,3346,42350,1.3,234.0,3.1,2.0,28,15,0,0,0,0,0,0.0,0,0,0,0,0,0
176.3,2026-05-16T18:20:02,0016c001f10c2ef6,15.1,2.3,12.8,0.0,7809,701,7108,9.0,0.52,0.37,0.43,314938882,1275939561,3090,11591,1.3,234.0,3.1,2.0,28,15,0,0,0,0,0,0.0,0,0,0,0,0,0
176.7,2026-05-16T18:20:03,0016c001f10c2ef6,6.4,2.3,4.1,0.0,7809,701,7108,9.0,0.52,0.37,0.43,314942040,1275951230,3158,11669,1.3,234.0,3.1,2.0,28,15,0,0,0,0,0,0.0,0,0,0,0,0,0
177.2,2026-05-16T18:20:02,0016c001f10c2ef6,6.4,2.3,4.1,0.0,7809,701,7108,9.0,0.52,0.37,0.43,314945126,1275962821,3086,11591,1.3,234.0,3.1,2.0,28,15,0,0,0,0,0,0.0,0,0,0,0,0,0
177.7,2026-05-16T18:20:03,0016c001f10c2ef6,8.5,4.0,4.5,0.0,7809,701,7108,9.0,0.52,0.37,0.43,314949349,1276006964,4223,44143,1.3,233.9,3.1,2.0,28,15,0,0,0,0,0,0.0,0,0,0,0,0,0
178.2,2026-05-16T18:20:03,0016c001f10c2ef6,11.4,5.4,4.8,1.2,7809,701,7108,9.0,0.52,0.37,0.43,314952581,1276020549,3232,13585,1.3,233.9,3.1,2.0,28,15,0,0,0,0,0,0.0,0,0,0,0,0,0
178.7,2026-05-16T18:20:04,0016c001f10c2ef6,7.4,2.8,4.5,0.0,7809,701,7108,9.0,0.52,0.37,0.43,314955719,1276032140,3138,11591,1.3,233.8,3.1,2.0,28,15,0,0,0,0,0,0.0,0,0,0,0,0,0
179.1,2026-05-16T18:20:04,0016c001f10c2ef6,5.8,2.9,2.9,0.0,7809,700,7109,9.0,0.52,0.37,0.43,314958809,1276043731,3090,11591,1.3,233.8,3.1,2.0,28,15,0,0,0,0,0,0.0,0,0,0,0,0,0
179.6,2026-05-16T18:20:05,0016c001f10c2ef6,7.9,2.8,5.1,0.0,7809,701,7108,9.0,0.47,0.36,0.42,314962928,1276086137,4119,42406,1.3,233.6,3.1,2.0,28,15,0,0,0,0,0,0.0,0,0,0,0,0,0
180.1,2026-05-16T18:20:05,0016c001f10c2ef6,7.5,2.9,4.6,0.0,7809,701,7108,9.0,0.47,0.36,0.42,314966270,1276097728,3342,11591,1.3,233.6,3.1,2.0,28,15,0,0,0,0,0,0.0,0,0,0,0,0,0
180.6,2026-05-16T18:20:06,0016c001f10c2ef6,8.9,3.7,5.2,0.0,7809,700,7109,9.0,0.47,0.36,0.42,314969512,1276109385,3242,11657,1.3,233.6,3.1,2.0,28,15,0,0,0,0,0,0.0,0,0,0,0,0,0
181.2,2026-05-16T18:20:06,0016c001f10c2ef6,9.2,2.4,6.8,0.0,7809,702,7107,9.0,0.47,0.36,0.42,314972498,1276121042,2986,11657,1.3,233.6,3.1,2.0,28,15,0,0,0,0,0,0.0,0,0,0,0,0,0
181.7,2026-05-16T18:20:07,0016c001f10c2ef6,6.6,3.0,3.6,0.0,7809,702,7107,9.0,0.47,0.36,0.42,314976613,1276163514,4115,42472,1.3,233.6,3.1,2.0,28,15,0,0,0,0,0,0.0,0,0,0,0,0,0
182.2,2026-05-16T18:20:07,0016c001f10c2ef6,7.6,2.3,5.2,0.0,7809,701,7108,9.0,0.47,0.36,0.42,314979823,1276175191,3210,11677,1.3,233.6,3.1,2.0,28,15,0,0,0,0,0,0.0,0,0,0,0,0,0
182.6,2026-05-16T18:20:08,0016c001f10c2ef6,6.6,1.8,4.8,0.0,7809,701,7108,9.0,0.47,0.36,0.42,314982989,1276186938,3166,11747,1.3,233.6,3.1,2.0,28,15,0,0,0,0,0,0.0,0,0,0,0,0,0
183.1,2026-05-16T18:20:08,0016c001f10c2ef6,6.6,1.2,5.4,0.0,7809,701,7108,9.0,0.47,0.36,0.42,314986227,1276198595,3238,11657,1.3,233.6,3.1,2.0,28,15,0,0,0,0,0,0.0,0,0,0,0,0,0
183.5,2026-05-16T18:20:08,0016c001f10c2ef6,5.9,2.4,3.5,0.0,7809,701,7108,9.0,0.47,0.36,0.42,314990346,1276241001,4119,42406,1.3,233.6,3.1,2.0,28,15,0,0,0,0,0,0.0,0,0,0,0,0,0
184.0,2026-05-16T18:20:09,0016c001f10c2ef6,7.5,3.4,4.0,0.0,7809,700,7109,9.0,0.47,0.36,0.42,314993484,1276252592,3138,11591,1.3,233.6,3.1,2.0,28,15,0,0,0,0,0,0.0,0,0,0,0,0,0
184.5,2026-05-16T18:20:09,0016c001f10c2ef6,6.4,1.7,4.6,0.0,7809,700,7109,9.0,0.47,0.36,0.42,314996999,1276264183,3515,11591,1.3,233.6,3.1,2.0,28,15,0,0,0,0,0,0.0,0,0,0,0,0,0
185.0,2026-05-16T18:20:10,0016c001f10c2ef6,6.9,2.3,4.6,0.0,7809,701,7108,9.0,0.44,0.36,0.42,315000037,1276275774,3038,11591,1.3,233.6,3.1,2.0,28,15,0,0,0,0,0,0.0,0,0,0,0,0,0
185.5,2026-05-16T18:20:10,0016c001f10c2ef6,7.1,1.8,5.3,0.0,7809,701,7108,9.0,0.44,0.36,0.42,315003123,1276287365,3086,11591,1.3,233.6,3.1,2.0,28,15,0,0,0,0,0,0.0,0,0,0,0,0,0
185.9,2026-05-16T18:20:11,0016c001f10c2ef6,7.1,2.4,4.8,0.0,7809,701,7108,9.0,0.44,0.36,0.42,315007134,1276329771,4011,42406,1.3,233.6,3.1,2.0,28,15,0,0,0,0,0,0.0,0,0,0,0,0,0
186.4,2026-05-16T18:20:11,0016c001f10c2ef6,6.0,2.4,3.6,0.0,7809,701,7108,9.0,0.44,0.36,0.42,315010220,1276341362,3086,11591,1.3,233.6,3.1,2.0,28,15,0,0,0,0,0,0.0,0,0,0,0,0,0
186.9,2026-05-16T18:20:12,0016c001f10c2ef6,9.0,3.7,5.3,0.0,7809,701,7108,9.0,0.44,0.36,0.42,315013448,1276353217,3228,11855,1.3,233.6,3.1,2.0,28,15,0,0,0,0,0,0.0,0,0,0,0,0,0
187.4,2026-05-16T18:20:12,0016c001f10c2ef6,6.9,1.7,5.2,0.0,7809,701,7108,9.0,0.44,0.36,0.42,315016634,1276364808,3186,11591,1.3,233.6,3.1,2.0,28,15,0,0,0,0,0,0.0,0,0,0,0,0,0
187.9,2026-05-16T18:20:13,0016c001f10c2ef6,21.8,3.4,18.4,0.0,7809,701,7108,9.0,0.44,0.36,0.42,315020597,1276407214,3963,42406,1.3,233.6,3.1,2.0,28,15,0,0,0,0,0,0.0,0,0,0,0,0,0
188.3,2026-05-16T18:20:13,0016c001f10c2ef6,20.0,1.2,18.8,0.0,7809,701,7108,9.0,0.44,0.36,0.42,315023635,1276418805,3038,11591,1.3,233.6,3.1,2.0,28,15,0,0,0,0,0,0.0,0,0,0,0,0,0
188.8,2026-05-16T18:20:13,0016c001f10c2ef6,20.7,3.4,17.2,0.0,7809,701,7108,9.0,0.44,0.36,0.42,315026769,1276430396,3134,11591,1.3,233.6,3.1,2.0,28,15,0,0,0,0,0,0.0,0,0,0,0,0,0
189.3,2026-05-16T18:20:14,0016c001f10c2ef6,12.0,2.9,9.1,0.0,7809,701,7108,9.0,0.44,0.36,0.42,315029755,1276441987,2986,11591,1.3,233.6,3.1,2.0,28,15,0,0,0,0,0,0.0,0,0,0,0,0,0
189.8,2026-05-16T18:20:14,0016c001f10c2ef6,5.0,3.1,1.9,0.0,7809,701,7108,9.0,0.44,0.36,0.42,315033614,1276484393,3859,42406,1.3,233.6,3.1,2.0,28,15,0,0,0,0,0,0.0,0,0,0,0,0,0
190.3,2026-05-16T18:20:15,0016c001f10c2ef6,10.1,3.5,4.5,2.0,7809,701,7108,9.0,0.44,0.36,0.42,315036752,1276495984,3138,11591,1.3,233.6,3.1,2.0,28,15,0,0,0,0,0,0.0,0,0,0,0,0,0
190.8,2026-05-16T18:20:15,0016c001f10c2ef6,7.7,3.0,3.6,1.2,7809,701,7108,9.0,0.4,0.35,0.42,315039990,1276507575,3238,11591,1.3,233.6,3.1,2.0,28,15,0,0,0,0,0,0.0,0,0,0,0,0,0
191.3,2026-05-16T18:20:16,0016c001f10c2ef6,5.9,1.2,4.7,0.0,7809,701,7108,9.0,0.4,0.35,0.42,315043180,1276519166,3190,11591,1.3,233.6,3.1,2.0,28,15,0,0,0,0,0,0.0,0,0,0,0,0,0
191.7,2026-05-16T18:20:16,0016c001f10c2ef6,6.5,2.9,3.5,0.0,7809,701,7108,9.0,0.4,0.35,0.42,315047351,1276561572,4171,42406,1.3,233.6,3.1,2.0,28,15,0,0,0,0,0,0.0,0,0,0,0,0,0
192.2,2026-05-16T18:20:17,0016c001f10c2ef6,7.9,3.4,4.5,0.0,7809,701,7108,9.0,0.4,0.35,0.42,315050593,1276573163,3242,11591,1.3,233.6,3.1,2.0,28,15,0,0,0,0,0,0.0,0,0,0,0,0,0
192.8,2026-05-16T18:20:17,0016c001f10c2ef6,8.9,3.2,5.8,0.0,7809,700,7109,9.0,0.4,0.35,0.42,315053631,1276584820,3038,11657,1.3,233.6,3.1,2.0,28,15,0,0,0,0,0,0.0,0,0,0,0,0,0
193.2,2026-05-16T18:20:18,0016c001f10c2ef6,8.0,2.3,5.7,0.0,7809,702,7107,9.0,0.4,0.35,0.42,315056817,1276596411,3186,11591,1.3,233.6,3.1,2.0,28,15,0,0,0,0,0,0.0,0,0,0,0,0,0
193.7,2026-05-16T18:20:24,0016c001f10c2ef6,7.2,1.8,5.4,0.0,7809,701,7108,9.0,0.4,0.35,0.42,315060732,1276638817,3915,42406,1.3,233.6,3.1,2.0,31,17,3,2,0,0,0,0.0,0,0,0,0,0,0
194.2,2026-05-16T18:20:18,0016c001f10c2ef6,7.3,3.6,3.6,0.0,7809,701,7108,9.0,0.4,0.35,0.42,315063990,1276650487,3258,11670,1.3,233.6,3.1,2.0,31,17,0,0,0,0,0,0.0,0,0,0,0,0,0
194.6,2026-05-16T18:20:18,0016c001f10c2ef6,5.5,1.2,4.2,0.0,7809,701,7108,9.0,0.4,0.35,0.42,315067028,1276662145,3038,11658,1.3,233.6,3.1,2.0,31,17,0,0,0,0,0,0.0,0,0,0,0,0,0
195.1,2026-05-16T18:20:19,0016c001f10c2ef6,6.5,1.8,4.8,0.0,7809,701,7108,9.0,0.4,0.35,0.42,315070218,1276673737,3190,11592,1.3,233.6,3.1,2.0,31,17,0,0,0,0,0,0.0,0,0,0,0,0,0
195.6,2026-05-16T18:20:19,0016c001f10c2ef6,6.9,1.7,4.6,0.6,7809,700,7109,9.0,0.4,0.35,0.42,315073833,1276685329,3615,11592,1.3,233.6,3.1,2.0,31,17,0,0,0,0,0,0.0,0,0,0,0,0,0
196.0,2026-05-16T18:20:20,0016c001f10c2ef6,7.6,2.4,5.3,0.0,7809,700,7109,9.0,0.37,0.35,0.42,315077696,1276727736,3863,42407,1.3,233.6,3.1,2.0,31,17,0,0,0,0,0,0.0,0,0,0,0,0,0
196.5,2026-05-16T18:20:20,0016c001f10c2ef6,7.2,1.8,4.8,0.6,7809,701,7108,9.0,0.37,0.35,0.42,315080782,1276739328,3086,11592,1.3,233.6,3.1,2.0,31,17,0,0,0,0,0,0.0,0,0,0,0,0,0
197.0,2026-05-16T18:20:21,0016c001f10c2ef6,5.3,1.8,3.5,0.0,7809,700,7109,9.0,0.37,0.35,0.42,315084072,1276750920,3290,11592,1.3,233.6,3.1,2.0,31,17,0,0,0,0,0,0.0,0,0,0,0,0,0
197.5,2026-05-16T18:20:21,0016c001f10c2ef6,6.4,1.8,4.7,0.0,7809,700,7109,9.0,0.37,0.35,0.42,315087162,1276762512,3090,11592,1.3,233.6,3.1,2.0,31,17,0,0,0,0,0,0.0,0,0,0,0,0,0
197.9,2026-05-16T18:20:22,0016c001f10c2ef6,6.6,3.6,3.0,0.0,7809,700,7109,9.0,0.37,0.35,0.42,315091177,1276804919,4015,42407,1.3,233.6,3.1,2.0,31,17,0,0,0,0,0,0.0,0,0,0,0,0,0
198.4,2026-05-16T18:20:22,0016c001f10c2ef6,8.2,1.6,6.6,0.0,7809,700,7109,9.0,0.37,0.35,0.42,315094467,1276816577,3290,11658,1.3,233.6,3.1,2.0,31,17,0,0,0,0,0,0.0,0,0,0,0,0,0
199.0,2026-05-16T18:20:23,0016c001f10c2ef6,9.6,3.6,6.1,0.0,7809,700,7109,9.0,0.37,0.35,0.42,315097657,1276828301,3190,11724,1.3,233.7,3.1,2.0,31,17,0,0,0,0,0,0.0,0,0,0,0,0,0
199.5,2026-05-16T18:20:23,0016c001f10c2ef6,9.5,4.0,5.5,0.0,7809,700,7109,9.0,0.37,0.35,0.42,315100847,1276839959,3190,11658,1.3,233.7,3.1,2.0,31,17,0,0,0,0,0,0.0,0,0,0,0,0,0
200.1,2026-05-16T18:20:23,0016c001f10c2ef6,10.7,3.6,7.1,0.0,7809,701,7108,9.0,0.37,0.35,0.42,315104866,1276882432,4019,42473,1.3,233.7,3.1,2.0,31,17,0,0,0,0,0,0.0,0,0,0,0,0,0
200.6,2026-05-16T18:20:24,0016c001f10c2ef6,14.0,2.9,11.0,0.0,7809,701,7108,9.0,0.37,0.35,0.42,315108052,1276894024,3186,11592,1.3,233.7,3.1,2.0,31,17,0,0,0,0,0,0.0,0,0,0,0,0,0
201.0,2026-05-16T18:20:24,0016c001f10c2ef6,20.6,2.9,17.6,0.0,7809,701,7108,9.0,0.37,0.35,0.42,315111194,1276905682,3142,11658,1.3,233.7,3.1,2.0,31,17,0,0,0,0,0,0.0,0,0,0,0,0,0
201.6,2026-05-16T18:20:25,0016c001f10c2ef6,18.9,2.2,16.7,0.0,7809,701,7108,9.0,0.42,0.36,0.42,315114380,1276917274,3186,11592,1.3,233.7,3.1,2.0,31,17,0,0,0,0,0,0.0,0,0,0,0,0,0
202.0,2026-05-16T18:20:25,0016c001f10c2ef6,19.8,2.4,17.4,0.0,7809,702,7107,9.0,0.42,0.36,0.42,315118451,1276959681,4071,42407,1.3,233.7,3.1,2.0,31,17,0,0,0,0,0,0.0,0,0,0,0,0,0
202.5,2026-05-16T18:20:26,0016c001f10c2ef6,6.9,2.3,4.6,0.0,7809,701,7108,9.0,0.42,0.36,0.42,315121537,1276971273,3086,11592,1.3,233.7,3.1,2.0,31,17,0,0,0,0,0,0.0,0,0,0,0,0,0
203.0,2026-05-16T18:20:26,0016c001f10c2ef6,6.5,1.8,4.7,0.0,7809,702,7107,9.0,0.42,0.36,0.42,315124899,1276982943,3362,11670,1.3,233.7,3.1,2.0,31,17,0,0,0,0,0,0.0,0,0,0,0,0,0
203.5,2026-05-16T18:20:27,0016c001f10c2ef6,6.4,1.8,4.7,0.0,7809,702,7107,9.0,0.42,0.36,0.42,315128037,1276994535,3138,11592,1.3,233.7,3.1,2.0,31,17,0,0,0,0,0,0.0,0,0,0,0,0,0
203.9,2026-05-16T18:20:27,0016c001f10c2ef6,6.9,2.9,4.0,0.0,7809,702,7107,9.0,0.42,0.36,0.42,315132004,1277036942,3967,42407,1.3,233.7,3.1,2.0,31,17,0,0,0,0,0,0.0,0,0,0,0,0,0
204.4,2026-05-16T18:20:28,0016c001f10c2ef6,8.3,3.0,5.3,0.0,7809,703,7106,9.0,0.42,0.36,0.42,315135142,1277048534,3138,11592,1.3,233.7,3.1,2.0,31,17,0,0,0,0,0,0.0,0,0,0,0,0,0
204.9,2026-05-16T18:20:28,0016c001f10c2ef6,6.1,2.4,3.6,0.0,7809,703,7106,9.0,0.42,0.36,0.42,315138228,1277060126,3086,11592,1.3,233.7,3.1,2.0,31,17,0,0,0,0,0,0.0,0,0,0,0,0,0
205.3,2026-05-16T18:20:28,0016c001f10c2ef6,8.1,3.5,4.6,0.0,7809,702,7107,9.0,0.42,0.36,0.42,315141466,1277071718,3238,11592,1.3,233.7,3.1,2.0,31,17,0,0,0,0,0,0.0,0,0,0,0,0,0
205.9,2026-05-16T18:20:29,0016c001f10c2ef6,10.1,3.0,7.1,0.0,7809,701,7108,9.0,0.42,0.36,0.42,315145377,1277114323,3911,42605,1.3,233.7,3.1,2.0,31,17,0,0,0,0,0,0.0,0,0,0,0,0,0
206.4,2026-05-16T18:20:29,0016c001f10c2ef6,6.5,1.8,4.7,0.0,7809,701,7108,9.0,0.42,0.36,0.42,315149204,1277125915,3827,11592,1.3,233.7,3.1,2.0,31,17,0,0,0,0,0,0.0,0,0,0,0,0,0
206.9,2026-05-16T18:20:30,0016c001f10c2ef6,6.3,1.7,4.6,0.0,7809,701,7108,9.0,0.42,0.36,0.42,315152242,1277137507,3038,11592,1.3,233.7,3.1,2.0,31,17,0,0,0,0,0,0.0,0,0,0,0,0,0
207.3,2026-05-16T18:20:30,0016c001f10c2ef6,7.1,2.4,4.7,0.0,7809,701,7108,9.0,0.47,0.37,0.42,315155380,1277149099,3138,11592,1.3,233.7,3.1,2.0,31,17,0,0,0,0,0,0.0,0,0,0,0,0,0
207.8,2026-05-16T18:20:31,0016c001f10c2ef6,5.5,1.8,3.7,0.0,7809,701,7108,9.0,0.47,0.37,0.42,315158566,1277160691,3186,11592,1.3,233.7,3.1,2.0,31,17,0,0,0,0,0,0.0,0,0,0,0,0,0
208.3,2026-05-16T18:20:31,0016c001f10c2ef6,6.4,1.7,4.6,0.0,7809,702,7107,9.0,0.47,0.37,0.42,315162633,1277203164,4067,42473,1.3,233.7,3.1,2.0,31,17,0,0,0,0,0,0.0,0,0,0,0,0,0
208.7,2026-05-16T18:20:32,0016c001f10c2ef6,7.1,2.4,4.7,0.0,7809,701,7108,9.0,0.47,0.37,0.42,315165691,1277214842,3058,11678,1.3,233.7,3.1,2.0,31,17,0,0,0,0,0,0.0,0,0,0,0,0,0
209.2,2026-05-16T18:20:32,0016c001f10c2ef6,6.0,2.4,3.6,0.0,7809,702,7107,9.0,0.47,0.37,0.42,315168877,1277226434,3186,11592,1.3,233.7,3.1,2.0,31,17,0,0,0,0,0,0.0,0,0,0,0,0,0
209.7,2026-05-16T18:20:32,0016c001f10c2ef6,6.5,2.4,4.1,0.0,7809,701,7108,9.0,0.47,0.37,0.42,315172019,1277238026,3142,11592,1.3,233.7,3.1,2.0,31,17,0,0,0,0,0,0.0,0,0,0,0,0,0
210.1,2026-05-16T18:20:33,0016c001f10c2ef6,6.3,2.3,4.0,0.0,7809,701,7108,9.0,0.47,0.37,0.42,315176034,1277280433,4015,42407,1.3,233.7,3.1,2.0,31,17,0,0,0,0,0,0.0,0,0,0,0,0,0
210.6,2026-05-16T18:20:33,0016c001f10c2ef6,8.1,3.5,4.6,0.0,7809,701,7108,9.0,0.47,0.37,0.42,315179172,1277292025,3138,11592,1.3,233.7,3.1,2.0,31,17,0,0,0,0,0,0.0,0,0,0,0,0,0
211.1,2026-05-16T18:20:33,0016c001f10c2ef6,5.8,2.3,3.5,0.0,7809,700,7109,9.0,0.47,0.37,0.42,315182358,1277303617,3186,11592,1.3,233.7,3.1,2.0,31,17,0,0,0,0,0,0.0,0,0,0,0,0,0
211.6,2026-05-16T18:20:34,0016c001f10c2ef6,9.1,3.2,5.9,0.0,7809,700,7109,9.0,0.47,0.37,0.42,315185448,1277315341,3090,11724,1.3,233.7,3.1,2.0,31,17,0,0,0,0,0,0.0,0,0,0,0,0,0
212.1,2026-05-16T18:20:34,0016c001f10c2ef6,7.0,2.3,4.7,0.0,7809,702,7107,9.0,0.47,0.37,0.42,315189567,1277357748,4119,42407,1.3,233.7,3.1,2.0,31,17,0,0,0,0,0,0.0,0,0,0,0,0,0
212.6,2026-05-16T18:20:35,0016c001f10c2ef6,6.6,1.8,4.8,0.0,7809,701,7108,9.0,0.43,0.36,0.42,315192805,1277369406,3238,11658,1.3,233.7,3.1,2.0,31,17,0,0,0,0,0,0.0,0,0,0,0,0,0
213.0,2026-05-16T18:20:35,0016c001f10c2ef6,6.7,2.2,3.9,0.6,7809,701,7108,9.0,0.43,0.36,0.42,315195843,1277380998,3038,11592,1.3,233.7,3.1,2.0,31,17,0,0,0,0,0,0.0,0,0,0,0,0,0
213.5,2026-05-16T18:20:36,0016c001f10c2ef6,15.1,2.3,12.8,0.0,7809,702,7107,9.0,0.43,0.36,0.42,315198929,1277392590,3086,11592,1.3,233.7,3.1,2.0,31,17,0,0,0,0,0,0.0,0,0,0,0,0,0
214.0,2026-05-16T18:20:36,0016c001f10c2ef6,19.2,1.7,17.4,0.0,7809,702,7107,9.0,0.43,0.36,0.42,315202580,1277404182,3651,11592,1.3,233.8,3.1,2.0,31,17,0,0,0,0,0,0.0,0,0,0,0,0,0
214.5,2026-05-16T18:20:37,0016c001f10c2ef6,19.9,2.4,17.5,0.0,7809,702,7107,9.0,0.43,0.36,0.42,315206130,1277446655,3550,42473,1.3,233.8,3.1,2.0,31,17,0,0,0,0,0,0.0,0,0,0,0,0,0
215.0,2026-05-16T18:20:37,0016c001f10c2ef6,19.2,1.8,17.4,0.0,7809,701,7108,9.0,0.43,0.36,0.42,315209168,1277458247,3038,11592,1.3,233.8,3.1,2.0,31,17,0,0,0,0,0,0.0,0,0,0,0,0,0
215.5,2026-05-16T18:20:38,0016c001f10c2ef6,6.3,1.7,4.6,0.0,7809,700,7109,9.0,0.43,0.36,0.42,315212254,1277469839,3086,11592,1.3,233.8,3.1,2.0,31,17,0,0,0,0,0,0.0,0,0,0,0,0,0
215.9,2026-05-16T18:20:38,0016c001f10c2ef6,7.7,3.0,4.8,0.0,7809,700,7109,9.0,0.43,0.36,0.42,315215468,1277481587,3214,11748,1.3,233.8,3.1,2.0,31,17,0,0,0,0,0,0.0,0,0,0,0,0,0
216.4,2026-05-16T18:20:38,0016c001f10c2ef6,7.0,1.2,5.8,0.0,7809,700,7109,9.0,0.43,0.36,0.42,315219583,1277524060,4115,42473,1.3,234.0,3.1,2.0,31,17,0,0,0,0,0,0.0,0,0,0,0,0,0
216.9,2026-05-16T18:20:39,0016c001f10c2ef6,6.3,2.3,4.0,0.0,7809,701,7108,9.0,0.43,0.36,0.42,315222773,1277535652,3190,11592,1.3,234.0,3.1,2.0,31,17,0,0,0,0,0,0.0,0,0,0,0,0,0
217.4,2026-05-16T18:20:39,0016c001f10c2ef6,8.9,3.6,5.2,0.0,7809,701,7108,9.0,0.43,0.36,0.42,315225911,1277547310,3138,11658,1.3,234.0,3.1,2.0,31,17,0,0,0,0,0,0.0,0,0,0,0,0,0
217.9,2026-05-16T18:20:40,0016c001f10c2ef6,5.7,1.1,4.6,0.0,7809,700,7109,9.0,0.43,0.36,0.42,315228949,1277558902,3038,11592,1.3,234.0,3.1,2.0,31,17,0,0,0,0,0,0.0,0,0,0,0,0,0
218.4,2026-05-16T18:20:40,0016c001f10c2ef6,6.3,2.3,4.0,0.0,7809,700,7109,9.0,0.47,0.37,0.42,315232868,1277601419,3919,42517,1.3,234.0,3.1,2.0,31,17,0,0,0,0,0,0.0,0,0,0,0,0,0
218.9,2026-05-16T18:20:41,0016c001f10c2ef6,6.5,2.2,4.3,0.0,7809,699,7110,9.0,0.47,0.37,0.42,315235970,1277613971,3102,12552,1.3,233.8,3.1,2.0,31,17,0,0,0,0,0,0.0,0,0,0,0,0,0
219.4,2026-05-16T18:20:41,0016c001f10c2ef6,6.4,2.3,4.0,0.0,7809,699,7110,9.0,0.47,0.37,0.42,315239156,1277625563,3186,11592,1.3,233.8,3.1,2.0,31,17,0,0,0,0,0,0.0,0,0,0,0,0,0
219.8,2026-05-16T18:20:42,0016c001f10c2ef6,6.5,2.4,4.1,0.0,7809,699,7110,9.0,0.47,0.37,0.42,315242246,1277637155,3090,11592,1.3,233.8,3.1,2.0,31,17,0,0,0,0,0,0.0,0,0,0,0,0,0
220.3,2026-05-16T18:20:42,0016c001f10c2ef6,6.2,2.3,4.0,0.0,7809,701,7108,9.0,0.47,0.37,0.42,315246413,1277679562,4167,42407,1.3,233.8,3.1,2.0,31,17,0,0,0,0,0,0.0,0,0,0,0,0,0
220.8,2026-05-16T18:20:43,0016c001f10c2ef6,7.9,2.2,5.6,0.0,7809,703,7106,9.0,0.47,0.37,0.42,315249575,1277691232,3162,11670,1.3,233.8,3.1,2.0,31,17,0,0,0,0,0,0.0,0,0,0,0,0,0
221.3,2026-05-16T18:20:49,0016c001f10c2ef6,4.9,2.4,2.4,0.0,7809,702,7107,9.0,0.47,0.37,0.42,315252713,1277702824,3138,11592,1.3,233.8,3.1,2.0,31,17,0,0,0,0,0,0.0,0,0,0,0,0,0
221.8,2026-05-16T18:20:43,0016c001f10c2ef6,7.3,3.4,3.9,0.0,7809,700,7109,9.0,0.47,0.37,0.42,315255899,1277714416,3186,11592,1.3,233.8,3.1,2.0,31,17,0,0,0,0,0,0.0,0,0,0,0,0,0
222.3,2026-05-16T18:20:44,0016c001f10c2ef6,5.7,2.3,3.4,0.0,7809,700,7109,9.0,0.47,0.37,0.42,315260022,1277756823,4123,42407,1.3,233.8,3.1,2.0,31,17,0,0,0,0,0,0.0,0,0,0,0,0,0
222.8,2026-05-16T18:20:44,0016c001f10c2ef6,7.5,3.4,4.0,0.0,7809,700,7109,9.0,0.47,0.37,0.42,315263208,1277768415,3186,11592,1.3,233.8,3.1,2.0,31,17,0,0,0,0,0,0.0,0,0,0,0,0,0
223.3,2026-05-16T18:20:45,0016c001f10c2ef6,9.1,2.0,7.1,0.0,7809,699,7110,9.0,0.47,0.37,0.42,315266246,1277780073,3038,11658,1.3,233.8,3.1,2.0,31,17,0,0,0,0,0,0.0,0,0,0,0,0,0
223.8,2026-05-16T18:20:45,0016c001f10c2ef6,7.1,2.4,4.8,0.0,7809,701,7108,9.0,0.44,0.37,0.42,315269432,1277791665,3186,11592,1.3,233.8,3.1,2.0,31,17,0,0,0,0,0,0.0,0,0,0,0,0,0
224.2,2026-05-16T18:20:45,0016c001f10c2ef6,7.1,3.5,3.5,0.0,7809,701,7108,9.0,0.44,0.37,0.42,315273035,1277803257,3603,11592,1.3,233.9,3.1,2.0,31,17,0,0,0,0,0,0.0,0,0,0,0,0,0
224.7,2026-05-16T18:20:46,0016c001f10c2ef6,7.7,3.0,4.7,0.0,7809,701,7108,9.0,0.44,0.37,0.42,315276745,1277845664,3710,42407,1.3,233.9,3.1,2.0,31,17,0,0,0,0,0,0.0,0,0,0,0,0,0
225.2,2026-05-16T18:20:46,0016c001f10c2ef6,6.1,2.2,3.9,0.0,7809,701,7108,9.0,0.44,0.37,0.42,315279883,1277857256,3138,11592,1.3,233.9,3.1,2.0,31,17,0,0,0,0,0,0.0,0,0,0,0,0,0
225.7,2026-05-16T18:20:47,0016c001f10c2ef6,7.0,2.3,4.7,0.0,7809,700,7109,9.0,0.44,0.37,0.42,315283121,1277868848,3238,11592,1.3,233.9,3.1,2.0,31,17,0,0,0,0,0,0.0,0,0,0,0,0,0
226.1,2026-05-16T18:20:47,0016c001f10c2ef6,5.4,1.8,3.6,0.0,7809,700,7109,9.0,0.44,0.37,0.42,315286107,1277880440,2986,11592,1.3,233.9,3.1,2.0,31,17,0,0,0,0,0,0.0,0,0,0,0,0,0
226.6,2026-05-16T18:20:48,0016c001f10c2ef6,18.0,3.5,14.5,0.0,7809,701,7108,9.0,0.44,0.37,0.42,315290326,1277922847,4219,42407,1.3,233.9,3.1,2.0,31,17,0,0,0,0,0,0.0,0,0,0,0,0,0
227.1,2026-05-16T18:20:48,0016c001f10c2ef6,20.1,1.8,18.3,0.0,7809,702,7107,9.0,0.44,0.37,0.42,315293416,1277934439,3090,11592,1.3,233.9,3.1,2.0,31,17,0,0,0,0,0,0.0,0,0,0,0,0,0
227.6,2026-05-16T18:20:48,0016c001f10c2ef6,19.3,3.5,15.8,0.0,7809,702,7107,9.0,0.44,0.37,0.42,315296648,1277946097,3232,11658,1.3,233.9,3.1,2.0,31,17,0,0,0,0,0,0.0,0,0,0,0,0,0
228.1,2026-05-16T18:20:49,0016c001f10c2ef6,14.1,1.6,12.4,0.0,7809,702,7107,9.0,0.44,0.37,0.42,315299786,1277957689,3138,11592,1.3,233.9,3.1,2.0,31,17,0,0,0,0,0,0.0,0,0,0,0,0,0
228.6,2026-05-16T18:20:49,0016c001f10c2ef6,6.7,2.4,4.2,0.0,7809,701,7108,9.0,0.44,0.37,0.42,315304386,1278000162,4600,42473,1.3,234.1,3.1,2.0,31,17,0,0,0,0,0,0.0,0,0,0,0,0,0
229.1,2026-05-16T18:20:50,0016c001f10c2ef6,9.0,3.5,5.5,0.0,7809,701,7108,9.0,0.4,0.36,0.42,315307372,1278011820,2986,11658,1.3,234.2,3.1,2.0,31,17,0,0,0,0,0,0.0,0,0,0,0,0,0
229.6,2026-05-16T18:20:50,0016c001f10c2ef6,6.3,1.7,4.6,0.0,7809,701,7108,9.0,0.4,0.36,0.42,315310530,1278023490,3158,11670,1.3,234.2,3.1,2.0,31,17,0,0,0,0,0,0.0,0,0,0,0,0,0
230.1,2026-05-16T18:20:51,0016c001f10c2ef6,6.9,2.3,4.6,0.0,7809,701,7108,9.0,0.4,0.36,0.42,315313668,1278035082,3138,11592,1.3,234.2,3.1,2.0,31,17,0,0,0,0,0,0.0,0,0,0,0,0,0
230.6,2026-05-16T18:20:51,0016c001f10c2ef6,6.2,2.8,3.4,0.0,7809,700,7109,9.0,0.4,0.36,0.42,315317631,1278077489,3963,42407,1.3,234.2,3.1,2.0,31,17,0,0,0,0,0,0.0,0,0,0,0,0,0
231.1,2026-05-16T18:20:52,0016c001f10c2ef6,6.3,2.3,4.0,0.0,7809,700,7109,9.0,0.4,0.36,0.42,315320717,1278089147,3086,11658,1.3,234.2,3.1,2.0,31,17,0,0,0,0,0,0.0,0,0,0,0,0,0
231.6,2026-05-16T18:20:52,0016c001f10c2ef6,6.0,2.7,3.3,0.0,7809,700,7109,9.0,0.4,0.36,0.42,315323903,1278100739,3186,11592,1.3,234.2,3.1,2.0,31,17,0,0,0,0,0,0.0,0,0,0,0,0,0
232.1,2026-05-16T18:20:53,0016c001f10c2ef6,6.8,1.7,5.1,0.0,7809,700,7109,9.0,0.4,0.36,0.42,315326941,1278112331,3038,11592,1.3,234.2,3.1,2.0,31,17,0,0,0,0,0,0.0,0,0,0,0,0,0
232.6,2026-05-16T18:20:53,0016c001f10c2ef6,6.4,2.9,3.5,0.0,7809,702,7107,9.0,0.4,0.36,0.42,315331112,1278154738,4171,42407,1.3,234.2,3.1,2.0,31,17,0,0,0,0,0,0.0,0,0,0,0,0,0
233.0,2026-05-16T18:20:53,0016c001f10c2ef6,7.6,2.9,4.7,0.0,7809,702,7107,9.0,0.4,0.36,0.42,315334250,1278166330,3138,11592,1.3,234.2,3.1,2.0,31,17,0,0,0,0,0,0.0,0,0,0,0,0,0
233.5,2026-05-16T18:20:54,0016c001f10c2ef6,5.1,1.1,4.0,0.0,7809,702,7107,9.0,0.4,0.36,0.42,315337336,1278177988,3086,11658,1.3,234.2,3.1,2.0,31,17,0,0,0,0,0,0.0,0,0,0,0,0,0
234.0,2026-05-16T18:20:54,0016c001f10c2ef6,6.7,1.7,5.1,0.0,7809,701,7108,9.0,0.4,0.36,0.42,315340474,1278189580,3138,11592,1.3,234.2,3.1,2.0,31,17,0,0,0,0,0,0.0,0,0,0,0,0,0
234.5,2026-05-16T18:20:55,0016c001f10c2ef6,5.9,2.4,3.6,0.0,7809,701,7108,9.0,0.53,0.39,0.43,315344589,1278231987,4115,42407,1.3,234.2,3.1,2.0,31,17,0,0,0,0,0,0.0,0,0,0,0,0,0
235.0,2026-05-16T18:20:55,0016c001f10c2ef6,11.4,4.1,7.3,0.0,7809,701,7108,9.0,0.53,0.39,0.43,315347903,1278243731,3314,11744,1.3,234.2,3.1,2.0,31,17,0,0,0,0,0,0.0,0,0,0,0,0,0
235.5,2026-05-16T18:20:56,0016c001f10c2ef6,10.3,4.1,6.2,0.0,7809,701,7108,9.0,0.53,0.39,0.43,315351145,1278255389,3242,11658,1.3,234.2,3.1,2.0,31,17,0,0,0,0,0,0.0,0,0,0,0,0,0
236.1,2026-05-16T18:20:56,0016c001f10c2ef6,9.6,3.2,6.4,0.0,7809,701,7108,9.0,0.53,0.39,0.43,315354473,1278267311,3328,11922,1.3,234.2,3.1,2.0,31,17,0,0,0,0,0,0.0,0,0,0,0,0,0
236.6,2026-05-16T18:20:57,0016c001f10c2ef6,9.6,3.0,6.6,0.0,7809,701,7108,9.0,0.53,0.39,0.43,315358336,1278309784,3863,42473,1.3,233.9,3.1,2.0,31,17,0,0,0,0,0,0.0,0,0,0,0,0,0
237.1,2026-05-16T18:20:57,0016c001f10c2ef6,9.3,2.9,5.8,0.6,7809,700,7109,9.0,0.53,0.39,0.43,315361522,1278321376,3186,11592,1.3,233.9,3.1,2.0,31,17,0,0,0,0,0,0.0,0,0,0,0,0,0
237.6,2026-05-16T18:20:58,0016c001f10c2ef6,7.0,2.3,4.7,0.0,7809,701,7108,9.0,0.53,0.39,0.43,315364664,1278332968,3142,11592,1.3,233.9,3.1,2.0,31,17,0,0,0,0,0,0.0,0,0,0,0,0,0
238.0,2026-05-16T18:20:58,0016c001f10c2ef6,5.9,1.8,4.1,0.0,7809,701,7108,9.0,0.53,0.39,0.43,315367854,1278344560,3190,11592,1.3,233.9,3.1,2.0,31,17,0,0,0,0,0,0.0,0,0,0,0,0,0
238.5,2026-05-16T18:20:58,0016c001f10c2ef6,7.5,2.3,5.2,0.0,7809,700,7109,9.0,0.53,0.39,0.43,315371092,1278356218,3238,11658,1.3,233.9,3.1,2.0,31,17,0,0,0,0,0,0.0,0,0,0,0,0,0
239.0,2026-05-16T18:20:59,0016c001f10c2ef6,8.3,5.3,3.0,0.0,7809,701,7108,9.0,0.53,0.39,0.43,315375007,1278398625,3915,42407,1.3,233.9,3.1,2.0,31,17,0,0,0,0,0,0.0,0,0,0,0,0,0
239.4,2026-05-16T18:20:59,0016c001f10c2ef6,13.6,0.6,13.0,0.0,7809,702,7107,9.0,0.53,0.39,0.43,315378622,1278410217,3615,11592,1.3,233.9,3.1,2.0,31,17,0,0,0,0,0,0.0,0,0,0,0,0,0
239.9,2026-05-16T18:21:00,0016c001f10c2ef6,18.6,2.4,16.2,0.0,7809,701,7108,9.0,0.53,0.39,0.43,315381812,1278421809,3190,11592,1.3,233.9,3.1,2.0,31,17,0,0,0,0,0,0.0,0,0,0,0,0,0
240.4,2026-05-16T18:21:00,0016c001f10c2ef6,21.6,4.2,17.4,0.0,7809,701,7108,9.0,0.65,0.41,0.44,315384902,1278433401,3090,11592,1.3,233.9,3.1,2.0,31,17,0,0,0,0,0,0.0,0,0,0,0,0,0
240.9,2026-05-16T18:21:01,0016c001f10c2ef6,19.0,3.7,15.3,0.0,7809,701,7108,9.0,0.65,0.41,0.44,315388969,1278475808,4067,42407,1.3,233.9,3.1,2.0,31,17,0,0,0,0,0,0.0,0,0,0,0,0,0
241.3,2026-05-16T18:21:01,0016c001f10c2ef6,7.6,2.9,4.7,0.0,7809,700,7109,9.0,0.65,0.41,0.44,315392211,1278487400,3242,11592,1.3,233.9,3.1,2.0,31,17,0,0,0,0,0,0.0,0,0,0,0,0,0
241.8,2026-05-16T18:21:02,0016c001f10c2ef6,6.4,2.3,4.1,0.0,7809,700,7109,9.0,0.65,0.41,0.44,315395397,1278498992,3186,11592,1.3,233.9,3.1,2.0,31,17,0,0,0,0,0,0.0,0,0,0,0,0,0
242.3,2026-05-16T18:21:02,0016c001f10c2ef6,9.0,3.2,5.8,0.0,7809,702,7107,9.0,0.65,0.41,0.44,315398435,1278510650,3038,11658,1.3,233.9,3.1,2.0,31,17,0,0,0,0,0,0.0,0,0,0,0,0,0
242.8,2026-05-16T18:21:03,0016c001f10c2ef6,7.1,2.4,4.7,0.0,7809,702,7107,9.0,0.65,0.41,0.44,315402658,1278553057,4223,42407,1.3,233.9,3.1,2.0,31,17,0,0,0,0,0,0.0,0,0,0,0,0,0
243.3,2026-05-16T18:21:03,0016c001f10c2ef6,7.6,4.7,2.9,0.0,7809,702,7107,9.0,0.65,0.41,0.44,315405948,1278564649,3290,11592,1.3,233.9,3.1,2.0,31,17,0,0,0,0,0,0.0,0,0,0,0,0,0
243.7,2026-05-16T18:21:03,0016c001f10c2ef6,7.1,2.9,4.1,0.0,7809,702,7107,9.0,0.65,0.41,0.44,315408986,1278576307,3038,11658,1.3,233.9,3.1,2.0,31,17,0,0,0,0,0,0.0,0,0,0,0,0,0
244.2,2026-05-16T18:21:03,0016c001f10c2ef6,5.4,1.8,3.6,0.0,7809,701,7108,9.0,0.65,0.41,0.44,315412276,1278587899,3290,11592,1.3,233.9,3.1,2.0,31,17,0,0,0,0,0,0.0,0,0,0,0,0,0
244.7,2026-05-16T18:21:04,0016c001f10c2ef6,6.4,2.3,4.0,0.0,7809,701,7108,9.0,0.65,0.41,0.44,315416243,1278630306,3967,42407,1.3,233.9,3.1,2.0,31,17,0,0,0,0,0,0.0,0,0,0,0,0,0
245.2,2026-05-16T18:21:04,0016c001f10c2ef6,7.6,3.5,4.1,0.0,7809,701,7108,9.0,0.65,0.41,0.44,315419381,1278641898,3138,11592,1.3,233.9,3.1,2.0,31,17,0,0,0,0,0,0.0,0,0,0,0,0,0
245.6,2026-05-16T18:21:05,0016c001f10c2ef6,7.0,2.3,4.7,0.0,7809,700,7109,9.0,0.6,0.41,0.43,315422519,1278653490,3138,11592,1.3,233.9,3.1,2.0,31,17,0,0,0,0,0,0.0,0,0,0,0,0,0
246.1,2026-05-16T18:21:05,0016c001f10c2ef6,7.6,1.8,5.8,0.0,7809,702,7107,9.0,0.6,0.41,0.43,315425861,1278665082,3342,11592,1.3,233.9,3.1,2.0,31,17,0,0,0,0,0,0.0,0,0,0,0,0,0
246.6,2026-05-16T18:21:06,0016c001f10c2ef6,6.8,1.7,5.1,0.0,7809,701,7108,9.0,0.6,0.41,0.43,315428951,1278676740,3090,11658,1.3,233.9,3.1,2.0,31,17,0,0,0,0,0,0.0,0,0,0,0,0,0
247.1,2026-05-16T18:21:06,0016c001f10c2ef6,7.1,2.4,4.8,0.0,7809,700,7109,9.0,0.6,0.41,0.43,315433038,1278719225,4087,42485,1.3,233.9,3.1,2.0,31,17,0,0,0,0,0,0.0,0,0,0,0,0,0
247.5,2026-05-16T18:21:07,0016c001f10c2ef6,5.8,1.7,4.1,0.0,7809,700,7109,9.0,0.6,0.41,0.43,315436380,1278730817,3342,11592,1.3,233.9,3.1,2.0,31,17,0,0,0,0,0,0.0,0,0,0,0,0,0
248.1,2026-05-16T18:21:07,0016c001f10c2ef6,8.7,3.6,5.1,0.0,7809,701,7108,9.0,0.6,0.41,0.43,315439622,1278742475,3242,11658,1.3,233.9,3.1,2.0,31,17,0,0,0,0,0,0.0,0,0,0,0,0,0
248.6,2026-05-16T18:21:08,0016c001f10c2ef6,8.8,3.1,5.7,0.0,7809,701,7108,9.0,0.6,0.41,0.43,315442684,1278754289,3062,11814,1.3,233.9,3.1,2.0,31,17,0,0,0,0,0,0.0,0,0,0,0,0,0
249.1,2026-05-16T18:21:08,0016c001f10c2ef6,8.2,3.5,4.1,0.6,7809,701,7108,9.0,0.6,0.41,0.43,315446803,1278796696,4119,42407,1.3,233.9,3.1,2.0,31,17,0,0,0,0,0,0.0,0,0,0,0,0,0
249.6,2026-05-16T18:21:08,0016c001f10c2ef6,6.4,1.7,4.6,0.0,7809,701,7108,9.0,0.6,0.41,0.43,315450041,1278808288,3238,11592,1.3,233.9,3.1,2.0,31,17,0,0,0,0,0,0.0,0,0,0,0,0,0
250.0,2026-05-16T18:21:09,0016c001f10c2ef6,6.5,2.4,4.1,0.0,7809,701,7108,9.0,0.6,0.41,0.43,315453079,1278819880,3038,11592,1.3,233.9,3.1,2.0,31,17,0,0,0,0,0,0.0,0,0,0,0,0,0
250.5,2026-05-16T18:21:09,0016c001f10c2ef6,5.2,1.7,3.4,0.0,7809,701,7108,9.0,0.6,0.41,0.43,315456646,1278831472,3567,11592,1.3,233.9,3.1,2.0,31,17,0,0,0,0,0,0.0,0,0,0,0,0,0
251.0,2026-05-16T18:21:10,0016c001f10c2ef6,8.6,4.6,4.0,0.0,7809,701,7108,9.0,0.55,0.4,0.43,315460813,1278873879,4167,42407,1.3,233.9,3.1,2.0,31,17,0,0,0,0,0,0.0,0,0,0,0,0,0
251.5,2026-05-16T18:21:10,0016c001f10c2ef6,5.9,2.4,3.6,0.0,7809,700,7109,9.0,0.55,0.4,0.43,315463903,1278885471,3090,11592,1.3,233.9,3.1,2.0,31,17,0,0,0,0,0,0.0,0,0,0,0,0,0
252.0,2026-05-16T18:21:11,0016c001f10c2ef6,6.1,1.7,4.4,0.0,7809,700,7109,9.0,0.55,0.4,0.43,315466989,1278897063,3086,11592,1.3,233.9,3.1,2.0,31,17,0,0,0,0,0,0.0,0,0,0,0,0,0
252.5,2026-05-16T18:21:11,0016c001f10c2ef6,16.2,2.9,13.3,0.0,7809,700,7109,9.0,0.55,0.4,0.43,315470175,1278908655,3186,11592,1.3,233.9,3.1,2.0,31,17,0,0,0,0,0,0.0,0,0,0,0,0,0
253.0,2026-05-16T18:21:12,0016c001f10c2ef6,18.9,1.2,17.8,0.0,7809,700,7109,9.0,0.55,0.4,0.43,315474038,1278951062,3863,42407,1.3,233.9,3.1,2.0,31,17,0,0,0,0,0,0.0,0,0,0,0,0,0
253.4,2026-05-16T18:21:12,0016c001f10c2ef6,19.5,2.4,17.2,0.0,7809,699,7110,9.0,0.55,0.4,0.43,315477176,1278962654,3138,11592,1.3,233.9,3.1,2.0,31,17,0,0,0,0,0,0.0,0,0,0,0,0,0
253.9,2026-05-16T18:21:13,0016c001f10c2ef6,15.2,1.7,13.5,0.0,7809,701,7108,9.0,0.55,0.4,0.43,315480414,1278974246,3238,11592,1.3,233.9,3.1,2.0,31,17,0,0,0,0,0,0.0,0,0,0,0,0,0
254.5,2026-05-16T18:21:13,0016c001f10c2ef6,10.0,3.7,6.3,0.0,7809,701,7108,9.0,0.55,0.4,0.43,315483604,1278985904,3190,11658,1.3,233.9,3.1,2.0,31,17,0,0,0,0,0,0.0,0,0,0,0,0,0
255.0,2026-05-16T18:21:13,0016c001f10c2ef6,12.9,5.7,7.2,0.0,7809,701,7108,9.0,0.55,0.4,0.43,315487775,1279028443,4171,42539,1.3,233.9,3.1,2.0,31,17,0,0,0,0,0,0.0,0,0,0,0,0,0
255.6,2026-05-16T18:21:14,0016c001f10c2ef6,9.8,4.1,5.7,0.0,7809,703,7106,9.0,0.55,0.4,0.43,315490861,1279040101,3086,11658,1.3,233.9,3.1,2.0,31,17,0,0,0,0,0,0.0,0,0,0,0,0,0
256.1,2026-05-16T18:21:14,0016c001f10c2ef6,6.6,2.5,4.0,0.0,7809,703,7106,9.0,0.55,0.4,0.43,315493983,1279052013,3122,11912,1.3,233.9,3.1,2.0,31,17,0,0,0,0,0,0.0,0,0,0,0,0,0
256.6,2026-05-16T18:21:15,0016c001f10c2ef6,5.7,1.7,4.0,0.0,7809,702,7107,9.0,0.5,0.39,0.43,315497121,1279063605,3138,11592,1.3,233.9,3.1,2.0,31,17,0,0,0,0,0,0.0,0,0,0,0,0,0
257.1,2026-05-16T18:21:15,0016c001f10c2ef6,5.9,1.8,4.1,0.0,7809,702,7107,9.0,0.5,0.39,0.43,315501236,1279106012,4115,42407,1.3,233.9,3.1,2.0,31,17,0,0,0,0,0,0.0,0,0,0,0,0,0
257.6,2026-05-16T18:21:16,0016c001f10c2ef6,8.1,2.3,5.2,0.6,7809,701,7108,9.0,0.5,0.39,0.43,315504222,1279117604,2986,11592,1.3,233.9,3.1,2.0,31,17,0,0,0,0,0,0.0,0,0,0,0,0,0
258.0,2026-05-16T18:21:16,0016c001f10c2ef6,7.6,2.4,4.7,0.6,7809,701,7108,9.0,0.5,0.39,0.43,315507308,1279129196,3086,11592,1.3,233.9,3.1,2.0,31,17,0,0,0,0,0,0.0,0,0,0,0,0,0
258.5,2026-05-16T18:21:17,0016c001f10c2ef6,7.0,2.9,4.1,0.0,7809,701,7108,9.0,0.5,0.39,0.43,315510446,1279140788,3138,11592,1.3,233.9,3.1,2.0,31,17,0,0,0,0,0,0.0,0,0,0,0,0,0
259.0,2026-05-16T18:21:17,0016c001f10c2ef6,6.9,1.7,5.2,0.0,7809,701,7108,9.0,0.5,0.39,0.43,315514665,1279183195,4219,42407,1.3,233.9,3.1,2.0,31,17,0,0,0,0,0,0.0,0,0,0,0,0,0
259.5,2026-05-16T18:21:18,0016c001f10c2ef6,6.0,2.4,3.6,0.0,7809,701,7108,9.0,0.5,0.39,0.43,315517703,1279194787,3038,11592,1.3,233.9,3.1,2.0,31,17,0,0,0,0,0,0.0,0,0,0,0,0,0
259.9,2026-05-16T18:21:18,0016c001f10c2ef6,8.3,2.4,5.3,0.6,7809,700,7109,9.0,0.5,0.39,0.43,315520841,1279206379,3138,11592,1.3,233.9,3.1,2.0,31,17,0,0,0,0,0,0.0,0,0,0,0,0,0
260.4,2026-05-16T18:21:18,0016c001f10c2ef6,6.1,1.2,4.8,0.0,7809,700,7109,9.0,0.5,0.39,0.43,315523927,1279217971,3086,11592,1.3,233.9,3.1,2.0,31,17,0,0,0,0,0,0.0,0,0,0,0,0,0
260.8,2026-05-16T18:21:19,0016c001f10c2ef6,5.9,2.4,3.5,0.0,7809,700,7109,9.0,0.5,0.39,0.43,315527217,1279229563,3290,11592,1.3,233.7,3.1,2.0,31,17,0,0,0,0,0,0.0,0,0,0,0,0,0
261.4,2026-05-16T18:21:19,0016c001f10c2ef6,11.7,5.1,6.6,0.0,7809,700,7109,9.0,0.5,0.39,0.43,315531561,1279272102,4344,42539,1.3,233.7,3.1,2.0,31,17,0,0,0,0,0,0.0,0,0,0,0,0,0
261.8,2026-05-16T18:21:20,0016c001f10c2ef6,6.7,1.2,5.5,0.0,7809,701,7108,9.0,0.5,0.39,0.43,315534699,1279283694,3138,11592,1.3,233.7,3.1,2.0,31,17,0,0,0,0,0,0.0,0,0,0,0,0,0
262.3,2026-05-16T18:21:20,0016c001f10c2ef6,5.8,1.2,4.7,0.0,7809,701,7108,9.0,0.54,0.4,0.43,315537941,1279295286,3242,11592,1.3,233.7,3.1,2.0,31,17,0,0,0,0,0,0.0,0,0,0,0,0,0
262.8,2026-05-16T18:21:21,0016c001f10c2ef6,5.8,2.3,3.5,0.0,7809,701,7108,9.0,0.54,0.4,0.43,315541079,1279306878,3138,11592,1.3,233.7,3.1,2.0,31,17,0,0,0,0,0,0.0,0,0,0,0,0,0
263.3,2026-05-16T18:21:21,0016c001f10c2ef6,7.6,2.7,4.9,0.0,7809,700,7109,9.0,0.54,0.4,0.43,315545090,1279349351,4011,42473,1.3,233.7,3.1,2.0,31,17,0,0,0,0,0,0.0,0,0,0,0,0,0
263.8,2026-05-16T18:21:22,0016c001f10c2ef6,6.4,1.8,4.7,0.0,7809,700,7109,9.0,0.54,0.4,0.43,315548180,1279360943,3090,11592,1.3,233.6,3.1,2.0,31,17,0,0,0,0,0,0.0,0,0,0,0,0,0
264.3,2026-05-16T18:21:22,0016c001f10c2ef6,6.4,2.3,4.1,0.0,7809,701,7108,9.0,0.54,0.4,0.43,315551266,1279372535,3086,11592,1.3,233.6,3.1,2.0,31,17,0,0,0,0,0,0.0,0,0,0,0,0,0
264.7,2026-05-16T18:21:22,0016c001f10c2ef6,6.5,1.8,4.8,0.0,7809,701,7108,9.0,0.54,0.4,0.43,315554580,1279384205,3314,11670,1.3,233.6,3.1,2.0,31,17,0,0,0,0,0,0.0,0,0,0,0,0,0
265.2,2026-05-16T18:21:23,0016c001f10c2ef6,10.4,1.2,9.2,0.0,7809,702,7107,9.0,0.54,0.4,0.43,315558695,1279426612,4115,42407,1.3,233.6,3.1,2.0,31,17,0,0,0,0,0,0.0,0,0,0,0,0,0
265.7,2026-05-16T18:21:23,0016c001f10c2ef6,18.7,2.4,16.3,0.0,7809,701,7108,9.0,0.54,0.4,0.43,315561833,1279438204,3138,11592,1.3,233.6,3.1,2.0,31,17,0,0,0,0,0,0.0,0,0,0,0,0,0
266.2,2026-05-16T18:21:23,0016c001f10c2ef6,19.6,2.4,17.3,0.0,7809,701,7108,9.0,0.54,0.4,0.43,315564871,1279449796,3038,11592,1.3,233.6,3.1,2.0,31,17,0,0,0,0,0,0.0,0,0,0,0,0,0
266.6,2026-05-16T18:21:24,0016c001f10c2ef6,19.4,1.2,18.2,0.0,7809,701,7108,9.0,0.54,0.4,0.43,315568109,1279461388,3238,11592,1.3,233.6,3.1,2.0,31,17,0,0,0,0,0,0.0,0,0,0,0,0,0
267.2,2026-05-16T18:21:24,0016c001f10c2ef6,13.2,4.2,8.9,0.0,7809,701,7108,9.0,0.54,0.4,0.43,315572124,1279503861,4015,42473,1.3,233.6,3.1,2.0,31,17,0,0,0,0,0,0.0,0,0,0,0,0,0
267.7,2026-05-16T18:21:25,0016c001f10c2ef6,11.0,5.5,5.5,0.0,7809,700,7109,9.0,0.5,0.4,0.43,315575482,1279515761,3358,11900,1.3,233.6,3.1,2.0,31,17,0,0,0,0,0,0.0,0,0,0,0,0,0
268.3,2026-05-16T18:21:26,0016c001f10c2ef6,9.4,3.3,6.1,0.0,7809,701,7108,9.0,0.5,0.4,0.43,315578776,1279527419,3294,11658,1.3,233.6,3.1,2.0,31,17,0,0,0,0,0,0.0,0,0,0,0,0,0
268.8,2026-05-16T18:21:26,0016c001f10c2ef6,9.8,3.1,6.7,0.0,7809,700,7109,9.0,0.5,0.4,0.43,315581862,1279539143,3086,11724,1.3,233.6,3.1,2.0,31,17,0,0,0,0,0,0.0,0,0,0,0,0,0
269.3,2026-05-16T18:21:27,0016c001f10c2ef6,6.4,3.5,2.9,0.0,7809,700,7109,9.0,0.5,0.4,0.43,315585829,1279581550,3967,42407,1.3,233.6,3.1,2.0,31,17,0,0,0,0,0,0.0,0,0,0,0,0,0
269.8,2026-05-16T18:21:27,0016c001f10c2ef6,7.1,3.0,4.1,0.0,7809,701,7108,9.0,0.5,0.4,0.43,315589119,1279593142,3290,11592,1.3,233.6,3.1,2.0,31,17,0,0,0,0,0,0.0,0,0,0,0,0,0
270.3,2026-05-16T18:21:28,0016c001f10c2ef6,5.7,2.3,3.4,0.0,7809,701,7108,9.0,0.5,0.4,0.43,315592205,1279604734,3086,11592,1.3,233.6,3.1,2.0,31,17,0,0,0,0,0,0.0,0,0,0,0,0,0
270.8,2026-05-16T18:21:28,0016c001f10c2ef6,6.5,2.4,4.1,0.0,7809,701,7108,9.0,0.5,0.4,0.43,315595343,1279616392,3138,11658,1.3,233.6,3.1,2.0,31,17,0,0,0,0,0,0.0,0,0,0,0,0,0
271.2,2026-05-16T18:21:28,0016c001f10c2ef6,5.9,1.2,4.7,0.0,7809,701,7108,9.0,0.5,0.4,0.43,315598842,1279627984,3499,11592,1.3,233.6,3.1,2.0,31,17,0,0,0,0,0,0.0,0,0,0,0,0,0
271.7,2026-05-16T18:21:28,0016c001f10c2ef6,7.8,3.3,4.4,0.0,7809,701,7108,9.0,0.5,0.4,0.43,315602292,1279670391,3450,42407,1.3,233.6,3.1,2.0,31,17,0,0,0,0,0,0.0,0,0,0,0,0,0
272.2,2026-05-16T18:21:29,0016c001f10c2ef6,7.1,2.4,4.7,0.0,7809,702,7107,9.0,0.5,0.4,0.43,315605534,1279681983,3242,11592,1.3,233.6,3.1,2.0,31,17,0,0,0,0,0,0.0,0,0,0,0,0,0
272.7,2026-05-16T18:21:29,0016c001f10c2ef6,5.7,1.1,4.5,0.0,7809,702,7107,9.0,0.5,0.4,0.43,315609049,1279693575,3515,11592,1.3,233.6,3.1,2.0,31,17,0,0,0,0,0,0.0,0,0,0,0,0,0
273.1,2026-05-16T18:21:30,0016c001f10c2ef6,7.1,1.8,5.4,0.0,7809,701,7108,9.0,0.46,0.39,0.43,315612287,1279705167,3238,11592,1.3,233.6,3.1,2.0,31,17,0,0,0,0,0,0.0,0,0,0,0,0,0
273.6,2026-05-16T18:21:30,0016c001f10c2ef6,6.1,2.4,3.6,0.0,7809,702,7107,9.0,0.46,0.39,0.43,315616426,1279747718,4139,42551,1.3,233.6,3.1,2.0,31,17,0,0,0,0,0,0.0,0,0,0,0,0,0
274.1,2026-05-16T18:21:31,0016c001f10c2ef6,6.5,2.4,4.2,0.0,7809,701,7108,9.0,0.46,0.39,0.43,315619564,1279759310,3138,11592,1.3,233.6,3.1,2.0,31,17,0,0,0,0,0,0.0,0,0,0,0,0,0
274.6,2026-05-16T18:21:31,0016c001f10c2ef6,9.3,4.1,5.2,0.0,7809,701,7108,9.0,0.46,0.39,0.43,315622702,1279770968,3138,11658,1.3,233.6,3.1,2.0,31,17,0,0,0,0,0,0.0,0,0,0,0,0,0
275.1,2026-05-16T18:21:32,0016c001f10c2ef6,4.6,2.3,2.3,0.0,7809,701,7108,9.0,0.46,0.39,0.43,315625688,1279782560,2986,11592,1.3,233.6,3.1,2.0,31,17,0,0,0,0,0,0.0,0,0,0,0,0,0
275.6,2026-05-16T18:21:32,0016c001f10c2ef6,7.1,2.7,4.3,0.0,7809,701,7108,9.0,0.46,0.39,0.43,315629959,1279824967,4271,42407,1.3,233.6,3.1,2.0,31,17,0,0,0,0,0,0.0,0,0,0,0,0,0
276.1,2026-05-16T18:21:33,0016c001f10c2ef6,5.2,2.3,2.9,0.0,7809,701,7108,9.0,0.46,0.39,0.43,315632945,1279836559,2986,11592,1.3,233.6,3.1,2.0,31,17,0,0,0,0,0,0.0,0,0,0,0,0,0
276.6,2026-05-16T18:21:33,0016c001f10c2ef6,6.8,3.4,3.4,0.0,7809,700,7109,9.0,0.46,0.39,0.43,315636147,1279848459,3202,11900,1.3,233.6,3.1,2.0,31,17,0,0,0,0,0,0.0,0,0,0,0,0,0
277.1,2026-05-16T18:21:33,0016c001f10c2ef6,5.3,1.6,3.7,0.0,7809,701,7108,9.0,0.46,0.39,0.43,315639181,1279860051,3034,11592,1.3,233.6,3.1,2.0,31,17,0,0,0,0,0,0.0,0,0,0,0,0,0
277.6,2026-05-16T18:21:34,0016c001f10c2ef6,8.3,3.3,5.0,0.0,7809,700,7109,9.0,0.46,0.39,0.43,315643190,1279902524,4009,42473,1.3,233.6,3.1,2.0,31,17,0,0,0,0,0,0.0,0,0,0,0,0,0
278.1,2026-05-16T18:21:34,0016c001f10c2ef6,8.3,2.2,6.1,0.0,7809,701,7108,9.0,0.46,0.39,0.43,315646276,1279914116,3086,11592,1.3,233.6,3.1,2.0,31,17,0,0,0,0,0,0.0,0,0,0,0,0,0
278.6,2026-05-16T18:21:35,0016c001f10c2ef6,19.4,1.8,17.6,0.0,7809,701,7108,9.0,0.5,0.4,0.43,315649566,1279925774,3290,11658,1.3,233.6,3.1,2.0,31,17,0,0,0,0,0,0.0,0,0,0,0,0,0
279.1,2026-05-16T18:21:35,0016c001f10c2ef6,19.9,2.4,17.5,0.0,7809,701,7108,9.0,0.5,0.4,0.43,315652652,1279937366,3086,11592,1.3,233.6,3.1,2.0,31,17,0,0,0,0,0,0.0,0,0,0,0,0,0
279.5,2026-05-16T18:21:36,0016c001f10c2ef6,19.3,2.3,17.0,0.0,7809,700,7109,9.0,0.5,0.4,0.43,315656667,1279979773,4015,42407,1.3,233.6,3.1,2.0,31,17,0,0,0,0,0,0.0,0,0,0,0,0,0
280.0,2026-05-16T18:21:36,0016c001f10c2ef6,11.3,2.4,8.9,0.0,7809,700,7109,9.0,0.5,0.4,0.43,315659805,1279991365,3138,11592,1.3,233.6,3.1,2.0,31,17,0,0,0,0,0,0.0,0,0,0,0,0,0
280.6,2026-05-16T18:21:37,0016c001f10c2ef6,9.2,3.2,6.0,0.0,7809,700,7109,9.0,0.5,0.4,0.43,315662791,1280003023,2986,11658,1.3,233.6,3.1,2.0,31,17,0,0,0,0,0,0.0,0,0,0,0,0,0
281.1,2026-05-16T18:21:37,0016c001f10c2ef6,5.6,1.7,3.4,0.6,7809,701,7108,9.0,0.5,0.4,0.43,315665977,1280014615,3186,11592,1.3,233.6,3.1,2.0,31,17,0,0,0,0,0,0.0,0,0,0,0,0,0
281.6,2026-05-16T18:21:38,0016c001f10c2ef6,4.5,1.1,3.4,0.0,7809,701,7108,9.0,0.5,0.4,0.43,315670240,1280057420,4263,42805,1.3,233.6,3.1,2.0,31,17,0,0,0,0,0,0.0,0,0,0,0,0,0
282.1,2026-05-16T18:21:38,0016c001f10c2ef6,8.0,2.8,5.1,0.0,7809,701,7108,9.0,0.5,0.4,0.43,315673446,1280069090,3206,11670,1.3,233.6,3.1,2.0,31,17,0,0,0,0,0,0.0,0,0,0,0,0,0
282.6,2026-05-16T18:21:38,0016c001f10c2ef6,5.3,1.8,3.6,0.0,7809,701,7108,9.0,0.5,0.4,0.43,315676536,1280080682,3090,11592,1.3,233.6,3.1,2.0,31,17,0,0,0,0,0,0.0,0,0,0,0,0,0
283.1,2026-05-16T18:21:39,0016c001f10c2ef6,7.3,2.3,5.1,0.0,7809,701,7108,9.0,0.5,0.4,0.43,315679670,1280092274,3134,11592,1.3,233.6,3.1,2.0,31,17,0,0,0,0,0,0.0,0,0,0,0,0,0
283.6,2026-05-16T18:21:39,0016c001f10c2ef6,6.7,2.2,4.5,0.0,7809,701,7108,9.0,0.5,0.4,0.43,315684166,1280134681,4496,42407,1.3,233.6,3.1,2.0,31,17,0,0,0,0,0,0.0,0,0,0,0,0,0
284.0,2026-05-16T18:21:40,0016c001f10c2ef6,6.9,3.5,3.5,0.0,7809,701,7108,9.0,0.46,0.39,0.43,315687152,1280146339,2986,11658,1.3,233.6,3.1,2.0,31,17,0,0,0,0,0,0.0,0,0,0,0,0,0
284.5,2026-05-16T18:21:40,0016c001f10c2ef6,6.5,3.0,3.6,0.0,7809,701,7108,9.0,0.46,0.39,0.43,315690286,1280157931,3134,11592,1.3,233.6,3.1,2.0,31,17,0,0,0,0,0,0.0,0,0,0,0,0,0
285.0,2026-05-16T18:21:41,0016c001f10c2ef6,6.0,3.0,3.0,0.0,7809,701,7108,9.0,0.46,0.39,0.43,315693272,1280169523,2986,11592,1.3,233.6,3.1,2.0,31,17,0,0,0,0,0,0.0,0,0,0,0,0,0
285.5,2026-05-16T18:21:41,0016c001f10c2ef6,5.2,1.7,3.5,0.0,7809,701,7108,9.0,0.46,0.39,0.43,315696458,1280181115,3186,11592,1.3,233.6,3.1,2.0,31,17,0,0,0,0,0,0.0,0,0,0,0,0,0
285.9,2026-05-16T18:21:42,0016c001f10c2ef6,7.4,2.3,5.1,0.0,7809,702,7107,9.0,0.46,0.39,0.43,315700611,1280223720,4153,42605,1.3,233.6,3.1,2.0,31,17,0,0,0,0,0,0.0,0,0,0,0,0,0
286.5,2026-05-16T18:21:42,0016c001f10c2ef6,10.3,5.1,5.1,0.0,7809,701,7108,9.0,0.46,0.39,0.43,315703749,1280235378,3138,11658,1.3,233.6,3.1,2.0,31,17,0,0,0,0,0,0.0,0,0,0,0,0,0
286.9,2026-05-16T18:21:43,0016c001f10c2ef6,6.4,1.8,4.7,0.0,7809,700,7109,9.0,0.46,0.39,0.43,315706787,1280246970,3038,11592,1.3,233.6,3.1,2.0,31,17,0,0,0,0,0,0.0,0,0,0,0,0,0
287.4,2026-05-16T18:21:43,0016c001f10c2ef6,6.6,1.2,5.4,0.0,7809,701,7108,9.0,0.46,0.39,0.43,315709821,1280258562,3034,11592,1.3,233.6,3.1,2.0,31,17,0,0,0,0,0,0.0,0,0,0,0,0,0
287.9,2026-05-16T18:21:43,0016c001f10c2ef6,9.2,4.0,5.2,0.0,7809,702,7107,9.0,0.46,0.39,0.43,315713856,1280301055,4035,42493,1.3,233.6,3.1,2.0,31,17,0,0,0,0,0,0.0,0,0,0,0,0,0
288.4,2026-05-16T18:21:44,0016c001f10c2ef6,6.4,1.7,4.7,0.0,7809,702,7107,9.0,0.46,0.39,0.43,315716994,1280312647,3138,11592,1.3,233.6,3.1,2.0,31,17,0,0,0,0,0,0.0,0,0,0,0,0,0
288.9,2026-05-16T18:21:44,0016c001f10c2ef6,5.8,2.3,3.5,0.0,7809,702,7107,9.0,0.46,0.39,0.43,315720184,1280324239,3190,11592,1.3,233.6,3.1,2.0,31,17,0,0,0,0,0,0.0,0,0,0,0,0,0
289.3,2026-05-16T18:21:45,0016c001f10c2ef6,7.3,2.8,4.5,0.0,7809,702,7107,9.0,0.46,0.39,0.43,315723322,1280335831,3138,11592,1.3,233.6,3.1,2.0,31,17,0,0,0,0,0,0.0,0,0,0,0,0,0
289.8,2026-05-16T18:21:45,0016c001f10c2ef6,7.0,2.9,4.1,0.0,7809,702,7107,9.0,0.43,0.39,0.43,315727337,1280378238,4015,42407,1.3,233.6,3.1,2.0,31,17,0,0,0,0,0,0.0,0,0,0,0,0,0
290.3,2026-05-16T18:21:46,0016c001f10c2ef6,5.8,2.3,3.5,0.0,7809,701,7108,9.0,0.43,0.39,0.43,315730423,1280389830,3086,11592,1.3,233.6,3.1,2.0,31,17,0,0,0,0,0,0.0,0,0,0,0,0,0
290.8,2026-05-16T18:21:46,0016c001f10c2ef6,6.4,2.3,4.0,0.0,7809,701,7108,9.0,0.43,0.39,0.43,315733613,1280401422,3190,11592,1.3,233.6,3.1,2.0,31,17,0,0,0,0,0,0.0,0,0,0,0,0,0
291.3,2026-05-16T18:21:47,0016c001f10c2ef6,13.6,3.0,10.7,0.0,7809,701,7108,9.0,0.43,0.39,0.43,315736751,1280413014,3138,11592,1.3,233.6,3.1,2.0,31,17,0,0,0,0,0,0.0,0,0,0,0,0,0
291.7,2026-05-16T18:21:47,0016c001f10c2ef6,19.4,1.8,17.6,0.0,7809,701,7108,9.0,0.43,0.39,0.43,315740814,1280455421,4063,42407,1.3,233.6,3.1,2.0,31,17,0,0,0,0,0,0.0,0,0,0,0,0,0
292.2,2026-05-16T18:21:47,0016c001f10c2ef6,20.2,2.3,17.9,0.0,7809,701,7108,9.0,0.43,0.39,0.43,315743800,1280467013,2986,11592,1.3,233.6,3.1,2.0,31,17,0,0,0,0,0,0.0,0,0,0,0,0,0
292.7,2026-05-16T18:21:48,0016c001f10c2ef6,19.6,2.4,17.3,0.0,7809,701,7108,9.0,0.43,0.39,0.43,315747038,1280478605,3238,11592,1.3,233.6,3.1,2.0,31,17,0,0,0,0,0,0.0,0,0,0,0,0,0
293.2,2026-05-16T18:21:48,0016c001f10c2ef6,9.2,5.7,3.4,0.0,7809,701,7108,9.0,0.43,0.39,0.43,315750076,1280490880,3038,12275,1.3,233.6,3.1,2.0,31,17,0,0,0,0,0,0.0,0,0,0,0,0,0
293.7,2026-05-16T18:21:48,0016c001f10c2ef6,6.5,2.4,3.6,0.6,7809,702,7107,9.0,0.43,0.39,0.43,315754091,1280533287,4015,42407,1.3,233.6,3.1,2.0,31,17,0,0,0,0,0,0.0,0,0,0,0,0,0
294.2,2026-05-16T18:21:49,0016c001f10c2ef6,7.4,2.3,5.1,0.0,7809,702,7107,9.0,0.43,0.39,0.43,315757327,1280546458,3236,13171,1.3,233.6,3.1,2.0,31,17,0,0,0,0,0,0.0,0,0,0,0,0,0
294.6,2026-05-16T18:21:49,0016c001f10c2ef6,5.8,1.2,4.6,0.0,7809,701,7108,9.0,0.43,0.39,0.43,315761010,1280558358,3683,11900,1.3,233.6,3.1,2.0,31,17,0,0,0,0,0,0.0,0,0,0,0,0,0
295.1,2026-05-16T18:21:50,0016c001f10c2ef6,7.4,2.3,5.1,0.0,7809,701,7108,9.0,0.39,0.38,0.42,315764300,1280569950,3290,11592,1.3,233.6,3.1,2.0,31,17,0,0,0,0,0,0.0,0,0,0,0,0,0
295.6,2026-05-16T18:21:50,0016c001f10c2ef6,7.3,1.1,6.1,0.0,7809,701,7108,9.0,0.39,0.38,0.42,315767338,1280581542,3038,11592,1.3,233.6,3.1,2.0,31,17,0,0,0,0,0,0.0,0,0,0,0,0,0
296.1,2026-05-16T18:21:51,0016c001f10c2ef6,5.8,1.2,4.7,0.0,7809,701,7108,9.0,0.39,0.38,0.42,315771301,1280623949,3963,42407,1.3,233.6,3.1,2.0,31,17,0,0,0,0,0,0.0,0,0,0,0,0,0
296.6,2026-05-16T18:21:51,0016c001f10c2ef6,5.9,2.4,3.5,0.0,7809,701,7108,9.0,0.39,0.38,0.42,315774335,1280635541,3034,11592,1.3,233.6,3.1,2.0,31,17,0,0,0,0,0,0.0,0,0,0,0,0,0
297.0,2026-05-16T18:21:52,0016c001f10c2ef6,6.0,2.4,3.6,0.0,7809,701,7108,9.0,0.39,0.38,0.42,315777369,1280647133,3034,11592,1.3,233.6,3.1,2.0,31,17,0,0,0,0,0,0.0,0,0,0,0,0,0
297.5,2026-05-16T18:21:52,0016c001f10c2ef6,7.0,1.8,5.3,0.0,7809,702,7107,9.0,0.39,0.38,0.42,315780659,1280658725,3290,11592,1.3,233.6,3.1,2.0,31,17,0,0,0,0,0,0.0,0,0,0,0,0,0
298.1,2026-05-16T18:21:53,0016c001f10c2ef6,10.2,3.9,6.3,0.0,7809,702,7107,9.0,0.39,0.38,0.42,315784678,1280701198,4019,42473,1.3,233.6,3.1,2.0,31,17,0,0,0,0,0,0.0,0,0,0,0,0,0
298.5,2026-05-16T18:21:53,0016c001f10c2ef6,6.5,2.4,4.1,0.0,7809,702,7107,9.0,0.39,0.38,0.42,315787764,1280712790,3086,11592,1.3,233.6,3.1,2.0,31,17,0,0,0,0,0,0.0,0,0,0,0,0,0
299.0,2026-05-16T18:21:53,0016c001f10c2ef6,7.4,2.3,5.1,0.0,7809,702,7107,9.0,0.39,0.38,0.42,315790950,1280724382,3186,11592,1.3,233.6,3.1,2.0,31,17,0,0,0,0,0,0.0,0,0,0,0,0,0
299.5,2026-05-16T18:21:54,0016c001f10c2ef6,5.8,2.3,3.5,0.0,7809,702,7107,9.0,0.39,0.38,0.42,315793988,1280735974,3038,11592,1.3,233.6,3.1,2.0,31,17,0,0,0,0,0,0.0,0,0,0,0,0,0
300.0,2026-05-16T18:21:54,0016c001f10c2ef6,6.6,2.7,3.8,0.0,7809,701,7108,9.0,0.39,0.38,0.42,315798123,1280778525,4135,42551,1.3,233.6,3.1,2.0,31,17,0,0,0,0,0,0.0,0,0,0,0,0,0
300.5,2026-05-16T18:21:55,0016c001f10c2ef6,7.1,2.2,4.9,0.0,7809,702,7107,9.0,0.36,0.37,0.42,315801109,1280790117,2986,11592,1.3,233.6,3.1,2.0,31,17,0,0,0,0,0,0.0,0,0,0,0,0,0
301.0,2026-05-16T18:21:55,0016c001f10c2ef6,6.9,1.7,5.2,0.0,7809,702,7107,9.0,0.36,0.37,0.42,315804243,1280801709,3134,11592,1.3,233.6,3.1,2.0,31,17,0,0,0,0,0,0.0,0,0,0,0,0,0
301.5,2026-05-16T18:21:56,0016c001f10c2ef6,5.9,1.2,4.7,0.0,7809,702,7107,9.0,0.36,0.37,0.42,315807329,1280813301,3086,11592,1.3,233.6,3.1,2.0,31,17,0,0,0,0,0,0.0,0,0,0,0,0,0
301.9,2026-05-16T18:21:56,0016c001f10c2ef6,9.0,3.4,5.6,0.0,7809,701,7108,9.0,0.36,0.37,0.42,315811396,1280855708,4067,42407,1.3,233.6,3.1,2.0,31,17,0,0,0,0,0,0.0,0,0,0,0,0,0
302.4,2026-05-16T18:21:57,0016c001f10c2ef6,6.9,4.0,2.9,0.0,7809,701,7108,9.0,0.36,0.37,0.42,315814382,1280867366,2986,11658,1.3,233.6,3.1,2.0,31,17,0,0,0,0,0,0.0,0,0,0,0,0,0
302.9,2026-05-16T18:21:57,0016c001f10c2ef6,6.4,1.8,4.7,0.0,7809,701,7108,9.0,0.36,0.37,0.42,315817672,1280879024,3290,11658,1.3,233.6,3.1,2.0,31,17,0,0,0,0,0,0.0,0,0,0,0,0,0
303.4,2026-05-16T18:21:58,0016c001f10c2ef6,6.4,3.5,2.9,0.0,7809,701,7108,9.0,0.36,0.37,0.42,315820862,1280890616,3190,11592,1.3,233.6,3.1,2.0,31,17,0,0,0,0,0,0.0,0,0,0,0,0,0
303.9,2026-05-16T18:21:58,0016c001f10c2ef6,9.7,3.1,6.7,0.0,7809,700,7109,9.0,0.36,0.37,0.42,315824985,1280933155,4123,42539,1.3,233.6,3.1,2.0,31,17,0,0,0,0,0,0.0,0,0,0,0,0,0
304.4,2026-05-16T18:21:58,0016c001f10c2ef6,26.5,7.6,18.2,0.6,7809,702,7107,9.0,0.36,0.37,0.42,315828279,1280946540,3294,13385,1.3,233.5,3.1,2.0,31,17,0,0,0,0,0,0.0,0,0,0,0,0,0
304.9,2026-05-16T18:21:59,0016c001f10c2ef6,22.2,3.6,18.6,0.0,7809,701,7108,9.0,0.36,0.37,0.42,315831563,1280960126,3284,13586,1.3,233.5,3.1,2.0,31,17,0,0,0,0,0,0.0,0,0,0,0,0,0
305.4,2026-05-16T18:21:59,0016c001f10c2ef6,18.4,1.8,16.6,0.0,7809,701,7108,9.0,0.36,0.37,0.42,315834753,1280971718,3190,11592,1.3,233.5,3.1,2.0,31,17,0,0,0,0,0,0.0,0,0,0,0,0,0
305.8,2026-05-16T18:22:00,0016c001f10c2ef6,13.9,1.8,12.0,0.0,7809,701,7108,9.0,0.36,0.37,0.42,315838220,1280983310,3467,11592,1.3,233.7,3.1,2.0,31,17,0,0,0,0,0,0.0,0,0,0,0,0,0
306.3,2026-05-16T18:22:00,0016c001f10c2ef6,6.3,2.9,3.4,0.0,7809,701,7108,9.0,0.33,0.37,0.42,315842387,1281025773,4167,42463,1.3,233.7,3.1,2.0,31,17,0,0,0,0,0,0.0,0,0,0,0,0,0
306.8,2026-05-16T18:22:01,0016c001f10c2ef6,6.4,1.7,4.6,0.0,7809,701,7108,9.0,0.33,0.37,0.42,315845425,1281037365,3038,11592,1.3,233.7,3.1,2.0,31,17,0,0,0,0,0,0.0,0,0,0,0,0,0
307.3,2026-05-16T18:22:01,0016c001f10c2ef6,6.3,2.3,4.0,0.0,7809,702,7107,9.0,0.33,0.37,0.42,315848511,1281048957,3086,11592,1.3,233.7,3.1,2.0,31,17,0,0,0,0,0,0.0,0,0,0,0,0,0
307.7,2026-05-16T18:22:02,0016c001f10c2ef6,5.4,1.8,3.6,0.0,7809,700,7109,9.0,0.33,0.37,0.42,315851697,1281060549,3186,11592,1.3,233.7,3.1,2.0,31,17,0,0,0,0,0,0.0,0,0,0,0,0,0
308.2,2026-05-16T18:22:02,0016c001f10c2ef6,7.4,3.4,4.0,0.0,7809,699,7110,9.0,0.33,0.37,0.42,315855768,1281103012,4071,42463,1.3,233.7,3.1,2.0,31,17,0,0,0,0,0,0.0,0,0,0,0,0,0
308.7,2026-05-16T18:22:02,0016c001f10c2ef6,6.4,2.9,3.5,0.0,7809,699,7110,9.0,0.33,0.37,0.42,315858926,1281114682,3158,11670,1.3,233.7,3.1,2.0,31,17,0,0,0,0,0,0.0,0,0,0,0,0,0
309.2,2026-05-16T18:22:03,0016c001f10c2ef6,6.2,1.7,4.5,0.0,7809,699,7110,9.0,0.33,0.37,0.42,315862064,1281126274,3138,11592,1.3,233.5,3.1,2.0,31,17,0,0,0,0,0,0.0,0,0,0,0,0,0
309.7,2026-05-16T18:22:03,0016c001f10c2ef6,7.2,2.8,4.4,0.0,7809,699,7110,9.0,0.33,0.37,0.42,315865302,1281137866,3238,11592,1.3,233.5,3.1,2.0,31,17,0,0,0,0,0,0.0,0,0,0,0,0,0
310.3,2026-05-16T18:22:04,0016c001f10c2ef6,9.4,3.9,5.4,0.0,7809,699,7110,9.0,0.33,0.37,0.42,315869165,1281180461,3863,42595,1.3,233.6,3.1,2.0,31,17,0,0,0,0,0,0.0,0,0,0,0,0,0
310.7,2026-05-16T18:22:04,0016c001f10c2ef6,6.5,2.4,4.1,0.0,7809,700,7109,9.0,0.33,0.37,0.42,315872351,1281192053,3186,11592,1.3,233.6,3.1,2.0,31,17,0,0,0,0,0,0.0,0,0,0,0,0,0
311.2,2026-05-16T18:22:04,0016c001f10c2ef6,7.7,3.0,4.7,0.0,7809,700,7109,9.0,0.33,0.37,0.42,315875437,1281203645,3086,11592,1.3,233.6,3.1,2.0,31,17,0,0,0,0,0,0.0,0,0,0,0,0,0
311.7,2026-05-16T18:22:05,0016c001f10c2ef6,6.0,3.6,2.4,0.0,7809,700,7109,9.0,0.3,0.36,0.42,315878475,1281215237,3038,11592,1.3,233.6,3.1,2.0,31,17,0,0,0,0,0,0.0,0,0,0,0,0,0
312.1,2026-05-16T18:22:05,0016c001f10c2ef6,5.8,1.7,4.0,0.0,7809,700,7109,9.0,0.3,0.36,0.42,315882646,1281257700,4171,42463,1.3,233.8,3.1,2.0,31,17,0,0,0,0,0,0.0,0,0,0,0,0,0
312.6,2026-05-16T18:22:06,0016c001f10c2ef6,7.1,2.4,4.7,0.0,7809,700,7109,9.0,0.3,0.36,0.42,315885784,1281269354,3138,11654,1.3,233.8,3.1,2.0,31,17,0,0,0,0,0,0.0,0,0,0,0,0,0
313.1,2026-05-16T18:22:06,0016c001f10c2ef6,7.6,2.3,5.2,0.0,7809,700,7109,9.0,0.3,0.36,0.42,315889074,1281280946,3290,11592,1.3,233.8,3.1,2.0,31,17,0,0,0,0,0,0.0,0,0,0,0,0,0
313.6,2026-05-16T18:22:07,0016c001f10c2ef6,5.1,2.3,2.8,0.0,7809,699,7110,9.0,0.3,0.36,0.42,315892212,1281292538,3138,11592,1.3,233.8,3.1,2.0,31,17,0,0,0,0,0,0.0,0,0,0,0,0,0
314.0,2026-05-16T18:22:07,0016c001f10c2ef6,5.3,1.2,4.1,0.0,7809,699,7110,9.0,0.3,0.36,0.42,315895250,1281304130,3038,11592,1.3,233.9,3.1,2.0,31,17,0,0,0,0,0,0.0,0,0,0,0,0,0
314.5,2026-05-16T18:22:08,0016c001f10c2ef6,7.7,3.6,4.2,0.0,7809,700,7109,9.0,0.3,0.36,0.42,315899337,1281346815,4087,42685,1.3,233.9,3.1,2.0,31,17,0,0,0,0,0,0.0,0,0,0,0,0,0
315.0,2026-05-16T18:22:08,0016c001f10c2ef6,6.5,3.0,3.6,0.0,7809,700,7109,9.0,0.3,0.36,0.42,315902375,1281358407,3038,11592,1.3,233.9,3.1,2.0,31,17,0,0,0,0,0,0.0,0,0,0,0,0,0
315.5,2026-05-16T18:22:08,0016c001f10c2ef6,6.3,2.9,3.4,0.0,7809,700,7109,9.0,0.3,0.36,0.42,315905613,1281369999,3238,11592,1.3,233.9,3.1,2.0,31,17,0,0,0,0,0,0.0,0,0,0,0,0,0
316.0,2026-05-16T18:22:09,0016c001f10c2ef6,7.9,2.6,5.3,0.0,7809,700,7109,9.0,0.3,0.36,0.42,315908699,1281381723,3086,11724,1.3,233.9,3.1,2.0,31,17,0,0,0,0,0,0.0,0,0,0,0,0,0
316.5,2026-05-16T18:22:09,0016c001f10c2ef6,7.7,3.0,4.7,0.0,7809,701,7108,9.0,0.3,0.36,0.42,315913095,1281424186,4396,42463,1.3,233.6,3.1,2.0,31,17,0,0,0,0,0,0.0,0,0,0,0,0,0
316.9,2026-05-16T18:22:10,0016c001f10c2ef6,8.3,3.0,5.3,0.0,7809,701,7108,9.0,0.3,0.36,0.42,315916233,1281435778,3138,11592,1.3,233.6,3.1,2.0,31,17,0,0,0,0,0,0.0,0,0,0,0,0,0
317.4,2026-05-16T18:22:10,0016c001f10c2ef6,20.5,2.3,18.1,0.0,7809,701,7108,9.0,0.36,0.37,0.42,315919319,1281447370,3086,11592,1.3,233.6,3.1,2.0,31,17,0,0,0,0,0,0.0,0,0,0,0,0,0
317.9,2026-05-16T18:22:11,0016c001f10c2ef6,18.0,1.8,16.2,0.0,7809,700,7109,9.0,0.36,0.37,0.42,315922609,1281459028,3290,11658,1.3,233.6,3.1,2.0,31,17,0,0,0,0,0,0.0,0,0,0,0,0,0
318.4,2026-05-16T18:22:11,0016c001f10c2ef6,20.6,2.4,17.6,0.6,7809,701,7108,9.0,0.36,0.37,0.42,315926576,1281501491,3967,42463,1.3,233.6,3.1,2.0,31,17,0,0,0,0,0,0.0,0,0,0,0,0,0
318.8,2026-05-16T18:22:12,0016c001f10c2ef6,12.3,2.5,9.8,0.0,7809,701,7108,9.0,0.36,0.37,0.42,315929818,1281513083,3242,11592,1.3,233.6,3.1,2.0,31,17,0,0,0,0,0,0.0,0,0,0,0,0,0
319.3,2026-05-16T18:22:12,0016c001f10c2ef6,6.2,1.7,4.5,0.0,7809,701,7108,9.0,0.36,0.37,0.42,315933056,1281524675,3238,11592,1.3,233.6,3.1,2.0,31,17,0,0,0,0,0,0.0,0,0,0,0,0,0
319.8,2026-05-16T18:22:13,0016c001f10c2ef6,5.7,1.1,4.6,0.0,7809,701,7108,9.0,0.36,0.37,0.42,315936094,1281536267,3038,11592,1.3,233.6,3.1,2.0,31,17,0,0,0,0,0,0.0,0,0,0,0,0,0
320.3,2026-05-16T18:22:13,0016c001f10c2ef6,7.0,2.3,4.7,0.0,7809,701,7108,9.0,0.36,0.37,0.42,315939284,1281547925,3190,11658,1.3,233.8,3.1,2.0,31,17,0,0,0,0,0,0.0,0,0,0,0,0,0
320.8,2026-05-16T18:22:13,0016c001f10c2ef6,7.8,3.6,4.2,0.0,7809,701,7108,9.0,0.36,0.37,0.42,315943503,1281590322,4219,42397,1.3,233.8,3.1,2.0,31,17,0,0,0,0,0,0.0,0,0,0,0,0,0
321.2,2026-05-16T18:22:13,0016c001f10c2ef6,5.9,1.8,4.1,0.0,7809,700,7109,9.0,0.36,0.37,0.42,315946641,1281601914,3138,11592,1.3,233.8,3.1,2.0,31,17,0,0,0,0,0,0.0,0,0,0,0,0,0
321.8,2026-05-16T18:22:14,0016c001f10c2ef6,8.6,3.2,5.4,0.0,7809,700,7109,9.0,0.36,0.37,0.42,315949627,1281613638,2986,11724,1.3,233.8,3.1,2.0,31,17,0,0,0,0,0,0.0,0,0,0,0,0,0
322.2,2026-05-16T18:22:14,0016c001f10c2ef6,5.9,2.4,3.6,0.0,7809,701,7108,9.0,0.36,0.37,0.42,315952817,1281625230,3190,11592,1.3,233.8,3.1,2.0,31,17,0,0,0,0,0,0.0,0,0,0,0,0,0
322.8,2026-05-16T18:22:15,0016c001f10c2ef6,6.9,2.5,4.5,0.0,7809,701,7108,9.0,0.33,0.36,0.42,315956896,1281668653,4079,43423,1.3,233.8,3.1,2.0,31,17,0,0,0,0,0,0.0,0,0,0,0,0,0
323.3,2026-05-16T18:22:16,0016c001f10c2ef6,7.0,1.8,5.3,0.0,7809,701,7108,9.0,0.33,0.36,0.42,315960034,1281680245,3138,11592,1.3,233.8,3.1,2.0,31,17,0,0,0,0,0,0.0,0,0,0,0,0,0
323.7,2026-05-16T18:22:16,0016c001f10c2ef6,7.0,1.8,5.3,0.0,7809,700,7109,9.0,0.33,0.36,0.42,315963172,1281691837,3138,11592,1.3,233.8,3.1,2.0,31,17,0,0,0,0,0,0.0,0,0,0,0,0,0
324.2,2026-05-16T18:22:16,0016c001f10c2ef6,7.0,2.9,4.1,0.0,7809,701,7108,9.0,0.33,0.36,0.42,315966514,1281703429,3342,11592,1.3,233.8,3.1,2.0,31,17,0,0,0,0,0,0.0,0,0,0,0,0,0
324.7,2026-05-16T18:22:17,0016c001f10c2ef6,9.1,2.9,5.1,1.1,7809,700,7109,9.0,0.33,0.36,0.42,315970585,1281745958,4071,42529,1.3,233.8,3.1,2.0,31,17,0,0,0,0,0,0.0,0,0,0,0,0,0
325.1,2026-05-16T18:22:17,0016c001f10c2ef6,8.3,4.2,4.2,0.0,7809,700,7109,9.0,0.33,0.36,0.42,315973823,1281757550,3238,11592,1.3,233.8,3.1,2.0,31,17,0,0,0,0,0,0.0,0,0,0,0,0,0
325.6,2026-05-16T18:22:18,0016c001f10c2ef6,6.0,2.4,3.6,0.0,7809,700,7109,9.0,0.33,0.36,0.42,315976961,1281769208,3138,11658,1.3,233.8,3.1,2.0,33,19,2,2,0,0,0,0.0,0,0,0,0,0,0
326.1,2026-05-16T18:22:18,0016c001f10c2ef6,6.4,2.3,4.0,0.0,7809,701,7108,9.0,0.33,0.36,0.42,315980123,1281780880,3162,11672,1.3,233.8,3.1,2.0,33,19,0,0,0,0,0,0.0,0,0,0,0,0,0
326.6,2026-05-16T18:22:18,0016c001f10c2ef6,6.5,2.4,4.1,0.0,7809,701,7108,9.0,0.33,0.36,0.42,315984346,1281823345,4223,42465,1.3,233.8,3.1,2.0,33,19,0,0,0,0,0,0.0,0,0,0,0,0,0
327.0,2026-05-16T18:22:19,0016c001f10c2ef6,8.0,2.9,5.2,0.0,7809,700,7109,9.0,0.33,0.36,0.42,315987584,1281834939,3238,11594,1.3,233.9,3.1,2.0,33,19,0,0,0,0,0,0.0,0,0,0,0,0,0
327.6,2026-05-16T18:22:19,0016c001f10c2ef6,9.5,4.2,5.3,0.0,7809,700,7109,9.0,0.33,0.36,0.42,315991103,1281846665,3519,11726,1.3,233.9,3.1,2.0,33,19,0,0,0,0,0,0.0,0,0,0,0,0,0
328.0,2026-05-16T18:22:20,0016c001f10c2ef6,6.4,2.3,4.1,0.0,7809,700,7109,9.0,0.3,0.36,0.42,315994289,1281858259,3186,11594,1.3,233.9,3.1,2.0,33,19,0,0,0,0,0,0.0,0,0,0,0,0,0
328.5,2026-05-16T18:22:20,0016c001f10c2ef6,4.9,2.4,2.4,0.0,7809,700,7109,9.0,0.3,0.36,0.42,315997479,1281869853,3190,11594,1.3,233.9,3.1,2.0,33,19,0,0,0,0,0,0.0,0,0,0,0,0,0
329.0,2026-05-16T18:22:21,0016c001f10c2ef6,7.7,3.6,4.1,0.0,7809,700,7109,9.0,0.3,0.36,0.42,316001598,1281912318,4119,42465,1.3,233.9,3.1,2.0,33,19,0,0,0,0,0,0.0,0,0,0,0,0,0
329.4,2026-05-16T18:22:21,0016c001f10c2ef6,5.9,1.8,4.1,0.0,7809,700,7109,9.0,0.3,0.36,0.42,316004736,1281923912,3138,11594,1.3,233.9,3.1,2.0,33,19,0,0,0,0,0,0.0,0,0,0,0,0,0
329.9,2026-05-16T18:22:22,0016c001f10c2ef6,8.5,1.1,7.4,0.0,7809,700,7109,9.0,0.3,0.36,0.42,316007926,1281935506,3190,11594,1.3,233.9,3.1,2.0,33,19,0,0,0,0,0,0.0,0,0,0,0,0,0
330.4,2026-05-16T18:22:22,0016c001f10c2ef6,19.6,2.4,16.7,0.6,7809,700,7109,9.0,0.3,0.36,0.42,316011016,1281947100,3090,11594,1.3,233.9,3.1,2.0,33,19,0,0,0,0,0,0.0,0,0,0,0,0,0
330.9,2026-05-16T18:22:23,0016c001f10c2ef6,21.1,3.5,17.5,0.0,7809,700,7109,9.0,0.3,0.36,0.42,316015083,1281989565,4067,42465,1.3,233.9,3.1,2.0,33,19,0,0,0,0,0,0.0,0,0,0,0,0,0
331.4,2026-05-16T18:22:23,0016c001f10c2ef6,19.2,2.4,16.8,0.0,7809,700,7109,9.0,0.3,0.36,0.42,316018221,1282001159,3138,11594,1.3,233.9,3.1,2.0,33,19,0,0,0,0,0,0.0,0,0,0,0,0,0
331.8,2026-05-16T18:22:23,0016c001f10c2ef6,11.4,3.0,8.4,0.0,7809,700,7109,9.0,0.3,0.36,0.42,316021479,1282012839,3258,11680,1.3,233.9,3.1,2.0,33,19,0,0,0,0,0,0.0,0,0,0,0,0,0
332.3,2026-05-16T18:22:24,0016c001f10c2ef6,5.9,2.4,3.6,0.0,7809,700,7109,9.0,0.3,0.36,0.42,316024669,1282024433,3190,11594,1.3,233.9,3.1,2.0,33,19,0,0,0,0,0,0.0,0,0,0,0,0,0
332.8,2026-05-16T18:22:24,0016c001f10c2ef6,5.5,1.8,3.7,0.0,7809,700,7109,9.0,0.3,0.36,0.42,316028788,1282066898,4119,42465,1.3,233.9,3.1,2.0,33,19,0,0,0,0,0,0.0,0,0,0,0,0,0
333.3,2026-05-16T18:22:25,0016c001f10c2ef6,10.5,4.2,6.3,0.0,7809,699,7110,9.0,0.3,0.36,0.42,316031926,1282078624,3138,11726,1.3,233.9,3.1,2.0,33,19,0,0,0,0,0,0.0,0,0,0,0,0,0
333.8,2026-05-16T18:22:25,0016c001f10c2ef6,6.0,1.8,4.2,0.0,7809,699,7110,9.0,0.28,0.35,0.41,316035016,1282090218,3090,11594,1.3,233.9,3.1,2.0,33,19,0,0,0,0,0,0.0,0,0,0,0,0,0
334.2,2026-05-16T18:22:26,0016c001f10c2ef6,8.0,2.3,5.7,0.0,7809,699,7110,9.0,0.28,0.35,0.41,316038254,1282101812,3238,11594,1.3,233.9,3.1,2.0,33,19,0,0,0,0,0,0.0,0,0,0,0,0,0
334.7,2026-05-16T18:22:26,0016c001f10c2ef6,7.1,3.0,4.2,0.0,7809,699,7110,9.0,0.28,0.35,0.41,316042269,1282144277,4015,42465,1.3,233.9,3.1,2.0,33,19,0,0,0,0,0,0.0,0,0,0,0,0,0
335.2,2026-05-16T18:22:26,0016c001f10c2ef6,7.6,3.5,4.1,0.0,7809,700,7109,9.0,0.28,0.35,0.41,316045549,1282156135,3280,11858,1.3,233.9,3.1,2.0,33,19,0,0,0,0,0,0.0,0,0,0,0,0,0
335.7,2026-05-16T18:22:27,0016c001f10c2ef6,6.5,1.2,5.3,0.0,7809,699,7110,9.0,0.28,0.35,0.41,316048687,1282167729,3138,11594,1.3,233.9,3.1,2.0,33,19,0,0,0,0,0,0.0,0,0,0,0,0,0
336.1,2026-05-16T18:22:27,0016c001f10c2ef6,7.6,2.3,5.2,0.0,7809,699,7110,9.0,0.28,0.35,0.41,316052029,1282179389,3342,11660,1.3,233.9,3.1,2.0,33,19,0,0,0,0,0,0.0,0,0,0,0,0,0
336.6,2026-05-16T18:22:28,0016c001f10c2ef6,5.4,2.4,3.0,0.0,7809,701,7108,9.0,0.28,0.35,0.41,316055119,1282190983,3090,11594,1.3,233.9,3.1,2.0,33,19,0,0,0,0,0,0.0,0,0,0,0,0,0
337.1,2026-05-16T18:22:28,0016c001f10c2ef6,8.3,3.0,5.4,0.0,7809,701,7108,9.0,0.28,0.35,0.41,316059186,1282233514,4067,42531,1.3,233.9,3.1,2.0,33,19,0,0,0,0,0,0.0,0,0,0,0,0,0
337.5,2026-05-16T18:22:28,0016c001f10c2ef6,6.5,3.0,3.6,0.0,7809,700,7109,9.0,0.28,0.35,0.41,316062428,1282245108,3242,11594,1.3,233.9,3.1,2.0,33,19,0,0,0,0,0,0.0,0,0,0,0,0,0
338.0,2026-05-16T18:22:29,0016c001f10c2ef6,6.2,1.7,4.5,0.0,7809,700,7109,9.0,0.28,0.35,0.41,316065718,1282256768,3290,11660,1.3,233.9,3.1,2.0,33,19,0,0,0,0,0,0.0,0,0,0,0,0,0
338.5,2026-05-16T18:22:29,0016c001f10c2ef6,6.0,2.4,3.6,0.0,7809,700,7109,9.0,0.28,0.35,0.41,316069337,1282268362,3619,11594,1.3,233.9,3.1,2.0,33,19,0,0,0,0,0,0.0,0,0,0,0,0,0
339.0,2026-05-16T18:22:30,0016c001f10c2ef6,10.7,3.6,7.1,0.0,7809,698,7111,8.9,0.28,0.35,0.41,316073460,1282310893,4123,42531,1.3,233.9,3.1,2.0,33,19,0,0,0,0,0,0.0,0,0,0,0,0,0
339.5,2026-05-16T18:22:30,0016c001f10c2ef6,5.8,2.9,2.9,0.0,7809,699,7110,9.0,0.26,0.35,0.41,316076598,1282322487,3138,11594,1.3,233.9,3.1,2.0,33,19,0,0,0,0,0,0.0,0,0,0,0,0,0
340.0,2026-05-16T18:22:31,0016c001f10c2ef6,6.5,1.8,4.7,0.0,7809,700,7109,9.0,0.26,0.35,0.41,316079684,1282334081,3086,11594,1.3,233.9,3.1,2.0,33,19,0,0,0,0,0,0.0,0,0,0,0,0,0
340.4,2026-05-16T18:22:31,0016c001f10c2ef6,6.9,2.3,4.6,0.0,7809,700,7109,9.0,0.26,0.35,0.41,316082822,1282345675,3138,11594,1.3,233.9,3.1,2.0,33,19,0,0,0,0,0,0.0,0,0,0,0,0,0
340.9,2026-05-16T18:22:32,0016c001f10c2ef6,7.1,2.4,4.7,0.0,7809,700,7109,9.0,0.26,0.35,0.41,316086785,1282388140,3963,42465,1.3,233.9,3.1,2.0,33,19,0,0,0,0,0,0.0,0,0,0,0,0,0
341.4,2026-05-16T18:22:32,0016c001f10c2ef6,6.0,2.4,3.6,0.0,7809,699,7110,9.0,0.26,0.35,0.41,316089923,1282399734,3138,11594,1.3,233.9,3.1,2.0,33,19,0,0,0,0,0,0.0,0,0,0,0,0,0
341.9,2026-05-16T18:22:33,0016c001f10c2ef6,7.6,3.5,4.1,0.0,7809,700,7109,9.0,0.26,0.35,0.41,316093161,1282411328,3238,11594,1.3,233.9,3.1,2.0,33,19,0,0,0,0,0,0.0,0,0,0,0,0,0
342.3,2026-05-16T18:22:33,0016c001f10c2ef6,5.8,2.3,3.5,0.0,7809,698,7111,8.9,0.26,0.35,0.41,316096199,1282422922,3038,11594,1.3,233.9,3.1,2.0,33,19,0,0,0,0,0,0.0,0,0,0,0,0,0
342.8,2026-05-16T18:22:33,0016c001f10c2ef6,6.6,3.0,3.6,0.0,7809,699,7110,9.0,0.26,0.35,0.41,316100314,1282465387,4115,42465,1.3,233.9,3.1,2.0,33,19,0,0,0,0,0,0.0,0,0,0,0,0,0
343.3,2026-05-16T18:22:34,0016c001f10c2ef6,20.7,3.0,17.7,0.0,7809,700,7109,9.0,0.26,0.35,0.41,316103556,1282476981,3242,11594,1.3,233.9,3.1,2.0,33,19,0,0,0,0,0,0.0,0,0,0,0,0,0
343.7,2026-05-16T18:22:34,0016c001f10c2ef6,19.5,2.4,16.6,0.6,7809,701,7108,9.0,0.26,0.35,0.41,316106718,1282488653,3162,11672,1.3,234.0,3.1,2.0,33,19,0,0,0,0,0,0.0,0,0,0,0,0,0
344.2,2026-05-16T18:22:34,0016c001f10c2ef6,20.5,2.3,18.1,0.0,7809,702,7107,9.0,0.26,0.35,0.41,316109956,1282500313,3238,11660,1.3,234.0,3.1,2.0,33,19,0,0,0,0,0,0.0,0,0,0,0,0,0
344.7,2026-05-16T18:22:35,0016c001f10c2ef6,15.7,2.8,12.9,0.0,7809,702,7107,9.0,0.24,0.34,0.41,316113146,1282511973,3190,11660,1.3,234.0,3.1,2.0,33,19,0,0,0,0,0,0.0,0,0,0,0,0,0
345.2,2026-05-16T18:22:35,0016c001f10c2ef6,5.9,2.4,3.5,0.0,7809,701,7108,9.0,0.24,0.34,0.41,316117009,1282554438,3863,42465,1.3,234.0,3.1,2.0,33,19,0,0,0,0,0,0.0,0,0,0,0,0,0
345.7,2026-05-16T18:22:36,0016c001f10c2ef6,6.9,1.7,5.2,0.0,7809,701,7108,9.0,0.24,0.34,0.41,316120195,1282566032,3186,11594,1.3,234.0,3.1,2.0,33,19,0,0,0,0,0,0.0,0,0,0,0,0,0
346.2,2026-05-16T18:22:36,0016c001f10c2ef6,6.5,2.9,3.5,0.0,7809,702,7107,9.0,0.24,0.34,0.41,316123281,1282577626,3086,11594,1.3,234.0,3.1,2.0,33,19,0,0,0,0,0,0.0,0,0,0,0,0,0
346.6,2026-05-16T18:22:37,0016c001f10c2ef6,6.6,2.4,4.2,0.0,7809,702,7107,9.0,0.24,0.34,0.41,316126423,1282589220,3142,11594,1.3,234.0,3.1,2.0,33,19,0,0,0,0,0,0.0,0,0,0,0,0,0
347.1,2026-05-16T18:22:37,0016c001f10c2ef6,7.3,3.4,3.9,0.0,7809,701,7108,9.0,0.24,0.34,0.41,316130386,1282631685,3963,42465,1.3,234.0,3.1,2.0,33,19,0,0,0,0,0,0.0,0,0,0,0,0,0
347.6,2026-05-16T18:22:38,0016c001f10c2ef6,6.5,1.8,4.8,0.0,7809,700,7109,9.0,0.24,0.34,0.41,316133596,1282643435,3210,11750,1.3,234.0,3.1,2.0,33,19,0,0,0,0,0,0.0,0,0,0,0,0,0
348.0,2026-05-16T18:22:38,0016c001f10c2ef6,6.6,2.4,4.2,0.0,7809,701,7108,9.0,0.24,0.34,0.41,316136686,1282655029,3090,11594,1.3,234.0,3.1,2.0,33,19,0,0,0,0,0,0.0,0,0,0,0,0,0
348.5,2026-05-16T18:22:38,0016c001f10c2ef6,7.5,2.3,5.2,0.0,7809,701,7108,9.0,0.24,0.34,0.41,316139772,1282666623,3086,11594,1.3,234.0,3.1,2.0,33,19,0,0,0,0,0,0.0,0,0,0,0,0,0
349.0,2026-05-16T18:22:39,0016c001f10c2ef6,6.3,2.9,3.4,0.0,7809,701,7108,9.0,0.24,0.34,0.41,316143991,1282709088,4219,42465,1.3,234.0,3.1,2.0,33,19,0,0,0,0,0,0.0,0,0,0,0,0,0
349.5,2026-05-16T18:22:39,0016c001f10c2ef6,7.6,4.1,3.5,0.0,7809,701,7108,9.0,0.24,0.34,0.41,316147510,1282720682,3519,11594,1.3,234.0,3.1,2.0,33,19,0,0,0,0,0,0.0,0,0,0,0,0,0
350.0,2026-05-16T18:22:40,0016c001f10c2ef6,6.4,2.9,3.5,0.0,7809,700,7109,9.0,0.24,0.34,0.41,316150644,1282732276,3134,11594,1.3,234.0,3.1,2.0,33,19,0,0,0,0,0,0.0,0,0,0,0,0,0
350.5,2026-05-16T18:22:40,0016c001f10c2ef6,9.5,2.6,6.8,0.0,7809,701,7108,9.0,0.22,0.33,0.41,316153782,1282743936,3138,11660,1.3,234.0,3.1,2.0,33,19,0,0,0,0,0,0.0,0,0,0,0,0,0
350.9,2026-05-16T18:22:41,0016c001f10c2ef6,6.5,3.0,3.6,0.0,7809,701,7108,9.0,0.22,0.33,0.41,316156920,1282755530,3138,11594,1.3,234.0,3.1,2.0,33,19,0,0,0,0,0,0.0,0,0,0,0,0,0
351.4,2026-05-16T18:22:41,0016c001f10c2ef6,7.0,2.9,4.1,0.0,7809,700,7109,9.0,0.22,0.33,0.41,316160887,1282797995,3967,42465,1.3,234.0,3.1,2.0,33,19,0,0,0,0,0,0.0,0,0,0,0,0,0
351.9,2026-05-16T18:22:42,0016c001f10c2ef6,6.4,1.7,4.6,0.0,7809,700,7109,9.0,0.22,0.33,0.41,316164125,1282809589,3238,11594,1.3,234.0,3.1,2.0,33,19,0,0,0,0,0,0.0,0,0,0,0,0,0
352.4,2026-05-16T18:22:42,0016c001f10c2ef6,6.4,2.3,4.1,0.0,7809,700,7109,9.0,0.22,0.33,0.41,316167339,1282821261,3214,11672,1.3,233.9,3.1,2.0,33,19,0,0,0,0,0,0.0,0,0,0,0,0,0
352.9,2026-05-16T18:22:43,0016c001f10c2ef6,7.5,1.7,5.7,0.0,7809,700,7109,9.0,0.22,0.33,0.41,316170577,1282832855,3238,11594,1.3,233.9,3.1,2.0,33,19,0,0,0,0,0,0.0,0,0,0,0,0,0
353.3,2026-05-16T18:22:43,0016c001f10c2ef6,6.4,3.5,2.9,0.0,7809,700,7109,9.0,0.22,0.33,0.41,316174644,1282875320,4067,42465,1.3,233.7,3.1,2.0,33,19,0,0,0,0,0,0.0,0,0,0,0,0,0
353.8,2026-05-16T18:22:43,0016c001f10c2ef6,7.1,4.1,2.9,0.0,7809,699,7110,9.0,0.22,0.33,0.41,316177834,1282886914,3190,11594,1.3,233.7,3.1,2.0,33,19,0,0,0,0,0,0.0,0,0,0,0,0,0
354.3,2026-05-16T18:22:44,0016c001f10c2ef6,5.3,1.2,4.1,0.0,7809,700,7109,9.0,0.22,0.33,0.41,316181024,1282898508,3190,11594,1.3,233.7,3.1,2.0,33,19,0,0,0,0,0,0.0,0,0,0,0,0,0
354.8,2026-05-16T18:22:44,0016c001f10c2ef6,5.2,2.9,2.3,0.0,7809,701,7108,9.0,0.22,0.33,0.41,316184208,1282910168,3184,11660,1.3,233.7,3.1,2.0,33,19,0,0,0,0,0,0.0,0,0,0,0,0,0
355.3,2026-05-16T18:22:45,0016c001f10c2ef6,7.0,2.3,4.7,0.0,7809,700,7109,9.0,0.22,0.33,0.41,316188227,1282952633,4019,42465,1.3,233.7,3.1,2.0,33,19,0,0,0,0,0,0.0,0,0,0,0,0,0
355.7,2026-05-16T18:22:45,0016c001f10c2ef6,6.5,2.4,4.2,0.0,7809,701,7108,9.0,0.2,0.33,0.4,316191361,1282964227,3134,11594,1.3,233.7,3.1,2.0,33,19,0,0,0,0,0,0.0,0,0,0,0,0,0
356.2,2026-05-16T18:22:45,0016c001f10c2ef6,19.1,2.9,16.2,0.0,7809,701,7108,9.0,0.2,0.33,0.4,316194347,1282975821,2986,11594,1.3,233.7,3.1,2.0,33,19,0,0,0,0,0,0.0,0,0,0,0,0,0
356.7,2026-05-16T18:22:46,0016c001f10c2ef6,20.1,2.4,17.8,0.0,7809,701,7108,9.0,0.2,0.33,0.4,316197485,1282987415,3138,11594,1.3,233.7,3.1,2.0,33,19,0,0,0,0,0,0.0,0,0,0,0,0,0
357.2,2026-05-16T18:22:46,0016c001f10c2ef6,19.2,1.2,18.0,0.0,7809,701,7108,9.0,0.2,0.33,0.4,316201448,1283029880,3963,42465,1.3,233.7,3.1,2.0,33,19,0,0,0,0,0,0.0,0,0,0,0,0,0
357.7,2026-05-16T18:22:47,0016c001f10c2ef6,14.2,1.8,12.4,0.0,7809,701,7108,9.0,0.2,0.33,0.4,316204482,1283041474,3034,11594,1.3,233.7,3.1,2.0,33,19,0,0,0,0,0,0.0,0,0,0,0,0,0
358.1,2026-05-16T18:22:47,0016c001f10c2ef6,6.4,2.9,3.5,0.0,7809,700,7109,9.0,0.2,0.33,0.4,316207568,1283053068,3086,11594,1.3,233.7,3.1,2.0,33,19,0,0,0,0,0,0.0,0,0,0,0,0,0
358.6,2026-05-16T18:22:48,0016c001f10c2ef6,5.9,1.2,4.7,0.0,7809,700,7109,9.0,0.2,0.33,0.4,316210654,1283064662,3086,11594,1.3,233.7,3.1,2.0,33,19,0,0,0,0,0,0.0,0,0,0,0,0,0
359.1,2026-05-16T18:22:48,0016c001f10c2ef6,6.3,2.9,3.4,0.0,7809,700,7109,9.0,0.2,0.33,0.4,316213688,1283076256,3034,11594,1.3,233.9,3.1,2.0,33,19,0,0,0,0,0,0.0,0,0,0,0,0,0
359.6,2026-05-16T18:22:48,0016c001f10c2ef6,7.0,2.3,4.7,0.0,7809,701,7108,9.0,0.2,0.33,0.4,316217547,1283118721,3859,42465,1.3,233.9,3.1,2.0,33,19,0,0,0,0,0,0.0,0,0,0,0,0,0
360.0,2026-05-16T18:22:49,0016c001f10c2ef6,7.4,2.3,5.1,0.0,7809,701,7108,9.0,0.2,0.33,0.4,316220581,1283130315,3034,11594,1.3,233.9,3.1,2.0,33,19,0,0,0,0,0,0.0,0,0,0,0,0,0
360.5,2026-05-16T18:22:49,0016c001f10c2ef6,5.9,1.8,4.1,0.0,7809,701,7108,9.0,0.2,0.33,0.4,316224148,1283141909,3567,11594,1.3,233.9,3.1,2.0,33,19,0,0,0,0,0,0.0,0,0,0,0,0,0
361.0,2026-05-16T18:22:50,0016c001f10c2ef6,6.8,2.3,4.0,0.6,7809,700,7109,9.0,0.2,0.33,0.4,316227286,1283153569,3138,11660,1.3,233.9,3.1,2.0,33,19,0,0,0,0,0,0.0,0,0,0,0,0,0
361.5,2026-05-16T18:22:50,0016c001f10c2ef6,7.5,2.3,5.2,0.0,7809,700,7109,9.0,0.42,0.37,0.42,316231473,1283196112,4187,42543,1.3,233.9,3.1,2.0,33,19,0,0,0,0,0,0.0,0,0,0,0,0,0
362.0,2026-05-16T18:22:51,0016c001f10c2ef6,8.8,2.6,6.2,0.0,7809,700,7109,9.0,0.42,0.37,0.42,316234559,1283207838,3086,11726,1.3,233.9,3.1,2.0,33,19,0,0,0,0,0,0.0,0,0,0,0,0,0
362.6,2026-05-16T18:22:51,0016c001f10c2ef6,8.6,3.0,5.6,0.0,7809,701,7108,9.0,0.42,0.37,0.42,316237645,1283219514,3086,11676,1.3,233.9,3.1,2.0,33,19,0,0,0,0,0,0.0,0,0,0,0,0,0
363.1,2026-05-16T18:22:52,0016c001f10c2ef6,6.4,1.2,5.2,0.0,7809,701,7108,9.0,0.42,0.37,0.42,316240783,1283231108,3138,11594,1.3,233.9,3.1,2.0,33,19,0,0,0,0,0,0.0,0,0,0,0,0,0
363.6,2026-05-16T18:22:52,0016c001f10c2ef6,8.2,3.3,4.9,0.0,7809,701,7108,9.0,0.42,0.37,0.42,316244802,1283273573,4019,42465,1.3,233.9,3.1,2.0,33,19,0,0,0,0,0,0.0,0,0,0,0,0,0
364.0,2026-05-16T18:22:53,0016c001f10c2ef6,5.4,1.2,4.2,0.0,7809,701,7108,9.0,0.42,0.37,0.42,316247888,1283285167,3086,11594,1.3,233.9,3.1,2.0,33,19,0,0,0,0,0,0.0,0,0,0,0,0,0
364.5,2026-05-16T18:22:53,0016c001f10c2ef6,7.4,2.8,4.5,0.0,7809,701,7108,9.0,0.42,0.37,0.42,316251078,1283296761,3190,11594,1.3,233.9,3.1,2.0,33,19,0,0,0,0,0,0.0,0,0,0,0,0,0
365.0,2026-05-16T18:22:53,0016c001f10c2ef6,5.9,2.4,3.6,0.0,7809,700,7109,9.0,0.42,0.37,0.42,316254164,1283308355,3086,11594,1.3,233.9,3.1,2.0,33,19,0,0,0,0,0,0.0,0,0,0,0,0,0
365.5,2026-05-16T18:22:54,0016c001f10c2ef6,7.1,3.0,4.1,0.0,7809,700,7109,9.0,0.42,0.37,0.42,316258179,1283350820,4015,42465,1.3,233.9,3.1,2.0,33,19,0,0,0,0,0,0.0,0,0,0,0,0,0
365.9,2026-05-16T18:22:54,0016c001f10c2ef6,6.4,2.9,3.5,0.0,7809,701,7108,9.0,0.42,0.37,0.42,316261417,1283362414,3238,11594,1.3,233.9,3.1,2.0,33,19,0,0,0,0,0,0.0,0,0,0,0,0,0
366.4,2026-05-16T18:22:55,0016c001f10c2ef6,7.5,2.9,4.6,0.0,7809,700,7109,9.0,0.42,0.37,0.42,316264455,1283374008,3038,11594,1.3,233.9,3.1,2.0,33,19,0,0,0,0,0,0.0,0,0,0,0,0,0
366.9,2026-05-16T18:22:55,0016c001f10c2ef6,6.4,3.5,2.9,0.0,7809,700,7109,9.0,0.39,0.37,0.42,316267693,1283385668,3238,11660,1.3,233.9,3.1,2.0,33,19,0,0,0,0,0,0.0,0,0,0,0,0,0
367.4,2026-05-16T18:22:56,0016c001f10c2ef6,5.7,2.9,2.9,0.0,7809,700,7109,9.0,0.39,0.37,0.42,316271708,1283428133,4015,42465,1.3,233.9,3.1,2.0,33,19,0,0,0,0,0,0.0,0,0,0,0,0,0
367.8,2026-05-16T18:22:56,0016c001f10c2ef6,7.8,3.0,4.8,0.0,7809,700,7109,9.0,0.39,0.37,0.42,316274846,1283439727,3138,11594,1.3,233.9,3.1,2.0,33,19,0,0,0,0,0,0.0,0,0,0,0,0,0
368.4,2026-05-16T18:22:57,0016c001f10c2ef6,10.5,4.0,6.5,0.0,7809,700,7109,9.0,0.39,0.37,0.42,316277984,1283451387,3138,11660,1.3,233.9,3.1,2.0,33,19,0,0,0,0,0,0.0,0,0,0,0,0,0
368.9,2026-05-16T18:22:57,0016c001f10c2ef6,9.9,2.3,7.6,0.0,7809,700,7109,9.0,0.39,0.37,0.42,316280970,1283462981,2986,11594,1.3,233.9,3.1,2.0,33,19,0,0,0,0,0,0.0,0,0,0,0,0,0
369.4,2026-05-16T18:22:58,0016c001f10c2ef6,20.0,3.5,16.5,0.0,7809,699,7110,9.0,0.39,0.37,0.42,316285137,1283505446,4167,42465,1.3,234.0,3.1,2.0,33,19,0,0,0,0,0,0.0,0,0,0,0,0,0
369.9,2026-05-16T18:22:58,0016c001f10c2ef6,20.3,3.5,16.9,0.0,7809,701,7108,9.0,0.39,0.37,0.42,316288187,1283517282,3050,11836,1.3,234.0,3.1,2.0,33,19,0,0,0,0,0,0.0,0,0,0,0,0,0
370.3,2026-05-16T18:22:58,0016c001f10c2ef6,20.4,3.0,17.4,0.0,7809,701,7108,9.0,0.39,0.37,0.42,316291445,1283528954,3258,11672,1.3,234.0,3.1,2.0,33,19,0,0,0,0,0,0.0,0,0,0,0,0,0
370.8,2026-05-16T18:22:59,0016c001f10c2ef6,9.2,2.9,6.3,0.0,7809,700,7109,9.0,0.39,0.37,0.42,316294635,1283540614,3190,11660,1.3,234.0,3.1,2.0,33,19,0,0,0,0,0,0.0,0,0,0,0,0,0
371.3,2026-05-16T18:22:59,0016c001f10c2ef6,6.5,3.0,3.6,0.0,7809,700,7109,9.0,0.39,0.37,0.42,316297621,1283552208,2986,11594,1.3,234.0,3.1,2.0,33,19,0,0,0,0,0,0.0,0,0,0,0,0,0
371.7,2026-05-16T18:22:59,0016c001f10c2ef6,8.1,2.9,5.2,0.0,7809,699,7110,9.0,0.39,0.37,0.42,316302493,1283594901,4872,42693,1.3,234.0,3.1,2.0,33,19,0,0,0,0,0,0.0,0,0,0,0,0,0
372.2,2026-05-16T18:23:00,0016c001f10c2ef6,6.4,1.7,4.6,0.0,7809,700,7109,9.0,0.36,0.36,0.41,316305531,1283606495,3038,11594,1.3,234.0,3.1,2.0,33,19,0,0,0,0,0,0.0,0,0,0,0,0,0
372.7,2026-05-16T18:23:00,0016c001f10c2ef6,6.6,3.0,3.6,0.0,7809,700,7109,9.0,0.36,0.36,0.41,316324876,1288360604,19345,4754109,1.3,234.0,3.1,2.0,33,19,0,0,0,0,0,0.0,0,0,0,0,0,0
373.5,2026-05-16T18:23:01,0016c001f10c2ef6,7.7,2.6,5.1,0.0,7809,698,7111,8.9,0.36,0.36,0.41,316340317,1288427145,15441,66541,1.3,234.0,3.1,2.0,33,19,0,0,0,0,0,0.0,0,0,0,0,0,0
374.0,2026-05-16T18:23:02,0016c001f10c2ef6,12.4,5.2,7.2,0.0,7809,698,7111,8.9,0.36,0.36,0.41,316343559,1288438805,3242,11660,1.3,234.0,3.1,2.0,33,19,0,0,0,0,0,0.0,0,0,0,0,0,0
374.5,2026-05-16T18:23:02,0016c001f10c2ef6,5.7,1.7,4.0,0.0,7809,700,7109,9.0,0.36,0.36,0.41,316346801,1288450399,3242,11594,1.3,234.0,3.1,2.0,33,19,0,0,0,0,0,0.0,0,0,0,0,0,0
375.0,2026-05-16T18:23:03,0016c001f10c2ef6,6.4,3.5,2.9,0.0,7809,699,7110,9.0,0.36,0.36,0.41,316350043,1288462059,3242,11660,1.3,234.0,3.1,2.0,33,19,0,0,0,0,0,0.0,0,0,0,0,0,0
375.4,2026-05-16T18:23:03,0016c001f10c2ef6,6.4,3.5,2.9,0.0,7809,699,7110,9.0,0.36,0.36,0.41,316353233,1288473653,3190,11594,1.3,234.0,3.1,2.0,33,19,0,0,0,0,0,0.0,0,0,0,0,0,0
375.9,2026-05-16T18:23:03,0016c001f10c2ef6,6.7,3.0,3.7,0.0,7809,699,7110,9.0,0.36,0.36,0.41,316357404,1288516184,4171,42531,1.3,234.0,3.1,2.0,33,19,0,0,0,0,0,0.0,0,0,0,0,0,0
376.4,2026-05-16T18:23:04,0016c001f10c2ef6,6.6,2.4,4.2,0.0,7809,699,7110,9.0,0.36,0.36,0.41,316360442,1288527778,3038,11594,1.3,234.0,3.1,2.0,33,19,0,0,0,0,0,0.0,0,0,0,0,0,0
376.8,2026-05-16T18:23:04,0016c001f10c2ef6,5.9,2.4,3.6,0.0,7809,699,7110,9.0,0.36,0.36,0.41,316363784,1288539372,3342,11594,1.3,234.0,3.1,2.0,33,19,0,0,0,0,0,0.0,0,0,0,0,0,0
377.3,2026-05-16T18:23:05,0016c001f10c2ef6,7.1,2.4,4.7,0.0,7809,699,7110,9.0,0.36,0.36,0.41,316366922,1288550966,3138,11594,1.3,234.0,3.1,2.0,33,19,0,0,0,0,0,0.0,0,0,0,0,0,0
377.8,2026-05-16T18:23:05,0016c001f10c2ef6,7.7,4.2,3.6,0.0,7809,698,7111,8.9,0.33,0.35,0.41,316370937,1288593431,4015,42465,1.3,234.0,3.1,2.0,33,19,0,0,0,0,0,0.0,0,0,0,0,0,0
378.2,2026-05-16T18:23:05,0016c001f10c2ef6,6.5,1.8,4.8,0.0,7809,699,7110,9.0,0.33,0.35,0.41,316374027,1288605025,3090,11594,1.3,234.0,3.1,2.0,33,19,0,0,0,0,0,0.0,0,0,0,0,0,0
378.7,2026-05-16T18:23:06,0016c001f10c2ef6,6.0,1.8,3.6,0.6,7809,700,7109,9.0,0.33,0.35,0.41,316377217,1288616685,3190,11660,1.3,234.0,3.1,2.0,33,19,0,0,0,0,0,0.0,0,0,0,0,0,0
379.2,2026-05-16T18:23:06,0016c001f10c2ef6,6.0,1.2,4.8,0.0,7809,700,7109,9.0,0.33,0.35,0.41,316380475,1288628357,3258,11672,1.3,234.0,3.1,2.0,33,19,0,0,0,0,0,0.0,0,0,0,0,0,0
379.7,2026-05-16T18:23:07,0016c001f10c2ef6,8.2,2.7,5.4,0.0,7809,700,7109,9.0,0.33,0.35,0.41,316384698,1288670954,4223,42597,1.3,234.0,3.1,2.0,33,19,0,0,0,0,0,0.0,0,0,0,0,0,0
380.2,2026-05-16T18:23:07,0016c001f10c2ef6,11.3,4.6,6.7,0.0,7809,701,7108,9.0,0.33,0.35,0.41,316387940,1288682614,3242,11660,1.3,234.0,3.1,2.0,33,19,0,0,0,0,0,0.0,0,0,0,0,0,0
380.7,2026-05-16T18:23:08,0016c001f10c2ef6,9.8,4.6,5.2,0.0,7809,699,7110,9.0,0.33,0.35,0.41,316391158,1288694496,3218,11882,1.3,234.0,3.1,2.0,33,19,0,0,0,0,0,0.0,0,0,0,0,0,0
381.3,2026-05-16T18:23:08,0016c001f10c2ef6,11.4,4.0,7.5,0.0,7809,699,7110,9.0,0.33,0.35,0.41,316394448,1288706222,3290,11726,1.3,234.0,3.1,2.0,33,19,0,0,0,0,0,0.0,0,0,0,0,0,0
381.9,2026-05-16T18:23:09,0016c001f10c2ef6,14.1,4.7,9.4,0.0,7809,700,7109,9.0,0.33,0.35,0.41,316398619,1288748753,4171,42531,1.3,234.0,3.1,2.0,33,19,0,0,0,0,0,0.0,0,0,0,0,0,0
382.3,2026-05-16T18:23:09,0016c001f10c2ef6,18.8,1.8,17.0,0.0,7809,701,7108,9.0,0.33,0.35,0.41,316401761,1288760347,3142,11594,1.3,234.0,3.1,2.0,33,19,0,0,0,0,0,0.0,0,0,0,0,0,0
382.8,2026-05-16T18:23:10,0016c001f10c2ef6,19.1,2.3,16.8,0.0,7809,701,7108,9.0,0.33,0.35,0.41,316405380,1288771941,3619,11594,1.3,234.0,3.1,2.0,33,19,0,0,0,0,0,0.0,0,0,0,0,0,0
383.3,2026-05-16T18:23:10,0016c001f10c2ef6,18.9,2.3,16.6,0.0,7809,701,7108,9.0,0.46,0.38,0.42,316408618,1288783535,3238,11594,1.3,234.0,3.1,2.0,33,19,0,0,0,0,0,0.0,0,0,0,0,0,0
383.8,2026-05-16T18:23:11,0016c001f10c2ef6,8.1,1.7,6.4,0.0,7809,701,7108,9.0,0.46,0.38,0.42,316412789,1288826000,4171,42465,1.3,234.0,3.1,2.0,33,19,0,0,0,0,0,0.0,0,0,0,0,0,0
384.3,2026-05-16T18:23:11,0016c001f10c2ef6,5.6,2.5,3.1,0.0,7809,701,7108,9.0,0.46,0.38,0.42,316415979,1288837594,3190,11594,1.3,234.0,3.1,2.0,33,19,0,0,0,0,0,0.0,0,0,0,0,0,0
384.7,2026-05-16T18:23:11,0016c001f10c2ef6,7.5,3.5,4.0,0.0,7809,701,7108,9.0,0.46,0.38,0.42,316419193,1288849274,3214,11680,1.3,234.0,3.1,2.0,33,19,0,0,0,0,0,0.0,0,0,0,0,0,0
385.2,2026-05-16T18:23:12,0016c001f10c2ef6,5.2,2.3,2.9,0.0,7809,701,7108,9.0,0.46,0.38,0.42,316422331,1288860868,3138,11594,1.3,234.1,3.1,2.0,33,19,0,0,0,0,0,0.0,0,0,0,0,0,0
385.7,2026-05-16T18:23:12,0016c001f10c2ef6,5.9,2.4,3.6,0.0,7809,701,7108,9.0,0.46,0.38,0.42,316426398,1288903333,4067,42465,1.3,234.1,3.1,2.0,33,19,0,0,0,0,0,0.0,0,0,0,0,0,0
386.2,2026-05-16T18:23:13,0016c001f10c2ef6,7.1,2.4,4.8,0.0,7809,701,7108,9.0,0.46,0.38,0.42,316429484,1288914927,3086,11594,1.3,234.1,3.1,2.0,33,19,0,0,0,0,0,0.0,0,0,0,0,0,0
386.6,2026-05-16T18:23:13,0016c001f10c2ef6,8.8,3.5,5.3,0.0,7809,700,7109,9.0,0.46,0.38,0.42,316432722,1288926587,3238,11660,1.3,234.1,3.1,2.0,33,19,0,0,0,0,0,0.0,0,0,0,0,0,0
387.1,2026-05-16T18:23:13,0016c001f10c2ef6,6.9,2.9,4.0,0.0,7809,700,7109,9.0,0.46,0.38,0.42,316435912,1288938181,3190,11594,1.3,234.1,3.1,2.0,33,19,0,0,0,0,0,0.0,0,0,0,0,0,0
387.7,2026-05-16T18:23:14,0016c001f10c2ef6,9.0,3.5,5.5,0.0,7809,700,7109,9.0,0.46,0.38,0.42,316439050,1288949907,3138,11726,1.3,234.1,3.1,2.0,33,19,0,0,0,0,0,0.0,0,0,0,0,0,0
388.2,2026-05-16T18:23:14,0016c001f10c2ef6,6.6,3.0,3.6,0.0,7809,701,7108,9.0,0.46,0.38,0.42,316443069,1288992372,4019,42465,1.3,234.1,3.1,2.0,33,19,0,0,0,0,0,0.0,0,0,0,0,0,0
388.7,2026-05-16T18:23:15,0016c001f10c2ef6,7.3,1.7,5.6,0.0,7809,701,7108,9.0,0.43,0.37,0.42,316446255,1289003966,3186,11594,1.3,234.1,3.1,2.0,33,19,0,0,0,0,0,0.0,0,0,0,0,0,0
389.2,2026-05-16T18:23:15,0016c001f10c2ef6,5.7,1.7,4.0,0.0,7809,700,7109,9.0,0.43,0.37,0.42,316449341,1289015626,3086,11660,1.3,234.1,3.1,2.0,33,19,0,0,0,0,0,0.0,0,0,0,0,0,0
389.7,2026-05-16T18:23:16,0016c001f10c2ef6,7.5,2.3,5.2,0.0,7809,700,7109,9.0,0.43,0.37,0.42,316452379,1289027220,3038,11594,1.3,234.1,3.1,2.0,33,19,0,0,0,0,0,0.0,0,0,0,0,0,0
390.1,2026-05-16T18:23:16,0016c001f10c2ef6,7.6,2.9,4.7,0.0,7809,700,7109,9.0,0.43,0.37,0.42,316456550,1289069685,4171,42465,1.3,234.2,3.1,2.0,33,19,0,0,0,0,0,0.0,0,0,0,0,0,0
390.6,2026-05-16T18:23:17,0016c001f10c2ef6,5.8,2.3,3.5,0.0,7809,700,7109,9.0,0.43,0.37,0.42,316459636,1289081279,3086,11594,1.3,234.2,3.1,2.0,33,19,0,0,0,0,0,0.0,0,0,0,0,0,0
391.1,2026-05-16T18:23:17,0016c001f10c2ef6,7.8,2.4,5.4,0.0,7809,701,7108,9.0,0.43,0.37,0.42,316462920,1289093902,3284,12623,1.3,234.2,3.1,2.0,33,19,0,0,0,0,0,0.0,0,0,0,0,0,0
391.6,2026-05-16T18:23:18,0016c001f10c2ef6,4.8,1.2,3.6,0.0,7809,701,7108,9.0,0.43,0.37,0.42,316466058,1289105496,3138,11594,1.3,234.2,3.1,2.0,34,19,1,0,0,0,0,0.0,0,0,0,0,0,0
392.0,2026-05-16T18:23:24,0016c001f10c2ef6,9.7,2.9,5.1,1.7,7809,702,7107,9.0,0.43,0.37,0.42,316470021,1289147994,3963,42498,1.3,234.2,3.1,2.0,34,19,0,0,0,0,0,0.0,0,0,0,0,0,0
392.5,2026-05-16T18:23:18,0016c001f10c2ef6,11.7,6.7,4.9,0.0,7809,701,7108,9.0,0.43,0.37,0.42,316473211,1289159621,3190,11627,1.3,234.2,3.1,2.0,34,19,0,0,0,0,0,0.0,0,0,0,0,0,0
393.0,2026-05-16T18:23:19,0016c001f10c2ef6,5.8,2.9,2.9,0.0,7809,701,7108,9.0,0.43,0.37,0.42,316476349,1289171248,3138,11627,1.3,234.2,3.1,2.0,34,19,0,0,0,0,0,0.0,0,0,0,0,0,0
393.5,2026-05-16T18:23:19,0016c001f10c2ef6,9.9,2.6,7.3,0.0,7809,700,7109,9.0,0.43,0.37,0.42,316479868,1289183007,3519,11759,1.3,234.2,3.1,2.0,34,19,0,0,0,0,0,0.0,0,0,0,0,0,0
394.0,2026-05-16T18:23:20,0016c001f10c2ef6,6.6,2.4,4.2,0.0,7809,700,7109,9.0,0.43,0.37,0.42,316484087,1289225505,4219,42498,1.3,234.2,3.1,2.0,34,19,0,0,0,0,0,0.0,0,0,0,0,0,0
394.4,2026-05-16T18:23:20,0016c001f10c2ef6,6.4,2.3,4.1,0.0,7809,700,7109,9.0,0.39,0.37,0.41,316487125,1289237132,3038,11627,1.3,234.2,3.1,2.0,34,19,0,0,0,0,0,0.0,0,0,0,0,0,0
394.9,2026-05-16T18:23:21,0016c001f10c2ef6,15.2,2.4,12.7,0.0,7809,701,7108,9.0,0.39,0.37,0.41,316490311,1289248825,3186,11693,1.3,234.2,3.1,2.0,34,19,0,0,0,0,0,0.0,0,0,0,0,0,0
395.4,2026-05-16T18:23:21,0016c001f10c2ef6,19.2,1.2,18.0,0.0,7809,701,7108,9.0,0.39,0.37,0.41,316493349,1289260452,3038,11627,1.3,234.2,3.1,2.0,34,19,0,0,0,0,0,0.0,0,0,0,0,0,0
395.9,2026-05-16T18:23:22,0016c001f10c2ef6,18.8,1.8,17.0,0.0,7809,701,7108,9.0,0.39,0.37,0.41,316496535,1289272079,3186,11627,1.3,234.2,3.1,2.0,34,19,0,0,0,0,0,0.0,0,0,0,0,0,0
396.3,2026-05-16T18:23:22,0016c001f10c2ef6,20.0,2.4,17.6,0.0,7809,700,7109,9.0,0.39,0.37,0.41,316500658,1289314577,4123,42498,1.3,234.2,3.1,2.0,34,19,0,0,0,0,0,0.0,0,0,0,0,0,0
396.8,2026-05-16T18:23:23,0016c001f10c2ef6,5.7,2.3,3.4,0.0,7809,700,7109,9.0,0.39,0.37,0.41,316503920,1289326348,3262,11771,1.3,234.2,3.1,2.0,34,19,0,0,0,0,0,0.0,0,0,0,0,0,0
397.3,2026-05-16T18:23:23,0016c001f10c2ef6,6.5,1.2,5.3,0.0,7809,702,7107,9.0,0.39,0.37,0.41,316507158,1289337975,3238,11627,1.3,234.2,3.1,2.0,34,19,0,0,0,0,0,0.0,0,0,0,0,0,0
397.8,2026-05-16T18:23:23,0016c001f10c2ef6,7.7,2.4,4.8,0.6,7809,701,7108,9.0,0.39,0.37,0.41,316510300,1289349602,3142,11627,1.3,234.2,3.1,2.0,34,19,0,0,0,0,0,0.0,0,0,0,0,0,0
398.2,2026-05-16T18:23:23,0016c001f10c2ef6,5.8,1.8,4.1,0.0,7809,701,7108,9.0,0.39,0.37,0.41,316514467,1289392100,4167,42498,1.3,234.2,3.1,2.0,34,19,0,0,0,0,0,0.0,0,0,0,0,0,0
398.7,2026-05-16T18:23:24,0016c001f10c2ef6,6.0,3.0,3.0,0.0,7809,701,7108,9.0,0.39,0.37,0.41,316517657,1289403727,3190,11627,1.3,234.2,3.1,2.0,34,19,0,0,0,0,0,0.0,0,0,0,0,0,0
399.2,2026-05-16T18:23:24,0016c001f10c2ef6,10.4,4.7,5.7,0.0,7809,702,7107,9.0,0.39,0.37,0.41,316520695,1289415486,3038,11759,1.3,234.2,3.1,2.0,34,19,0,0,0,0,0,0.0,0,0,0,0,0,0
399.7,2026-05-16T18:23:25,0016c001f10c2ef6,6.1,2.4,3.7,0.0,7809,702,7107,9.0,0.44,0.38,0.42,316523781,1289427113,3086,11627,1.3,234.2,3.1,2.0,34,19,0,0,0,0,0,0.0,0,0,0,0,0,0
400.1,2026-05-16T18:23:25,0016c001f10c2ef6,7.1,3.0,4.2,0.0,7809,701,7108,9.0,0.44,0.38,0.42,316528052,1289469611,4271,42498,1.3,234.2,3.1,2.0,34,19,0,0,0,0,0,0.0,0,0,0,0,0,0
400.6,2026-05-16T18:23:26,0016c001f10c2ef6,6.6,3.0,3.6,0.0,7809,702,7107,9.0,0.44,0.38,0.42,316531090,1289481238,3038,11627,1.3,234.2,3.1,2.0,34,19,0,0,0,0,0,0.0,0,0,0,0,0,0
401.1,2026-05-16T18:23:26,0016c001f10c2ef6,5.9,2.4,3.6,0.0,7809,701,7108,9.0,0.44,0.38,0.42,316534328,1289492865,3238,11627,1.3,234.2,3.1,2.0,34,19,0,0,0,0,0,0.0,0,0,0,0,0,0
401.6,2026-05-16T18:23:27,0016c001f10c2ef6,7.4,2.8,4.5,0.0,7809,700,7109,9.0,0.44,0.38,0.42,316537518,1289504492,3190,11627,1.3,234.1,3.1,2.0,34,19,0,0,0,0,0,0.0,0,0,0,0,0,0
402.0,2026-05-16T18:23:27,0016c001f10c2ef6,5.4,2.4,3.0,0.0,7809,701,7108,9.0,0.44,0.38,0.42,316540656,1289516119,3138,11627,1.3,234.1,3.1,2.0,34,19,0,0,0,0,0,0.0,0,0,0,0,0,0
402.5,2026-05-16T18:23:28,0016c001f10c2ef6,7.2,2.4,4.8,0.0,7809,701,7108,9.0,0.44,0.38,0.42,316544571,1289558617,3915,42498,1.3,234.1,3.1,2.0,34,19,0,0,0,0,0,0.0,0,0,0,0,0,0
403.0,2026-05-16T18:23:28,0016c001f10c2ef6,7.0,2.3,4.7,0.0,7809,702,7107,9.0,0.44,0.38,0.42,316547809,1289570310,3238,11693,1.3,234.1,3.1,2.0,34,19,0,0,0,0,0,0.0,0,0,0,0,0,0
403.4,2026-05-16T18:23:28,0016c001f10c2ef6,7.1,3.0,4.2,0.0,7809,702,7107,9.0,0.44,0.38,0.42,316551051,1289581937,3242,11627,1.3,234.1,3.1,2.0,34,19,0,0,0,0,0,0.0,0,0,0,0,0,0
403.9,2026-05-16T18:23:29,0016c001f10c2ef6,5.4,1.8,3.6,0.0,7809,702,7107,9.0,0.44,0.38,0.42,316554189,1289593564,3138,11627,1.3,234.1,3.1,2.0,34,19,0,0,0,0,0,0.0,0,0,0,0,0,0
404.4,2026-05-16T18:23:29,0016c001f10c2ef6,7.1,3.6,3.6,0.0,7809,701,7108,9.0,0.44,0.38,0.42,316558312,1289636128,4123,42564,1.3,234.1,3.1,2.0,34,19,0,0,0,0,0,0.0,0,0,0,0,0,0
404.9,2026-05-16T18:23:30,0016c001f10c2ef6,9.1,3.2,5.9,0.0,7809,701,7108,9.0,0.44,0.38,0.42,316561979,1289647887,3667,11759,1.3,234.1,3.1,2.0,34,19,0,0,0,0,0,0.0,0,0,0,0,0,0
405.4,2026-05-16T18:23:30,0016c001f10c2ef6,8.9,3.1,5.8,0.0,7809,700,7109,9.0,0.41,0.37,0.42,316565141,1289659658,3162,11771,1.3,234.1,3.1,2.0,34,19,0,0,0,0,0,0.0,0,0,0,0,0,0
405.9,2026-05-16T18:23:31,0016c001f10c2ef6,5.2,2.3,2.9,0.0,7809,701,7108,9.0,0.41,0.37,0.42,316568535,1289671285,3394,11627,1.3,234.1,3.1,2.0,34,19,0,0,0,0,0,0.0,0,0,0,0,0,0
406.4,2026-05-16T18:23:31,0016c001f10c2ef6,6.5,3.0,3.6,0.0,7809,701,7108,9.0,0.41,0.37,0.42,316572602,1289713849,4067,42564,1.3,233.9,3.1,2.0,34,19,0,0,0,0,0,0.0,0,0,0,0,0,0
406.9,2026-05-16T18:23:32,0016c001f10c2ef6,5.9,3.0,3.0,0.0,7809,701,7108,9.0,0.41,0.37,0.42,316575692,1289725476,3090,11627,1.3,233.9,3.1,2.0,34,19,0,0,0,0,0,0.0,0,0,0,0,0,0
407.3,2026-05-16T18:23:32,0016c001f10c2ef6,6.0,2.4,3.6,0.0,7809,701,7108,9.0,0.41,0.37,0.42,316578830,1289737169,3138,11693,1.3,233.9,3.1,2.0,34,19,0,0,0,0,0,0.0,0,0,0,0,0,0
407.8,2026-05-16T18:23:33,0016c001f10c2ef6,10.6,2.5,8.1,0.0,7809,702,7107,9.0,0.41,0.37,0.42,316581968,1289748796,3138,11627,1.3,233.9,3.1,2.0,34,19,0,0,0,0,0,0.0,0,0,0,0,0,0
408.3,2026-05-16T18:23:33,0016c001f10c2ef6,19.3,3.0,16.3,0.0,7809,702,7107,9.0,0.41,0.37,0.42,316586187,1289791294,4219,42498,1.3,233.9,3.1,2.0,34,19,0,0,0,0,0,0.0,0,0,0,0,0,0
408.8,2026-05-16T18:23:33,0016c001f10c2ef6,19.6,2.7,16.8,0.0,7809,702,7107,9.0,0.41,0.37,0.42,316589389,1289803097,3202,11803,1.3,233.9,3.1,2.0,34,19,0,0,0,0,0,0.0,0,0,0,0,0,0
409.3,2026-05-16T18:23:33,0016c001f10c2ef6,19.6,2.4,17.3,0.0,7809,702,7107,9.0,0.41,0.37,0.42,316592479,1289814724,3090,11627,1.3,233.9,3.1,2.0,34,19,0,0,0,0,0,0.0,0,0,0,0,0,0
409.7,2026-05-16T18:23:34,0016c001f10c2ef6,9.7,3.0,6.7,0.0,7809,702,7107,9.0,0.41,0.37,0.42,316595873,1289826417,3394,11693,1.3,233.9,3.1,2.0,34,19,0,0,0,0,0,0.0,0,0,0,0,0,0
410.2,2026-05-16T18:23:34,0016c001f10c2ef6,6.7,3.0,3.6,0.0,7809,702,7107,9.0,0.41,0.37,0.42,316599011,1289838044,3138,11627,1.3,233.9,3.1,2.0,34,19,0,0,0,0,0,0.0,0,0,0,0,0,0
410.6,2026-05-16T18:23:35,0016c001f10c2ef6,7.6,3.5,4.1,0.0,7809,702,7107,9.0,0.37,0.37,0.41,316603182,1289880608,4171,42564,1.3,233.9,3.1,2.0,34,19,0,0,0,0,0,0.0,0,0,0,0,0,0
411.2,2026-05-16T18:23:35,0016c001f10c2ef6,9.0,3.2,5.8,0.0,7809,702,7107,9.0,0.37,0.37,0.41,316606424,1289892367,3242,11759,1.3,233.9,3.1,2.0,34,19,0,0,0,0,0,0.0,0,0,0,0,0,0
411.7,2026-05-16T18:23:36,0016c001f10c2ef6,9.4,2.6,6.8,0.0,7809,701,7108,9.0,0.37,0.37,0.41,316609618,1289904060,3194,11693,1.3,233.9,3.1,2.0,34,19,0,0,0,0,0,0.0,0,0,0,0,0,0
412.2,2026-05-16T18:23:36,0016c001f10c2ef6,6.3,1.7,4.6,0.0,7809,701,7108,9.0,0.37,0.37,0.41,316612908,1289915687,3290,11627,1.3,233.9,3.1,2.0,34,19,0,0,0,0,0,0.0,0,0,0,0,0,0
412.7,2026-05-16T18:23:37,0016c001f10c2ef6,8.2,4.1,4.1,0.0,7809,701,7108,9.0,0.37,0.37,0.41,316617027,1289958251,4119,42564,1.3,233.9,3.1,2.0,34,19,0,0,0,0,0,0.0,0,0,0,0,0,0
413.1,2026-05-16T18:23:37,0016c001f10c2ef6,4.2,1.2,3.0,0.0,7809,702,7107,9.0,0.37,0.37,0.41,316620013,1289969878,2986,11627,1.3,233.9,3.1,2.0,34,19,0,0,0,0,0,0.0,0,0,0,0,0,0
413.6,2026-05-16T18:23:38,0016c001f10c2ef6,7.1,3.0,4.1,0.0,7809,701,7108,9.0,0.37,0.37,0.41,316623175,1289981661,3162,11783,1.3,233.9,3.1,2.0,34,19,0,0,0,0,0,0.0,0,0,0,0,0,0
414.1,2026-05-16T18:23:38,0016c001f10c2ef6,5.3,1.2,4.1,0.0,7809,701,7108,9.0,0.37,0.37,0.41,316626333,1289993366,3158,11705,1.3,233.9,3.1,2.0,34,19,0,0,0,0,0,0.0,0,0,0,0,0,0
414.5,2026-05-16T18:23:38,0016c001f10c2ef6,6.7,2.4,4.3,0.0,7809,701,7108,9.0,0.37,0.37,0.41,316630504,1290035864,4171,42498,1.3,233.9,3.1,2.0,34,19,0,0,0,0,0,0.0,0,0,0,0,0,0
415.0,2026-05-16T18:23:39,0016c001f10c2ef6,7.6,3.5,4.1,0.0,7809,701,7108,9.0,0.37,0.37,0.41,316633642,1290047491,3138,11627,1.3,233.9,3.1,2.0,34,19,0,0,0,0,0,0.0,0,0,0,0,0,0
415.5,2026-05-16T18:23:39,0016c001f10c2ef6,7.1,2.9,4.1,0.0,7809,701,7108,9.0,0.37,0.37,0.41,316636832,1290059118,3190,11627,1.3,233.9,3.1,2.0,34,19,0,0,0,0,0,0.0,0,0,0,0,0,0
415.9,2026-05-16T18:23:40,0016c001f10c2ef6,7.4,2.8,4.5,0.0,7809,702,7107,9.0,0.37,0.37,0.41,316640451,1290070745,3619,11627,1.3,233.9,3.1,2.0,34,19,0,0,0,0,0,0.0,0,0,0,0,0,0
416.4,2026-05-16T18:23:40,0016c001f10c2ef6,6.5,2.4,3.6,0.6,7809,702,7107,9.0,0.34,0.36,0.41,316644618,1290113243,4167,42498,1.3,233.9,3.1,2.0,34,19,0,0,0,0,0,0.0,0,0,0,0,0,0
416.9,2026-05-16T18:23:41,0016c001f10c2ef6,6.6,2.4,4.2,0.0,7809,701,7108,9.0,0.34,0.36,0.41,316647756,1290124870,3138,11627,1.3,233.9,3.1,2.0,34,19,0,0,0,0,0,0.0,0,0,0,0,0,0
417.4,2026-05-16T18:23:41,0016c001f10c2ef6,9.4,3.1,6.3,0.0,7809,702,7107,9.0,0.34,0.36,0.41,316650794,1290136563,3038,11693,1.3,233.9,3.1,2.0,34,19,0,0,0,0,0,0.0,0,0,0,0,0,0
417.9,2026-05-16T18:23:42,0016c001f10c2ef6,6.0,1.8,4.2,0.0,7809,702,7107,9.0,0.34,0.36,0.41,316654032,1290148190,3238,11627,1.3,233.9,3.1,2.0,34,19,0,0,0,0,0,0.0,0,0,0,0,0,0
418.3,2026-05-16T18:23:42,0016c001f10c2ef6,5.4,1.2,4.2,0.0,7809,702,7107,9.0,0.34,0.36,0.41,316657070,1290159883,3038,11693,1.3,234.1,3.1,2.0,34,19,0,0,0,0,0,0.0,0,0,0,0,0,0
418.8,2026-05-16T18:23:43,0016c001f10c2ef6,8.3,3.0,5.4,0.0,7809,702,7107,9.0,0.34,0.36,0.41,316661033,1290202381,3963,42498,1.3,234.1,3.1,2.0,34,19,0,0,0,0,0,0.0,0,0,0,0,0,0
419.3,2026-05-16T18:23:43,0016c001f10c2ef6,8.0,1.7,6.3,0.0,7809,702,7107,9.0,0.34,0.36,0.41,316664119,1290214008,3086,11627,1.3,234.1,3.1,2.0,34,19,0,0,0,0,0,0.0,0,0,0,0,0,0
419.8,2026-05-16T18:23:43,0016c001f10c2ef6,7.8,4.2,3.6,0.0,7809,702,7107,9.0,0.34,0.36,0.41,316667357,1290225635,3238,11627,1.3,234.1,3.1,2.0,34,19,0,0,0,0,0,0.0,0,0,0,0,0,0
420.2,2026-05-16T18:23:43,0016c001f10c2ef6,6.2,1.7,4.5,0.0,7809,702,7107,9.0,0.34,0.36,0.41,316670495,1290237262,3138,11627,1.3,234.1,3.1,2.0,34,19,0,0,0,0,0,0.0,0,0,0,0,0,0
420.7,2026-05-16T18:23:44,0016c001f10c2ef6,12.1,1.7,10.3,0.0,7809,701,7108,9.0,0.34,0.36,0.41,316674410,1290279760,3915,42498,1.3,234.2,3.1,2.0,34,19,0,0,0,0,0,0.0,0,0,0,0,0,0
421.2,2026-05-16T18:23:44,0016c001f10c2ef6,18.7,2.3,16.4,0.0,7809,701,7108,9.0,0.34,0.36,0.41,316677648,1290291387,3238,11627,1.3,234.2,3.1,2.0,34,19,0,0,0,0,0,0.0,0,0,0,0,0,0
421.7,2026-05-16T18:23:45,0016c001f10c2ef6,18.1,2.3,15.8,0.0,7809,701,7108,9.0,0.39,0.37,0.41,316680786,1290303014,3138,11627,1.3,234.2,3.1,2.0,34,19,0,0,0,0,0,0.0,0,0,0,0,0,0
422.2,2026-05-16T18:23:45,0016c001f10c2ef6,19.8,2.8,16.9,0.0,7809,702,7107,9.0,0.39,0.37,0.41,316684028,1290314641,3242,11627,1.3,234.2,3.1,2.0,34,19,0,0,0,0,0,0.0,0,0,0,0,0,0
422.7,2026-05-16T18:23:46,0016c001f10c2ef6,6.0,2.4,3.6,0.0,7809,700,7109,9.0,0.39,0.37,0.41,316688251,1290357139,4223,42498,1.3,234.3,3.1,2.0,34,19,0,0,0,0,0,0.0,0,0,0,0,0,0
423.2,2026-05-16T18:23:46,0016c001f10c2ef6,9.4,4.2,5.2,0.0,7809,699,7110,9.0,0.39,0.37,0.41,316691599,1290369174,3348,12035,1.3,234.3,3.1,2.0,34,19,0,0,0,0,0,0.0,0,0,0,0,0,0
423.7,2026-05-16T18:23:47,0016c001f10c2ef6,5.8,2.3,3.5,0.0,7809,701,7108,9.0,0.39,0.37,0.41,316694737,1290380801,3138,11627,1.3,234.3,3.1,2.0,34,19,0,0,0,0,0,0.0,0,0,0,0,0,0
424.2,2026-05-16T18:23:47,0016c001f10c2ef6,5.8,2.9,2.9,0.0,7809,701,7108,9.0,0.39,0.37,0.41,316697927,1290392428,3190,11627,1.3,233.8,3.1,2.0,34,19,0,0,0,0,0,0.0,0,0,0,0,0,0
424.7,2026-05-16T18:23:48,0016c001f10c2ef6,8.8,2.4,4.7,1.8,7809,702,7107,9.0,0.39,0.37,0.41,316701842,1290434926,3915,42498,1.3,233.8,3.1,2.0,34,19,0,0,0,0,0,0.0,0,0,0,0,0,0
425.1,2026-05-16T18:23:48,0016c001f10c2ef6,7.6,2.4,5.3,0.0,7809,702,7107,9.0,0.39,0.37,0.41,316704928,1290446553,3086,11627,1.3,233.8,3.1,2.0,34,19,0,0,0,0,0,0.0,0,0,0,0,0,0
425.6,2026-05-16T18:23:48,0016c001f10c2ef6,6.5,1.8,4.7,0.0,7809,701,7108,9.0,0.39,0.37,0.41,316707962,1290458180,3034,11627,1.3,233.8,3.1,2.0,34,19,0,0,0,0,0,0.0,0,0,0,0,0,0
426.1,2026-05-16T18:23:49,0016c001f10c2ef6,6.4,2.3,4.0,0.0,7809,702,7107,9.0,0.39,0.37,0.41,316711152,1290469807,3190,11627,1.3,233.8,3.1,2.0,34,19,0,0,0,0,0,0.0,0,0,0,0,0,0
426.6,2026-05-16T18:23:49,0016c001f10c2ef6,6.4,2.3,4.1,0.0,7809,701,7108,9.0,0.39,0.37,0.41,316715592,1290512305,4440,42498,1.3,233.8,3.1,2.0,34,19,0,0,0,0,0,0.0,0,0,0,0,0,0
427.0,2026-05-16T18:23:50,0016c001f10c2ef6,8.2,3.5,4.7,0.0,7809,702,7107,9.0,0.39,0.37,0.41,316718942,1290523932,3350,11627,1.3,233.8,3.1,2.0,34,19,0,0,0,0,0,0.0,0,0,0,0,0,0
427.5,2026-05-16T18:23:50,0016c001f10c2ef6,4.7,1.2,3.6,0.0,7809,701,7108,9.0,0.36,0.36,0.41,316722180,1290535625,3238,11693,1.3,233.8,3.1,2.0,34,19,0,0,0,0,0,0.0,0,0,0,0,0,0
428.0,2026-05-16T18:23:51,0016c001f10c2ef6,8.5,4.0,4.5,0.0,7809,701,7108,9.0,0.36,0.36,0.41,316725422,1290547252,3242,11627,1.3,233.8,3.1,2.0,34,19,0,0,0,0,0,0.0,0,0,0,0,0,0
428.5,2026-05-16T18:23:51,0016c001f10c2ef6,6.5,2.9,3.5,0.0,7809,701,7108,9.0,0.36,0.36,0.41,316728612,1290558879,3190,11627,1.3,233.8,3.1,2.0,34,19,0,0,0,0,0,0.0,0,0,0,0,0,0
429.0,2026-05-16T18:23:52,0016c001f10c2ef6,10.8,4.6,6.2,0.0,7809,699,7110,9.0,0.36,0.36,0.41,316732731,1290601509,4119,42630,1.3,233.8,3.1,2.0,34,19,0,0,0,0,0,0.0,0,0,0,0,0,0
429.5,2026-05-16T18:23:52,0016c001f10c2ef6,9.2,3.1,6.2,0.0,7809,699,7110,9.0,0.36,0.36,0.41,316735769,1290613268,3038,11759,1.3,233.8,3.1,2.0,34,19,0,0,0,0,0,0.0,0,0,0,0,0,0
430.0,2026-05-16T18:23:53,0016c001f10c2ef6,6.3,1.7,4.6,0.0,7809,700,7109,9.0,0.36,0.36,0.41,316738955,1290624895,3186,11627,1.3,233.8,3.1,2.0,34,19,0,0,0,0,0,0.0,0,0,0,0,0,0
430.5,2026-05-16T18:23:53,0016c001f10c2ef6,7.0,2.3,4.7,0.0,7809,700,7109,9.0,0.36,0.36,0.41,316742093,1290636588,3138,11693,1.3,233.8,3.1,2.0,34,19,0,0,0,0,0,0.0,0,0,0,0,0,0
431.0,2026-05-16T18:23:53,0016c001f10c2ef6,6.2,2.5,3.7,0.0,7809,700,7109,9.0,0.36,0.36,0.41,316746212,1290679086,4119,42498,1.3,234.0,3.1,2.0,34,19,0,0,0,0,0,0.0,0,0,0,0,0,0
431.4,2026-05-16T18:23:54,0016c001f10c2ef6,7.0,2.9,4.1,0.0,7809,700,7109,9.0,0.36,0.36,0.41,316749198,1290690713,2986,11627,1.3,234.0,3.1,2.0,34,19,0,0,0,0,0,0.0,0,0,0,0,0,0
431.9,2026-05-16T18:23:54,0016c001f10c2ef6,7.6,1.8,5.9,0.0,7809,701,7108,9.0,0.36,0.36,0.41,316752460,1290702418,3262,11705,1.3,234.0,3.1,2.0,34,19,0,0,0,0,0,0.0,0,0,0,0,0,0
432.4,2026-05-16T18:23:55,0016c001f10c2ef6,6.9,1.7,5.1,0.0,7809,699,7110,9.0,0.36,0.36,0.41,316755646,1290714045,3186,11627,1.3,234.0,3.1,2.0,34,19,0,0,0,0,0,0.0,0,0,0,0,0,0
432.9,2026-05-16T18:23:55,0016c001f10c2ef6,7.0,2.3,4.7,0.0,7809,699,7110,9.0,0.41,0.37,0.41,316759713,1290756543,4067,42498,1.3,234.0,3.1,2.0,34,19,0,0,0,0,0,0.0,0,0,0,0,0,0
433.3,2026-05-16T18:23:56,0016c001f10c2ef6,7.1,2.9,4.1,0.0,7809,699,7110,9.0,0.41,0.37,0.41,316762851,1290768236,3138,11693,1.3,234.0,3.1,2.0,34,19,0,0,0,0,0,0.0,0,0,0,0,0,0
433.8,2026-05-16T18:23:56,0016c001f10c2ef6,14.7,3.5,11.2,0.0,7809,700,7109,9.0,0.41,0.37,0.41,316765941,1290779863,3090,11627,1.3,234.0,3.1,2.0,34,19,0,0,0,0,0,0.0,0,0,0,0,0,0
434.3,2026-05-16T18:23:57,0016c001f10c2ef6,18.3,1.8,16.6,0.0,7809,702,7107,9.0,0.41,0.37,0.41,316769127,1290791490,3186,11627,1.3,234.0,3.1,2.0,34,19,0,0,0,0,0,0.0,0,0,0,0,0,0
434.8,2026-05-16T18:23:57,0016c001f10c2ef6,21.1,2.4,18.7,0.0,7809,702,7107,9.0,0.41,0.37,0.41,316773402,1290834671,4275,43181,1.3,233.8,3.1,2.0,34,19,0,0,0,0,0,0.0,0,0,0,0,0,0
435.3,2026-05-16T18:23:57,0016c001f10c2ef6,21.1,4.0,17.1,0.0,7809,702,7107,9.0,0.41,0.37,0.41,316776638,1290847860,3236,13189,1.3,233.8,3.1,2.0,34,19,0,0,0,0,0,0.0,0,0,0,0,0,0
435.8,2026-05-16T18:23:58,0016c001f10c2ef6,6.9,1.7,5.1,0.0,7809,701,7108,9.0,0.41,0.37,0.41,316779728,1290859487,3090,11627,1.3,233.8,3.1,2.0,34,19,0,0,0,0,0,0.0,0,0,0,0,0,0
436.2,2026-05-16T18:23:58,0016c001f10c2ef6,5.9,2.4,3.6,0.0,7809,701,7108,9.0,0.41,0.37,0.41,316782814,1290871180,3086,11693,1.3,233.8,3.1,2.0,34,19,0,0,0,0,0,0.0,0,0,0,0,0,0
436.7,2026-05-16T18:23:58,0016c001f10c2ef6,6.1,2.4,3.7,0.0,7809,701,7108,9.0,0.41,0.37,0.41,316785948,1290882807,3134,11627,1.3,233.8,3.1,2.0,34,19,0,0,0,0,0,0.0,0,0,0,0,0,0
437.2,2026-05-16T18:23:59,0016c001f10c2ef6,7.0,2.3,4.7,0.0,7809,701,7108,9.0,0.41,0.37,0.41,316790067,1290925371,4119,42564,1.3,233.8,3.1,2.0,34,19,0,0,0,0,0,0.0,0,0,0,0,0,0
437.6,2026-05-16T18:23:59,0016c001f10c2ef6,5.7,2.3,3.4,0.0,7809,700,7109,9.0,0.41,0.37,0.41,316793606,1290937084,3539,11713,1.3,233.8,3.1,2.0,34,19,0,0,0,0,0,0.0,0,0,0,0,0,0
438.1,2026-05-16T18:24:00,0016c001f10c2ef6,6.5,2.9,3.5,0.0,7809,700,7109,9.0,0.38,0.37,0.41,316796744,1290948711,3138,11627,1.3,233.8,3.1,2.0,34,19,0,0,0,0,0,0.0,0,0,0,0,0,0
438.6,2026-05-16T18:24:00,0016c001f10c2ef6,6.5,2.4,4.1,0.0,7809,700,7109,9.0,0.38,0.37,0.41,316800034,1290960338,3290,11627,1.3,233.8,3.1,2.0,34,19,0,0,0,0,0,0.0,0,0,0,0,0,0
439.1,2026-05-16T18:24:01,0016c001f10c2ef6,7.3,3.0,4.3,0.0,7809,700,7109,9.0,0.38,0.37,0.41,316804049,1291002836,4015,42498,1.3,233.8,3.1,2.0,34,19,0,0,0,0,0,0.0,0,0,0,0,0,0
439.5,2026-05-16T18:24:01,0016c001f10c2ef6,5.8,2.3,3.5,0.0,7809,700,7109,9.0,0.38,0.37,0.41,316807035,1291014463,2986,11627,1.3,233.8,3.1,2.0,34,19,0,0,0,0,0,0.0,0,0,0,0,0,0
440.0,2026-05-16T18:24:02,0016c001f10c2ef6,6.5,1.8,4.8,0.0,7809,700,7109,9.0,0.38,0.37,0.41,316810121,1291026090,3086,11627,1.3,233.8,3.1,2.0,34,19,0,0,0,0,0,0.0,0,0,0,0,0,0
440.5,2026-05-16T18:24:02,0016c001f10c2ef6,6.9,1.7,4.6,0.6,7809,700,7109,9.0,0.38,0.37,0.41,316813359,1291037717,3238,11627,1.3,233.8,3.1,2.0,34,19,0,0,0,0,0,0.0,0,0,0,0,0,0
441.0,2026-05-16T18:24:03,0016c001f10c2ef6,10.1,3.2,6.9,0.0,7809,700,7109,9.0,0.38,0.37,0.41,316817426,1291080347,4067,42630,1.3,233.8,3.1,2.0,34,19,0,0,0,0,0,0.0,0,0,0,0,0,0
441.5,2026-05-16T18:24:03,0016c001f10c2ef6,10.0,4.7,5.3,0.0,7809,700,7109,9.0,0.38,0.37,0.41,316820464,1291091974,3038,11627,1.3,233.8,3.1,2.0,34,19,0,0,0,0,0,0.0,0,0,0,0,0,0
441.9,2026-05-16T18:24:03,0016c001f10c2ef6,5.9,1.8,4.1,0.0,7809,700,7109,9.0,0.38,0.37,0.41,316823598,1291103601,3134,11627,1.3,233.8,3.1,2.0,34,19,0,0,0,0,0,0.0,0,0,0,0,0,0
442.4,2026-05-16T18:24:04,0016c001f10c2ef6,6.5,2.4,4.2,0.0,7809,699,7110,9.0,0.38,0.37,0.41,316826688,1291115228,3090,11627,1.3,233.8,3.1,2.0,34,19,0,0,0,0,0,0.0,0,0,0,0,0,0
442.9,2026-05-16T18:24:04,0016c001f10c2ef6,5.2,1.2,4.1,0.0,7809,701,7108,9.0,0.38,0.37,0.41,316829826,1291126855,3138,11627,1.3,233.8,3.1,2.0,34,19,0,0,0,0,0,0.0,0,0,0,0,0,0
443.3,2026-05-16T18:24:05,0016c001f10c2ef6,6.2,2.5,3.7,0.0,7809,701,7108,9.0,0.38,0.37,0.41,316833993,1291169287,4167,42432,1.3,233.8,3.1,2.0,34,19,0,0,0,0,0,0.0,0,0,0,0,0,0
443.8,2026-05-16T18:24:05,0016c001f10c2ef6,6.4,1.7,4.7,0.0,7809,700,7109,9.0,0.35,0.36,0.41,316837031,1291180914,3038,11627,1.3,233.8,3.1,2.0,34,19,0,0,0,0,0,0.0,0,0,0,0,0,0
444.3,2026-05-16T18:24:06,0016c001f10c2ef6,7.0,2.9,4.1,0.0,7809,700,7109,9.0,0.35,0.36,0.41,316840321,1291192541,3290,11627,1.3,233.8,3.1,2.0,34,19,0,0,0,0,0,0.0,0,0,0,0,0,0
444.8,2026-05-16T18:24:06,0016c001f10c2ef6,6.3,1.7,4.6,0.0,7809,700,7109,9.0,0.35,0.36,0.41,316843575,1291204410,3254,11869,1.3,233.8,3.1,2.0,34,19,0,0,0,0,0,0.0,0,0,0,0,0,0
445.3,2026-05-16T18:24:06,0016c001f10c2ef6,5.8,1.7,4.1,0.0,7809,701,7108,9.0,0.35,0.36,0.41,316847594,1291246908,4019,42498,1.3,233.6,3.1,2.0,34,19,0,0,0,0,0,0.0,0,0,0,0,0,0
445.7,2026-05-16T18:24:07,0016c001f10c2ef6,8.4,4.2,4.2,0.0,7809,702,7107,9.0,0.35,0.36,0.41,316850680,1291258535,3086,11627,1.3,233.6,3.1,2.0,34,19,0,0,0,0,0,0.0,0,0,0,0,0,0
446.2,2026-05-16T18:24:07,0016c001f10c2ef6,6.8,3.7,3.1,0.0,7809,701,7108,9.0,0.35,0.36,0.41,316854068,1291272431,3388,13896,1.3,233.6,3.1,2.0,34,19,0,0,0,0,0,0.0,0,0,0,0,0,0
446.7,2026-05-16T18:24:08,0016c001f10c2ef6,15.8,3.3,12.6,0.0,7809,701,7108,9.0,0.35,0.36,0.41,316857282,1291284346,3214,11915,1.3,233.6,3.1,2.0,34,19,0,0,0,0,0,0.0,0,0,0,0,0,0
447.1,2026-05-16T18:24:14,0016c001f10c2ef6,19.8,1.9,17.9,0.0,7809,701,7108,9.0,0.35,0.36,0.41,316861301,1291326910,4019,42564,1.3,233.6,3.1,2.0,34,19,0,0,0,0,0,0.0,0,0,0,0,0,0
447.6,2026-05-16T18:24:08,0016c001f10c2ef6,21.6,2.9,18.7,0.0,7809,702,7107,9.0,0.35,0.36,0.41,316864543,1291338537,3242,11627,1.3,233.6,3.1,2.0,34,19,0,0,0,0,0,0.0,0,0,0,0,0,0
448.1,2026-05-16T18:24:09,0016c001f10c2ef6,19.4,3.1,16.2,0.0,7809,702,7107,9.0,0.35,0.36,0.41,316867681,1291350164,3138,11627,1.3,233.6,3.1,2.0,34,19,0,0,0,0,0,0.0,0,0,0,0,0,0
448.6,2026-05-16T18:24:09,0016c001f10c2ef6,7.6,2.3,5.2,0.0,7809,702,7107,9.0,0.35,0.36,0.41,316871296,1291361791,3615,11627,1.3,233.6,3.1,2.0,34,19,0,0,0,0,0,0.0,0,0,0,0,0,0
449.0,2026-05-16T18:24:10,0016c001f10c2ef6,7.1,2.4,4.7,0.0,7809,702,7107,9.0,0.35,0.36,0.41,316874434,1291373484,3138,11693,1.3,233.6,3.1,2.0,34,19,0,0,0,0,0,0.0,0,0,0,0,0,0
449.5,2026-05-16T18:24:10,0016c001f10c2ef6,7.7,3.0,4.7,0.0,7809,702,7107,9.0,0.32,0.36,0.41,316878469,1291416060,4035,42576,1.3,233.6,3.1,2.0,34,19,0,0,0,0,0,0.0,0,0,0,0,0,0
450.0,2026-05-16T18:24:11,0016c001f10c2ef6,5.8,1.2,4.7,0.0,7809,701,7108,9.0,0.32,0.36,0.41,316881455,1291427687,2986,11627,1.3,233.6,3.1,2.0,34,19,0,0,0,0,0,0.0,0,0,0,0,0,0
450.5,2026-05-16T18:24:11,0016c001f10c2ef6,6.9,2.3,4.6,0.0,7809,701,7108,9.0,0.32,0.36,0.41,316884593,1291439314,3138,11627,1.3,233.6,3.1,2.0,34,19,0,0,0,0,0,0.0,0,0,0,0,0,0
450.9,2026-05-16T18:24:12,0016c001f10c2ef6,8.4,3.4,5.1,0.0,7809,701,7108,9.0,0.32,0.36,0.41,316887831,1291450941,3238,11627,1.3,233.6,3.1,2.0,34,19,0,0,0,0,0,0.0,0,0,0,0,0,0
451.4,2026-05-16T18:24:12,0016c001f10c2ef6,7.9,3.0,4.8,0.0,7809,701,7108,9.0,0.32,0.36,0.41,316891846,1291493439,4015,42498,1.3,233.6,3.1,2.0,34,19,0,0,0,0,0,0.0,0,0,0,0,0,0
451.9,2026-05-16T18:24:13,0016c001f10c2ef6,7.1,3.0,4.2,0.0,7809,701,7108,9.0,0.32,0.36,0.41,316894932,1291505066,3086,11627,1.3,233.6,3.1,2.0,34,19,0,0,0,0,0,0.0,0,0,0,0,0,0
452.4,2026-05-16T18:24:13,0016c001f10c2ef6,8.7,3.3,5.4,0.0,7809,701,7108,9.0,0.32,0.36,0.41,316898070,1291516759,3138,11693,1.3,233.6,3.1,2.0,34,19,0,0,0,0,0,0.0,0,0,0,0,0,0
452.8,2026-05-16T18:24:13,0016c001f10c2ef6,13.9,6.4,4.0,3.5,7809,700,7109,9.0,0.32,0.36,0.41,316901160,1291528452,3090,11693,1.3,233.6,3.1,2.0,34,19,0,0,0,0,0,0.0,0,0,0,0,0,0
453.3,2026-05-16T18:24:14,0016c001f10c2ef6,5.4,3.6,1.8,0.0,7809,700,7109,9.0,0.32,0.36,0.41,316905327,1291570950,4167,42498,1.3,233.6,3.1,2.0,34,19,0,0,0,0,0,0.0,0,0,0,0,0,0
453.8,2026-05-16T18:24:14,0016c001f10c2ef6,7.6,2.9,4.7,0.0,7809,700,7109,9.0,0.32,0.36,0.41,316908413,1291582577,3086,11627,1.3,233.6,3.1,2.0,34,19,0,0,0,0,0,0.0,0,0,0,0,0,0
454.3,2026-05-16T18:24:14,0016c001f10c2ef6,6.5,1.8,4.7,0.0,7809,700,7109,9.0,0.32,0.36,0.41,316911603,1291594270,3190,11693,1.3,233.6,3.1,2.0,34,19,0,0,0,0,0,0.0,0,0,0,0,0,0
454.7,2026-05-16T18:24:15,0016c001f10c2ef6,5.9,2.4,3.6,0.0,7809,700,7109,9.0,0.46,0.38,0.42,316914793,1291605897,3190,11627,1.3,233.6,3.1,2.0,34,19,0,0,0,0,0,0.0,0,0,0,0,0,0
455.2,2026-05-16T18:24:15,0016c001f10c2ef6,5.3,1.2,4.1,0.0,7809,700,7109,9.0,0.46,0.38,0.42,316918704,1291648395,3911,42498,1.3,233.6,3.1,2.0,34,19,0,0,0,0,0,0.0,0,0,0,0,0,0
455.7,2026-05-16T18:24:16,0016c001f10c2ef6,7.3,3.0,4.3,0.0,7809,700,7109,9.0,0.46,0.38,0.42,316921690,1291660022,2986,11627,1.3,233.6,3.1,2.0,34,19,0,0,0,0,0,0.0,0,0,0,0,0,0
456.2,2026-05-16T18:24:16,0016c001f10c2ef6,6.9,3.4,3.4,0.0,7809,700,7109,9.0,0.46,0.38,0.42,316924928,1291671649,3238,11627,1.3,233.6,3.1,2.0,34,19,0,0,0,0,0,0.0,0,0,0,0,0,0
456.6,2026-05-16T18:24:17,0016c001f10c2ef6,6.0,2.4,3.6,0.0,7809,699,7110,9.0,0.46,0.38,0.42,316928018,1291683276,3090,11627,1.3,233.6,3.1,2.0,34,19,0,0,0,0,0,0.0,0,0,0,0,0,0
457.1,2026-05-16T18:24:17,0016c001f10c2ef6,5.8,1.2,4.7,0.0,7809,701,7108,9.0,0.46,0.38,0.42,316931156,1291695631,3138,12355,1.3,233.6,3.1,2.0,34,19,0,0,0,0,0,0.0,0,0,0,0,0,0
457.6,2026-05-16T18:24:18,0016c001f10c2ef6,11.9,5.6,5.6,0.6,7809,699,7110,9.0,0.46,0.38,0.42,316935323,1291739327,4167,43696,1.3,233.6,3.1,2.0,37,22,3,3,0,0,0,0.0,0,0,0,0,0,0
458.1,2026-05-16T18:24:18,0016c001f10c2ef6,7.0,2.8,4.2,0.0,7809,699,7110,9.0,0.46,0.38,0.42,316938479,1291753078,3156,13751,1.3,233.6,3.1,2.0,37,22,0,0,0,0,0,0.0,0,0,0,0,0,0
458.7,2026-05-16T18:24:18,0016c001f10c2ef6,6.0,1.8,4.2,0.0,7809,700,7109,9.0,0.46,0.38,0.42,316941613,1291764706,3134,11628,1.3,233.6,3.1,2.0,37,22,0,0,0,0,0,0.0,0,0,0,0,0,0
459.1,2026-05-16T18:24:19,0016c001f10c2ef6,8.9,3.6,4.2,1.2,7809,700,7109,9.0,0.46,0.38,0.42,316944703,1291776334,3090,11628,1.3,233.6,3.1,2.0,37,22,0,0,0,0,0,0.0,0,0,0,0,0,0
459.6,2026-05-16T18:24:19,0016c001f10c2ef6,12.8,3.5,9.3,0.0,7809,700,7109,9.0,0.46,0.38,0.42,316949195,1291818889,4492,42555,1.3,233.6,3.1,2.0,37,22,0,0,0,0,0,0.0,0,0,0,0,0,0
460.1,2026-05-16T18:24:20,0016c001f10c2ef6,19.8,2.4,17.4,0.0,7809,700,7109,9.0,0.46,0.38,0.42,316952285,1291830517,3090,11628,1.3,233.6,3.1,2.0,37,22,0,0,0,0,0,0.0,0,0,0,0,0,0
460.6,2026-05-16T18:24:20,0016c001f10c2ef6,19.5,3.0,16.6,0.0,7809,700,7109,9.0,0.58,0.41,0.43,316955523,1291842211,3238,11694,1.3,233.6,3.1,2.0,37,22,0,0,0,0,0,0.0,0,0,0,0,0,0
461.1,2026-05-16T18:24:21,0016c001f10c2ef6,18.7,1.2,17.5,0.0,7809,701,7108,9.0,0.58,0.41,0.43,316958609,1291853839,3086,11628,1.3,233.6,3.1,2.0,37,22,0,0,0,0,0,0.0,0,0,0,0,0,0
461.5,2026-05-16T18:24:21,0016c001f10c2ef6,9.0,3.0,6.0,0.0,7809,700,7109,9.0,0.58,0.41,0.43,316962728,1291896394,4119,42555,1.3,233.6,3.1,2.0,37,22,0,0,0,0,0,0.0,0,0,0,0,0,0
462.0,2026-05-16T18:24:22,0016c001f10c2ef6,5.3,1.8,3.5,0.0,7809,700,7109,9.0,0.58,0.41,0.43,316965766,1291908022,3038,11628,1.3,233.6,3.1,2.0,37,22,0,0,0,0,0,0.0,0,0,0,0,0,0
462.5,2026-05-16T18:24:22,0016c001f10c2ef6,6.3,1.1,5.1,0.0,7809,700,7109,9.0,0.58,0.41,0.43,316968952,1291919650,3186,11628,1.3,233.6,3.1,2.0,37,22,0,0,0,0,0,0.0,0,0,0,0,0,0
463.0,2026-05-16T18:24:23,0016c001f10c2ef6,6.3,1.1,5.2,0.0,7809,700,7109,9.0,0.58,0.41,0.43,316972090,1291931278,3138,11628,1.3,233.6,3.1,2.0,37,22,0,0,0,0,0,0.0,0,0,0,0,0,0
463.5,2026-05-16T18:24:23,0016c001f10c2ef6,6.7,2.2,4.5,0.0,7809,701,7108,9.0,0.58,0.41,0.43,316976209,1291973899,4119,42621,1.3,233.6,3.1,2.0,37,22,0,0,0,0,0,0.0,0,0,0,0,0,0
464.0,2026-05-16T18:24:23,0016c001f10c2ef6,10.4,4.7,5.7,0.0,7809,702,7107,9.0,0.58,0.41,0.43,316979347,1291985593,3138,11694,1.3,233.6,3.1,2.0,37,22,0,0,0,0,0,0.0,0,0,0,0,0,0
464.5,2026-05-16T18:24:24,0016c001f10c2ef6,6.1,3.0,3.0,0.0,7809,701,7108,9.0,0.58,0.41,0.43,316982537,1291997221,3190,11628,1.3,233.6,3.1,2.0,37,22,0,0,0,0,0,0.0,0,0,0,0,0,0
464.9,2026-05-16T18:24:24,0016c001f10c2ef6,6.9,3.4,3.4,0.0,7809,701,7108,9.0,0.58,0.41,0.43,316985727,1292008849,3190,11628,1.3,233.6,3.1,2.0,37,22,0,0,0,0,0,0.0,0,0,0,0,0,0
465.4,2026-05-16T18:24:25,0016c001f10c2ef6,4.8,1.8,3.0,0.0,7809,700,7109,9.0,0.58,0.41,0.43,316989746,1292051404,4019,42555,1.3,233.6,3.1,2.0,37,22,0,0,0,0,0,0.0,0,0,0,0,0,0
465.9,2026-05-16T18:24:25,0016c001f10c2ef6,7.8,3.0,4.8,0.0,7809,701,7108,9.0,0.53,0.4,0.42,316992984,1292063032,3238,11628,1.3,233.6,3.1,2.0,37,22,0,0,0,0,0,0.0,0,0,0,0,0,0
466.4,2026-05-16T18:24:26,0016c001f10c2ef6,7.6,3.8,3.8,0.0,7809,700,7109,9.0,0.53,0.4,0.42,316995970,1292074660,2986,11628,1.3,233.6,3.1,2.0,37,22,0,0,0,0,0,0.0,0,0,0,0,0,0
466.8,2026-05-16T18:24:26,0016c001f10c2ef6,6.0,2.4,3.6,0.0,7809,700,7109,9.0,0.53,0.4,0.42,316999228,1292086366,3258,11706,1.3,233.6,3.1,2.0,37,22,0,0,0,0,0,0.0,0,0,0,0,0,0
467.3,2026-05-16T18:24:27,0016c001f10c2ef6,7.0,2.3,4.7,0.0,7809,700,7109,9.0,0.53,0.4,0.42,317002418,1292097994,3190,11628,1.3,233.6,3.1,2.0,37,22,0,0,0,0,0,0.0,0,0,0,0,0,0
467.8,2026-05-16T18:24:27,0016c001f10c2ef6,6.8,2.3,4.5,0.0,7809,702,7107,9.0,0.53,0.4,0.42,317006433,1292140549,4015,42555,1.3,233.6,3.1,2.0,37,22,0,0,0,0,0,0.0,0,0,0,0,0,0
468.3,2026-05-16T18:24:27,0016c001f10c2ef6,4.9,2.5,2.5,0.0,7809,702,7107,9.0,0.53,0.4,0.42,317009571,1292152177,3138,11628,1.3,233.6,3.1,2.0,37,22,0,0,0,0,0,0.0,0,0,0,0,0,0
468.7,2026-05-16T18:24:28,0016c001f10c2ef6,5.8,1.7,4.0,0.0,7809,701,7108,9.0,0.53,0.4,0.42,317012709,1292163805,3138,11628,1.3,233.6,3.1,2.0,37,22,0,0,0,0,0,0.0,0,0,0,0,0,0
469.2,2026-05-16T18:24:34,0016c001f10c2ef6,5.8,1.7,4.1,0.0,7809,702,7107,9.0,0.53,0.4,0.42,317015911,1292175741,3202,11936,1.3,233.6,3.1,2.0,37,22,0,0,0,0,0,0.0,0,0,0,0,0,0
469.8,2026-05-16T18:24:29,0016c001f10c2ef6,8.6,3.5,5.1,0.0,7809,700,7109,9.0,0.53,0.4,0.42,317019926,1292218362,4015,42621,1.3,233.6,3.1,2.0,37,22,0,0,0,0,0,0.0,0,0,0,0,0,0
470.2,2026-05-16T18:24:29,0016c001f10c2ef6,6.1,1.2,4.9,0.0,7809,701,7108,9.0,0.53,0.4,0.42,317023064,1292229990,3138,11628,1.3,233.6,3.1,2.0,37,22,0,0,0,0,0,0.0,0,0,0,0,0,0
470.7,2026-05-16T18:24:29,0016c001f10c2ef6,6.1,1.2,4.8,0.0,7809,701,7108,9.0,0.53,0.4,0.42,317026531,1292241618,3467,11628,1.3,233.6,3.1,2.0,37,22,0,0,0,0,0,0.0,0,0,0,0,0,0
471.2,2026-05-16T18:24:30,0016c001f10c2ef6,8.1,3.5,4.1,0.6,7809,701,7108,9.0,0.49,0.4,0.42,317029769,1292253246,3238,11628,1.3,233.6,3.1,2.0,37,22,0,0,0,0,0,0.0,0,0,0,0,0,0
471.6,2026-05-16T18:24:30,0016c001f10c2ef6,5.5,1.8,3.7,0.0,7809,700,7109,9.0,0.49,0.4,0.42,317033888,1292295801,4119,42555,1.3,233.6,3.1,2.0,37,22,0,0,0,0,0,0.0,0,0,0,0,0,0
472.1,2026-05-16T18:24:31,0016c001f10c2ef6,7.9,2.4,5.5,0.0,7809,700,7109,9.0,0.49,0.4,0.42,317036926,1292307429,3038,11628,1.3,233.6,3.1,2.0,37,22,0,0,0,0,0,0.0,0,0,0,0,0,0
472.5,2026-05-16T18:24:31,0016c001f10c2ef6,12.2,2.4,9.8,0.0,7809,700,7109,9.0,0.49,0.4,0.42,317040354,1292319321,3428,11892,1.3,233.6,3.1,2.0,37,22,0,0,0,0,0,0.0,0,0,0,0,0,0
473.0,2026-05-16T18:24:32,0016c001f10c2ef6,19.6,1.8,17.9,0.0,7809,701,7108,9.0,0.49,0.4,0.42,317043444,1292331015,3090,11694,1.3,233.6,3.1,2.0,37,22,0,0,0,0,0,0.0,0,0,0,0,0,0
473.5,2026-05-16T18:24:32,0016c001f10c2ef6,20.7,3.0,17.8,0.0,7809,700,7109,9.0,0.49,0.4,0.42,317046530,1292342643,3086,11628,1.3,233.6,3.1,2.0,37,22,0,0,0,0,0,0.0,0,0,0,0,0,0
474.0,2026-05-16T18:24:33,0016c001f10c2ef6,20.1,2.4,17.7,0.0,7809,700,7109,9.0,0.49,0.4,0.42,317050597,1292385198,4067,42555,1.3,233.6,3.1,2.0,37,22,0,0,0,0,0,0.0,0,0,0,0,0,0
474.4,2026-05-16T18:24:33,0016c001f10c2ef6,9.1,4.0,5.1,0.0,7809,700,7109,9.0,0.49,0.4,0.42,317053683,1292396826,3086,11628,1.3,233.6,3.1,2.0,37,22,0,0,0,0,0,0.0,0,0,0,0,0,0
474.9,2026-05-16T18:24:33,0016c001f10c2ef6,7.1,1.8,5.3,0.0,7809,701,7108,9.0,0.49,0.4,0.42,317056821,1292408454,3138,11628,1.3,233.6,3.1,2.0,37,22,0,0,0,0,0,0.0,0,0,0,0,0,0
475.4,2026-05-16T18:24:34,0016c001f10c2ef6,8.4,2.8,5.6,0.0,7809,701,7108,9.0,0.49,0.4,0.42,317060059,1292420148,3238,11694,1.3,233.6,3.1,2.0,37,22,0,0,0,0,0,0.0,0,0,0,0,0,0
475.9,2026-05-16T18:24:34,0016c001f10c2ef6,6.2,1.9,4.3,0.0,7809,702,7107,9.0,0.49,0.4,0.42,317064198,1292462847,4139,42699,1.3,233.6,3.1,2.0,37,22,0,0,0,0,0,0.0,0,0,0,0,0,0
476.4,2026-05-16T18:24:35,0016c001f10c2ef6,7.1,1.6,5.5,0.0,7809,702,7107,9.0,0.49,0.4,0.42,317067388,1292474475,3190,11628,1.3,233.6,3.1,2.0,37,22,0,0,0,0,0,0.0,0,0,0,0,0,0
476.9,2026-05-16T18:24:35,0016c001f10c2ef6,6.2,2.3,4.0,0.0,7809,701,7108,9.0,0.45,0.39,0.42,317070530,1292486169,3142,11694,1.3,233.6,3.1,2.0,37,22,0,0,0,0,0,0.0,0,0,0,0,0,0
477.4,2026-05-16T18:24:36,0016c001f10c2ef6,6.5,2.0,4.5,0.0,7809,700,7109,9.0,0.45,0.39,0.42,317073668,1292497797,3138,11628,1.3,233.6,3.1,2.0,37,22,0,0,0,0,0,0.0,0,0,0,0,0,0
477.9,2026-05-16T18:24:36,0016c001f10c2ef6,5.8,2.3,3.5,0.0,7809,701,7108,9.0,0.45,0.39,0.42,317077683,1292540352,4015,42555,1.3,233.6,3.1,2.0,37,22,0,0,0,0,0,0.0,0,0,0,0,0,0
478.3,2026-05-16T18:24:37,0016c001f10c2ef6,7.1,2.4,4.7,0.0,7809,700,7109,9.0,0.45,0.39,0.42,317080769,1292551980,3086,11628,1.3,233.6,3.1,2.0,37,22,0,0,0,0,0,0.0,0,0,0,0,0,0
478.8,2026-05-16T18:24:37,0016c001f10c2ef6,5.8,1.2,4.7,0.0,7809,700,7109,9.0,0.45,0.39,0.42,317083907,1292563674,3138,11694,1.3,233.6,3.1,2.0,37,22,0,0,0,0,0,0.0,0,0,0,0,0,0
479.3,2026-05-16T18:24:38,0016c001f10c2ef6,5.2,1.7,3.4,0.0,7809,699,7110,9.0,0.45,0.39,0.42,317087097,1292575302,3190,11628,1.3,233.6,3.1,2.0,37,22,0,0,0,0,0,0.0,0,0,0,0,0,0
479.8,2026-05-16T18:24:38,0016c001f10c2ef6,6.2,1.7,4.5,0.0,7809,701,7108,9.0,0.45,0.39,0.42,317091240,1292618013,4143,42711,1.3,233.6,3.1,2.0,37,22,0,0,0,0,0,0.0,0,0,0,0,0,0
480.3,2026-05-16T18:24:44,0016c001f10c2ef6,8.4,3.0,5.4,0.0,7809,701,7108,9.0,0.45,0.39,0.42,317094476,1292630670,3236,12657,1.3,233.6,3.1,2.0,37,22,0,0,0,0,0,0.0,0,0,0,0,0,0
480.7,2026-05-16T18:24:38,0016c001f10c2ef6,6.3,2.3,4.0,0.0,7809,701,7108,9.0,0.45,0.39,0.42,317097714,1292642298,3238,11628,1.3,233.6,3.1,2.0,37,22,0,0,0,0,0,0.0,0,0,0,0,0,0
481.3,2026-05-16T18:24:39,0016c001f10c2ef6,9.5,3.2,6.3,0.0,7809,701,7108,9.0,0.45,0.39,0.42,317100956,1292653992,3242,11694,1.3,233.6,3.1,2.0,37,22,0,0,0,0,0,0.0,0,0,0,0,0,0
481.8,2026-05-16T18:24:40,0016c001f10c2ef6,9.8,3.4,6.4,0.0,7809,700,7109,9.0,0.45,0.39,0.42,317105556,1292696679,4600,42687,1.3,233.6,3.1,2.0,37,22,0,0,0,0,0,0.0,0,0,0,0,0,0
482.4,2026-05-16T18:24:40,0016c001f10c2ef6,13.1,4.5,8.5,0.0,7809,700,7109,9.0,0.41,0.38,0.42,317108542,1292708439,2986,11760,1.3,233.6,3.1,2.0,37,22,0,0,0,0,0,0.0,0,0,0,0,0,0
482.9,2026-05-16T18:24:41,0016c001f10c2ef6,6.0,1.8,4.2,0.0,7809,700,7109,9.0,0.41,0.38,0.42,317111732,1292720067,3190,11628,1.3,233.6,3.1,2.0,37,22,0,0,0,0,0,0.0,0,0,0,0,0,0
483.3,2026-05-16T18:24:41,0016c001f10c2ef6,6.4,2.3,4.1,0.0,7809,699,7110,9.0,0.41,0.38,0.42,317114818,1292731695,3086,11628,1.3,233.7,3.1,2.0,37,22,0,0,0,0,0,0.0,0,0,0,0,0,0
483.8,2026-05-16T18:24:42,0016c001f10c2ef6,6.4,1.2,5.2,0.0,7809,701,7108,9.0,0.41,0.38,0.42,317118521,1292774250,3703,42555,1.3,233.8,3.1,2.0,37,22,0,0,0,0,0,0.0,0,0,0,0,0,0
484.3,2026-05-16T18:24:42,0016c001f10c2ef6,7.7,2.4,5.3,0.0,7809,700,7109,9.0,0.41,0.38,0.42,317121863,1292785878,3342,11628,1.3,233.8,3.1,2.0,37,22,0,0,0,0,0,0.0,0,0,0,0,0,0
484.8,2026-05-16T18:24:42,0016c001f10c2ef6,7.6,2.9,4.7,0.0,7809,700,7109,9.0,0.41,0.38,0.42,317125119,1292798597,3256,12719,1.3,233.8,3.1,2.0,37,22,0,0,0,0,0,0.0,0,0,0,0,0,0
485.2,2026-05-16T18:24:43,0016c001f10c2ef6,5.8,2.9,2.9,0.0,7809,699,7110,9.0,0.41,0.38,0.42,317128209,1292810225,3090,11628,1.3,233.8,3.1,2.0,37,22,0,0,0,0,0,0.0,0,0,0,0,0,0
485.7,2026-05-16T18:24:43,0016c001f10c2ef6,18.8,2.9,15.9,0.0,7809,701,7108,9.0,0.41,0.38,0.42,317131295,1292821853,3086,11628,1.3,233.8,3.1,2.0,37,22,0,0,0,0,0,0.0,0,0,0,0,0,0
486.2,2026-05-16T18:24:43,0016c001f10c2ef6,19.9,3.0,16.9,0.0,7809,702,7107,9.0,0.41,0.38,0.42,317135258,1292864408,3963,42555,1.3,233.8,3.1,2.0,37,22,0,0,0,0,0,0.0,0,0,0,0,0,0
486.7,2026-05-16T18:24:44,0016c001f10c2ef6,19.3,1.8,17.5,0.0,7809,703,7106,9.0,0.41,0.38,0.42,317138448,1292876102,3190,11694,1.3,233.9,3.1,2.0,37,22,0,0,0,0,0,0.0,0,0,0,0,0,0
487.1,2026-05-16T18:24:44,0016c001f10c2ef6,15.5,1.8,13.7,0.0,7809,703,7106,9.0,0.41,0.38,0.42,317141482,1292887730,3034,11628,1.3,233.9,3.1,2.0,37,22,0,0,0,0,0,0.0,0,0,0,0,0,0
487.6,2026-05-16T18:24:45,0016c001f10c2ef6,7.1,3.0,4.1,0.0,7809,702,7107,9.0,0.41,0.38,0.42,317144720,1292899358,3238,11628,1.3,233.9,3.1,2.0,37,22,0,0,0,0,0,0.0,0,0,0,0,0,0
488.1,2026-05-16T18:24:45,0016c001f10c2ef6,10.1,4.8,5.3,0.0,7809,702,7107,9.0,0.38,0.38,0.41,317148733,1292943058,4013,43700,1.3,233.9,3.1,2.0,37,22,0,0,0,0,0,0.0,0,0,0,0,0,0
488.6,2026-05-16T18:24:46,0016c001f10c2ef6,6.5,2.4,4.1,0.0,7809,701,7108,9.0,0.38,0.38,0.41,317151919,1292954686,3186,11628,1.3,233.9,3.1,2.0,37,22,0,0,0,0,0,0.0,0,0,0,0,0,0
489.1,2026-05-16T18:24:46,0016c001f10c2ef6,6.6,2.4,4.2,0.0,7809,702,7107,9.0,0.38,0.38,0.41,317154957,1292966314,3038,11628,1.3,233.9,3.1,2.0,37,22,0,0,0,0,0,0.0,0,0,0,0,0,0
489.5,2026-05-16T18:24:47,0016c001f10c2ef6,6.5,2.4,4.1,0.0,7809,701,7108,9.0,0.38,0.38,0.41,317158199,1292977942,3242,11628,1.3,233.9,3.1,2.0,37,22,0,0,0,0,0,0.0,0,0,0,0,0,0
490.0,2026-05-16T18:24:47,0016c001f10c2ef6,6.8,1.7,4.5,0.6,7809,702,7107,9.0,0.38,0.38,0.41,317162418,1293020497,4219,42555,1.3,234.0,3.1,2.0,37,22,0,0,0,0,0,0.0,0,0,0,0,0,0
490.5,2026-05-16T18:24:48,0016c001f10c2ef6,6.3,1.7,4.6,0.0,7809,702,7107,9.0,0.38,0.38,0.41,317165632,1293032211,3214,11714,1.3,234.0,3.1,2.0,40,22,3,0,0,0,0,0.0,0,0,0,0,0,0
491.0,2026-05-16T18:24:48,0016c001f10c2ef6,6.5,1.8,4.7,0.0,7809,701,7108,9.0,0.38,0.38,0.41,317168870,1293043839,3238,11628,1.3,234.0,3.1,2.0,40,22,0,0,0,0,0,0.0,0,0,0,0,0,0
491.5,2026-05-16T18:24:48,0016c001f10c2ef6,4.7,2.4,2.4,0.0,7809,702,7107,9.0,0.38,0.38,0.41,317172008,1293055467,3138,11628,1.3,234.0,3.1,2.0,40,22,0,0,0,0,0,0.0,0,0,0,0,0,0
492.0,2026-05-16T18:24:49,0016c001f10c2ef6,6.7,2.2,4.5,0.0,7809,702,7107,9.0,0.38,0.38,0.41,317175046,1293067095,3038,11628,1.3,234.0,3.1,2.0,40,22,0,0,0,0,0,0.0,0,0,0,0,0,0
492.4,2026-05-16T18:24:49,0016c001f10c2ef6,7.2,2.4,4.8,0.0,7809,701,7108,9.0,0.38,0.38,0.41,317179113,1293109650,4067,42555,1.3,234.0,3.1,2.0,40,22,0,0,0,0,0,0.0,0,0,0,0,0,0
492.9,2026-05-16T18:24:50,0016c001f10c2ef6,5.9,1.8,4.1,0.0,7809,701,7108,9.0,0.38,0.38,0.41,317182780,1293121278,3667,11628,1.3,234.0,3.1,2.0,40,22,0,0,0,0,0,0.0,0,0,0,0,0,0
493.4,2026-05-16T18:24:50,0016c001f10c2ef6,8.5,3.4,5.1,0.0,7809,702,7107,9.0,0.35,0.37,0.41,317185918,1293132906,3138,11628,1.3,234.0,3.1,2.0,40,22,0,0,0,0,0,0.0,0,0,0,0,0,0
493.9,2026-05-16T18:24:51,0016c001f10c2ef6,8.2,1.5,6.7,0.0,7809,701,7108,9.0,0.35,0.37,0.41,317189108,1293144600,3190,11694,1.3,233.9,3.1,2.0,40,22,0,0,0,0,0,0.0,0,0,0,0,0,0
494.4,2026-05-16T18:24:51,0016c001f10c2ef6,8.0,4.0,4.0,0.0,7809,701,7108,9.0,0.35,0.37,0.41,317192971,1293187155,3863,42555,1.3,233.9,3.1,2.0,40,22,0,0,0,0,0,0.0,0,0,0,0,0,0
494.9,2026-05-16T18:24:52,0016c001f10c2ef6,6.0,3.0,3.0,0.0,7809,701,7108,9.0,0.35,0.37,0.41,317196209,1293198783,3238,11628,1.3,233.9,3.1,2.0,40,22,0,0,0,0,0,0.0,0,0,0,0,0,0
495.4,2026-05-16T18:24:52,0016c001f10c2ef6,5.8,2.3,3.5,0.0,7809,701,7108,9.0,0.35,0.37,0.41,317199347,1293210411,3138,11628,1.3,233.9,3.1,2.0,40,22,0,0,0,0,0,0.0,0,0,0,0,0,0
495.8,2026-05-16T18:24:53,0016c001f10c2ef6,6.9,2.9,4.0,0.0,7809,700,7109,9.0,0.35,0.37,0.41,317202385,1293222039,3038,11628,1.3,233.9,3.1,2.0,40,22,0,0,0,0,0,0.0,0,0,0,0,0,0
496.3,2026-05-16T18:24:53,0016c001f10c2ef6,6.1,2.4,3.6,0.0,7809,701,7108,9.0,0.35,0.37,0.41,317206452,1293264660,4067,42621,1.3,233.9,3.1,2.0,40,22,0,0,0,0,0,0.0,0,0,0,0,0,0
496.8,2026-05-16T18:24:59,0016c001f10c2ef6,6.4,2.3,4.1,0.0,7809,702,7107,9.0,0.35,0.37,0.41,317209538,1293276288,3086,11628,1.3,233.9,3.1,2.0,40,22,0,0,0,0,0,0.0,0,0,0,0,0,0
497.3,2026-05-16T18:24:53,0016c001f10c2ef6,5.8,1.8,4.1,0.0,7809,702,7107,9.0,0.35,0.37,0.41,317212672,1293287916,3134,11628,1.3,233.9,3.1,2.0,40,22,0,0,0,0,0,0.0,0,0,0,0,0,0
497.7,2026-05-16T18:24:54,0016c001f10c2ef6,7.0,1.2,5.8,0.0,7809,701,7108,9.0,0.35,0.37,0.41,317215758,1293299544,3086,11628,1.3,233.9,3.1,2.0,40,22,0,0,0,0,0,0.0,0,0,0,0,0,0
498.2,2026-05-16T18:24:54,0016c001f10c2ef6,6.0,1.2,4.8,0.0,7809,701,7108,9.0,0.35,0.37,0.41,317219621,1293342099,3863,42555,1.3,233.9,3.1,2.0,40,22,0,0,0,0,0,0.0,0,0,0,0,0,0
498.7,2026-05-16T18:24:55,0016c001f10c2ef6,18.6,2.9,15.7,0.0,7809,701,7108,9.0,0.56,0.41,0.42,317222707,1293353727,3086,11628,1.3,233.9,3.1,2.0,40,22,0,0,0,0,0,0.0,0,0,0,0,0,0
499.2,2026-05-16T18:24:55,0016c001f10c2ef6,18.0,2.8,15.2,0.0,7809,701,7108,9.0,0.56,0.41,0.42,317225741,1293365355,3034,11628,1.3,233.9,3.1,2.0,40,22,0,0,0,0,0,0.0,0,0,0,0,0,0
499.7,2026-05-16T18:24:56,0016c001f10c2ef6,20.6,2.3,18.3,0.0,7809,701,7108,9.0,0.56,0.41,0.42,317228827,1293376983,3086,11628,1.3,233.9,3.1,2.0,40,22,0,0,0,0,0,0.0,0,0,0,0,0,0
500.2,2026-05-16T18:24:56,0016c001f10c2ef6,13.5,1.8,11.7,0.0,7809,701,7108,9.0,0.56,0.41,0.42,317232994,1293419538,4167,42555,1.3,233.9,3.1,2.0,40,22,0,0,0,0,0,0.0,0,0,0,0,0,0
500.7,2026-05-16T18:24:57,0016c001f10c2ef6,6.3,2.9,3.4,0.0,7809,700,7109,9.0,0.56,0.41,0.42,317235980,1293431232,2986,11694,1.3,233.9,3.1,2.0,40,22,0,0,0,0,0,0.0,0,0,0,0,0,0
501.2,2026-05-16T18:24:57,0016c001f10c2ef6,5.8,1.6,4.2,0.0,7809,700,7109,9.0,0.56,0.41,0.42,317239118,1293442860,3138,11628,1.3,233.9,3.1,2.0,40,22,0,0,0,0,0,0.0,0,0,0,0,0,0
501.7,2026-05-16T18:24:58,0016c001f10c2ef6,4.6,1.1,3.4,0.0,7809,700,7109,9.0,0.56,0.41,0.42,317242252,1293454488,3134,11628,1.3,233.9,3.1,2.0,40,22,0,0,0,0,0,0.0,0,0,0,0,0,0
502.2,2026-05-16T18:24:58,0016c001f10c2ef6,8.4,2.8,5.1,0.6,7809,701,7108,9.0,0.56,0.41,0.42,317246031,1293490170,3779,35682,1.3,233.9,3.1,2.0,40,22,0,0,0,0,0,0.0,0,0,0,0,0,0
502.6,2026-05-16T18:24:58,0016c001f10c2ef6,6.5,2.4,4.1,0.0,7809,701,7108,9.0,0.56,0.41,0.42,317249273,1293508749,3242,18579,1.3,233.9,3.1,2.0,40,22,0,0,0,0,0,0.0,0,0,0,0,0,0
503.1,2026-05-16T18:24:59,0016c001f10c2ef6,6.4,1.8,4.7,0.0,7809,699,7110,9.0,0.56,0.41,0.42,317252411,1293520311,3138,11562,1.3,233.9,3.1,2.0,40,22,0,0,0,0,0,0.0,0,0,0,0,0,0
503.6,2026-05-16T18:24:59,0016c001f10c2ef6,6.4,1.2,5.3,0.0,7809,701,7108,9.0,0.56,0.41,0.42,317256030,1293532005,3619,11694,1.3,233.9,3.1,2.0,40,22,0,0,0,0,0,0.0,0,0,0,0,0,0
504.1,2026-05-16T18:25:00,0016c001f10c2ef6,6.4,2.3,4.0,0.0,7809,700,7109,9.0,0.56,0.41,0.42,317259116,1293543633,3086,11628,1.3,233.9,3.1,2.0,40,22,0,0,0,0,0,0.0,0,0,0,0,0,0
504.5,2026-05-16T18:25:00,0016c001f10c2ef6,7.7,1.8,5.9,0.0,7809,700,7109,9.0,0.6,0.42,0.43,317262975,1293586188,3859,42555,1.3,233.9,3.1,2.0,40,22,0,0,0,0,0,0.0,0,0,0,0,0,0
505.0,2026-05-16T18:25:01,0016c001f10c2ef6,7.9,2.2,5.6,0.0,7809,700,7109,9.0,0.6,0.42,0.43,317266265,1293597816,3290,11628,1.3,233.9,3.1,2.0,40,22,0,0,0,0,0,0.0,0,0,0,0,0,0
505.6,2026-05-16T18:25:01,0016c001f10c2ef6,9.1,4.5,4.5,0.0,7809,701,7108,9.0,0.6,0.42,0.43,317269303,1293609576,3038,11760,1.3,233.8,3.1,2.0,40,22,0,0,0,0,0,0.0,0,0,0,0,0,0
506.1,2026-05-16T18:25:02,0016c001f10c2ef6,4.1,1.2,2.9,0.0,7809,700,7109,9.0,0.6,0.42,0.43,317272489,1293621204,3186,11628,1.3,233.8,3.1,2.0,40,22,0,0,0,0,0,0.0,0,0,0,0,0,0
506.5,2026-05-16T18:25:02,0016c001f10c2ef6,8.2,3.5,4.7,0.0,7809,701,7108,9.0,0.6,0.42,0.43,317276300,1293663759,3811,42555,1.3,233.8,3.1,2.0,40,22,0,0,0,0,0,0.0,0,0,0,0,0,0
507.0,2026-05-16T18:25:03,0016c001f10c2ef6,6.4,2.9,3.5,0.0,7809,701,7108,9.0,0.6,0.42,0.43,317279486,1293675387,3186,11628,1.3,233.8,3.1,2.0,40,22,0,0,0,0,0,0.0,0,0,0,0,0,0
507.5,2026-05-16T18:25:03,0016c001f10c2ef6,6.2,1.7,4.5,0.0,7809,700,7109,9.0,0.6,0.42,0.43,317282472,1293687015,2986,11628,1.3,233.8,3.1,2.0,40,22,0,0,0,0,0,0.0,0,0,0,0,0,0
508.0,2026-05-16T18:25:03,0016c001f10c2ef6,6.9,2.3,4.6,0.0,7809,701,7108,9.0,0.6,0.42,0.43,317285658,1293698643,3186,11628,1.3,233.8,3.1,2.0,40,22,0,0,0,0,0,0.0,0,0,0,0,0,0
508.5,2026-05-16T18:25:04,0016c001f10c2ef6,7.7,2.2,5.5,0.0,7809,701,7108,9.0,0.6,0.42,0.43,317289637,1293742194,3979,43551,1.3,233.8,3.1,2.0,40,22,0,0,0,0,0,0.0,0,0,0,0,0,0
509.0,2026-05-16T18:25:04,0016c001f10c2ef6,6.2,2.8,3.4,0.0,7809,702,7107,9.0,0.6,0.42,0.43,317292823,1293753822,3186,11628,1.3,233.8,3.1,2.0,40,22,0,0,0,0,0,0.0,0,0,0,0,0,0
509.4,2026-05-16T18:25:05,0016c001f10c2ef6,6.4,2.9,3.5,0.0,7809,702,7107,9.0,0.6,0.42,0.43,317295809,1293765450,2986,11628,1.3,233.8,3.1,2.0,40,22,0,0,0,0,0,0.0,0,0,0,0,0,0
509.9,2026-05-16T18:25:05,0016c001f10c2ef6,6.0,1.8,4.2,0.0,7809,702,7107,9.0,0.55,0.42,0.43,317298999,1293777078,3190,11628,1.3,233.8,3.1,2.0,40,22,0,0,0,0,0,0.0,0,0,0,0,0,0
510.4,2026-05-16T18:25:06,0016c001f10c2ef6,7.2,2.8,4.4,0.0,7809,701,7108,9.0,0.55,0.42,0.43,317303010,1293819633,4011,42555,1.3,233.8,3.1,2.0,40,22,0,0,0,0,0,0.0,0,0,0,0,0,0
510.9,2026-05-16T18:25:06,0016c001f10c2ef6,6.4,2.3,4.1,0.0,7809,702,7107,9.0,0.55,0.42,0.43,317306272,1293831339,3262,11706,1.3,233.8,3.1,2.0,40,22,0,0,0,0,0,0.0,0,0,0,0,0,0
511.4,2026-05-16T18:25:07,0016c001f10c2ef6,14.4,2.6,11.9,0.0,7809,702,7107,9.0,0.55,0.42,0.43,317309410,1293843033,3138,11694,1.3,233.8,3.1,2.0,40,22,0,0,0,0,0,0.0,0,0,0,0,0,0
511.9,2026-05-16T18:25:07,0016c001f10c2ef6,19.2,3.0,16.2,0.0,7809,702,7107,9.0,0.55,0.42,0.43,317312448,1293854661,3038,11628,1.3,233.8,3.1,2.0,40,22,0,0,0,0,0,0.0,0,0,0,0,0,0
512.4,2026-05-16T18:25:08,0016c001f10c2ef6,18.0,2.4,15.6,0.0,7809,701,7108,9.0,0.55,0.42,0.43,317316307,1293897216,3859,42555,1.3,233.8,3.1,2.0,40,22,0,0,0,0,0,0.0,0,0,0,0,0,0
512.9,2026-05-16T18:25:08,0016c001f10c2ef6,21.3,1.8,19.5,0.0,7809,701,7108,9.0,0.55,0.42,0.43,317319621,1293909000,3314,11784,1.3,233.8,3.1,2.0,40,22,0,0,0,0,0,0.0,0,0,0,0,0,0
513.3,2026-05-16T18:25:08,0016c001f10c2ef6,7.1,3.0,4.1,0.0,7809,701,7108,9.0,0.55,0.42,0.43,317322759,1293920628,3138,11628,1.3,233.8,3.1,2.0,40,22,0,0,0,0,0,0.0,0,0,0,0,0,0
513.8,2026-05-16T18:25:09,0016c001f10c2ef6,5.7,1.7,4.0,0.0,7809,702,7107,9.0,0.55,0.42,0.43,317325897,1293932256,3138,11628,1.3,233.8,3.1,2.0,40,22,0,0,0,0,0,0.0,0,0,0,0,0,0
514.3,2026-05-16T18:25:09,0016c001f10c2ef6,6.5,2.4,4.1,0.0,7809,701,7108,9.0,0.55,0.42,0.43,317328935,1293943950,3038,11694,1.3,233.8,3.1,2.0,40,22,0,0,0,0,0,0.0,0,0,0,0,0,0
514.8,2026-05-16T18:25:09,0016c001f10c2ef6,7.6,3.5,4.1,0.0,7809,700,7109,9.0,0.55,0.42,0.43,317333327,1293986571,4392,42621,1.3,233.8,3.1,2.0,40,22,0,0,0,0,0,0.0,0,0,0,0,0,0
515.2,2026-05-16T18:25:10,0016c001f10c2ef6,8.6,3.4,5.1,0.0,7809,701,7108,9.0,0.51,0.41,0.42,317336517,1293998199,3190,11628,1.3,233.8,3.1,2.0,40,22,0,0,0,0,0,0.0,0,0,0,0,0,0
515.7,2026-05-16T18:25:10,0016c001f10c2ef6,5.3,2.3,2.9,0.0,7809,701,7108,9.0,0.51,0.41,0.42,317339755,1294009827,3238,11628,1.3,233.8,3.1,2.0,40,22,0,0,0,0,0,0.0,0,0,0,0,0,0
516.2,2026-05-16T18:25:11,0016c001f10c2ef6,6.5,2.4,4.1,0.0,7809,701,7108,9.0,0.51,0.41,0.42,317342893,1294021455,3138,11628,1.3,233.8,3.1,2.0,40,22,0,0,0,0,0,0.0,0,0,0,0,0,0
516.7,2026-05-16T18:25:11,0016c001f10c2ef6,8.0,3.4,4.5,0.0,7809,701,7108,9.0,0.51,0.41,0.42,317346856,1294064010,3963,42555,1.3,233.8,3.1,2.0,40,22,0,0,0,0,0,0.0,0,0,0,0,0,0
517.2,2026-05-16T18:25:12,0016c001f10c2ef6,8.9,2.5,6.4,0.0,7809,700,7109,9.0,0.51,0.41,0.42,317349942,1294075770,3086,11760,1.3,233.8,3.1,2.0,40,22,0,0,0,0,0,0.0,0,0,0,0,0,0
517.7,2026-05-16T18:25:12,0016c001f10c2ef6,5.8,1.2,4.7,0.0,7809,701,7108,9.0,0.51,0.41,0.42,317353132,1294087398,3190,11628,1.3,233.8,3.1,2.0,40,22,0,0,0,0,0,0.0,0,0,0,0,0,0
518.2,2026-05-16T18:25:13,0016c001f10c2ef6,7.1,3.5,3.5,0.0,7809,700,7109,9.0,0.51,0.41,0.42,317356222,1294099026,3090,11628,1.3,233.8,3.1,2.0,40,22,0,0,0,0,0,0.0,0,0,0,0,0,0
518.7,2026-05-16T18:25:13,0016c001f10c2ef6,9.0,3.4,5.6,0.0,7809,700,7109,9.0,0.51,0.41,0.42,317360341,1294141581,4119,42555,1.3,233.8,3.1,2.0,40,22,0,0,0,0,0,0.0,0,0,0,0,0,0
519.1,2026-05-16T18:25:13,0016c001f10c2ef6,7.7,3.0,4.7,0.0,7809,699,7110,9.0,0.51,0.41,0.42,317363479,1294153209,3138,11628,1.3,233.8,3.1,2.0,40,22,0,0,0,0,0,0.0,0,0,0,0,0,0
519.6,2026-05-16T18:25:14,0016c001f10c2ef6,6.5,3.0,3.6,0.0,7809,699,7110,9.0,0.51,0.41,0.42,317366789,1294164915,3310,11706,1.3,233.8,3.1,2.0,40,22,0,0,0,0,0,0.0,0,0,0,0,0,0
520.1,2026-05-16T18:25:14,0016c001f10c2ef6,10.2,3.4,4.5,2.3,7809,699,7110,9.0,0.51,0.41,0.42,317369879,1294176543,3090,11628,1.3,233.8,3.1,2.0,40,22,0,0,0,0,0,0.0,0,0,0,0,0,0
520.6,2026-05-16T18:25:15,0016c001f10c2ef6,6.7,2.2,4.5,0.0,7809,699,7110,9.0,0.51,0.41,0.42,317373998,1294219098,4119,42555,1.3,233.8,3.1,2.0,40,22,0,0,0,0,0,0.0,0,0,0,0,0,0
521.1,2026-05-16T18:25:15,0016c001f10c2ef6,8.1,3.5,4.6,0.0,7809,700,7109,9.0,0.46,0.4,0.42,317377188,1294230726,3190,11628,1.3,233.8,3.1,2.0,40,22,0,0,0,0,0,0.0,0,0,0,0,0,0
521.5,2026-05-16T18:25:16,0016c001f10c2ef6,6.9,2.3,4.6,0.0,7809,700,7109,9.0,0.46,0.4,0.42,317380378,1294242354,3190,11628,1.3,233.8,3.1,2.0,40,22,0,0,0,0,0,0.0,0,0,0,0,0,0
522.0,2026-05-16T18:25:16,0016c001f10c2ef6,8.0,2.8,4.5,0.6,7809,700,7109,9.0,0.46,0.4,0.42,317383706,1294254246,3328,11892,1.3,233.8,3.1,2.0,40,22,0,0,0,0,0,0.0,0,0,0,0,0,0
522.5,2026-05-16T18:25:17,0016c001f10c2ef6,6.4,1.7,4.6,0.0,7809,699,7110,9.0,0.46,0.4,0.42,317386892,1294265874,3186,11628,1.3,233.8,3.1,2.0,40,22,0,0,0,0,0,0.0,0,0,0,0,0,0
523.0,2026-05-16T18:25:17,0016c001f10c2ef6,9.8,4.1,5.7,0.0,7809,699,7110,9.0,0.46,0.4,0.42,317390907,1294308495,4015,42621,1.3,233.8,3.1,2.0,40,22,0,0,0,0,0,0.0,0,0,0,0,0,0
523.5,2026-05-16T18:25:18,0016c001f10c2ef6,5.9,2.4,3.5,0.0,7809,701,7108,9.0,0.46,0.4,0.42,317393997,1294320255,3090,11760,1.3,233.8,3.1,2.0,40,22,0,0,0,0,0,0.0,0,0,0,0,0,0
524.0,2026-05-16T18:25:18,0016c001f10c2ef6,7.5,1.7,5.8,0.0,7809,701,7108,9.0,0.46,0.4,0.42,317397131,1294331883,3134,11628,1.3,233.8,3.1,2.0,40,22,0,0,0,0,0,0.0,0,0,0,0,0,0
524.5,2026-05-16T18:25:18,0016c001f10c2ef6,15.6,3.0,12.6,0.0,7809,702,7107,9.0,0.46,0.4,0.42,317400321,1294343511,3190,11628,1.3,233.8,3.1,2.0,40,22,0,0,0,0,0,0.0,0,0,0,0,0,0
525.0,2026-05-16T18:25:19,0016c001f10c2ef6,19.8,2.4,17.4,0.0,7809,702,7107,9.0,0.46,0.4,0.42,317404184,1294386066,3863,42555,1.3,233.8,3.1,2.0,40,22,0,0,0,0,0,0.0,0,0,0,0,0,0
525.4,2026-05-16T18:25:19,0016c001f10c2ef6,19.0,2.5,16.6,0.0,7809,701,7108,9.0,0.46,0.4,0.42,317407270,1294397694,3086,11628,1.3,233.8,3.1,2.0,40,22,0,0,0,0,0,0.0,0,0,0,0,0,0
525.9,2026-05-16T18:25:20,0016c001f10c2ef6,18.9,3.4,15.4,0.0,7809,702,7107,9.0,0.46,0.4,0.42,317410733,1294409322,3463,11628,1.3,233.8,3.1,2.0,40,22,0,0,0,0,0,0.0,0,0,0,0,0,0
526.4,2026-05-16T18:25:20,0016c001f10c2ef6,9.0,2.8,5.1,1.1,7809,703,7106,9.0,0.43,0.39,0.42,317413871,1294420950,3138,11628,1.3,233.8,3.1,2.0,40,22,0,0,0,0,0,0.0,0,0,0,0,0,0
526.9,2026-05-16T18:25:21,0016c001f10c2ef6,6.0,1.6,4.3,0.0,7809,703,7106,9.0,0.43,0.39,0.42,317417834,1294463505,3963,42555,1.3,233.8,3.1,2.0,40,22,0,0,0,0,0,0.0,0,0,0,0,0,0
527.4,2026-05-16T18:25:21,0016c001f10c2ef6,7.2,2.4,4.8,0.0,7809,702,7107,9.0,0.43,0.39,0.42,317420972,1294475133,3138,11628,1.3,233.8,3.1,2.0,40,22,0,0,0,0,0,0.0,0,0,0,0,0,0
527.8,2026-05-16T18:25:22,0016c001f10c2ef6,6.2,1.1,5.1,0.0,7809,701,7108,9.0,0.43,0.39,0.42,317424158,1294486761,3186,11628,1.3,233.8,3.1,2.0,40,22,0,0,0,0,0,0.0,0,0,0,0,0,0
528.4,2026-05-16T18:25:22,0016c001f10c2ef6,5.6,2.2,3.4,0.0,7809,701,7108,9.0,0.43,0.39,0.42,317427296,1294498389,3138,11628,1.3,233.8,3.1,2.0,40,22,0,0,0,0,0,0.0,0,0,0,0,0,0
528.9,2026-05-16T18:25:23,0016c001f10c2ef6,9.7,3.1,6.7,0.0,7809,701,7108,9.0,0.43,0.39,0.42,317431439,1294541154,4143,42765,1.3,233.8,3.1,2.0,40,22,0,0,0,0,0,0.0,0,0,0,0,0,0
529.4,2026-05-16T18:25:23,0016c001f10c2ef6,6.5,3.6,3.0,0.0,7809,702,7107,9.0,0.43,0.39,0.42,317434625,1294552782,3186,11628,1.3,233.8,3.1,2.0,40,22,0,0,0,0,0,0.0,0,0,0,0,0,0
529.9,2026-05-16T18:25:23,0016c001f10c2ef6,6.7,2.2,4.5,0.0,7809,702,7107,9.0,0.43,0.39,0.42,317437663,1294564410,3038,11628,1.3,233.8,3.1,2.0,40,22,0,0,0,0,0,0.0,0,0,0,0,0,0
530.3,2026-05-16T18:25:24,0016c001f10c2ef6,6.5,1.2,5.3,0.0,7809,701,7108,9.0,0.43,0.39,0.42,317440849,1294576038,3186,11628,1.3,233.8,3.1,2.0,40,22,0,0,0,0,0,0.0,0,0,0,0,0,0
530.8,2026-05-16T18:25:24,0016c001f10c2ef6,6.0,1.8,4.2,0.0,7809,702,7107,9.0,0.43,0.39,0.42,317443887,1294587666,3038,11628,1.3,233.8,3.1,2.0,40,22,0,0,0,0,0,0.0,0,0,0,0,0,0
531.3,2026-05-16T18:25:24,0016c001f10c2ef6,6.6,2.4,4.2,0.0,7809,701,7108,9.0,0.43,0.39,0.42,317447910,1294630463,4023,42797,1.3,233.8,3.1,2.0,40,22,0,0,0,0,0,0.0,0,0,0,0,0,0
531.8,2026-05-16T18:25:25,0016c001f10c2ef6,6.6,1.5,4.0,1.0,7809,701,7108,9.0,0.47,0.41,0.42,317451048,1294642091,3138,11628,1.3,233.8,3.1,2.0,40,22,0,0,0,0,0,0.0,0,0,0,0,0,0
532.3,2026-05-16T18:25:26,0016c001f10c2ef6,7.0,2.3,4.7,0.0,7809,701,7108,9.0,0.47,0.41,0.42,317454290,1294653719,3242,11628,1.3,233.8,3.1,2.0,40,22,0,0,0,0,0,0.0,0,0,0,0,0,0
532.8,2026-05-16T18:25:26,0016c001f10c2ef6,5.1,1.7,3.4,0.0,7809,701,7108,9.0,0.47,0.41,0.42,317457532,1294665347,3242,11628,1.3,233.8,3.1,2.0,40,22,0,0,0,0,0,0.0,0,0,0,0,0,0
533.3,2026-05-16T18:25:26,0016c001f10c2ef6,8.6,4.6,4.0,0.0,7809,701,7108,9.0,0.47,0.41,0.42,317461551,1294707968,4019,42621,1.3,233.8,3.1,2.0,40,22,0,0,0,0,0,0.0,0,0,0,0,0,0
533.7,2026-05-16T18:25:27,0016c001f10c2ef6,5.4,2.4,3.0,0.0,7809,700,7109,9.0,0.47,0.41,0.42,317464841,1294719596,3290,11628,1.3,233.8,3.1,2.0,40,22,0,0,0,0,0,0.0,0,0,0,0,0,0
534.2,2026-05-16T18:25:27,0016c001f10c2ef6,5.3,1.8,3.6,0.0,7809,701,7108,9.0,0.47,0.41,0.42,317467927,1294731224,3086,11628,1.3,233.8,3.1,2.0,40,22,0,0,0,0,0,0.0,0,0,0,0,0,0
534.8,2026-05-16T18:25:28,0016c001f10c2ef6,9.0,3.0,6.0,0.0,7809,702,7107,9.0,0.47,0.41,0.42,317470965,1294742918,3038,11694,1.3,233.8,3.1,2.0,40,22,0,0,0,0,0,0.0,0,0,0,0,0,0
535.2,2026-05-16T18:25:28,0016c001f10c2ef6,7.5,2.9,4.6,0.0,7809,702,7107,9.0,0.47,0.41,0.42,317475028,1294785539,4063,42621,1.3,233.8,3.1,2.0,40,22,0,0,0,0,0,0.0,0,0,0,0,0,0
535.7,2026-05-16T18:25:28,0016c001f10c2ef6,5.3,2.4,2.9,0.0,7809,702,7107,9.0,0.47,0.41,0.42,317478066,1294797167,3038,11628,1.3,233.8,3.1,2.0,40,22,0,0,0,0,0,0.0,0,0,0,0,0,0
536.2,2026-05-16T18:25:29,0016c001f10c2ef6,7.5,4.0,3.5,0.0,7809,702,7107,9.0,0.47,0.41,0.42,317481304,1294808795,3238,11628,1.3,233.8,3.1,2.0,40,22,0,0,0,0,0,0.0,0,0,0,0,0,0
536.7,2026-05-16T18:25:29,0016c001f10c2ef6,5.9,1.8,4.1,0.0,7809,701,7108,9.0,0.47,0.41,0.42,317484819,1294820423,3515,11628,1.3,233.8,3.1,2.0,40,22,0,0,0,0,0,0.0,0,0,0,0,0,0
537.1,2026-05-16T18:25:30,0016c001f10c2ef6,7.1,1.2,6.0,0.0,7809,701,7108,9.0,0.47,0.41,0.42,317488938,1294863044,4119,42621,1.3,233.8,3.1,2.0,40,22,0,0,0,0,0,0.0,0,0,0,0,0,0
537.6,2026-05-16T18:25:30,0016c001f10c2ef6,19.2,3.0,16.2,0.0,7809,701,7108,9.0,0.52,0.42,0.43,317492246,1294874882,3308,11838,1.3,233.8,3.1,2.0,40,22,0,0,0,0,0,0.0,0,0,0,0,0,0
538.1,2026-05-16T18:25:31,0016c001f10c2ef6,19.5,1.8,17.8,0.0,7809,701,7108,9.0,0.52,0.42,0.43,317495384,1294886510,3138,11628,1.3,233.8,3.1,2.0,40,22,0,0,0,0,0,0.0,0,0,0,0,0,0
538.6,2026-05-16T18:25:31,0016c001f10c2ef6,18.7,1.8,16.9,0.0,7809,701,7108,9.0,0.52,0.42,0.43,317498422,1294898138,3038,11628,1.3,233.8,3.1,2.0,40,22,0,0,0,0,0,0.0,0,0,0,0,0,0
539.1,2026-05-16T18:25:32,0016c001f10c2ef6,13.4,2.3,11.0,0.0,7809,701,7108,9.0,0.52,0.42,0.43,317502589,1294940693,4167,42555,1.3,233.8,3.1,2.0,40,22,0,0,0,0,0,0.0,0,0,0,0,0,0
539.5,2026-05-16T18:25:32,0016c001f10c2ef6,6.9,2.3,4.6,0.0,7809,701,7108,9.0,0.52,0.42,0.43,317505727,1294952321,3138,11628,1.3,233.8,3.1,2.0,40,22,0,0,0,0,0,0.0,0,0,0,0,0,0
540.0,2026-05-16T18:25:33,0016c001f10c2ef6,6.4,2.3,4.1,0.0,7809,701,7108,9.0,0.52,0.42,0.43,317508865,1294963949,3138,11628,1.3,233.8,3.1,2.0,40,22,0,0,0,0,0,0.0,0,0,0,0,0,0
540.5,2026-05-16T18:25:33,0016c001f10c2ef6,8.9,3.7,5.3,0.0,7809,701,7108,9.0,0.52,0.42,0.43,317511903,1294975775,3038,11826,1.3,233.8,3.1,2.0,40,22,0,0,0,0,0,0.0,0,0,0,0,0,0
541.0,2026-05-16T18:25:33,0016c001f10c2ef6,6.9,3.4,3.4,0.0,7809,701,7108,9.0,0.52,0.42,0.43,317515093,1294987403,3190,11628,1.3,233.8,3.1,2.0,40,22,0,0,0,0,0,0.0,0,0,0,0,0,0
541.5,2026-05-16T18:25:34,0016c001f10c2ef6,7.1,2.9,4.1,0.0,7809,701,7108,9.0,0.52,0.42,0.43,317519108,1295029958,4015,42555,1.3,233.8,3.1,2.0,40,22,0,0,0,0,0,0.0,0,0,0,0,0,0
542.0,2026-05-16T18:25:34,0016c001f10c2ef6,5.9,2.4,3.5,0.0,7809,701,7108,9.0,0.52,0.42,0.43,317522298,1295041586,3190,11628,1.3,233.8,3.1,2.0,40,22,0,0,0,0,0,0.0,0,0,0,0,0,0
542.4,2026-05-16T18:25:35,0016c001f10c2ef6,5.8,1.8,4.1,0.0,7809,700,7109,9.0,0.52,0.42,0.43,317525436,1295053214,3138,11628,1.3,233.8,3.1,2.0,40,22,0,0,0,0,0,0.0,0,0,0,0,0,0
542.9,2026-05-16T18:25:35,0016c001f10c2ef6,6.4,2.3,4.1,0.0,7809,701,7108,9.0,0.63,0.44,0.43,317528798,1295064928,3362,11714,1.3,233.8,3.1,2.0,40,22,0,0,0,0,0,0.0,0,0,0,0,0,0
543.4,2026-05-16T18:25:36,0016c001f10c2ef6,6.5,3.0,3.6,0.0,7809,702,7107,9.0,0.63,0.44,0.43,317532817,1295107483,4019,42555,1.3,233.6,3.1,2.0,40,22,0,0,0,0,0,0.0,0,0,0,0,0,0
543.9,2026-05-16T18:25:36,0016c001f10c2ef6,6.3,2.3,4.0,0.0,7809,701,7108,9.0,0.63,0.44,0.43,317536007,1295119111,3190,11628,1.3,233.6,3.1,2.0,40,22,0,0,0,0,0,0.0,0,0,0,0,0,0
544.4,2026-05-16T18:25:37,0016c001f10c2ef6,7.5,3.5,4.0,0.0,7809,701,7108,9.0,0.63,0.44,0.43,317539193,1295130739,3186,11628,1.3,233.6,3.1,2.0,40,22,0,0,0,0,0,0.0,0,0,0,0,0,0
544.8,2026-05-16T18:25:37,0016c001f10c2ef6,6.4,2.3,4.0,0.0,7809,701,7108,9.0,0.63,0.44,0.43,317542331,1295142367,3138,11628,1.3,233.6,3.1,2.0,40,22,0,0,0,0,0,0.0,0,0,0,0,0,0
545.3,2026-05-16T18:25:38,0016c001f10c2ef6,7.0,1.8,5.3,0.0,7809,701,7108,9.0,0.63,0.44,0.43,317546398,1295184922,4067,42555,1.3,233.6,3.1,2.0,40,22,0,0,0,0,0,0.0,0,0,0,0,0,0
545.8,2026-05-16T18:25:38,0016c001f10c2ef6,8.2,4.1,4.1,0.0,7809,702,7107,9.0,0.63,0.44,0.43,317549560,1295196706,3162,11784,1.3,233.6,3.1,2.0,40,22,0,0,0,0,0,0.0,0,0,0,0,0,0
546.3,2026-05-16T18:25:39,0016c001f10c2ef6,9.4,2.6,6.8,0.0,7809,702,7107,9.0,0.63,0.44,0.43,317552546,1295208466,2986,11760,1.3,233.6,3.1,2.0,40,22,0,0,0,0,0,0.0,0,0,0,0,0,0
546.8,2026-05-16T18:25:38,0016c001f10c2ef6,6.9,2.3,4.6,0.0,7809,701,7108,9.0,0.63,0.44,0.43,317555580,1295220094,3034,11628,1.3,233.6,3.1,2.0,40,22,0,0,0,0,0,0.0,0,0,0,0,0,0
547.2,2026-05-16T18:25:39,0016c001f10c2ef6,6.6,1.8,4.8,0.0,7809,701,7108,9.0,0.63,0.44,0.43,317559647,1295262649,4067,42555,1.3,233.6,3.1,2.0,40,22,0,0,0,0,0,0.0,0,0,0,0,0,0
547.7,2026-05-16T18:25:39,0016c001f10c2ef6,7.5,4.0,3.4,0.0,7809,701,7108,9.0,0.63,0.44,0.43,317563214,1295274277,3567,11628,1.3,233.6,3.1,2.0,40,22,0,0,0,0,0,0.0,0,0,0,0,0,0
548.2,2026-05-16T18:25:40,0016c001f10c2ef6,6.9,1.7,5.2,0.0,7809,702,7107,9.0,0.58,0.43,0.43,317566504,1295285905,3290,11628,1.3,233.6,3.1,2.0,40,22,0,0,0,0,0,0.0,0,0,0,0,0,0
548.7,2026-05-16T18:25:40,0016c001f10c2ef6,5.8,2.9,2.9,0.0,7809,701,7108,9.0,0.58,0.43,0.43,317569542,1295297533,3038,11628,1.3,233.6,3.1,2.0,40,22,0,0,0,0,0,0.0,0,0,0,0,0,0
549.2,2026-05-16T18:25:41,0016c001f10c2ef6,6.3,2.9,3.4,0.0,7809,702,7107,9.0,0.58,0.43,0.43,317573193,1295309161,3651,11628,1.3,233.6,3.1,2.0,40,22,0,0,0,0,0,0.0,0,0,0,0,0,0
549.6,2026-05-16T18:25:41,0016c001f10c2ef6,8.0,3.4,4.6,0.0,7809,701,7108,9.0,0.58,0.43,0.43,317576795,1295351716,3602,42555,1.3,233.6,3.1,2.0,40,22,0,0,0,0,0,0.0,0,0,0,0,0,0
550.1,2026-05-16T18:25:42,0016c001f10c2ef6,7.7,2.4,5.3,0.0,7809,701,7108,9.0,0.58,0.43,0.43,317579833,1295363344,3038,11628,1.3,233.6,3.1,2.0,40,22,0,0,0,0,0,0.0,0,0,0,0,0,0
550.6,2026-05-16T18:25:42,0016c001f10c2ef6,20.1,2.4,17.7,0.0,7809,702,7107,9.0,0.58,0.43,0.43,317582867,1295374972,3034,11628,1.3,233.6,3.1,2.0,40,22,0,0,0,0,0,0.0,0,0,0,0,0,0
551.1,2026-05-16T18:25:43,0016c001f10c2ef6,19.9,2.9,17.0,0.0,7809,702,7107,9.0,0.58,0.43,0.43,317585901,1295386600,3034,11628,1.3,233.6,3.1,2.0,40,22,0,0,0,0,0,0.0,0,0,0,0,0,0
551.5,2026-05-16T18:25:43,0016c001f10c2ef6,22.2,4.1,18.1,0.0,7809,702,7107,9.0,0.58,0.43,0.43,317590172,1295429155,4271,42555,1.3,233.6,3.1,2.0,40,22,0,0,0,0,0,0.0,0,0,0,0,0,0
552.1,2026-05-16T18:25:43,0016c001f10c2ef6,14.6,2.7,11.9,0.0,7809,702,7107,9.0,0.58,0.43,0.43,317593414,1295440849,3242,11694,1.3,233.6,3.1,2.0,40,22,0,0,0,0,0,0.0,0,0,0,0,0,0
552.6,2026-05-16T18:25:44,0016c001f10c2ef6,9.1,4.1,5.1,0.0,7809,701,7108,9.0,0.58,0.43,0.43,317596552,1295452543,3138,11694,1.3,233.6,3.1,2.0,40,22,0,0,0,0,0,0.0,0,0,0,0,0,0
553.2,2026-05-16T18:25:44,0016c001f10c2ef6,10.2,4.1,6.1,0.0,7809,701,7108,9.0,0.58,0.43,0.43,317599742,1295464237,3190,11694,1.3,233.6,3.1,2.0,40,22,0,0,0,0,0,0.0,0,0,0,0,0,0
553.7,2026-05-16T18:25:45,0016c001f10c2ef6,9.2,3.1,6.1,0.0,7809,702,7107,9.0,0.62,0.44,0.43,317603397,1295506924,3655,42687,1.3,233.6,3.1,2.0,40,22,0,0,0,0,0,0.0,0,0,0,0,0,0
554.2,2026-05-16T18:25:45,0016c001f10c2ef6,5.4,2.2,3.3,0.0,7809,702,7107,9.0,0.62,0.44,0.43,317606431,1295518552,3034,11628,1.3,233.6,3.1,2.0,40,22,0,0,0,0,0,0.0,0,0,0,0,0,0
554.7,2026-05-16T18:25:46,0016c001f10c2ef6,6.1,2.8,3.4,0.0,7809,701,7108,9.0,0.62,0.44,0.43,317609569,1295530180,3138,11628,1.3,233.6,3.1,2.0,40,22,0,0,0,0,0,0.0,0,0,0,0,0,0
555.2,2026-05-16T18:25:46,0016c001f10c2ef6,7.5,2.9,4.0,0.6,7809,701,7108,9.0,0.62,0.44,0.43,317612727,1295541886,3158,11706,1.3,233.6,3.1,2.0,40,22,0,0,0,0,0,0.0,0,0,0,0,0,0
555.7,2026-05-16T18:25:47,0016c001f10c2ef6,5.9,2.9,2.9,0.0,7809,701,7108,9.0,0.62,0.44,0.43,317616846,1295584441,4119,42555,1.3,233.6,3.1,2.0,40,22,0,0,0,0,0,0.0,0,0,0,0,0,0
556.2,2026-05-16T18:25:47,0016c001f10c2ef6,5.9,1.2,4.7,0.0,7809,700,7109,9.0,0.62,0.44,0.43,317620032,1295596069,3186,11628,1.3,233.6,3.1,2.0,40,22,0,0,0,0,0,0.0,0,0,0,0,0,0
556.6,2026-05-16T18:25:48,0016c001f10c2ef6,6.4,2.3,4.1,0.0,7809,701,7108,9.0,0.62,0.44,0.43,317623174,1295607763,3142,11694,1.3,233.6,3.1,2.0,40,22,0,0,0,0,0,0.0,0,0,0,0,0,0
557.1,2026-05-16T18:25:48,0016c001f10c2ef6,6.8,2.3,4.5,0.0,7809,701,7108,9.0,0.62,0.44,0.43,317626464,1295619391,3290,11628,1.3,233.6,3.1,2.0,40,22,0,0,0,0,0,0.0,0,0,0,0,0,0
557.6,2026-05-16T18:25:48,0016c001f10c2ef6,7.2,2.4,4.8,0.0,7809,701,7108,9.0,0.62,0.44,0.43,317630531,1295661946,4067,42555,1.3,233.6,3.1,2.0,40,22,0,0,0,0,0,0.0,0,0,0,0,0,0
558.1,2026-05-16T18:25:49,0016c001f10c2ef6,5.1,2.3,2.9,0.0,7809,701,7108,9.0,0.62,0.44,0.43,317633569,1295673640,3038,11694,1.3,233.6,3.1,2.0,40,22,0,0,0,0,0,0.0,0,0,0,0,0,0
558.6,2026-05-16T18:25:49,0016c001f10c2ef6,5.8,2.3,3.5,0.0,7809,701,7108,9.0,0.62,0.44,0.43,317636603,1295685268,3034,11628,1.3,233.6,3.1,2.0,40,22,0,0,0,0,0,0.0,0,0,0,0,0,0
559.0,2026-05-16T18:25:50,0016c001f10c2ef6,5.8,2.3,3.5,0.0,7809,701,7108,9.0,0.62,0.44,0.43,317640322,1295696896,3719,11628,1.3,233.6,3.1,2.0,40,22,0,0,0,0,0,0.0,0,0,0,0,0,0
559.6,2026-05-16T18:25:50,0016c001f10c2ef6,10.5,3.7,6.8,0.0,7809,701,7108,9.0,0.57,0.44,0.43,317644493,1295739583,4171,42687,1.3,233.5,3.1,2.0,40,22,0,0,0,0,0,0.0,0,0,0,0,0,0
560.1,2026-05-16T18:25:51,0016c001f10c2ef6,11.6,4.5,7.1,0.0,7809,701,7108,9.0,0.57,0.44,0.43,317647683,1295751277,3190,11694,1.3,233.5,3.1,2.0,40,22,0,0,0,0,0,0.0,0,0,0,0,0,0
560.7,2026-05-16T18:25:51,0016c001f10c2ef6,9.6,2.5,7.1,0.0,7809,701,7108,9.0,0.57,0.44,0.43,317650925,1295763037,3242,11760,1.3,233.5,3.1,2.0,40,22,0,0,0,0,0,0.0,0,0,0,0,0,0
561.2,2026-05-16T18:25:52,0016c001f10c2ef6,10.5,3.0,7.5,0.0,7809,702,7107,9.0,0.57,0.44,0.43,317653963,1295774731,3038,11694,1.3,233.5,3.1,2.0,40,22,0,0,0,0,0,0.0,0,0,0,0,0,0
561.7,2026-05-16T18:25:52,0016c001f10c2ef6,7.6,2.9,4.7,0.0,7809,701,7108,9.0,0.57,0.44,0.43,317658030,1295817286,4067,42555,1.3,233.5,3.1,2.0,40,22,0,0,0,0,0,0.0,0,0,0,0,0,0
562.2,2026-05-16T18:25:53,0016c001f10c2ef6,6.4,2.3,4.0,0.0,7809,701,7108,9.0,0.57,0.44,0.43,317661064,1295828914,3034,11628,1.3,233.5,3.1,2.0,40,22,0,0,0,0,0,0.0,0,0,0,0,0,0
562.6,2026-05-16T18:25:53,0016c001f10c2ef6,6.0,1.8,4.2,0.0,7809,701,7108,9.0,0.57,0.44,0.43,317664150,1295840542,3086,11628,1.3,233.5,3.1,2.0,40,22,0,0,0,0,0,0.0,0,0,0,0,0,0
563.1,2026-05-16T18:25:53,0016c001f10c2ef6,9.4,2.3,7.0,0.0,7809,701,7108,9.0,0.57,0.44,0.43,317667288,1295852170,3138,11628,1.3,233.5,3.1,2.0,40,22,0,0,0,0,0,0.0,0,0,0,0,0,0
563.6,2026-05-16T18:25:54,0016c001f10c2ef6,19.9,2.8,17.1,0.0,7809,700,7109,9.0,0.57,0.44,0.43,317671283,1295895045,3995,42875,1.3,233.5,3.1,2.0,40,22,0,0,0,0,0,0.0,0,0,0,0,0,0
564.3,2026-05-16T18:25:54,0016c001f10c2ef6,17.9,1.8,16.1,0.0,7809,702,7107,9.0,0.57,0.44,0.43,317674521,1295906805,3238,11760,1.3,233.5,3.1,2.0,40,22,0,0,0,0,0,0.0,0,0,0,0,0,0
564.8,2026-05-16T18:25:55,0016c001f10c2ef6,16.3,1.4,14.9,0.0,7809,701,7108,9.0,0.52,0.43,0.43,317677559,1295918433,3038,11628,1.3,233.5,3.1,2.0,40,22,0,0,0,0,0,0.0,0,0,0,0,0,0
565.4,2026-05-16T18:25:56,0016c001f10c2ef6,5.8,1.3,4.4,0.0,7809,702,7107,9.0,0.52,0.43,0.43,317680873,1295930611,3314,12178,1.3,233.5,3.1,2.0,40,22,0,0,0,0,0,0.0,0,0,0,0,0,0
565.9,2026-05-16T18:25:56,0016c001f10c2ef6,6.8,2.8,4.0,0.0,7809,701,7108,9.0,0.52,0.43,0.43,317684904,1295973408,4031,42797,1.3,233.5,3.1,2.0,40,22,0,0,0,0,0,0.0,0,0,0,0,0,0
566.5,2026-05-16T18:25:57,0016c001f10c2ef6,6.2,1.4,4.8,0.0,7809,702,7107,9.0,0.52,0.43,0.43,317688262,1295985278,3358,11870,1.3,233.5,3.1,2.0,40,22,0,0,0,0,0,0.0,0,0,0,0,0,0
567.2,2026-05-16T18:25:57,0016c001f10c2ef6,8.2,3.0,5.2,0.0,7809,702,7107,9.0,0.52,0.43,0.43,317691524,1295997456,3262,12178,1.3,233.5,3.1,2.0,40,22,0,0,0,0,0,0.0,0,0,0,0,0,0
567.9,2026-05-16T18:25:58,0016c001f10c2ef6,8.4,3.3,4.7,0.4,7809,701,7108,9.0,0.52,0.43,0.43,317695603,1296041038,4079,43582,1.3,233.5,3.1,2.0,40,22,0,0,0,0,0,0.0,0,0,0,0,0,0
568.6,2026-05-16T18:25:58,0016c001f10c2ef6,9.2,4.0,5.2,0.0,7809,700,7109,9.0,0.52,0.43,0.43,317698705,1296053040,3102,12002,1.3,233.5,3.1,2.0,40,22,0,0,0,0,0,0.0,0,0,0,0,0,0
569.2,2026-05-16T18:25:59,0016c001f10c2ef6,4.7,1.7,3.0,0.0,7809,701,7108,9.0,0.52,0.43,0.43,317701943,1296064734,3238,11694,1.3,233.5,3.1,2.0,40,22,0,0,0,0,0,0.0,0,0,0,0,0,0
569.9,2026-05-16T18:26:00,0016c001f10c2ef6,5.7,2.4,3.3,0.0,7809,701,7108,9.0,0.52,0.43,0.43,317706207,1296107773,4264,43039,1.3,233.5,3.1,2.0,40,22,0,0,0,0,0,0.0,0,0,0,0,0,0
570.4,2026-05-16T18:26:00,0016c001f10c2ef6,4.9,2.0,2.9,0.0,7809,699,7110,9.0,0.48,0.42,0.43,317709543,1296121659,3336,13886,1.3,233.4,3.1,2.0,40,22,0,0,0,0,0,0.0,0,0,0,0,0,0
571.0,2026-05-16T18:26:01,0016c001f10c2ef6,6.5,2.6,3.9,0.0,7809,699,7110,9.0,0.48,0.42,0.43,317712749,1296133595,3206,11936,1.3,233.4,3.1,2.0,40,22,0,0,0,0,0,0.0,0,0,0,0,0,0
571.7,2026-05-16T18:26:01,0016c001f10c2ef6,5.5,0.9,4.5,0.0,7809,699,7110,9.0,0.48,0.42,0.43,317716037,1296145729,3288,12134,1.3,233.4,3.1,2.0,40,22,0,0,0,0,0,0.0,0,0,0,0,0,0
572.2,2026-05-16T18:26:02,0016c001f10c2ef6,7.1,3.5,3.5,0.0,7809,700,7109,9.0,0.48,0.42,0.43,317720204,1296188284,4167,42555,1.3,233.4,3.1,2.0,40,22,0,0,0,0,0,0.0,0,0,0,0,0,0
572.6,2026-05-16T18:26:02,0016c001f10c2ef6,5.9,1.8,4.1,0.0,7809,700,7109,9.0,0.48,0.42,0.43,317723314,1296199990,3110,11706,1.3,233.4,3.1,2.0,40,22,0,0,0,0,0,0.0,0,0,0,0,0,0
573.1,2026-05-16T18:26:03,0016c001f10c2ef6,7.3,1.7,5.6,0.0,7809,700,7109,9.0,0.48,0.42,0.43,317726452,1296211618,3138,11628,1.3,233.4,3.1,2.0,40,22,0,0,0,0,0,0.0,0,0,0,0,0,0
573.6,2026-05-16T18:26:03,0016c001f10c2ef6,6.5,2.9,3.5,0.0,7809,701,7108,9.0,0.48,0.42,0.43,317729486,1296223246,3034,11628,1.3,233.4,3.1,2.0,40,22,0,0,0,0,0,0.0,0,0,0,0,0,0
574.1,2026-05-16T18:26:03,0016c001f10c2ef6,8.4,2.8,5.6,0.0,7809,699,7110,9.0,0.48,0.42,0.43,317733409,1296266797,3923,43551,1.3,233.4,3.1,2.0,40,22,0,0,0,0,0,0.0,0,0,0,0,0,0
574.6,2026-05-16T18:26:04,0016c001f10c2ef6,9.5,4.0,5.5,0.0,7809,699,7110,9.0,0.48,0.42,0.43,317736495,1296278491,3086,11694,1.3,233.4,3.1,2.0,40,22,0,0,0,0,0,0.0,0,0,0,0,0,0
575.1,2026-05-16T18:26:04,0016c001f10c2ef6,6.2,1.1,5.1,0.0,7809,700,7109,9.0,0.48,0.42,0.43,317739685,1296290119,3190,11628,1.3,233.4,3.1,2.0,40,22,0,0,0,0,0,0.0,0,0,0,0,0,0
575.6,2026-05-16T18:26:05,0016c001f10c2ef6,5.2,1.7,3.5,0.0,7809,701,7108,9.0,0.48,0.42,0.43,317742823,1296301747,3138,11628,1.3,233.4,3.1,2.0,40,22,0,0,0,0,0,0.0,0,0,0,0,0,0
576.1,2026-05-16T18:26:05,0016c001f10c2ef6,11.2,3.5,7.6,0.0,7809,700,7109,9.0,0.6,0.45,0.44,317746994,1296344302,4171,42555,1.3,233.4,3.1,2.0,40,22,0,0,0,0,0,0.0,0,0,0,0,0,0
576.6,2026-05-16T18:26:06,0016c001f10c2ef6,19.8,1.2,18.6,0.0,7809,701,7108,9.0,0.6,0.45,0.44,317750180,1296355930,3186,11628,1.3,233.4,3.1,2.0,40,22,0,0,0,0,0,0.0,0,0,0,0,0,0
577.1,2026-05-16T18:26:06,0016c001f10c2ef6,18.6,2.3,16.3,0.0,7809,701,7108,9.0,0.6,0.45,0.44,317753370,1296367558,3190,11628,1.3,233.4,3.1,2.0,40,22,0,0,0,0,0,0.0,0,0,0,0,0,0
577.6,2026-05-16T18:26:07,0016c001f10c2ef6,19.8,2.3,17.4,0.0,7809,701,7108,9.0,0.6,0.45,0.44,317756508,1296379186,3138,11628,1.3,233.4,3.1,2.0,40,22,0,0,0,0,0,0.0,0,0,0,0,0,0
578.0,2026-05-16T18:26:07,0016c001f10c2ef6,9.6,2.4,7.2,0.0,7809,700,7109,9.0,0.6,0.45,0.44,317760575,1296421807,4067,42621,1.3,233.3,3.1,2.0,40,22,0,0,0,0,0,0.0,0,0,0,0,0,0
578.5,2026-05-16T18:26:08,0016c001f10c2ef6,6.7,3.6,3.0,0.0,7809,700,7109,9.0,0.6,0.45,0.44,317763841,1296433591,3266,11784,1.3,233.3,3.1,2.0,40,22,0,0,0,0,0,0.0,0,0,0,0,0,0
579.0,2026-05-16T18:26:08,0016c001f10c2ef6,8.5,3.4,5.1,0.0,7809,701,7108,9.0,0.6,0.45,0.44,317766979,1296445219,3138,11628,1.3,233.3,3.1,2.0,40,22,0,0,0,0,0,0.0,0,0,0,0,0,0
579.4,2026-05-16T18:26:15,0016c001f10c2ef6,6.0,2.4,3.6,0.0,7809,700,7109,9.0,0.6,0.45,0.44,317770069,1296456847,3090,11628,1.3,233.3,3.1,2.0,40,22,0,0,0,0,0,0.0,0,0,0,0,0,0
579.9,2026-05-16T18:26:09,0016c001f10c2ef6,7.7,2.4,4.7,0.6,7809,700,7109,9.0,0.6,0.45,0.44,317773307,1296468475,3238,11628,1.3,233.3,3.1,2.0,40,22,0,0,0,0,0,0.0,0,0,0,0,0,0
580.4,2026-05-16T18:26:09,0016c001f10c2ef6,11.6,4.2,7.4,0.0,7809,699,7110,9.0,0.6,0.45,0.44,317777374,1296511096,4067,42621,1.3,233.3,3.1,2.0,40,22,0,0,0,0,0,0.0,0,0,0,0,0,0
581.0,2026-05-16T18:26:10,0016c001f10c2ef6,10.0,5.0,5.0,0.0,7809,699,7110,9.0,0.6,0.45,0.44,317781097,1296522856,3723,11760,1.3,233.3,3.1,2.0,40,22,0,0,0,0,0,0.0,0,0,0,0,0,0
581.5,2026-05-16T18:26:10,0016c001f10c2ef6,10.6,4.8,5.9,0.0,7809,699,7110,9.0,0.71,0.47,0.45,317784307,1296536397,3210,13541,1.3,233.3,3.1,2.0,40,22,0,0,0,0,0,0.0,0,0,0,0,0,0
582.0,2026-05-16T18:26:11,0016c001f10c2ef6,12.8,4.6,8.2,0.0,7809,699,7110,9.0,0.71,0.47,0.45,317788576,1296580139,4269,43742,1.3,233.3,3.1,2.0,40,22,0,0,0,0,0,0.0,0,0,0,0,0,0
582.6,2026-05-16T18:26:11,0016c001f10c2ef6,10.4,3.6,6.8,0.0,7809,699,7110,9.0,0.71,0.47,0.45,317791614,1296592848,3038,12709,1.3,233.3,3.1,2.0,40,22,0,0,0,0,0,0.0,0,0,0,0,0,0
583.1,2026-05-16T18:26:12,0016c001f10c2ef6,6.9,3.5,3.5,0.0,7809,699,7110,9.0,0.71,0.47,0.45,317794798,1296604476,3184,11628,1.3,233.3,3.1,2.0,40,22,0,0,0,0,0,0.0,0,0,0,0,0,0
583.5,2026-05-16T18:26:12,0016c001f10c2ef6,6.5,1.2,5.3,0.0,7809,699,7110,9.0,0.71,0.47,0.45,317798088,1296616170,3290,11694,1.3,233.3,3.1,2.0,40,22,0,0,0,0,0,0.0,0,0,0,0,0,0
584.0,2026-05-16T18:26:13,0016c001f10c2ef6,7.0,2.3,4.7,0.0,7809,700,7109,9.0,0.71,0.47,0.45,317801330,1296627798,3242,11628,1.3,233.3,3.1,2.0,40,22,0,0,0,0,0,0.0,0,0,0,0,0,0
584.5,2026-05-16T18:26:13,0016c001f10c2ef6,8.7,4.6,4.0,0.0,7809,699,7110,9.0,0.71,0.47,0.45,317805401,1296670409,4071,42611,1.3,233.3,3.1,2.0,40,22,0,0,0,0,0,0.0,0,0,0,0,0,0
585.0,2026-05-16T18:26:13,0016c001f10c2ef6,8.7,4.0,4.6,0.0,7809,699,7110,9.0,0.71,0.47,0.45,317808643,1296682037,3242,11628,1.3,233.3,3.1,2.0,40,22,0,0,0,0,0,0.0,0,0,0,0,0,0
585.4,2026-05-16T18:26:14,0016c001f10c2ef6,5.4,2.4,2.4,0.6,7809,699,7110,9.0,0.71,0.47,0.45,317811881,1296693665,3238,11628,1.3,233.3,3.1,2.0,40,22,0,0,0,0,0,0.0,0,0,0,0,0,0
585.9,2026-05-16T18:26:14,0016c001f10c2ef6,7.4,2.3,5.1,0.0,7809,701,7108,9.0,0.71,0.47,0.45,317815071,1296705293,3190,11628,1.3,233.3,3.1,2.0,40,22,0,0,0,0,0,0.0,0,0,0,0,0,0
586.4,2026-05-16T18:26:15,0016c001f10c2ef6,7.1,3.0,4.2,0.0,7809,700,7109,9.0,0.71,0.47,0.45,317819142,1296747904,4071,42611,1.3,233.3,3.1,2.0,40,22,0,0,0,0,0,0.0,0,0,0,0,0,0
586.9,2026-05-16T18:26:15,0016c001f10c2ef6,4.6,1.7,2.9,0.0,7809,701,7108,9.0,0.66,0.47,0.44,317822432,1296759532,3290,11628,1.3,233.3,3.1,2.0,40,22,0,0,0,0,0,0.0,0,0,0,0,0,0
587.3,2026-05-16T18:26:16,0016c001f10c2ef6,7.4,2.3,5.1,0.0,7809,701,7108,9.0,0.66,0.47,0.44,317825570,1296771160,3138,11628,1.3,233.3,3.1,2.0,40,22,0,0,0,0,0,0.0,0,0,0,0,0,0
587.8,2026-05-16T18:26:16,0016c001f10c2ef6,6.4,1.7,4.6,0.0,7809,700,7109,9.0,0.66,0.47,0.44,317828708,1296782854,3138,11694,1.3,233.3,3.1,2.0,40,22,0,0,0,0,0,0.0,0,0,0,0,0,0
588.3,2026-05-16T18:26:17,0016c001f10c2ef6,11.3,5.4,5.9,0.0,7809,700,7109,9.0,0.66,0.47,0.44,317832623,1296825531,3915,42677,1.3,233.3,3.1,2.0,40,22,0,0,0,0,0,0.0,0,0,0,0,0,0
588.9,2026-05-16T18:26:17,0016c001f10c2ef6,7.5,2.5,5.0,0.0,7809,699,7110,9.0,0.66,0.47,0.44,317835709,1296837225,3086,11694,1.3,233.4,3.1,2.0,40,22,0,0,0,0,0,0.0,0,0,0,0,0,0
589.4,2026-05-16T18:26:18,0016c001f10c2ef6,19.9,2.2,17.7,0.0,7809,698,7111,8.9,0.66,0.47,0.44,317838795,1296848853,3086,11628,1.3,233.4,3.1,2.0,42,24,2,2,0,0,0,0.0,0,0,0,0,0,0
589.9,2026-05-16T18:26:18,0016c001f10c2ef6,19.0,2.4,16.7,0.0,7809,698,7111,8.9,0.66,0.47,0.44,317842033,1296860548,3238,11695,1.3,233.4,3.1,2.0,42,24,0,0,0,0,0,0.0,0,0,0,0,0,0
590.4,2026-05-16T18:26:19,0016c001f10c2ef6,21.2,3.1,18.1,0.0,7809,699,7110,9.0,0.66,0.47,0.44,317846072,1296903238,4039,42690,1.3,233.4,3.1,2.0,42,24,0,0,0,0,0,0.0,0,0,0,0,0,0
590.9,2026-05-16T18:26:19,0016c001f10c2ef6,12.2,1.1,11.1,0.0,7809,699,7110,9.0,0.66,0.47,0.44,317849158,1296914867,3086,11629,1.3,233.4,3.1,2.0,42,24,0,0,0,0,0,0.0,0,0,0,0,0,0
591.4,2026-05-16T18:26:19,0016c001f10c2ef6,6.6,2.2,4.4,0.0,7809,700,7109,9.0,0.66,0.47,0.44,317852192,1296926496,3034,11629,1.3,233.4,3.1,2.0,42,24,0,0,0,0,0,0.0,0,0,0,0,0,0
591.9,2026-05-16T18:26:20,0016c001f10c2ef6,6.1,2.2,3.9,0.0,7809,700,7109,9.0,0.66,0.47,0.44,317855759,1296938191,3567,11695,1.3,233.4,3.1,2.0,42,24,0,0,0,0,0,0.0,0,0,0,0,0,0
592.4,2026-05-16T18:26:20,0016c001f10c2ef6,5.8,2.3,3.5,0.0,7809,700,7109,9.0,0.6,0.46,0.44,317859826,1296980803,4067,42612,1.3,233.4,3.1,2.0,42,24,0,0,0,0,0,0.0,0,0,0,0,0,0
592.9,2026-05-16T18:26:21,0016c001f10c2ef6,7.0,2.3,4.7,0.0,7809,701,7108,9.0,0.6,0.46,0.44,317863064,1296992498,3238,11695,1.3,233.4,3.1,2.0,42,24,0,0,0,0,0,0.0,0,0,0,0,0,0
593.3,2026-05-16T18:26:21,0016c001f10c2ef6,9.2,2.3,5.8,1.2,7809,700,7109,9.0,0.6,0.46,0.44,317866206,1297004127,3142,11629,1.3,233.4,3.1,2.0,42,24,0,0,0,0,0,0.0,0,0,0,0,0,0
593.8,2026-05-16T18:26:22,0016c001f10c2ef6,6.3,1.1,5.1,0.0,7809,699,7110,9.0,0.6,0.46,0.44,317869396,1297015822,3190,11695,1.3,233.4,3.1,2.0,42,24,0,0,0,0,0,0.0,0,0,0,0,0,0
594.3,2026-05-16T18:26:22,0016c001f10c2ef6,5.5,0.6,4.9,0.0,7809,700,7109,9.0,0.6,0.46,0.44,317873719,1297058434,4323,42612,1.3,233.4,3.1,2.0,42,24,0,0,0,0,0,0.0,0,0,0,0,0,0
594.8,2026-05-16T18:26:22,0016c001f10c2ef6,9.3,4.4,4.9,0.0,7809,700,7109,9.0,0.6,0.46,0.44,317876757,1297070195,3038,11761,1.3,233.4,3.1,2.0,42,24,0,0,0,0,0,0.0,0,0,0,0,0,0
595.2,2026-05-16T18:26:23,0016c001f10c2ef6,7.0,2.3,4.7,0.0,7809,700,7109,9.0,0.6,0.46,0.44,317879891,1297081824,3134,11629,1.3,233.4,3.1,2.0,42,24,0,0,0,0,0,0.0,0,0,0,0,0,0
595.7,2026-05-16T18:26:23,0016c001f10c2ef6,6.5,1.8,4.7,0.0,7809,700,7109,9.0,0.6,0.46,0.44,317882981,1297093453,3090,11629,1.3,233.4,3.1,2.0,42,24,0,0,0,0,0,0.0,0,0,0,0,0,0
596.2,2026-05-16T18:26:23,0016c001f10c2ef6,7.0,2.3,4.7,0.0,7809,699,7110,9.0,0.6,0.46,0.44,317886191,1297105168,3210,11715,1.3,233.4,3.1,2.0,42,24,0,0,0,0,0,0.0,0,0,0,0,0,0
596.7,2026-05-16T18:26:24,0016c001f10c2ef6,6.5,2.9,3.5,0.0,7809,699,7110,9.0,0.6,0.46,0.44,317890306,1297147846,4115,42678,1.3,233.3,3.1,2.0,42,24,0,0,0,0,0,0.0,0,0,0,0,0,0
597.2,2026-05-16T18:26:24,0016c001f10c2ef6,6.9,2.3,4.6,0.0,7809,698,7111,8.9,0.6,0.46,0.44,317893548,1297159475,3242,11629,1.3,233.3,3.1,2.0,42,24,0,0,0,0,0,0.0,0,0,0,0,0,0
597.6,2026-05-16T18:26:25,0016c001f10c2ef6,6.7,1.1,5.6,0.0,7809,699,7110,9.0,0.6,0.46,0.44,317896638,1297171104,3090,11629,1.3,233.3,3.1,2.0,42,24,0,0,0,0,0,0.0,0,0,0,0,0,0
598.1,2026-05-16T18:26:25,0016c001f10c2ef6,6.9,2.9,4.0,0.0,7809,700,7109,9.0,0.56,0.45,0.44,317899828,1297182799,3190,11695,1.3,233.3,3.1,2.0,42,24,0,0,0,0,0,0.0,0,0,0,0,0,0
598.6,2026-05-16T18:26:26,0016c001f10c2ef6,8.2,1.8,6.5,0.0,7809,700,7109,9.0,0.56,0.45,0.44,317903791,1297225411,3963,42612,1.3,233.3,3.1,2.0,42,24,0,0,0,0,0,0.0,0,0,0,0,0,0
599.1,2026-05-16T18:26:26,0016c001f10c2ef6,6.4,2.3,3.5,0.6,7809,700,7109,9.0,0.56,0.45,0.44,317906929,1297237106,3138,11695,1.3,233.3,3.1,2.0,42,24,0,0,0,0,0,0.0,0,0,0,0,0,0
599.5,2026-05-16T18:26:27,0016c001f10c2ef6,5.4,3.0,2.4,0.0,7809,700,7109,9.0,0.56,0.45,0.44,317910131,1297248911,3202,11805,1.3,233.3,3.1,2.0,42,24,0,0,0,0,0,0.0,0,0,0,0,0,0
600.0,2026-05-16T18:26:27,0016c001f10c2ef6,5.4,2.2,3.3,0.0,7809,700,7109,9.0,0.56,0.45,0.44,317913473,1297260540,3342,11629,1.3,233.3,3.1,2.0,42,24,0,0,0,0,0,0.0,0,0,0,0,0,0
600.6,2026-05-16T18:26:28,0016c001f10c2ef6,9.3,3.1,6.2,0.0,7809,700,7109,9.0,0.56,0.45,0.44,317917440,1297303218,3967,42678,1.3,233.3,3.1,2.0,42,24,0,0,0,0,0,0.0,0,0,0,0,0,0
601.1,2026-05-16T18:26:28,0016c001f10c2ef6,6.0,2.4,3.6,0.0,7809,700,7109,9.0,0.56,0.45,0.44,317920578,1297314847,3138,11629,1.3,233.3,3.1,2.0,42,24,0,0,0,0,0,0.0,0,0,0,0,0,0
601.6,2026-05-16T18:26:28,0016c001f10c2ef6,6.2,1.7,4.5,0.0,7809,700,7109,9.0,0.56,0.45,0.44,317923612,1297326476,3034,11629,1.3,233.3,3.1,2.0,42,24,0,0,0,0,0,0.0,0,0,0,0,0,0
602.0,2026-05-16T18:26:29,0016c001f10c2ef6,8.9,1.2,7.7,0.0,7809,700,7109,9.0,0.56,0.45,0.44,317926746,1297338105,3134,11629,1.3,233.3,3.1,2.0,42,24,0,0,0,0,0,0.0,0,0,0,0,0,0
602.5,2026-05-16T18:26:29,0016c001f10c2ef6,18.9,3.0,16.0,0.0,7809,700,7109,9.0,0.56,0.45,0.44,317930657,1297380717,3911,42612,1.3,233.3,3.1,2.0,42,24,0,0,0,0,0,0.0,0,0,0,0,0,0
603.0,2026-05-16T18:26:30,0016c001f10c2ef6,20.8,2.8,18.0,0.0,7809,700,7109,9.0,0.56,0.45,0.44,317934176,1297392412,3519,11695,1.3,233.3,3.1,2.0,42,24,0,0,0,0,0,0.0,0,0,0,0,0,0
603.5,2026-05-16T18:26:30,0016c001f10c2ef6,19.9,1.8,18.1,0.0,7809,700,7109,9.0,0.67,0.48,0.45,317937414,1297404041,3238,11629,1.3,233.3,3.1,2.0,42,24,0,0,0,0,0,0.0,0,0,0,0,0,0
604.0,2026-05-16T18:26:31,0016c001f10c2ef6,8.4,2.2,6.2,0.0,7809,700,7109,9.0,0.67,0.48,0.45,317940552,1297415670,3138,11629,1.3,233.3,3.1,2.0,42,24,0,0,0,0,0,0.0,0,0,0,0,0,0
604.5,2026-05-16T18:26:31,0016c001f10c2ef6,7.4,2.3,5.1,0.0,7809,701,7108,9.0,0.67,0.48,0.45,317944411,1297458282,3859,42612,1.3,233.3,3.1,2.0,42,24,0,0,0,0,0,0.0,0,0,0,0,0,0
604.9,2026-05-16T18:26:32,0016c001f10c2ef6,7.5,2.9,4.6,0.0,7809,700,7109,9.0,0.67,0.48,0.45,317947605,1297469911,3194,11629,1.3,233.3,3.1,2.0,42,24,0,0,0,0,0,0.0,0,0,0,0,0,0
605.4,2026-05-16T18:26:32,0016c001f10c2ef6,6.0,1.2,4.8,0.0,7809,700,7109,9.0,0.67,0.48,0.45,317950739,1297481540,3134,11629,1.3,233.3,3.1,2.0,42,24,0,0,0,0,0,0.0,0,0,0,0,0,0
605.9,2026-05-16T18:26:33,0016c001f10c2ef6,6.8,1.7,5.1,0.0,7809,700,7109,9.0,0.67,0.48,0.45,317953877,1297493169,3138,11629,1.3,233.3,3.1,2.0,42,24,0,0,0,0,0,0.0,0,0,0,0,0,0
606.5,2026-05-16T18:26:33,0016c001f10c2ef6,9.0,2.0,7.0,0.0,7809,700,7109,9.0,0.67,0.48,0.45,317956915,1297504930,3038,11761,1.3,233.3,3.1,2.0,42,24,0,0,0,0,0,0.0,0,0,0,0,0,0
606.9,2026-05-16T18:26:34,0016c001f10c2ef6,6.1,1.2,4.8,0.0,7809,700,7109,9.0,0.67,0.48,0.45,317960926,1297547542,4011,42612,1.3,233.3,3.1,2.0,42,24,0,0,0,0,0,0.0,0,0,0,0,0,0
607.4,2026-05-16T18:26:34,0016c001f10c2ef6,7.3,2.2,5.1,0.0,7809,700,7109,9.0,0.67,0.48,0.45,317963912,1297559171,2986,11629,1.3,233.3,3.1,2.0,42,24,0,0,0,0,0,0.0,0,0,0,0,0,0
607.9,2026-05-16T18:26:34,0016c001f10c2ef6,5.9,1.8,4.1,0.0,7809,699,7110,9.0,0.67,0.48,0.45,317967118,1297570878,3206,11707,1.3,233.3,3.1,2.0,42,24,0,0,0,0,0,0.0,0,0,0,0,0,0
608.4,2026-05-16T18:26:35,0016c001f10c2ef6,5.9,1.8,4.1,0.0,7809,701,7108,9.0,0.67,0.48,0.45,317970308,1297582507,3190,11629,1.3,233.3,3.1,2.0,42,24,0,0,0,0,0,0.0,0,0,0,0,0,0
608.8,2026-05-16T18:26:35,0016c001f10c2ef6,7.4,2.9,4.6,0.0,7809,701,7108,9.0,0.62,0.47,0.44,317974531,1297625119,4223,42612,1.3,233.3,3.1,2.0,42,24,0,0,0,0,0,0.0,0,0,0,0,0,0
609.3,2026-05-16T18:26:36,0016c001f10c2ef6,6.9,2.3,4.6,0.0,7809,699,7110,9.0,0.62,0.47,0.44,317977569,1297636748,3038,11629,1.3,233.3,3.1,2.0,42,24,0,0,0,0,0,0.0,0,0,0,0,0,0
609.8,2026-05-16T18:26:36,0016c001f10c2ef6,6.9,1.7,5.2,0.0,7809,699,7110,9.0,0.62,0.47,0.44,317980655,1297648377,3086,11629,1.3,233.3,3.1,2.0,42,24,0,0,0,0,0,0.0,0,0,0,0,0,0
610.3,2026-05-16T18:26:36,0016c001f10c2ef6,6.3,2.3,4.0,0.0,7809,698,7111,8.9,0.62,0.47,0.44,317983793,1297660006,3138,11629,1.3,233.3,3.1,2.0,42,24,0,0,0,0,0,0.0,0,0,0,0,0,0
610.8,2026-05-16T18:26:37,0016c001f10c2ef6,5.4,2.5,3.0,0.0,7809,698,7111,8.9,0.62,0.47,0.44,317987972,1297702860,4179,42854,1.3,233.3,3.1,2.0,42,24,0,0,0,0,0,0.0,0,0,0,0,0,0
611.3,2026-05-16T18:26:38,0016c001f10c2ef6,7.1,2.4,4.7,0.0,7809,698,7111,8.9,0.62,0.47,0.44,317991208,1297714531,3236,11671,1.3,233.3,3.1,2.0,42,24,0,0,0,0,0,0.0,0,0,0,0,0,0
611.8,2026-05-16T18:26:38,0016c001f10c2ef6,5.8,1.2,4.7,0.0,7809,700,7109,9.0,0.62,0.47,0.44,317994422,1297726316,3214,11785,1.3,233.3,3.1,2.0,42,24,0,0,0,0,0,0.0,0,0,0,0,0,0
612.3,2026-05-16T18:26:39,0016c001f10c2ef6,8.2,2.1,6.2,0.0,7809,699,7110,9.0,0.62,0.47,0.44,317997560,1297738077,3138,11761,1.3,233.3,3.1,2.0,42,24,0,0,0,0,0,0.0,0,0,0,0,0,0
612.9,2026-05-16T18:26:39,0016c001f10c2ef6,11.3,3.9,7.4,0.0,7809,699,7110,9.0,0.62,0.47,0.44,318001523,1297780755,3963,42678,1.3,233.3,3.1,2.0,42,24,0,0,0,0,0,0.0,0,0,0,0,0,0
613.4,2026-05-16T18:26:39,0016c001f10c2ef6,6.5,1.1,5.4,0.0,7809,700,7109,9.0,0.62,0.47,0.44,318004561,1297792384,3038,11629,1.3,233.3,3.1,2.0,42,24,0,0,0,0,0,0.0,0,0,0,0,0,0
613.9,2026-05-16T18:26:40,0016c001f10c2ef6,6.8,2.3,4.5,0.0,7809,700,7109,9.0,0.62,0.47,0.44,318008076,1297804079,3515,11695,1.3,233.3,3.1,2.0,42,24,0,0,0,0,0,0.0,0,0,0,0,0,0
614.4,2026-05-16T18:26:40,0016c001f10c2ef6,4.9,1.2,3.7,0.0,7809,699,7110,9.0,0.65,0.48,0.45,318011210,1297815708,3134,11629,1.3,233.3,3.1,2.0,42,24,0,0,0,0,0,0.0,0,0,0,0,0,0
614.8,2026-05-16T18:26:41,0016c001f10c2ef6,7.6,2.4,5.3,0.0,7809,700,7109,9.0,0.65,0.48,0.45,318015281,1297858320,4071,42612,1.3,233.3,3.1,2.0,42,24,0,0,0,0,0,0.0,0,0,0,0,0,0
615.3,2026-05-16T18:26:41,0016c001f10c2ef6,19.6,4.2,15.5,0.0,7809,700,7109,9.0,0.65,0.48,0.45,318018315,1297869949,3034,11629,1.3,233.3,3.1,2.0,42,24,0,0,0,0,0,0.0,0,0,0,0,0,0
615.8,2026-05-16T18:26:42,0016c001f10c2ef6,18.6,1.7,16.9,0.0,7809,700,7109,9.0,0.65,0.48,0.45,318021401,1297881578,3086,11629,1.3,233.3,3.1,2.0,42,24,0,0,0,0,0,0.0,0,0,0,0,0,0
616.3,2026-05-16T18:26:42,0016c001f10c2ef6,18.7,1.8,16.9,0.0,7809,700,7109,9.0,0.65,0.48,0.45,318024539,1297893207,3138,11629,1.3,233.3,3.1,2.0,42,24,0,0,0,0,0,0.0,0,0,0,0,0,0
616.8,2026-05-16T18:26:42,0016c001f10c2ef6,13.9,1.8,12.0,0.0,7809,701,7108,9.0,0.65,0.48,0.45,318028778,1297935963,4239,42756,1.3,233.3,3.1,2.0,42,24,0,0,0,0,0,0.0,0,0,0,0,0,0
617.2,2026-05-16T18:26:43,0016c001f10c2ef6,8.4,3.6,4.2,0.6,7809,701,7108,9.0,0.65,0.48,0.45,318031816,1297947592,3038,11629,1.3,233.3,3.1,2.0,42,24,0,0,0,0,0,0.0,0,0,0,0,0,0
617.7,2026-05-16T18:26:43,0016c001f10c2ef6,7.4,2.3,5.1,0.0,7809,701,7108,9.0,0.65,0.48,0.45,318034850,1297959221,3034,11629,1.3,233.3,3.1,2.0,42,24,0,0,0,0,0,0.0,0,0,0,0,0,0
618.2,2026-05-16T18:26:43,0016c001f10c2ef6,5.7,2.9,2.9,0.0,7809,701,7108,9.0,0.65,0.48,0.45,318038088,1297970850,3238,11629,1.3,233.3,3.1,2.0,42,24,0,0,0,0,0,0.0,0,0,0,0,0,0
618.7,2026-05-16T18:26:44,0016c001f10c2ef6,7.3,2.6,4.7,0.0,7809,700,7109,9.0,0.65,0.48,0.45,318041226,1297982545,3138,11695,1.3,233.3,3.1,2.0,42,24,0,0,0,0,0,0.0,0,0,0,0,0,0
619.2,2026-05-16T18:26:44,0016c001f10c2ef6,9.3,3.3,6.0,0.0,7809,700,7109,9.0,0.65,0.48,0.45,318045037,1298025223,3811,42678,1.3,233.3,3.1,2.0,42,24,0,0,0,0,0,0.0,0,0,0,0,0,0
619.7,2026-05-16T18:26:45,0016c001f10c2ef6,6.4,2.9,3.5,0.0,7809,699,7110,9.0,0.65,0.48,0.45,318048123,1298036852,3086,11629,1.3,233.3,3.1,2.0,42,24,0,0,0,0,0,0.0,0,0,0,0,0,0
620.2,2026-05-16T18:26:45,0016c001f10c2ef6,6.6,2.2,4.4,0.0,7809,696,7113,8.9,0.84,0.52,0.46,318070615,1302805680,22492,4768828,1.3,233.2,3.1,2.0,42,24,0,0,0,0,0,0.0,0,0,0,0,0,0
621.0,2026-05-16T18:26:46,0016c001f10c2ef6,9.4,4.1,5.3,0.0,7809,698,7111,8.9,0.84,0.52,0.46,318082323,1302858086,11708,52406,1.3,233.2,3.1,2.0,42,24,0,0,0,0,0,0.0,0,0,0,0,0,0
621.4,2026-05-16T18:26:47,0016c001f10c2ef6,7.8,3.6,4.2,0.0,7809,698,7111,8.9,0.84,0.52,0.46,318085513,1302869715,3190,11629,1.3,233.2,3.1,2.0,42,24,0,0,0,0,0,0.0,0,0,0,0,0,0
621.9,2026-05-16T18:26:47,0016c001f10c2ef6,6.6,1.8,4.8,0.0,7809,698,7111,8.9,0.84,0.52,0.46,318088755,1302881410,3242,11695,1.3,233.2,3.1,2.0,42,24,0,0,0,0,0,0.0,0,0,0,0,0,0
622.3,2026-05-16T18:26:48,0016c001f10c2ef6,6.7,3.0,3.6,0.0,7809,698,7111,8.9,0.84,0.52,0.46,318091893,1302893039,3138,11629,1.3,233.2,3.1,2.0,42,24,0,0,0,0,0,0.0,0,0,0,0,0,0
622.8,2026-05-16T18:26:48,0016c001f10c2ef6,6.7,3.0,3.7,0.0,7809,698,7111,8.9,0.84,0.52,0.46,318095083,1302904668,3190,11629,1.3,233.2,3.1,2.0,42,24,0,0,0,0,0,0.0,0,0,0,0,0,0
623.3,2026-05-16T18:26:48,0016c001f10c2ef6,6.4,2.3,3.5,0.6,7809,699,7110,9.0,0.84,0.52,0.46,318098325,1302916297,3242,11629,1.3,233.2,3.1,2.0,42,24,0,0,0,0,0,0.0,0,0,0,0,0,0
623.7,2026-05-16T18:26:48,0016c001f10c2ef6,7.1,3.6,3.6,0.0,7809,698,7111,8.9,0.84,0.52,0.46,318101467,1302927926,3142,11629,1.3,233.2,3.1,2.0,42,24,0,0,0,0,0,0.0,0,0,0,0,0,0
624.2,2026-05-16T18:26:49,0016c001f10c2ef6,5.9,1.8,4.1,0.0,7809,700,7109,9.0,0.84,0.52,0.46,318104653,1302939555,3186,11629,1.3,233.2,3.1,2.0,42,24,0,0,0,0,0,0.0,0,0,0,0,0,0
624.7,2026-05-16T18:26:49,0016c001f10c2ef6,7.1,3.6,3.6,0.0,7809,700,7109,9.0,0.84,0.52,0.46,318108324,1302951184,3671,11629,1.3,233.2,3.1,2.0,42,24,0,0,0,0,0,0.0,0,0,0,0,0,0
625.2,2026-05-16T18:26:50,0016c001f10c2ef6,9.8,3.6,6.2,0.0,7809,701,7108,9.0,0.84,0.52,0.46,318111586,1302962957,3262,11773,1.3,233.2,3.1,2.0,42,24,0,0,0,0,0,0.0,0,0,0,0,0,0
625.7,2026-05-16T18:26:50,0016c001f10c2ef6,9.8,3.6,6.2,0.0,7809,700,7109,9.0,0.77,0.51,0.46,318114676,1302974652,3090,11695,1.3,233.2,3.1,2.0,42,24,0,0,0,0,0,0.0,0,0,0,0,0,0
626.2,2026-05-16T18:26:51,0016c001f10c2ef6,5.3,1.8,3.6,0.0,7809,700,7109,9.0,0.77,0.51,0.46,318117966,1302986281,3290,11629,1.3,233.2,3.1,2.0,42,24,0,0,0,0,0,0.0,0,0,0,0,0,0
626.7,2026-05-16T18:26:51,0016c001f10c2ef6,6.8,2.8,4.0,0.0,7809,700,7109,9.0,0.77,0.51,0.46,318121156,1302997910,3190,11629,1.3,233.2,3.1,2.0,42,24,0,0,0,0,0,0.0,0,0,0,0,0,0
627.2,2026-05-16T18:26:52,0016c001f10c2ef6,6.7,3.6,3.0,0.0,7809,700,7109,9.0,0.77,0.51,0.46,318124294,1303009539,3138,11629,1.3,233.2,3.1,2.0,42,24,0,0,0,0,0,0.0,0,0,0,0,0,0
627.7,2026-05-16T18:26:52,0016c001f10c2ef6,5.8,1.7,4.1,0.0,7809,700,7109,9.0,0.77,0.51,0.46,318127280,1303021168,2986,11629,1.3,233.2,3.1,2.0,42,24,0,0,0,0,0,0.0,0,0,0,0,0,0
628.1,2026-05-16T18:26:53,0016c001f10c2ef6,15.8,2.3,13.5,0.0,7809,700,7109,9.0,0.77,0.51,0.46,318130414,1303032797,3134,11629,1.3,233.2,3.1,2.0,42,24,0,0,0,0,0,0.0,0,0,0,0,0,0
628.6,2026-05-16T18:26:53,0016c001f10c2ef6,19.2,3.0,16.2,0.0,7809,699,7110,9.0,0.77,0.51,0.46,318133500,1303044426,3086,11629,1.3,233.2,3.1,2.0,42,24,0,0,0,0,0,0.0,0,0,0,0,0,0
629.1,2026-05-16T18:26:53,0016c001f10c2ef6,19.8,3.0,16.8,0.0,7809,699,7110,9.0,0.77,0.51,0.46,318136684,1303056932,3184,12506,1.3,233.2,3.1,2.0,42,24,0,0,0,0,0,0.0,0,0,0,0,0,0
629.6,2026-05-16T18:26:54,0016c001f10c2ef6,16.9,2.4,14.5,0.0,7809,700,7109,9.0,0.77,0.51,0.46,318139926,1303068561,3242,11629,1.3,233.2,3.1,2.0,42,24,0,0,0,0,0,0.0,0,0,0,0,0,0
630.0,2026-05-16T18:26:54,0016c001f10c2ef6,5.4,1.8,3.6,0.0,7809,698,7111,8.9,0.77,0.51,0.46,318143064,1303080190,3138,11629,1.3,233.2,3.1,2.0,42,24,0,0,0,0,0,0.0,0,0,0,0,0,0
630.5,2026-05-16T18:26:55,0016c001f10c2ef6,5.9,3.0,3.0,0.0,7809,698,7111,8.9,0.77,0.51,0.46,318146150,1303091819,3086,11629,1.3,233.2,3.1,2.0,42,24,0,0,0,0,0,0.0,0,0,0,0,0,0
631.0,2026-05-16T18:26:55,0016c001f10c2ef6,5.4,3.0,2.4,0.0,7809,699,7110,9.0,0.71,0.5,0.46,318149360,1303103534,3210,11715,1.3,233.2,3.1,2.0,42,24,0,0,0,0,0,0.0,0,0,0,0,0,0
631.5,2026-05-16T18:26:56,0016c001f10c2ef6,8.6,3.2,5.4,0.0,7809,698,7111,8.9,0.71,0.5,0.46,318152550,1303115229,3190,11695,1.3,233.2,3.1,2.0,42,24,0,0,0,0,0,0.0,0,0,0,0,0,0
632.0,2026-05-16T18:26:56,0016c001f10c2ef6,10.3,3.6,6.7,0.0,7809,699,7110,9.0,0.71,0.5,0.46,318155792,1303126924,3242,11695,1.3,233.2,3.1,2.0,42,24,0,0,0,0,0,0.0,0,0,0,0,0,0
632.6,2026-05-16T18:26:57,0016c001f10c2ef6,10.1,3.5,6.6,0.0,7809,700,7109,9.0,0.71,0.5,0.46,318158930,1303138685,3138,11761,1.3,233.2,3.1,2.0,42,24,0,0,0,0,0,0.0,0,0,0,0,0,0
633.1,2026-05-16T18:26:57,0016c001f10c2ef6,6.5,3.6,3.0,0.0,7809,701,7108,9.0,0.71,0.5,0.46,318162172,1303150314,3242,11629,1.3,233.2,3.1,2.0,42,24,0,0,0,0,0,0.0,0,0,0,0,0,0
633.5,2026-05-16T18:26:58,0016c001f10c2ef6,6.3,2.9,3.4,0.0,7809,700,7109,9.0,0.71,0.5,0.46,318165258,1303162009,3086,11695,1.3,233.2,3.1,2.0,42,24,0,0,0,0,0,0.0,0,0,0,0,0,0
634.0,2026-05-16T18:26:58,0016c001f10c2ef6,5.9,1.8,4.1,0.0,7809,701,7108,9.0,0.71,0.5,0.46,318168500,1303173704,3242,11695,1.3,233.2,3.1,2.0,42,24,0,0,0,0,0,0.0,0,0,0,0,0,0
634.5,2026-05-16T18:26:59,0016c001f10c2ef6,6.5,1.8,4.7,0.0,7809,700,7109,9.0,0.71,0.5,0.46,318171538,1303185333,3038,11629,1.3,233.2,3.1,2.0,42,24,0,0,0,0,0,0.0,0,0,0,0,0,0
634.9,2026-05-16T18:26:59,0016c001f10c2ef6,8.3,3.0,4.7,0.6,7809,700,7109,9.0,0.71,0.5,0.46,318174624,1303196962,3086,11629,1.3,233.2,3.1,2.0,42,24,0,0,0,0,0,0.0,0,0,0,0,0,0
635.4,2026-05-16T18:26:59,0016c001f10c2ef6,5.4,1.8,3.6,0.0,7809,699,7110,9.0,0.71,0.5,0.46,318177710,1303208591,3086,11629,1.3,233.2,3.1,2.0,42,24,0,0,0,0,0,0.0,0,0,0,0,0,0
635.9,2026-05-16T18:27:00,0016c001f10c2ef6,7.6,2.9,4.7,0.0,7809,699,7110,9.0,0.71,0.5,0.46,318181325,1303220220,3615,11629,1.3,233.2,3.1,2.0,42,24,0,0,0,0,0,0.0,0,0,0,0,0,0
636.3,2026-05-16T18:27:00,0016c001f10c2ef6,6.1,2.4,3.6,0.0,7809,699,7110,9.0,0.65,0.49,0.45,318184567,1303231849,3242,11629,1.3,233.2,3.1,2.0,42,24,0,0,0,0,0,0.0,0,0,0,0,0,0
636.8,2026-05-16T18:27:01,0016c001f10c2ef6,7.6,2.9,4.7,0.0,7809,699,7110,9.0,0.65,0.49,0.45,318187651,1303244339,3084,12490,1.3,233.2,3.1,2.0,42,24,0,0,0,0,0,0.0,0,0,0,0,0,0
637.3,2026-05-16T18:27:01,0016c001f10c2ef6,7.8,1.2,6.6,0.0,7809,699,7110,9.0,0.65,0.49,0.45,318190889,1303256034,3238,11695,1.3,233.2,3.1,2.0,42,24,0,0,0,0,0,0.0,0,0,0,0,0,0
637.7,2026-05-16T18:27:01,0016c001f10c2ef6,6.1,3.0,3.0,0.0,7809,699,7110,9.0,0.65,0.49,0.45,318194968,1303298786,4079,42752,1.3,233.2,3.1,2.0,42,24,0,0,0,0,0,0.0,0,0,0,0,0,0
638.2,2026-05-16T18:27:02,0016c001f10c2ef6,8.2,3.3,4.9,0.0,7809,698,7111,8.9,0.65,0.49,0.45,318198310,1303310481,3342,11695,1.3,233.2,3.1,2.0,42,24,0,0,0,0,0,0.0,0,0,0,0,0,0
638.8,2026-05-16T18:27:02,0016c001f10c2ef6,8.9,3.1,5.8,0.0,7809,699,7110,9.0,0.65,0.49,0.45,318201500,1303322176,3190,11695,1.3,233.2,3.1,2.0,42,24,0,0,0,0,0,0.0,0,0,0,0,0,0
639.3,2026-05-16T18:27:03,0016c001f10c2ef6,10.2,4.1,6.1,0.0,7809,700,7109,9.0,0.65,0.49,0.45,318204690,1303333871,3190,11695,1.3,233.2,3.1,2.0,42,24,0,0,0,0,0,0.0,0,0,0,0,0,0
639.8,2026-05-16T18:27:03,0016c001f10c2ef6,7.2,2.4,4.8,0.0,7809,700,7109,9.0,0.65,0.49,0.45,318208705,1303376483,4015,42612,1.3,233.4,3.1,2.0,42,24,0,0,0,0,0,0.0,0,0,0,0,0,0
640.2,2026-05-16T18:27:03,0016c001f10c2ef6,6.1,2.5,3.7,0.0,7809,700,7109,9.0,0.65,0.49,0.45,318211795,1303388112,3090,11629,1.3,233.4,3.1,2.0,42,24,0,0,0,0,0,0.0,0,0,0,0,0,0
640.7,2026-05-16T18:27:04,0016c001f10c2ef6,5.3,1.2,4.1,0.0,7809,700,7109,9.0,0.65,0.49,0.45,318215033,1303399741,3238,11629,1.3,233.4,3.1,2.0,42,24,0,0,0,0,0,0.0,0,0,0,0,0,0
641.2,2026-05-16T18:27:04,0016c001f10c2ef6,19.8,3.0,16.2,0.6,7809,701,7108,9.0,0.65,0.49,0.45,318218123,1303411370,3090,11629,1.3,233.4,3.1,2.0,42,24,0,0,0,0,0,0.0,0,0,0,0,0,0
641.6,2026-05-16T18:27:05,0016c001f10c2ef6,21.0,3.6,17.4,0.0,7809,701,7108,9.0,0.65,0.49,0.45,318222086,1303454048,3963,42678,1.3,233.5,3.1,2.0,42,24,0,0,0,0,0,0.0,0,0,0,0,0,0
642.1,2026-05-16T18:27:05,0016c001f10c2ef6,20.5,3.6,16.9,0.0,7809,700,7109,9.0,0.68,0.5,0.46,318225276,1303465677,3190,11629,1.3,233.5,3.1,2.0,42,24,0,0,0,0,0,0.0,0,0,0,0,0,0
642.6,2026-05-16T18:27:06,0016c001f10c2ef6,15.8,2.3,13.5,0.0,7809,700,7109,9.0,0.68,0.5,0.46,318228566,1303477372,3290,11695,1.3,233.5,3.1,2.0,42,24,0,0,0,0,0,0.0,0,0,0,0,0,0
643.1,2026-05-16T18:27:06,0016c001f10c2ef6,7.0,2.9,4.1,0.0,7809,699,7110,9.0,0.68,0.5,0.46,318231776,1303489079,3210,11707,1.3,233.5,3.1,2.0,42,24,0,0,0,0,0,0.0,0,0,0,0,0,0
643.6,2026-05-16T18:27:07,0016c001f10c2ef6,5.9,1.8,4.1,0.0,7809,700,7109,9.0,0.68,0.5,0.46,318235947,1303531691,4171,42612,1.3,233.5,3.1,2.0,42,24,0,0,0,0,0,0.0,0,0,0,0,0,0
644.0,2026-05-16T18:27:07,0016c001f10c2ef6,8.0,3.4,4.5,0.0,7809,698,7111,8.9,0.68,0.5,0.46,318239137,1303543320,3190,11629,1.3,233.5,3.1,2.0,42,24,0,0,0,0,0,0.0,0,0,0,0,0,0
644.5,2026-05-16T18:27:08,0016c001f10c2ef6,6.5,2.9,3.5,0.0,7809,698,7111,8.9,0.68,0.5,0.46,318242449,1303555946,3312,12626,1.3,233.5,3.1,2.0,42,24,0,0,0,0,0,0.0,0,0,0,0,0,0
645.0,2026-05-16T18:27:08,0016c001f10c2ef6,9.2,4.3,4.9,0.0,7809,698,7111,8.9,0.68,0.5,0.46,318245743,1303567707,3294,11761,1.3,233.5,3.1,2.0,42,24,0,0,0,0,0,0.0,0,0,0,0,0,0
645.5,2026-05-16T18:27:09,0016c001f10c2ef6,5.8,1.7,4.1,0.0,7809,699,7110,9.0,0.68,0.5,0.46,318248885,1303579336,3142,11629,1.3,233.5,3.1,2.0,42,24,0,0,0,0,0,0.0,0,0,0,0,0,0
646.0,2026-05-16T18:27:09,0016c001f10c2ef6,8.0,2.3,5.7,0.0,7809,699,7110,9.0,0.68,0.5,0.46,318252848,1303621948,3963,42612,1.3,233.5,3.1,2.0,42,24,0,0,0,0,0,0.0,0,0,0,0,0,0
646.4,2026-05-16T18:27:09,0016c001f10c2ef6,6.1,3.0,3.0,0.0,7809,699,7110,9.0,0.68,0.5,0.46,318256086,1303633577,3238,11629,1.3,233.5,3.1,2.0,42,24,0,0,0,0,0,0.0,0,0,0,0,0,0
646.9,2026-05-16T18:27:10,0016c001f10c2ef6,6.5,2.4,4.1,0.0,7809,699,7110,9.0,0.68,0.5,0.46,318259653,1303645206,3567,11629,1.3,233.5,3.1,2.0,42,24,0,0,0,0,0,0.0,0,0,0,0,0,0
647.4,2026-05-16T18:27:10,0016c001f10c2ef6,6.9,2.3,4.6,0.0,7809,699,7110,9.0,0.62,0.49,0.45,318262791,1303656901,3138,11695,1.3,233.5,3.1,2.0,42,24,0,0,0,0,0,0.0,0,0,0,0,0,0
647.9,2026-05-16T18:27:11,0016c001f10c2ef6,6.5,4.2,2.4,0.0,7809,699,7110,9.0,0.62,0.49,0.45,318266806,1303699513,4015,42612,1.3,233.5,3.1,2.0,42,24,0,0,0,0,0,0.0,0,0,0,0,0,0
648.3,2026-05-16T18:27:11,0016c001f10c2ef6,6.4,1.2,5.2,0.0,7809,699,7110,9.0,0.62,0.49,0.45,318269896,1303711142,3090,11629,1.3,233.5,3.1,2.0,42,24,0,0,0,0,0,0.0,0,0,0,0,0,0
648.8,2026-05-16T18:27:12,0016c001f10c2ef6,7.6,2.3,5.2,0.0,7809,699,7110,9.0,0.62,0.49,0.45,318273082,1303722837,3186,11695,1.3,233.5,3.1,2.0,42,24,0,0,0,0,0,0.0,0,0,0,0,0,0
649.3,2026-05-16T18:27:12,0016c001f10c2ef6,4.7,2.9,1.8,0.0,7809,699,7110,9.0,0.62,0.49,0.45,318276272,1303734466,3190,11629,1.3,233.5,3.1,2.0,42,24,0,0,0,0,0,0.0,0,0,0,0,0,0
649.8,2026-05-16T18:27:12,0016c001f10c2ef6,5.3,2.9,2.3,0.0,7809,700,7109,9.0,0.62,0.49,0.45,318280135,1303777078,3863,42612,1.3,233.5,3.1,2.0,42,24,0,0,0,0,0,0.0,0,0,0,0,0,0
650.2,2026-05-16T18:27:13,0016c001f10c2ef6,8.3,4.2,4.2,0.0,7809,700,7109,9.0,0.62,0.49,0.45,318283373,1303788707,3238,11629,1.3,233.5,3.1,2.0,42,24,0,0,0,0,0,0.0,0,0,0,0,0,0
650.7,2026-05-16T18:27:13,0016c001f10c2ef6,12.2,6.1,6.1,0.0,7809,700,7109,9.0,0.62,0.49,0.45,318286359,1303800402,2986,11695,1.3,233.5,3.1,2.0,42,24,0,0,0,0,0,0.0,0,0,0,0,0,0
651.2,2026-05-16T18:27:13,0016c001f10c2ef6,6.1,1.8,4.3,0.0,7809,700,7109,9.0,0.62,0.49,0.45,318289549,1303812031,3190,11629,1.3,233.5,3.1,2.0,42,24,0,0,0,0,0,0.0,0,0,0,0,0,0
651.7,2026-05-16T18:27:14,0016c001f10c2ef6,5.8,1.2,4.7,0.0,7809,700,7109,9.0,0.62,0.49,0.45,318292759,1303823738,3210,11707,1.3,233.5,3.1,2.0,42,24,0,0,0,0,0,0.0,0,0,0,0,0,0
652.1,2026-05-16T18:27:14,0016c001f10c2ef6,7.1,3.6,3.6,0.0,7809,700,7109,9.0,0.62,0.49,0.45,318296874,1303866350,4115,42612,1.3,233.5,3.1,2.0,42,24,0,0,0,0,0,0.0,0,0,0,0,0,0
652.6,2026-05-16T18:27:15,0016c001f10c2ef6,9.3,1.7,4.7,2.9,7809,700,7109,9.0,0.62,0.49,0.45,318300012,1303877979,3138,11629,1.3,233.5,3.1,2.0,42,24,0,0,0,0,0,0.0,0,0,0,0,0,0
653.1,2026-05-16T18:27:15,0016c001f10c2ef6,6.9,2.9,4.0,0.0,7809,701,7108,9.0,0.57,0.48,0.45,318303202,1303889608,3190,11629,1.3,233.5,3.1,2.0,42,24,0,0,0,0,0,0.0,0,0,0,0,0,0
653.6,2026-05-16T18:27:16,0016c001f10c2ef6,6.4,2.3,4.1,0.0,7809,701,7108,9.0,0.57,0.48,0.45,318306392,1303901237,3190,11629,1.3,233.5,3.1,2.0,42,24,0,0,0,0,0,0.0,0,0,0,0,0,0
654.1,2026-05-16T18:27:16,0016c001f10c2ef6,17.3,3.0,14.3,0.0,7809,700,7109,9.0,0.57,0.48,0.45,318310459,1303943849,4067,42612,1.3,233.5,3.1,2.0,42,24,0,0,0,0,0,0.0,0,0,0,0,0,0
654.5,2026-05-16T18:27:17,0016c001f10c2ef6,19.3,2.9,16.4,0.0,7809,700,7109,9.0,0.57,0.48,0.45,318313549,1303955478,3090,11629,1.3,233.5,3.1,2.0,42,24,0,0,0,0,0,0.0,0,0,0,0,0,0
655.0,2026-05-16T18:27:17,0016c001f10c2ef6,18.2,2.4,15.8,0.0,7809,700,7109,9.0,0.57,0.48,0.45,318316687,1303967107,3138,11629,1.3,233.5,3.1,2.0,42,24,0,0,0,0,0,0.0,0,0,0,0,0,0
655.5,2026-05-16T18:27:18,0016c001f10c2ef6,17.2,2.3,14.9,0.0,7809,702,7107,9.0,0.57,0.48,0.45,318319929,1303978802,3242,11695,1.3,233.5,3.1,2.0,45,24,3,0,0,0,0,0.0,0,0,0,0,0,0
656.0,2026-05-16T18:27:18,0016c001f10c2ef6,8.2,3.5,4.1,0.6,7809,702,7107,9.0,0.57,0.48,0.45,318324200,1304021414,4271,42612,1.3,233.5,3.1,2.0,45,24,0,0,0,0,0,0.0,0,0,0,0,0,0
656.5,2026-05-16T18:27:19,0016c001f10c2ef6,9.0,4.3,4.8,0.0,7809,702,7107,9.0,0.57,0.48,0.45,318327338,1304033109,3138,11695,1.3,233.5,3.1,2.0,45,24,0,0,0,0,0,0.0,0,0,0,0,0,0
657.0,2026-05-16T18:27:19,0016c001f10c2ef6,11.3,5.2,6.2,0.0,7809,702,7107,9.0,0.57,0.48,0.45,318330528,1304044870,3190,11761,1.3,233.5,3.1,2.0,45,24,0,0,0,0,0,0.0,0,0,0,0,0,0
657.6,2026-05-16T18:27:19,0016c001f10c2ef6,9.0,3.0,6.0,0.0,7809,701,7108,9.0,0.57,0.48,0.45,318333614,1304056565,3086,11695,1.3,233.5,3.1,2.0,45,24,0,0,0,0,0,0.0,0,0,0,0,0,0
658.1,2026-05-16T18:27:20,0016c001f10c2ef6,21.4,3.0,4.8,13.7,7809,701,7108,9.0,0.57,0.48,0.45,318337958,1304099177,4344,42612,1.3,233.5,3.1,2.0,45,24,0,0,0,0,0,0.0,0,0,0,0,0,0
658.5,2026-05-16T18:27:20,0016c001f10c2ef6,13.2,2.4,3.6,7.2,7809,700,7109,9.0,0.53,0.48,0.45,318341196,1304110806,3238,11629,1.3,233.5,3.1,2.0,45,24,0,0,0,0,0,0.0,0,0,0,0,0,0
659.0,2026-05-16T18:27:21,0016c001f10c2ef6,7.1,2.4,4.8,0.0,7809,700,7109,9.0,0.53,0.48,0.45,318344234,1304122435,3038,11629,1.3,233.5,3.1,2.0,45,24,0,0,0,0,0,0.0,0,0,0,0,0,0
659.5,2026-05-16T18:27:21,0016c001f10c2ef6,5.9,2.4,3.6,0.0,7809,700,7109,9.0,0.53,0.48,0.45,318347320,1304134064,3086,11629,1.3,233.5,3.1,2.0,45,24,0,0,0,0,0,0.0,0,0,0,0,0,0
659.9,2026-05-16T18:27:22,0016c001f10c2ef6,6.6,1.8,4.8,0.0,7809,699,7110,9.0,0.53,0.48,0.45,318351331,1304176676,4011,42612,1.3,233.5,3.1,2.0,45,24,0,0,0,0,0,0.0,0,0,0,0,0,0
660.4,2026-05-16T18:27:22,0016c001f10c2ef6,11.4,3.0,4.8,3.6,7809,700,7109,9.0,0.53,0.48,0.45,318354521,1304188305,3190,11629,1.3,233.5,3.1,2.0,45,24,0,0,0,0,0,0.0,0,0,0,0,0,0
660.9,2026-05-16T18:27:23,0016c001f10c2ef6,7.1,1.8,5.3,0.0,7809,699,7110,9.0,0.53,0.48,0.45,318357835,1304201041,3314,12736,1.3,233.5,3.1,2.0,45,24,0,0,0,0,0,0.0,0,0,0,0,0,0
661.3,2026-05-16T18:27:23,0016c001f10c2ef6,7.4,2.3,5.1,0.0,7809,699,7110,9.0,0.53,0.48,0.45,318361123,1304212670,3288,11629,1.3,233.5,3.1,2.0,45,24,0,0,0,0,0,0.0,0,0,0,0,0,0
661.8,2026-05-16T18:27:24,0016c001f10c2ef6,6.0,2.4,3.6,0.0,7809,699,7110,9.0,0.53,0.48,0.45,318364161,1304224365,3038,11695,1.3,233.5,3.1,2.0,45,24,0,0,0,0,0,0.0,0,0,0,0,0,0
662.3,2026-05-16T18:27:23,0016c001f10c2ef6,9.4,4.1,5.3,0.0,7809,699,7110,9.0,0.53,0.48,0.45,318368276,1304267043,4115,42678,1.3,233.5,3.1,2.0,45,24,0,0,0,0,0,0.0,0,0,0,0,0,0
662.7,2026-05-16T18:27:24,0016c001f10c2ef6,6.0,2.4,3.6,0.0,7809,700,7109,9.0,0.53,0.48,0.45,318371466,1304278672,3190,11629,1.3,233.5,3.1,2.0,45,24,0,0,0,0,0,0.0,0,0,0,0,0,0
663.3,2026-05-16T18:27:24,0016c001f10c2ef6,7.5,3.7,3.7,0.0,7809,700,7109,9.0,0.53,0.48,0.45,318374608,1304290367,3142,11695,1.3,233.5,3.1,2.0,45,24,0,0,0,0,0,0.0,0,0,0,0,0,0
663.8,2026-05-16T18:27:25,0016c001f10c2ef6,6.3,2.3,4.0,0.0,7809,700,7109,9.0,0.53,0.48,0.45,318377798,1304301996,3190,11629,1.3,233.5,3.1,2.0,45,24,0,0,0,0,0,0.0,0,0,0,0,0,0
664.2,2026-05-16T18:27:25,0016c001f10c2ef6,6.5,3.6,3.0,0.0,7809,700,7109,9.0,0.48,0.47,0.45,318381913,1304344674,4115,42678,1.3,233.5,3.1,2.0,45,24,0,0,0,0,0,0.0,0,0,0,0,0,0
664.7,2026-05-16T18:27:26,0016c001f10c2ef6,7.0,2.3,4.7,0.0,7809,700,7109,9.0,0.48,0.47,0.45,318385103,1304356303,3190,11629,1.3,233.5,3.1,2.0,45,24,0,0,0,0,0,0.0,0,0,0,0,0,0
665.2,2026-05-16T18:27:26,0016c001f10c2ef6,6.6,1.8,4.8,0.0,7809,700,7109,9.0,0.48,0.47,0.45,318388193,1304367932,3090,11629,1.3,233.5,3.1,2.0,45,24,0,0,0,0,0,0.0,0,0,0,0,0,0
665.6,2026-05-16T18:27:27,0016c001f10c2ef6,6.8,2.3,4.5,0.0,7809,699,7110,9.0,0.48,0.47,0.45,318391379,1304379561,3186,11629,1.3,233.5,3.1,2.0,45,24,0,0,0,0,0,0.0,0,0,0,0,0,0
666.1,2026-05-16T18:27:27,0016c001f10c2ef6,7.7,1.8,4.8,1.2,7809,699,7110,9.0,0.48,0.47,0.45,318395346,1304422173,3967,42612,1.3,233.5,3.1,2.0,45,24,0,0,0,0,0,0.0,0,0,0,0,0,0
666.6,2026-05-16T18:27:28,0016c001f10c2ef6,7.4,3.4,4.0,0.0,7809,699,7110,9.0,0.48,0.47,0.45,318398504,1304433822,3158,11649,1.3,233.5,3.1,2.0,45,24,0,0,0,0,0,0.0,0,0,0,0,0,0
667.1,2026-05-16T18:27:28,0016c001f10c2ef6,17.9,2.3,15.6,0.0,7809,701,7108,9.0,0.48,0.47,0.45,318401742,1304445451,3238,11629,1.3,233.5,3.1,2.0,45,24,0,0,0,0,0,0.0,0,0,0,0,0,0
667.6,2026-05-16T18:27:29,0016c001f10c2ef6,19.0,2.5,16.6,0.0,7809,700,7109,9.0,0.48,0.47,0.45,318404828,1304457080,3086,11629,1.3,233.5,3.1,2.0,45,24,0,0,0,0,0,0.0,0,0,0,0,0,0
668.0,2026-05-16T18:27:29,0016c001f10c2ef6,20.6,1.8,18.8,0.0,7809,700,7109,9.0,0.48,0.47,0.45,318408479,1304483601,3651,26521,1.3,233.6,3.1,2.0,45,24,0,0,0,0,0,0.0,0,0,0,0,0,0
668.6,2026-05-16T18:27:29,0016c001f10c2ef6,14.1,2.6,11.5,0.0,7809,700,7109,9.0,0.48,0.47,0.45,318412033,1304511387,3554,27786,1.3,233.6,3.1,2.0,45,24,0,0,0,0,0,0.0,0,0,0,0,0,0
669.1,2026-05-16T18:27:30,0016c001f10c2ef6,9.6,3.2,6.4,0.0,7809,700,7109,9.0,0.48,0.47,0.45,318415652,1304523164,3619,11777,1.3,233.6,3.1,2.0,45,24,0,0,0,0,0,0.0,0,0,0,0,0,0
669.6,2026-05-16T18:27:30,0016c001f10c2ef6,5.4,1.8,3.6,0.0,7809,701,7108,9.0,0.53,0.48,0.45,318418738,1304534793,3086,11629,1.3,233.6,3.1,2.0,45,24,0,0,0,0,0,0.0,0,0,0,0,0,0
670.0,2026-05-16T18:27:31,0016c001f10c2ef6,5.9,2.4,3.6,0.0,7809,701,7108,9.0,0.53,0.48,0.45,318421928,1304546422,3190,11629,1.3,233.6,3.1,2.0,45,24,0,0,0,0,0,0.0,0,0,0,0,0,0
670.5,2026-05-16T18:27:31,0016c001f10c2ef6,7.6,2.3,5.3,0.0,7809,701,7108,9.0,0.53,0.48,0.45,318426133,1304589232,4205,42810,1.3,233.6,3.1,2.0,45,24,0,0,0,0,0,0.0,0,0,0,0,0,0
671.0,2026-05-16T18:27:32,0016c001f10c2ef6,5.3,2.4,3.0,0.0,7809,701,7108,9.0,0.53,0.48,0.45,318429171,1304600861,3038,11629,1.3,233.6,3.1,2.0,45,24,0,0,0,0,0,0.0,0,0,0,0,0,0
671.4,2026-05-16T18:27:32,0016c001f10c2ef6,5.3,1.8,3.6,0.0,7809,701,7108,9.0,0.53,0.48,0.45,318432461,1304612490,3290,11629,1.3,233.6,3.1,2.0,45,24,0,0,0,0,0,0.0,0,0,0,0,0,0
671.9,2026-05-16T18:27:33,0016c001f10c2ef6,8.2,2.4,5.3,0.6,7809,701,7108,9.0,0.53,0.48,0.45,318435547,1304624119,3086,11629,1.3,233.6,3.1,2.0,45,24,0,0,0,0,0,0.0,0,0,0,0,0,0
672.4,2026-05-16T18:27:33,0016c001f10c2ef6,8.1,4.6,3.5,0.0,7809,700,7109,9.0,0.53,0.48,0.45,318439618,1304666731,4071,42612,1.3,233.4,3.1,2.0,45,24,0,0,0,0,0,0.0,0,0,0,0,0,0
672.9,2026-05-16T18:27:34,0016c001f10c2ef6,6.0,1.2,4.8,0.0,7809,700,7109,9.0,0.53,0.48,0.45,318442756,1304678360,3138,11629,1.3,233.4,3.1,2.0,45,24,0,0,0,0,0,0.0,0,0,0,0,0,0
673.3,2026-05-16T18:27:34,0016c001f10c2ef6,6.6,3.0,3.6,0.0,7809,700,7109,9.0,0.53,0.48,0.45,318445994,1304689989,3238,11629,1.3,233.4,3.1,2.0,45,24,0,0,0,0,0,0.0,0,0,0,0,0,0
673.8,2026-05-16T18:27:34,0016c001f10c2ef6,6.0,2.4,3.6,0.0,7809,700,7109,9.0,0.53,0.48,0.45,318449032,1304701618,3038,11629,1.3,233.4,3.1,2.0,45,24,0,0,0,0,0,0.0,0,0,0,0,0,0
674.3,2026-05-16T18:27:34,0016c001f10c2ef6,5.9,3.0,3.0,0.0,7809,700,7109,9.0,0.53,0.48,0.45,318453147,1304744230,4115,42612,1.3,233.4,3.1,2.0,45,24,0,0,0,0,0,0.0,0,0,0,0,0,0
674.8,2026-05-16T18:27:35,0016c001f10c2ef6,10.3,4.3,5.9,0.0,7809,700,7109,9.0,0.53,0.48,0.45,318456337,1304755925,3190,11695,1.3,233.4,3.1,2.0,45,24,0,0,0,0,0,0.0,0,0,0,0,0,0
675.3,2026-05-16T18:27:36,0016c001f10c2ef6,9.0,3.0,6.0,0.0,7809,700,7109,9.0,0.48,0.47,0.45,318459579,1304767620,3242,11695,1.3,233.4,3.1,2.0,45,24,0,0,0,0,0,0.0,0,0,0,0,0,0
675.9,2026-05-16T18:27:36,0016c001f10c2ef6,9.2,2.6,6.7,0.0,7809,700,7109,9.0,0.48,0.47,0.45,318462769,1304779315,3190,11695,1.3,233.4,3.1,2.0,45,24,0,0,0,0,0,0.0,0,0,0,0,0,0
676.3,2026-05-16T18:27:37,0016c001f10c2ef6,5.3,1.8,3.6,0.0,7809,700,7109,9.0,0.48,0.47,0.45,318466736,1304821927,3967,42612,1.3,233.4,3.1,2.0,45,24,0,0,0,0,0,0.0,0,0,0,0,0,0
676.8,2026-05-16T18:27:37,0016c001f10c2ef6,7.8,2.4,5.4,0.0,7809,700,7109,9.0,0.48,0.47,0.45,318469874,1304833556,3138,11629,1.3,233.4,3.1,2.0,45,24,0,0,0,0,0,0.0,0,0,0,0,0,0
677.3,2026-05-16T18:27:37,0016c001f10c2ef6,7.1,3.5,3.5,0.0,7809,700,7109,9.0,0.48,0.47,0.45,318472908,1304845185,3034,11629,1.3,233.4,3.1,2.0,45,24,0,0,0,0,0,0.0,0,0,0,0,0,0
677.7,2026-05-16T18:27:38,0016c001f10c2ef6,7.1,2.4,4.7,0.0,7809,701,7108,9.0,0.48,0.47,0.45,318476222,1304856970,3314,11785,1.3,233.4,3.1,2.0,45,24,0,0,0,0,0,0.0,0,0,0,0,0,0
678.2,2026-05-16T18:27:38,0016c001f10c2ef6,8.2,1.8,5.9,0.6,7809,701,7108,9.0,0.48,0.47,0.45,318479380,1304868677,3158,11707,1.3,233.4,3.1,2.0,45,24,0,0,0,0,0,0.0,0,0,0,0,0,0
678.7,2026-05-16T18:27:38,0016c001f10c2ef6,6.7,3.0,3.6,0.0,7809,699,7110,9.0,0.48,0.47,0.45,318483503,1304911289,4123,42612,1.3,233.4,3.1,2.0,45,24,0,0,0,0,0,0.0,0,0,0,0,0,0
679.1,2026-05-16T18:27:39,0016c001f10c2ef6,6.7,3.6,3.0,0.0,7809,699,7110,9.0,0.48,0.47,0.45,318486689,1304922918,3186,11629,1.3,233.4,3.1,2.0,45,24,0,0,0,0,0,0.0,0,0,0,0,0,0
679.6,2026-05-16T18:27:39,0016c001f10c2ef6,6.4,1.8,4.7,0.0,7809,700,7109,9.0,0.48,0.47,0.45,318489931,1304934547,3242,11629,1.3,233.4,3.1,2.0,45,24,0,0,0,0,0,0.0,0,0,0,0,0,0
680.1,2026-05-16T18:27:40,0016c001f10c2ef6,18.8,1.8,17.0,0.0,7809,700,7109,9.0,0.48,0.47,0.45,318493398,1304946176,3467,11629,1.3,233.4,3.1,2.0,45,24,0,0,0,0,0,0.0,0,0,0,0,0,0
680.6,2026-05-16T18:27:40,0016c001f10c2ef6,20.2,2.4,17.9,0.0,7809,700,7109,9.0,0.6,0.49,0.46,318497413,1304988788,4015,42612,1.3,233.4,3.1,2.0,45,24,0,0,0,0,0,0.0,0,0,0,0,0,0
681.0,2026-05-16T18:27:41,0016c001f10c2ef6,19.6,3.1,16.6,0.0,7809,700,7109,9.0,0.6,0.49,0.46,318500547,1305000417,3134,11629,1.3,233.4,3.1,2.0,45,24,0,0,0,0,0,0.0,0,0,0,0,0,0
681.6,2026-05-16T18:27:41,0016c001f10c2ef6,13.4,2.5,10.9,0.0,7809,701,7108,9.0,0.6,0.49,0.46,318503789,1305012178,3242,11761,1.3,233.4,3.1,2.0,45,24,0,0,0,0,0,0.0,0,0,0,0,0,0
682.1,2026-05-16T18:27:42,0016c001f10c2ef6,9.1,2.0,7.1,0.0,7809,700,7109,9.0,0.6,0.49,0.46,318506879,1305023873,3090,11695,1.3,233.4,3.1,2.0,45,24,0,0,0,0,0,0.0,0,0,0,0,0,0
682.6,2026-05-16T18:27:42,0016c001f10c2ef6,6.6,3.6,3.0,0.0,7809,701,7108,9.0,0.6,0.49,0.46,318511046,1305066485,4167,42612,1.3,233.4,3.1,2.0,45,24,0,0,0,0,0,0.0,0,0,0,0,0,0
683.1,2026-05-16T18:27:43,0016c001f10c2ef6,8.3,3.6,4.8,0.0,7809,701,7108,9.0,0.6,0.49,0.46,318514184,1305078114,3138,11629,1.3,233.4,3.1,2.0,45,24,0,0,0,0,0,0.0,0,0,0,0,0,0
683.5,2026-05-16T18:27:43,0016c001f10c2ef6,8.1,4.0,4.0,0.0,7809,700,7109,9.0,0.6,0.49,0.46,318517274,1305089809,3090,11695,1.3,233.4,3.1,2.0,45,24,0,0,0,0,0,0.0,0,0,0,0,0,0
684.0,2026-05-16T18:27:44,0016c001f10c2ef6,5.5,2.5,3.1,0.0,7809,700,7109,9.0,0.6,0.49,0.46,318520412,1305101438,3138,11629,1.3,233.4,3.1,2.0,45,24,0,0,0,0,0,0.0,0,0,0,0,0,0
684.5,2026-05-16T18:27:44,0016c001f10c2ef6,8.7,1.7,5.2,1.7,7809,700,7109,9.0,0.6,0.49,0.46,318524423,1305144116,4011,42678,1.3,233.4,3.1,2.0,45,24,0,0,0,0,0,0.0,0,0,0,0,0,0
684.9,2026-05-16T18:27:44,0016c001f10c2ef6,7.8,4.2,3.6,0.0,7809,700,7109,9.0,0.6,0.49,0.46,318527721,1305155745,3298,11629,1.3,233.4,3.1,2.0,45,24,0,0,0,0,0,0.0,0,0,0,0,0,0
685.4,2026-05-16T18:27:45,0016c001f10c2ef6,6.0,0.6,5.4,0.0,7809,699,7110,9.0,0.6,0.49,0.46,318530755,1305167374,3034,11629,1.3,233.4,3.1,2.0,45,24,0,0,0,0,0,0.0,0,0,0,0,0,0
685.9,2026-05-16T18:27:45,0016c001f10c2ef6,8.0,3.4,4.6,0.0,7809,699,7110,9.0,0.56,0.49,0.45,318533993,1305179003,3238,11629,1.3,233.4,3.1,2.0,45,24,0,0,0,0,0,0.0,0,0,0,0,0,0
686.4,2026-05-16T18:27:46,0016c001f10c2ef6,5.4,2.4,3.0,0.0,7809,699,7110,9.0,0.56,0.49,0.45,318537083,1305190632,3090,11629,1.3,233.4,3.1,2.0,45,24,0,0,0,0,0,0.0,0,0,0,0,0,0
686.8,2026-05-16T18:27:46,0016c001f10c2ef6,7.7,3.6,4.2,0.0,7809,699,7110,9.0,0.56,0.49,0.45,318541322,1305233388,4239,42756,1.3,233.4,3.1,2.0,45,24,0,0,0,0,0,0.0,0,0,0,0,0,0
687.3,2026-05-16T18:27:46,0016c001f10c2ef6,6.4,1.8,4.7,0.0,7809,699,7110,9.0,0.56,0.49,0.45,318544512,1305245017,3190,11629,1.3,233.4,3.1,2.0,45,24,0,0,0,0,0,0.0,0,0,0,0,0,0
687.8,2026-05-16T18:27:47,0016c001f10c2ef6,8.2,2.7,5.4,0.0,7809,701,7108,9.0,0.56,0.49,0.45,318547650,1305256778,3138,11761,1.3,233.4,3.1,2.0,45,24,0,0,0,0,0,0.0,0,0,0,0,0,0
688.3,2026-05-16T18:27:47,0016c001f10c2ef6,7.1,2.4,4.7,0.0,7809,701,7108,9.0,0.56,0.49,0.45,318550740,1305268473,3090,11695,1.3,233.4,3.1,2.0,45,24,0,0,0,0,0,0.0,0,0,0,0,0,0
688.7,2026-05-16T18:27:48,0016c001f10c2ef6,7.2,1.8,4.8,0.6,7809,700,7109,9.0,0.56,0.49,0.45,318554907,1305311085,4167,42612,1.3,233.4,3.1,2.0,46,24,1,0,0,0,0,0.0,0,0,0,0,0,0
689.2,2026-05-16T18:27:48,0016c001f10c2ef6,6.4,3.5,2.9,0.0,7809,700,7109,9.0,0.56,0.49,0.45,318557997,1305322714,3090,11629,1.3,233.4,3.1,2.0,46,24,0,0,0,0,0,0.0,0,0,0,0,0,0
689.7,2026-05-16T18:27:48,0016c001f10c2ef6,5.4,2.4,3.0,0.0,7809,700,7109,9.0,0.56,0.49,0.45,318561183,1305334343,3186,11629,1.3,233.4,3.1,2.0,46,24,0,0,0,0,0,0.0,0,0,0,0,0,0
690.2,2026-05-16T18:27:49,0016c001f10c2ef6,8.9,3.6,4.7,0.6,7809,700,7109,9.0,0.56,0.49,0.45,318564273,1305345972,3090,11629,1.3,233.4,3.1,2.0,46,24,0,0,0,0,0,0.0,0,0,0,0,0,0
690.6,2026-05-16T18:27:49,0016c001f10c2ef6,5.3,1.8,3.5,0.0,7809,700,7109,9.0,0.56,0.49,0.45,318568232,1305388584,3959,42612,1.3,233.4,3.1,2.0,46,24,0,0,0,0,0,0.0,0,0,0,0,0,0
691.1,2026-05-16T18:27:50,0016c001f10c2ef6,7.6,3.5,4.1,0.0,7809,700,7109,9.0,0.56,0.49,0.45,318571799,1305400279,3567,11695,1.3,233.4,3.1,2.0,46,24,0,0,0,0,0,0.0,0,0,0,0,0,0
691.6,2026-05-16T18:27:50,0016c001f10c2ef6,7.1,2.4,4.1,0.6,7809,699,7110,9.0,0.59,0.49,0.46,318574937,1305411908,3138,11629,1.3,233.4,3.1,2.0,46,24,0,0,0,0,0,0.0,0,0,0,0,0,0
692.0,2026-05-16T18:27:51,0016c001f10c2ef6,6.0,1.2,4.8,0.0,7809,700,7109,9.0,0.59,0.49,0.46,318578127,1305423537,3190,11629,1.3,233.4,3.1,2.0,46,24,0,0,0,0,0,0.0,0,0,0,0,0,0
692.5,2026-05-16T18:27:51,0016c001f10c2ef6,6.4,2.9,3.5,0.0,7809,700,7109,9.0,0.59,0.49,0.46,318581217,1305435166,3090,11629,1.3,233.4,3.1,2.0,46,24,0,0,0,0,0,0.0,0,0,0,0,0,0
693.0,2026-05-16T18:27:52,0016c001f10c2ef6,19.8,1.8,18.0,0.0,7809,700,7109,9.0,0.59,0.49,0.46,318585128,1305477778,3911,42612,1.3,233.4,3.1,2.0,46,24,0,0,0,0,0,0.0,0,0,0,0,0,0
693.5,2026-05-16T18:27:52,0016c001f10c2ef6,20.7,2.9,17.8,0.0,7809,701,7108,9.0,0.59,0.49,0.46,318588266,1305489473,3138,11695,1.3,233.4,3.1,2.0,46,24,0,0,0,0,0,0.0,0,0,0,0,0,0
694.0,2026-05-16T18:27:53,0016c001f10c2ef6,19.4,2.4,17.0,0.0,7809,701,7108,9.0,0.59,0.49,0.46,318591452,1305501102,3186,11629,1.3,233.4,3.1,2.0,46,24,0,0,0,0,0,0.0,0,0,0,0,0,0
694.4,2026-05-16T18:27:53,0016c001f10c2ef6,14.0,2.4,11.6,0.0,7809,701,7108,9.0,0.59,0.49,0.46,318594642,1305512731,3190,11629,1.3,233.4,3.1,2.0,46,24,0,0,0,0,0,0.0,0,0,0,0,0,0
694.9,2026-05-16T18:27:54,0016c001f10c2ef6,7.6,2.9,4.7,0.0,7809,700,7109,9.0,0.59,0.49,0.46,318598709,1305555343,4067,42612,1.3,233.4,3.1,2.0,46,24,0,0,0,0,0,0.0,0,0,0,0,0,0
695.4,2026-05-16T18:27:54,0016c001f10c2ef6,5.9,2.4,3.5,0.0,7809,700,7109,9.0,0.59,0.49,0.46,318601847,1305566972,3138,11629,1.3,233.4,3.1,2.0,46,24,0,0,0,0,0,0.0,0,0,0,0,0,0
695.8,2026-05-16T18:27:54,0016c001f10c2ef6,6.5,3.5,2.9,0.0,7809,700,7109,9.0,0.59,0.49,0.46,318605009,1305578679,3162,11707,1.3,233.4,3.1,2.0,46,24,0,0,0,0,0,0.0,0,0,0,0,0,0
696.3,2026-05-16T18:27:55,0016c001f10c2ef6,8.2,2.4,4.7,1.2,7809,700,7109,9.0,0.59,0.49,0.46,318608299,1305590308,3290,11629,1.3,233.4,3.1,2.0,46,24,0,0,0,0,0,0.0,0,0,0,0,0,0
696.8,2026-05-16T18:27:55,0016c001f10c2ef6,6.6,2.4,4.2,0.0,7809,700,7109,9.0,0.59,0.49,0.46,318612318,1305632920,4019,42612,1.3,233.4,3.1,2.0,46,24,0,0,0,0,0,0.0,0,0,0,0,0,0
697.2,2026-05-16T18:27:55,0016c001f10c2ef6,6.7,1.8,4.8,0.0,7809,700,7109,9.0,0.54,0.49,0.45,318615404,1305644549,3086,11629,1.3,233.4,3.1,2.0,46,24,0,0,0,0,0,0.0,0,0,0,0,0,0
697.7,2026-05-16T18:27:56,0016c001f10c2ef6,7.3,2.4,4.9,0.0,7809,699,7110,9.0,0.54,0.49,0.45,318618642,1305656178,3238,11629,1.3,233.4,3.1,2.0,46,24,0,0,0,0,0,0.0,0,0,0,0,0,0
698.2,2026-05-16T18:27:56,0016c001f10c2ef6,5.8,2.9,2.9,0.0,7809,699,7110,9.0,0.54,0.49,0.45,318621780,1305667807,3138,11629,1.3,233.4,3.1,2.0,46,24,0,0,0,0,0,0.0,0,0,0,0,0,0
698.6,2026-05-16T18:27:57,0016c001f10c2ef6,6.5,2.4,4.2,0.0,7809,699,7110,9.0,0.54,0.49,0.45,318624918,1305679436,3138,11629,1.3,233.4,3.1,2.0,46,24,0,0,0,0,0,0.0,0,0,0,0,0,0
699.1,2026-05-16T18:27:57,0016c001f10c2ef6,10.8,4.8,5.9,0.0,7809,699,7110,9.0,0.54,0.49,0.45,318628777,1305722114,3859,42678,1.3,233.4,3.1,2.0,46,24,0,0,0,0,0,0.0,0,0,0,0,0,0
699.6,2026-05-16T18:27:58,0016c001f10c2ef6,5.5,1.2,4.3,0.0,7809,700,7109,9.0,0.54,0.49,0.45,318632019,1305733743,3242,11629,1.3,233.4,3.1,2.0,46,24,0,0,0,0,0,0.0,0,0,0,0,0,0
700.1,2026-05-16T18:27:58,0016c001f10c2ef6,7.4,3.4,4.0,0.0,7809,701,7108,9.0,0.54,0.49,0.45,318635325,1305745614,3306,11871,1.3,233.4,3.1,2.0,46,24,0,0,0,0,0,0.0,0,0,0,0,0,0
700.5,2026-05-16T18:27:59,0016c001f10c2ef6,8.3,4.2,4.2,0.0,7809,701,7108,9.0,0.54,0.49,0.45,318638515,1305757309,3190,11695,1.3,233.4,3.1,2.0,46,24,0,0,0,0,0,0.0,0,0,0,0,0,0
701.0,2026-05-16T18:27:59,0016c001f10c2ef6,8.3,3.6,4.7,0.0,7809,701,7108,9.0,0.54,0.49,0.45,318642426,1305799921,3911,42612,1.3,233.4,3.1,2.0,46,24,0,0,0,0,0,0.0,0,0,0,0,0,0
701.5,2026-05-16T18:27:59,0016c001f10c2ef6,7.0,3.5,3.5,0.0,7809,700,7109,9.0,0.54,0.49,0.45,318645636,1305811702,3210,11781,1.3,233.4,3.1,2.0,46,24,0,0,0,0,0,0.0,0,0,0,0,0,0
702.0,2026-05-16T18:28:00,0016c001f10c2ef6,6.4,2.3,4.1,0.0,7809,699,7110,9.0,0.54,0.49,0.45,318649203,1305823331,3567,11629,1.3,233.4,3.1,2.0,46,24,0,0,0,0,0,0.0,0,0,0,0,0,0
702.5,2026-05-16T18:28:00,0016c001f10c2ef6,6.2,1.7,4.5,0.0,7809,700,7109,9.0,0.5,0.48,0.45,318652445,1305835026,3242,11695,1.3,233.4,3.1,2.0,46,24,0,0,0,0,0,0.0,0,0,0,0,0,0
702.9,2026-05-16T18:28:01,0016c001f10c2ef6,6.9,1.7,5.2,0.0,7809,700,7109,9.0,0.5,0.48,0.45,318656308,1305877638,3863,42612,1.3,233.4,3.1,2.0,46,24,0,0,0,0,0,0.0,0,0,0,0,0,0
703.4,2026-05-16T18:28:01,0016c001f10c2ef6,6.5,2.4,4.1,0.0,7809,700,7109,9.0,0.5,0.48,0.45,318659546,1305889267,3238,11629,1.3,233.4,3.1,2.0,46,24,0,0,0,0,0,0.0,0,0,0,0,0,0
703.9,2026-05-16T18:28:02,0016c001f10c2ef6,5.8,1.8,4.1,0.0,7809,700,7109,9.0,0.5,0.48,0.45,318662532,1305900896,2986,11629,1.3,233.4,3.1,2.0,46,24,0,0,0,0,0,0.0,0,0,0,0,0,0
704.3,2026-05-16T18:28:02,0016c001f10c2ef6,6.1,3.0,3.0,0.0,7809,700,7109,9.0,0.5,0.48,0.45,318665718,1305912525,3186,11629,1.3,233.4,3.1,2.0,46,24,0,0,0,0,0,0.0,0,0,0,0,0,0
704.9,2026-05-16T18:28:03,0016c001f10c2ef6,9.5,2.1,7.4,0.0,7809,701,7108,9.0,0.5,0.48,0.45,318668756,1305924220,3038,11695,1.3,233.4,3.1,2.0,46,24,0,0,0,0,0,0.0,0,0,0,0,0,0
705.3,2026-05-16T18:28:03,0016c001f10c2ef6,7.7,3.0,4.8,0.0,7809,700,7109,9.0,0.5,0.48,0.45,318672771,1305966832,4015,42612,1.3,233.4,3.1,2.0,46,24,0,0,0,0,0,0.0,0,0,0,0,0,0
705.8,2026-05-16T18:28:03,0016c001f10c2ef6,15.5,3.0,12.5,0.0,7809,701,7108,9.0,0.5,0.48,0.45,318675909,1305978593,3138,11761,1.3,233.4,3.1,2.0,46,24,0,0,0,0,0,0.0,0,0,0,0,0,0
706.3,2026-05-16T18:28:03,0016c001f10c2ef6,18.8,1.2,17.5,0.0,7809,702,7107,9.0,0.5,0.48,0.45,318679095,1305990222,3186,11629,1.3,233.4,3.1,2.0,46,24,0,0,0,0,0,0.0,0,0,0,0,0,0
706.7,2026-05-16T18:28:04,0016c001f10c2ef6,19.9,2.4,17.5,0.0,7809,701,7108,9.0,0.5,0.48,0.45,318682233,1306001851,3138,11629,1.3,233.4,3.1,2.0,46,24,0,0,0,0,0,0.0,0,0,0,0,0,0
707.2,2026-05-16T18:28:04,0016c001f10c2ef6,21.8,2.4,19.4,0.0,7809,701,7108,9.0,0.5,0.48,0.45,318686300,1306044529,4067,42678,1.3,233.4,3.1,2.0,46,24,0,0,0,0,0,0.0,0,0,0,0,0,0
707.7,2026-05-16T18:28:05,0016c001f10c2ef6,7.1,3.0,4.1,0.0,7809,701,7108,9.0,0.5,0.48,0.45,318689286,1306056158,2986,11629,1.3,233.4,3.1,2.0,46,24,0,0,0,0,0,0.0,0,0,0,0,0,0
708.1,2026-05-16T18:28:05,0016c001f10c2ef6,5.5,3.0,2.4,0.0,7809,701,7108,9.0,0.46,0.47,0.45,318692424,1306067787,3138,11629,1.3,233.4,3.1,2.0,46,24,0,0,0,0,0,0.0,0,0,0,0,0,0
708.6,2026-05-16T18:28:06,0016c001f10c2ef6,6.5,2.4,3.6,0.6,7809,701,7108,9.0,0.46,0.47,0.45,318695562,1306079416,3138,11629,1.3,233.4,3.1,2.0,46,24,0,0,0,0,0,0.0,0,0,0,0,0,0
709.1,2026-05-16T18:28:06,0016c001f10c2ef6,7.0,2.3,4.7,0.0,7809,701,7108,9.0,0.46,0.47,0.45,318699625,1306122028,4063,42612,1.3,233.4,3.1,2.0,46,24,0,0,0,0,0,0.0,0,0,0,0,0,0
709.6,2026-05-16T18:28:07,0016c001f10c2ef6,6.8,3.4,3.4,0.0,7809,700,7109,9.0,0.46,0.47,0.45,318702663,1306134340,3038,12312,1.3,233.4,3.1,2.0,46,24,0,0,0,0,0,0.0,0,0,0,0,0,0
710.1,2026-05-16T18:28:07,0016c001f10c2ef6,9.3,3.5,4.7,1.2,7809,699,7110,9.0,0.46,0.47,0.45,318705901,1306145969,3238,11629,1.3,233.4,3.1,2.0,46,24,0,0,0,0,0,0.0,0,0,0,0,0,0
710.6,2026-05-16T18:28:08,0016c001f10c2ef6,8.0,4.3,3.7,0.0,7809,700,7109,9.0,0.46,0.47,0.45,318709259,1306159457,3358,13488,1.3,233.4,3.1,2.0,46,24,0,0,0,0,0,0.0,0,0,0,0,0,0
711.1,2026-05-16T18:28:08,0016c001f10c2ef6,7.3,1.1,6.2,0.0,7809,705,7104,9.0,0.46,0.47,0.45,318725057,1310944410,15798,4784953,1.3,233.3,3.1,2.0,46,24,0,0,0,0,0,0.0,0,0,0,0,0,0
711.8,2026-05-16T18:28:09,0016c001f10c2ef6,7.6,2.9,4.7,0.0,7809,697,7112,8.9,0.46,0.47,0.45,318735558,1310975277,10501,30867,1.3,233.2,3.1,2.0,46,24,0,0,0,0,0,0.0,0,0,0,0,0,0
712.3,2026-05-16T18:28:09,0016c001f10c2ef6,9.5,4.7,4.7,0.0,7809,698,7111,8.9,0.46,0.47,0.45,318743267,1310993725,7709,18448,1.3,233.2,3.1,2.0,46,24,0,0,0,0,0,0.0,0,0,0,0,0,0
712.8,2026-05-16T18:28:09,0016c001f10c2ef6,6.3,1.1,5.2,0.0,7809,699,7110,9.0,0.46,0.47,0.45,318746734,1311005354,3467,11629,1.3,233.2,3.1,2.0,46,24,0,0,0,0,0,0.0,0,0,0,0,0,0
713.3,2026-05-16T18:28:10,0016c001f10c2ef6,7.6,2.9,4.7,0.0,7809,700,7109,9.0,0.46,0.47,0.45,318750769,1311048044,4035,42690,1.3,233.4,3.1,2.0,46,24,0,0,0,0,0,0.0,0,0,0,0,0,0
713.7,2026-05-16T18:28:10,0016c001f10c2ef6,8.3,3.6,4.7,0.0,7809,700,7109,9.0,0.42,0.46,0.45,318753907,1311059673,3138,11629,1.3,233.4,3.1,2.0,46,24,0,0,0,0,0,0.0,0,0,0,0,0,0
714.2,2026-05-16T18:28:11,0016c001f10c2ef6,7.0,1.8,4.7,0.6,7809,699,7110,9.0,0.42,0.46,0.45,318757093,1311071302,3186,11629,1.3,233.4,3.1,2.0,46,24,0,0,0,0,0,0.0,0,0,0,0,0,0
714.7,2026-05-16T18:28:11,0016c001f10c2ef6,8.7,2.7,4.3,1.6,7809,699,7110,9.0,0.42,0.46,0.45,318760231,1311082997,3138,11695,1.3,233.4,3.1,2.0,46,24,0,0,0,0,0,0.0,0,0,0,0,0,0
715.2,2026-05-16T18:28:12,0016c001f10c2ef6,6.1,2.8,3.3,0.0,7809,699,7110,9.0,0.42,0.46,0.45,318764198,1311125609,3967,42612,1.3,233.4,3.1,2.0,46,24,0,0,0,0,0,0.0,0,0,0,0,0,0
715.7,2026-05-16T18:28:12,0016c001f10c2ef6,7.3,2.3,5.1,0.0,7809,698,7111,8.9,0.42,0.46,0.45,318767332,1311137238,3134,11629,1.3,233.4,3.1,2.0,46,24,0,0,0,0,0,0.0,0,0,0,0,0,0
716.2,2026-05-16T18:28:13,0016c001f10c2ef6,8.5,3.2,5.3,0.0,7809,699,7110,9.0,0.42,0.46,0.45,318770370,1311148933,3038,11695,1.3,233.4,3.1,2.0,46,24,0,0,0,0,0,0.0,0,0,0,0,0,0
716.7,2026-05-16T18:28:13,0016c001f10c2ef6,8.3,3.6,4.8,0.0,7809,699,7110,9.0,0.42,0.46,0.45,318773556,1311160562,3186,11629,1.3,233.4,3.1,2.0,46,24,0,0,0,0,0,0.0,0,0,0,0,0,0
717.2,2026-05-16T18:28:20,0016c001f10c2ef6,6.5,2.4,4.1,0.0,7809,699,7110,9.0,0.42,0.46,0.45,318777107,1311172191,3551,11629,1.3,233.4,3.1,2.0,46,24,0,0,0,0,0,0.0,0,0,0,0,0,0
717.7,2026-05-16T18:28:14,0016c001f10c2ef6,7.4,3.4,4.0,0.0,7809,699,7110,9.0,0.42,0.46,0.45,318780501,1311214803,3394,42612,1.3,233.4,3.1,2.0,46,24,0,0,0,0,0,0.0,0,0,0,0,0,0
718.1,2026-05-16T18:28:14,0016c001f10c2ef6,6.0,2.4,3.6,0.0,7809,699,7110,9.0,0.42,0.46,0.45,318783691,1311226432,3190,11629,1.3,233.4,3.1,2.0,46,24,0,0,0,0,0,0.0,0,0,0,0,0,0
718.6,2026-05-16T18:28:15,0016c001f10c2ef6,9.8,1.2,8.5,0.0,7809,700,7109,9.0,0.42,0.46,0.45,318786729,1311238061,3038,11629,1.3,233.4,3.1,2.0,46,24,0,0,0,0,0,0.0,0,0,0,0,0,0
719.0,2026-05-16T18:28:15,0016c001f10c2ef6,19.9,3.7,16.1,0.0,7809,700,7109,9.0,0.47,0.47,0.45,318789915,1311249690,3186,11629,1.3,233.4,3.1,2.0,46,24,0,0,0,0,0,0.0,0,0,0,0,0,0
719.5,2026-05-16T18:28:16,0016c001f10c2ef6,21.0,2.4,18.6,0.0,7809,699,7110,9.0,0.47,0.47,0.45,318793934,1311292368,4019,42678,1.3,233.4,3.1,2.0,46,24,0,0,0,0,0,0.0,0,0,0,0,0,0
720.0,2026-05-16T18:28:16,0016c001f10c2ef6,19.9,2.9,17.0,0.0,7809,699,7110,9.0,0.47,0.47,0.45,318797176,1311303997,3242,11629,1.3,233.4,3.1,2.0,46,24,0,0,0,0,0,0.0,0,0,0,0,0,0
720.5,2026-05-16T18:28:17,0016c001f10c2ef6,9.7,1.8,7.9,0.0,7809,699,7110,9.0,0.47,0.47,0.45,318800414,1311315626,3238,11629,1.3,233.4,3.1,2.0,46,24,0,0,0,0,0,0.0,0,0,0,0,0,0
720.9,2026-05-16T18:28:17,0016c001f10c2ef6,7.7,3.6,3.6,0.6,7809,699,7110,9.0,0.47,0.47,0.45,318803452,1311327938,3038,12312,1.3,233.4,3.1,2.0,46,24,0,0,0,0,0,0.0,0,0,0,0,0,0
721.5,2026-05-16T18:28:18,0016c001f10c2ef6,7.8,3.1,3.6,1.0,7809,699,7110,9.0,0.47,0.47,0.45,318807457,1311372141,4005,44203,1.3,233.4,3.1,2.0,48,26,2,2,0,0,0,0.0,0,0,0,0,0,0
722.0,2026-05-16T18:28:18,0016c001f10c2ef6,9.2,2.9,5.8,0.5,7809,700,7109,9.0,0.47,0.47,0.45,318810463,1311383914,3006,11773,1.3,233.4,3.1,2.0,48,26,0,0,0,0,0,0.0,0,0,0,0,0,0
722.6,2026-05-16T18:28:19,0016c001f10c2ef6,12.3,4.3,5.9,2.1,7809,698,7111,8.9,0.47,0.47,0.45,318813445,1311395543,2982,11629,1.3,233.4,3.1,2.0,48,26,0,0,0,0,0,0.0,0,0,0,0,0,0
723.1,2026-05-16T18:28:19,0016c001f10c2ef6,5.7,2.4,3.3,0.0,7809,699,7110,9.0,0.47,0.47,0.45,318816543,1311408169,3098,12626,1.3,233.4,3.1,2.0,48,26,0,0,0,0,0,0.0,0,0,0,0,0,0
723.7,2026-05-16T18:28:19,0016c001f10c2ef6,6.2,2.6,3.6,0.0,7809,698,7111,8.9,0.47,0.47,0.45,318820402,1311450781,3859,42612,1.3,233.4,3.1,2.0,48,26,0,0,0,0,0,0.0,0,0,0,0,0,0
724.2,2026-05-16T18:28:20,0016c001f10c2ef6,6.0,2.2,3.8,0.0,7809,700,7109,9.0,0.47,0.47,0.45,318823865,1311462410,3463,11629,1.3,233.4,3.1,2.0,48,26,0,0,0,0,0,0.0,0,0,0,0,0,0
724.7,2026-05-16T18:28:20,0016c001f10c2ef6,5.0,1.1,3.9,0.0,7809,701,7108,9.0,0.43,0.46,0.45,318826951,1311474039,3086,11629,1.3,233.4,3.1,2.0,48,26,0,0,0,0,0,0.0,0,0,0,0,0,0
725.2,2026-05-16T18:28:21,0016c001f10c2ef6,5.4,2.2,3.2,0.0,7809,700,7109,9.0,0.43,0.46,0.45,318829933,1311485668,2982,11629,1.3,233.4,3.1,2.0,48,26,0,0,0,0,0,0.0,0,0,0,0,0,0
725.7,2026-05-16T18:28:21,0016c001f10c2ef6,7.3,4.0,3.4,0.0,7809,698,7111,8.9,0.43,0.46,0.45,318833840,1311528280,3907,42612,1.3,233.4,3.1,2.0,48,26,0,0,0,0,0,0.0,0,0,0,0,0,0
726.2,2026-05-16T18:28:22,0016c001f10c2ef6,6.4,1.6,4.8,0.0,7809,700,7109,9.0,0.43,0.46,0.45,318836878,1311539909,3038,11629,1.3,233.4,3.1,2.0,48,26,0,0,0,0,0,0.0,0,0,0,0,0,0
726.7,2026-05-16T18:28:22,0016c001f10c2ef6,7.8,2.2,5.0,0.6,7809,700,7109,9.0,0.43,0.46,0.45,318839912,1311551538,3034,11629,1.3,233.4,3.1,2.0,48,26,0,0,0,0,0,0.0,0,0,0,0,0,0
727.2,2026-05-16T18:28:23,0016c001f10c2ef6,5.1,1.7,3.4,0.0,7809,701,7108,9.0,0.43,0.46,0.45,318843046,1311563167,3134,11629,1.3,233.4,3.1,2.0,48,26,0,0,0,0,0,0.0,0,0,0,0,0,0
727.8,2026-05-16T18:28:23,0016c001f10c2ef6,14.9,5.5,6.5,3.0,7809,698,7111,8.9,0.43,0.46,0.45,318846957,1311605845,3911,42678,1.3,233.4,3.1,2.0,48,26,0,0,0,0,0,0.0,0,0,0,0,0,0
728.3,2026-05-16T18:28:23,0016c001f10c2ef6,5.6,1.7,3.9,0.0,7809,698,7111,8.9,0.43,0.46,0.45,318849943,1311617474,2986,11629,1.3,233.4,3.1,2.0,48,26,0,0,0,0,0,0.0,0,0,0,0,0,0
728.8,2026-05-16T18:28:24,0016c001f10c2ef6,6.8,2.1,4.7,0.0,7809,699,7110,9.0,0.43,0.46,0.45,318852925,1311629103,2982,11629,1.3,233.4,3.1,2.0,48,26,0,0,0,0,0,0.0,0,0,0,0,0,0
729.3,2026-05-16T18:28:24,0016c001f10c2ef6,5.5,1.1,4.4,0.0,7809,700,7109,9.0,0.43,0.46,0.45,318855907,1311640732,2982,11629,1.3,233.4,3.1,2.0,48,26,0,0,0,0,0,0.0,0,0,0,0,0,0
729.8,2026-05-16T18:28:25,0016c001f10c2ef6,7.1,1.6,5.4,0.0,7809,700,7109,9.0,0.43,0.46,0.45,318859714,1311683344,3807,42612,1.3,233.4,3.1,2.0,48,26,0,0,0,0,0,0.0,0,0,0,0,0,0
730.3,2026-05-16T18:28:25,0016c001f10c2ef6,7.2,2.8,4.4,0.0,7809,700,7109,9.0,0.4,0.45,0.44,318862748,1311694973,3034,11629,1.3,233.4,3.1,2.0,48,26,0,0,0,0,0,0.0,0,0,0,0,0,0
730.8,2026-05-16T18:28:26,0016c001f10c2ef6,6.1,1.7,4.4,0.0,7809,700,7109,9.0,0.4,0.45,0.44,318865954,1311706680,3206,11707,1.3,233.4,3.1,2.0,48,26,0,0,0,0,0,0.0,0,0,0,0,0,0
731.3,2026-05-16T18:28:26,0016c001f10c2ef6,5.6,2.8,2.8,0.0,7809,701,7108,9.0,0.4,0.45,0.44,318868940,1311718309,2986,11629,1.3,233.4,3.1,2.0,48,26,0,0,0,0,0,0.0,0,0,0,0,0,0
731.8,2026-05-16T18:28:27,0016c001f10c2ef6,17.2,1.7,15.6,0.0,7809,702,7107,9.0,0.4,0.45,0.44,318872851,1311760921,3911,42612,1.3,233.5,3.1,2.0,48,26,0,0,0,0,0,0.0,0,0,0,0,0,0
732.3,2026-05-16T18:28:28,0016c001f10c2ef6,26.5,4.9,18.4,3.2,7809,702,7107,9.0,0.4,0.45,0.44,318875989,1311774355,3138,13434,1.3,233.5,3.1,2.0,48,26,0,0,0,0,0,0.0,0,0,0,0,0,0
732.9,2026-05-16T18:28:28,0016c001f10c2ef6,18.3,1.5,16.8,0.0,7809,702,7107,9.0,0.4,0.45,0.44,318879069,1311787983,3080,13628,1.3,233.5,3.1,2.0,48,26,0,0,0,0,0,0.0,0,0,0,0,0,0
733.5,2026-05-16T18:28:29,0016c001f10c2ef6,15.7,3.5,10.1,2.0,7809,702,7107,9.0,0.4,0.45,0.44,318882203,1311799678,3134,11695,1.3,233.5,3.1,2.0,48,26,0,0,0,0,0,0.0,0,0,0,0,0,0
734.0,2026-05-16T18:28:29,0016c001f10c2ef6,9.4,4.4,4.9,0.0,7809,702,7107,9.0,0.4,0.45,0.44,318885962,1311842412,3759,42734,1.3,233.5,3.1,2.0,48,26,0,0,0,0,0,0.0,0,0,0,0,0,0
734.5,2026-05-16T18:28:29,0016c001f10c2ef6,5.5,1.6,3.8,0.0,7809,702,7107,9.0,0.4,0.45,0.44,318889048,1311854041,3086,11629,1.3,233.5,3.1,2.0,48,26,0,0,0,0,0,0.0,0,0,0,0,0,0
735.1,2026-05-16T18:28:30,0016c001f10c2ef6,6.6,2.5,4.1,0.0,7809,700,7109,9.0,0.4,0.45,0.44,318892563,1311865670,3515,11629,1.3,233.7,3.1,2.0,48,26,0,0,0,0,0,0.0,0,0,0,0,0,0
735.6,2026-05-16T18:28:30,0016c001f10c2ef6,6.3,2.1,4.2,0.0,7809,700,7109,9.0,0.45,0.46,0.45,318896318,1311908338,3755,42668,1.3,233.7,3.1,2.0,48,26,0,0,0,0,0,0.0,0,0,0,0,0,0
736.1,2026-05-16T18:28:31,0016c001f10c2ef6,5.9,2.7,3.2,0.0,7809,700,7109,9.0,0.45,0.46,0.45,318899352,1311919967,3034,11629,1.3,233.7,3.1,2.0,48,26,0,0,0,0,0,0.0,0,0,0,0,0,0
736.7,2026-05-16T18:28:31,0016c001f10c2ef6,7.4,2.7,3.7,1.1,7809,700,7109,9.0,0.45,0.46,0.45,318902510,1311931682,3158,11715,1.3,233.7,3.1,2.0,48,26,0,0,0,0,0,0.0,0,0,0,0,0,0
737.2,2026-05-16T18:28:32,0016c001f10c2ef6,5.5,1.6,3.8,0.0,7809,700,7109,9.0,0.45,0.46,0.45,318905544,1311943311,3034,11629,1.3,233.7,3.1,2.0,48,26,0,0,0,0,0,0.0,0,0,0,0,0,0
737.7,2026-05-16T18:28:32,0016c001f10c2ef6,7.1,2.2,4.9,0.0,7809,700,7109,9.0,0.45,0.46,0.45,318909455,1311985979,3911,42668,1.3,233.7,3.1,2.0,48,26,0,0,0,0,0,0.0,0,0,0,0,0,0
738.2,2026-05-16T18:28:33,0016c001f10c2ef6,6.0,1.6,4.3,0.0,7809,700,7109,9.0,0.45,0.46,0.45,318912489,1311997608,3034,11629,1.3,233.7,3.1,2.0,48,26,0,0,0,0,0,0.0,0,0,0,0,0,0
738.7,2026-05-16T18:28:33,0016c001f10c2ef6,8.0,3.4,4.5,0.0,7809,700,7109,9.0,0.45,0.46,0.45,318915523,1312009237,3034,11629,1.3,233.7,3.1,2.0,48,26,0,0,0,0,0,0.0,0,0,0,0,0,0
739.2,2026-05-16T18:28:34,0016c001f10c2ef6,6.5,2.2,4.3,0.0,7809,700,7109,9.0,0.45,0.46,0.45,318918657,1312020866,3134,11629,1.3,233.7,3.1,2.0,48,26,0,0,0,0,0,0.0,0,0,0,0,0,0
739.7,2026-05-16T18:28:34,0016c001f10c2ef6,10.0,4.0,5.5,0.5,7809,700,7109,9.0,0.45,0.46,0.45,318922532,1312063776,3875,42910,1.3,233.7,3.1,2.0,48,26,0,0,0,0,0,0.0,0,0,0,0,0,0
740.3,2026-05-16T18:28:34,0016c001f10c2ef6,10.0,3.3,6.7,0.0,7809,700,7109,9.0,0.45,0.46,0.45,318925618,1312075471,3086,11695,1.3,233.7,3.1,2.0,48,26,0,0,0,0,0,0.0,0,0,0,0,0,0
740.8,2026-05-16T18:28:35,0016c001f10c2ef6,6.0,1.6,4.4,0.0,7809,700,7109,9.0,0.45,0.46,0.45,318928652,1312087100,3034,11629,1.3,233.7,3.1,2.0,48,26,0,0,0,0,0,0.0,0,0,0,0,0,0
741.3,2026-05-16T18:28:35,0016c001f10c2ef6,5.1,2.3,2.8,0.0,7809,701,7108,9.0,0.41,0.46,0.45,318931790,1312098663,3138,11563,1.3,233.7,3.1,2.0,48,26,0,0,0,0,0,0.0,0,0,0,0,0,0
741.8,2026-05-16T18:28:36,0016c001f10c2ef6,5.1,1.7,3.4,0.0,7809,700,7109,9.0,0.41,0.46,0.45,318935701,1312141331,3911,42668,1.3,233.7,3.1,2.0,48,26,0,0,0,0,0,0.0,0,0,0,0,0,0
742.3,2026-05-16T18:28:36,0016c001f10c2ef6,6.2,3.4,2.8,0.0,7809,700,7109,9.0,0.41,0.46,0.45,318938787,1312152960,3086,11629,1.3,233.7,3.1,2.0,48,26,0,0,0,0,0,0.0,0,0,0,0,0,0
742.8,2026-05-16T18:28:37,0016c001f10c2ef6,5.4,0.5,4.9,0.0,7809,700,7109,9.0,0.41,0.46,0.45,318941821,1312164589,3034,11629,1.3,233.7,3.1,2.0,48,26,0,0,0,0,0,0.0,0,0,0,0,0,0
743.3,2026-05-16T18:28:38,0016c001f10c2ef6,5.3,1.1,4.3,0.0,7809,700,7109,9.0,0.41,0.46,0.45,318944803,1312176218,2982,11629,1.3,233.7,3.1,2.0,48,26,0,0,0,0,0,0.0,0,0,0,0,0,0
743.9,2026-05-16T18:28:38,0016c001f10c2ef6,6.2,2.1,4.2,0.0,7809,699,7110,9.0,0.41,0.46,0.45,318948738,1312219042,3935,42824,1.3,233.7,3.1,2.0,48,26,0,0,0,0,0,0.0,0,0,0,0,0,0
744.4,2026-05-16T18:28:39,0016c001f10c2ef6,8.2,2.7,5.4,0.0,7809,700,7109,9.0,0.41,0.46,0.45,318951772,1312230671,3034,11629,1.3,233.7,3.1,2.0,48,26,0,0,0,0,0,0.0,0,0,0,0,0,0
744.9,2026-05-16T18:28:39,0016c001f10c2ef6,18.2,2.8,15.5,0.0,7809,700,7109,9.0,0.41,0.46,0.45,318954818,1312242542,3046,11871,1.3,233.7,3.1,2.0,48,26,0,0,0,0,0,0.0,0,0,0,0,0,0
745.5,2026-05-16T18:28:39,0016c001f10c2ef6,18.8,2.4,15.4,1.0,7809,702,7107,9.0,0.41,0.46,0.45,318958056,1312254171,3238,11629,1.3,233.7,3.1,2.0,48,26,0,0,0,0,0,0.0,0,0,0,0,0,0
746.0,2026-05-16T18:28:40,0016c001f10c2ef6,19.3,2.1,17.2,0.0,7809,702,7107,9.0,0.41,0.46,0.45,318962604,1312296839,4548,42668,1.3,233.7,3.1,2.0,48,26,0,0,0,0,0,0.0,0,0,0,0,0,0
746.6,2026-05-16T18:28:40,0016c001f10c2ef6,6.5,1.6,4.9,0.0,7809,701,7108,9.0,0.38,0.45,0.44,318965642,1312308468,3038,11629,1.3,233.7,3.1,2.0,48,26,0,0,0,0,0,0.0,0,0,0,0,0,0
747.1,2026-05-16T18:28:41,0016c001f10c2ef6,6.0,1.1,4.9,0.0,7809,701,7108,9.0,0.38,0.45,0.44,318968676,1312320097,3034,11629,1.3,233.7,3.1,2.0,48,26,0,0,0,0,0,0.0,0,0,0,0,0,0
747.6,2026-05-16T18:28:41,0016c001f10c2ef6,7.7,2.8,5.0,0.0,7809,700,7109,9.0,0.38,0.45,0.44,318971762,1312331726,3086,11629,1.3,233.7,3.1,2.0,48,26,0,0,0,0,0,0.0,0,0,0,0,0,0
748.1,2026-05-16T18:28:42,0016c001f10c2ef6,6.5,2.2,4.3,0.0,7809,700,7109,9.0,0.38,0.45,0.44,318975673,1312374394,3911,42668,1.3,233.8,3.1,2.0,48,26,0,0,0,0,0,0.0,0,0,0,0,0,0
748.6,2026-05-16T18:28:42,0016c001f10c2ef6,7.3,2.8,4.5,0.0,7809,700,7109,9.0,0.38,0.45,0.44,318978779,1312386101,3106,11707,1.3,233.8,3.1,2.0,48,26,0,0,0,0,0,0.0,0,0,0,0,0,0
749.0,2026-05-16T18:28:43,0016c001f10c2ef6,6.9,2.3,4.6,0.0,7809,700,7109,9.0,0.38,0.45,0.44,318981917,1312397796,3138,11695,1.3,233.8,3.1,2.0,48,26,0,0,0,0,0,0.0,0,0,0,0,0,0
749.5,2026-05-16T18:28:43,0016c001f10c2ef6,7.0,2.9,4.1,0.0,7809,700,7109,9.0,0.38,0.45,0.44,318985003,1312409425,3086,11629,1.3,233.8,3.1,2.0,48,26,0,0,0,0,0,0.0,0,0,0,0,0,0
750.0,2026-05-16T18:28:44,0016c001f10c2ef6,7.6,3.5,4.1,0.0,7809,699,7110,9.0,0.38,0.45,0.44,318989222,1312452093,4219,42668,1.3,233.8,3.1,2.0,48,26,0,0,0,0,0,0.0,0,0,0,0,0,0
750.5,2026-05-16T18:28:44,0016c001f10c2ef6,6.6,3.0,3.6,0.0,7809,700,7109,9.0,0.38,0.45,0.44,318992464,1312463722,3242,11629,1.3,233.8,3.1,2.0,48,26,0,0,0,0,0,0.0,0,0,0,0,0,0
750.9,2026-05-16T18:28:44,0016c001f10c2ef6,7.5,3.4,3.4,0.6,7809,700,7109,9.0,0.38,0.45,0.44,318995554,1312475417,3090,11695,1.3,233.8,3.1,2.0,48,26,0,0,0,0,0,0.0,0,0,0,0,0,0
751.4,2026-05-16T18:28:45,0016c001f10c2ef6,5.1,2.3,2.8,0.0,7809,700,7109,9.0,0.38,0.45,0.44,318998688,1312487046,3134,11629,1.3,233.8,3.1,2.0,48,26,0,0,0,0,0,0.0,0,0,0,0,0,0
752.0,2026-05-16T18:28:45,0016c001f10c2ef6,10.5,3.0,7.5,0.0,7809,700,7109,9.0,0.35,0.44,0.44,319002759,1312529846,4071,42800,1.3,233.8,3.1,2.0,48,26,0,0,0,0,0,0.0,0,0,0,0,0,0
752.5,2026-05-16T18:28:46,0016c001f10c2ef6,7.6,2.9,4.7,0.0,7809,700,7109,9.0,0.35,0.44,0.44,319005945,1312541475,3186,11629,1.3,233.8,3.1,2.0,48,26,0,0,0,0,0,0.0,0,0,0,0,0,0
752.9,2026-05-16T18:28:46,0016c001f10c2ef6,5.5,3.0,2.4,0.0,7809,701,7108,9.0,0.35,0.44,0.44,319009083,1312553104,3138,11629,1.3,233.8,3.1,2.0,48,26,0,0,0,0,0,0.0,0,0,0,0,0,0
753.4,2026-05-16T18:28:47,0016c001f10c2ef6,5.7,2.3,3.4,0.0,7809,701,7108,9.0,0.35,0.44,0.44,319012169,1312564733,3086,11629,1.3,233.8,3.1,2.0,48,26,0,0,0,0,0,0.0,0,0,0,0,0,0
753.9,2026-05-16T18:28:47,0016c001f10c2ef6,7.2,3.0,4.2,0.0,7809,701,7108,9.0,0.35,0.44,0.44,319015307,1312576362,3138,11629,1.3,233.8,3.1,2.0,48,26,0,0,0,0,0,0.0,0,0,0,0,0,0
754.3,2026-05-16T18:28:48,0016c001f10c2ef6,7.7,1.8,5.9,0.0,7809,701,7108,9.0,0.35,0.44,0.44,319019222,1312619030,3915,42668,1.3,233.8,3.1,2.0,49,27,1,1,0,0,0,0.0,0,0,0,0,0,0
754.8,2026-05-16T18:28:48,0016c001f10c2ef6,6.6,3.0,3.6,0.0,7809,700,7109,9.0,0.35,0.44,0.44,319022460,1312630725,3238,11695,1.3,233.8,3.1,2.0,49,27,0,0,0,0,0,0.0,0,0,0,0,0,0
755.3,2026-05-16T18:28:48,0016c001f10c2ef6,7.1,2.9,4.1,0.0,7809,701,7108,9.0,0.35,0.44,0.44,319025598,1312642354,3138,11629,1.3,233.8,3.1,2.0,49,27,0,0,0,0,0,0.0,0,0,0,0,0,0
755.7,2026-05-16T18:28:55,0016c001f10c2ef6,6.4,2.3,4.1,0.0,7809,701,7108,9.0,0.35,0.44,0.44,319028584,1312653983,2986,11629,1.3,233.8,3.1,2.0,49,27,0,0,0,0,0,0.0,0,0,0,0,0,0
756.2,2026-05-16T18:28:49,0016c001f10c2ef6,8.8,3.5,3.5,1.8,7809,701,7108,9.0,0.35,0.44,0.44,319032699,1312696651,4115,42668,1.3,233.8,3.1,2.0,49,27,0,0,0,0,0,0.0,0,0,0,0,0,0
756.7,2026-05-16T18:28:49,0016c001f10c2ef6,7.1,2.4,3.5,1.2,7809,700,7109,9.0,0.35,0.44,0.44,319035685,1312708280,2986,11629,1.3,233.8,3.1,2.0,49,27,0,0,0,0,0,0.0,0,0,0,0,0,0
757.2,2026-05-16T18:28:50,0016c001f10c2ef6,6.9,1.7,5.2,0.0,7809,700,7109,9.0,0.35,0.44,0.44,319039300,1312719909,3615,11629,1.3,233.8,3.1,2.0,49,27,0,0,0,0,0,0.0,0,0,0,0,0,0
757.7,2026-05-16T18:28:50,0016c001f10c2ef6,16.9,3.9,12.9,0.0,7809,701,7108,9.0,0.4,0.45,0.44,319042410,1312731616,3110,11707,1.3,233.8,3.1,2.0,49,27,0,0,0,0,0,0.0,0,0,0,0,0,0
758.1,2026-05-16T18:28:51,0016c001f10c2ef6,18.9,3.0,15.9,0.0,7809,701,7108,9.0,0.4,0.45,0.44,319046473,1312774284,4063,42668,1.3,233.8,3.1,2.0,49,27,0,0,0,0,0,0.0,0,0,0,0,0,0
758.6,2026-05-16T18:28:51,0016c001f10c2ef6,20.7,2.4,18.3,0.0,7809,701,7108,9.0,0.4,0.45,0.44,319049563,1312785913,3090,11629,1.3,233.8,3.1,2.0,49,27,0,0,0,0,0,0.0,0,0,0,0,0,0
759.1,2026-05-16T18:28:52,0016c001f10c2ef6,16.4,2.5,13.8,0.0,7809,701,7108,9.0,0.4,0.45,0.44,319052649,1312797542,3086,11629,1.3,233.8,3.1,2.0,49,27,0,0,0,0,0,0.0,0,0,0,0,0,0
759.6,2026-05-16T18:28:52,0016c001f10c2ef6,6.8,2.8,4.0,0.0,7809,702,7107,9.0,0.4,0.45,0.44,319055787,1312809171,3138,11629,1.3,233.8,3.1,2.0,49,27,0,0,0,0,0,0.0,0,0,0,0,0,0
760.0,2026-05-16T18:28:53,0016c001f10c2ef6,6.7,3.6,3.0,0.0,7809,701,7108,9.0,0.4,0.45,0.44,319058821,1312820800,3034,11629,1.3,233.8,3.1,2.0,49,27,0,0,0,0,0,0.0,0,0,0,0,0,0
760.5,2026-05-16T18:28:53,0016c001f10c2ef6,8.2,2.4,5.9,0.0,7809,701,7108,9.0,0.4,0.45,0.44,319062888,1312863468,4067,42668,1.3,233.8,3.1,2.0,49,27,0,0,0,0,0,0.0,0,0,0,0,0,0
761.0,2026-05-16T18:28:54,0016c001f10c2ef6,6.4,2.9,3.5,0.0,7809,700,7109,9.0,0.4,0.45,0.44,319066126,1312875097,3238,11629,1.3,233.8,3.1,2.0,49,27,0,0,0,0,0,0.0,0,0,0,0,0,0
761.4,2026-05-16T18:28:54,0016c001f10c2ef6,5.3,1.2,4.1,0.0,7809,700,7109,9.0,0.4,0.45,0.44,319069258,1312886792,3132,11695,1.3,233.8,3.1,2.0,49,27,0,0,0,0,0,0.0,0,0,0,0,0,0
761.9,2026-05-16T18:28:54,0016c001f10c2ef6,8.2,1.8,6.5,0.0,7809,700,7109,9.0,0.4,0.45,0.44,319072540,1312898619,3282,11827,1.3,233.8,3.1,2.0,49,27,0,0,0,0,0,0.0,0,0,0,0,0,0
762.4,2026-05-16T18:28:55,0016c001f10c2ef6,6.5,2.4,4.1,0.0,7809,700,7109,9.0,0.4,0.45,0.44,319076451,1312941287,3911,42668,1.3,233.8,3.1,2.0,49,27,0,0,0,0,0,0.0,0,0,0,0,0,0
762.8,2026-05-16T18:28:55,0016c001f10c2ef6,6.0,1.2,4.8,0.0,7809,699,7110,9.0,0.4,0.45,0.44,319079589,1312952916,3138,11629,1.3,233.8,3.1,2.0,49,27,0,0,0,0,0,0.0,0,0,0,0,0,0
763.4,2026-05-16T18:28:56,0016c001f10c2ef6,8.2,3.3,4.9,0.0,7809,699,7110,9.0,0.45,0.46,0.45,319082727,1312964677,3138,11761,1.3,233.8,3.1,2.0,49,27,0,0,0,0,0,0.0,0,0,0,0,0,0
763.8,2026-05-16T18:28:56,0016c001f10c2ef6,5.9,2.4,3.6,0.0,7809,699,7110,9.0,0.45,0.46,0.45,319085969,1312976306,3242,11629,1.3,233.8,3.1,2.0,49,27,0,0,0,0,0,0.0,0,0,0,0,0,0
764.3,2026-05-16T18:28:56,0016c001f10c2ef6,6.9,2.9,4.0,0.0,7809,701,7108,9.0,0.45,0.46,0.45,319089884,1313019040,3915,42734,1.3,233.8,3.1,2.0,49,27,0,0,0,0,0,0.0,0,0,0,0,0,0
764.8,2026-05-16T18:28:57,0016c001f10c2ef6,8.4,4.8,3.6,0.0,7809,701,7108,9.0,0.45,0.46,0.45,319093074,1313030669,3190,11629,1.3,233.8,3.1,2.0,49,27,0,0,0,0,0,0.0,0,0,0,0,0,0
765.2,2026-05-16T18:28:57,0016c001f10c2ef6,6.5,2.4,4.1,0.0,7809,701,7108,9.0,0.45,0.46,0.45,319096260,1313042298,3186,11629,1.3,233.8,3.1,2.0,49,27,0,0,0,0,0,0.0,0,0,0,0,0,0
765.7,2026-05-16T18:28:58,0016c001f10c2ef6,6.5,3.0,3.6,0.0,7809,702,7107,9.0,0.45,0.46,0.45,319099398,1313053927,3138,11629,1.3,233.8,3.1,2.0,49,27,0,0,0,0,0,0.0,0,0,0,0,0,0
766.2,2026-05-16T18:28:58,0016c001f10c2ef6,4.9,1.2,3.7,0.0,7809,701,7108,9.0,0.45,0.46,0.45,319103125,1313092638,3727,38711,1.3,233.8,3.1,2.0,49,27,0,0,0,0,0,0.0,0,0,0,0,0,0
766.6,2026-05-16T18:28:59,0016c001f10c2ef6,7.2,3.0,4.2,0.0,7809,701,7108,9.0,0.45,0.46,0.45,319106623,1313108368,3498,15730,1.3,233.8,3.1,2.0,49,27,0,0,0,0,0,0.0,0,0,0,0,0,0
767.1,2026-05-16T18:28:59,0016c001f10c2ef6,6.3,2.3,4.0,0.0,7809,701,7108,9.0,0.45,0.46,0.45,319109609,1313119997,2986,11629,1.3,233.8,3.1,2.0,49,27,0,0,0,0,0,0.0,0,0,0,0,0,0
767.6,2026-05-16T18:28:59,0016c001f10c2ef6,7.2,3.0,3.6,0.6,7809,702,7107,9.0,0.45,0.46,0.45,319112695,1313131626,3086,11629,1.3,233.8,3.1,2.0,49,27,0,0,0,0,0,0.0,0,0,0,0,0,0
768.0,2026-05-16T18:29:00,0016c001f10c2ef6,5.6,1.9,3.7,0.0,7809,702,7107,9.0,0.45,0.46,0.45,319116210,1313143255,3515,11629,1.3,233.8,3.1,2.0,49,27,0,0,0,0,0,0.0,0,0,0,0,0,0
768.5,2026-05-16T18:29:00,0016c001f10c2ef6,7.2,3.0,4.2,0.0,7809,700,7109,9.0,0.41,0.45,0.45,319120273,1313185923,4063,42668,1.3,233.8,3.1,2.0,49,27,0,0,0,0,0,0.0,0,0,0,0,0,0
769.0,2026-05-16T18:29:01,0016c001f10c2ef6,9.8,3.6,6.2,0.0,7809,700,7109,9.0,0.41,0.45,0.45,319123515,1313197618,3242,11695,1.3,233.8,3.1,2.0,49,27,0,0,0,0,0,0.0,0,0,0,0,0,0
769.6,2026-05-16T18:29:01,0016c001f10c2ef6,9.9,3.5,6.4,0.0,7809,700,7109,9.0,0.41,0.45,0.45,319126605,1313209313,3090,11695,1.3,233.8,3.1,2.0,49,27,0,0,0,0,0,0.0,0,0,0,0,0,0
770.1,2026-05-16T18:29:02,0016c001f10c2ef6,9.2,3.1,6.1,0.0,7809,700,7109,9.0,0.41,0.45,0.45,319129795,1313221008,3190,11695,1.3,233.8,3.1,2.0,49,27,0,0,0,0,0,0.0,0,0,0,0,0,0
770.6,2026-05-16T18:29:02,0016c001f10c2ef6,17.8,4.0,13.8,0.0,7809,701,7108,9.0,0.41,0.45,0.45,319133962,1313263676,4167,42668,1.3,233.8,3.1,2.0,49,27,0,0,0,0,0,0.0,0,0,0,0,0,0
771.1,2026-05-16T18:29:03,0016c001f10c2ef6,17.9,1.7,16.2,0.0,7809,701,7108,9.0,0.41,0.45,0.45,319136948,1313275305,2986,11629,1.3,233.8,3.1,2.0,49,27,0,0,0,0,0,0.0,0,0,0,0,0,0
771.6,2026-05-16T18:29:03,0016c001f10c2ef6,20.0,1.8,18.2,0.0,7809,701,7108,9.0,0.41,0.45,0.45,319140034,1313286934,3086,11629,1.3,233.8,3.1,2.0,49,27,0,0,0,0,0,0.0,0,0,0,0,0,0
772.1,2026-05-16T18:29:04,0016c001f10c2ef6,17.8,2.2,15.6,0.0,7809,701,7108,9.0,0.41,0.45,0.45,319143244,1313298649,3210,11715,1.3,233.8,3.1,2.0,49,27,0,0,0,0,0,0.0,0,0,0,0,0,0
772.6,2026-05-16T18:29:04,0016c001f10c2ef6,6.0,2.4,3.6,0.0,7809,702,7107,9.0,0.41,0.45,0.45,319147203,1313341317,3959,42668,1.3,233.8,3.1,2.0,49,27,0,0,0,0,0,0.0,0,0,0,0,0,0
773.0,2026-05-16T18:29:04,0016c001f10c2ef6,5.9,2.4,3.5,0.0,7809,701,7108,9.0,0.41,0.45,0.45,319150289,1313352946,3086,11629,1.3,233.8,3.1,2.0,49,27,0,0,0,0,0,0.0,0,0,0,0,0,0
773.5,2026-05-16T18:29:05,0016c001f10c2ef6,4.8,1.8,3.0,0.0,7809,701,7108,9.0,0.41,0.45,0.45,319153479,1313364575,3190,11629,1.3,233.8,3.1,2.0,49,27,0,0,0,0,0,0.0,0,0,0,0,0,0
774.0,2026-05-16T18:29:05,0016c001f10c2ef6,6.5,1.8,4.7,0.0,7809,701,7108,9.0,0.54,0.48,0.45,319156465,1313376270,2986,11695,1.3,233.8,3.1,2.0,49,27,0,0,0,0,0,0.0,0,0,0,0,0,0
774.5,2026-05-16T18:29:06,0016c001f10c2ef6,6.2,1.1,5.1,0.0,7809,701,7108,9.0,0.54,0.48,0.45,319160528,1313418938,4063,42668,1.3,233.8,3.1,2.0,49,27,0,0,0,0,0,0.0,0,0,0,0,0,0
774.9,2026-05-16T18:29:06,0016c001f10c2ef6,6.1,2.5,3.7,0.0,7809,701,7108,9.0,0.54,0.48,0.45,319163514,1313430567,2986,11629,1.3,233.8,3.1,2.0,49,27,0,0,0,0,0,0.0,0,0,0,0,0,0
775.4,2026-05-16T18:29:07,0016c001f10c2ef6,8.3,2.8,5.6,0.0,7809,701,7108,9.0,0.54,0.48,0.45,319166548,1313442196,3034,11629,1.3,233.8,3.1,2.0,49,27,0,0,0,0,0,0.0,0,0,0,0,0,0
775.9,2026-05-16T18:29:07,0016c001f10c2ef6,4.6,1.1,3.4,0.0,7809,702,7107,9.0,0.54,0.48,0.45,319169686,1313453825,3138,11629,1.3,233.8,3.1,2.0,49,27,0,0,0,0,0,0.0,0,0,0,0,0,0
776.5,2026-05-16T18:29:08,0016c001f10c2ef6,10.6,4.5,6.0,0.0,7809,701,7108,9.0,0.54,0.48,0.45,319173701,1313496625,4015,42800,1.3,233.8,3.1,2.0,49,27,0,0,0,0,0,0.0,0,0,0,0,0,0
777.0,2026-05-16T18:29:08,0016c001f10c2ef6,5.8,1.1,4.8,0.0,7809,701,7108,9.0,0.54,0.48,0.45,319176979,1313508652,3278,12027,1.3,233.8,3.1,2.0,49,27,0,0,0,0,0,0.0,0,0,0,0,0,0
777.5,2026-05-16T18:29:09,0016c001f10c2ef6,5.9,1.6,4.3,0.0,7809,701,7108,9.0,0.54,0.48,0.45,319180013,1313520281,3034,11629,1.3,233.8,3.1,2.0,49,27,0,0,0,0,0,0.0,0,0,0,0,0,0
778.0,2026-05-16T18:29:09,0016c001f10c2ef6,5.5,2.2,3.3,0.0,7809,701,7108,9.0,0.54,0.48,0.45,319182995,1313531910,2982,11629,1.3,233.8,3.1,2.0,49,27,0,0,0,0,0,0.0,0,0,0,0,0,0
778.5,2026-05-16T18:29:09,0016c001f10c2ef6,5.2,2.1,3.1,0.0,7809,700,7109,9.0,0.54,0.48,0.45,319186906,1313574578,3911,42668,1.3,233.9,3.1,2.0,49,27,0,0,0,0,0,0.0,0,0,0,0,0,0
779.1,2026-05-16T18:29:10,0016c001f10c2ef6,7.4,4.2,3.2,0.0,7809,700,7109,9.0,0.54,0.48,0.45,319190537,1313586449,3631,11871,1.3,233.9,3.1,2.0,49,27,0,0,0,0,0,0.0,0,0,0,0,0,0
779.6,2026-05-16T18:29:10,0016c001f10c2ef6,6.9,2.0,4.5,0.5,7809,700,7109,9.0,0.49,0.47,0.45,319193623,1313598078,3086,11629,1.3,233.9,3.1,2.0,49,27,0,0,0,0,0,0.0,0,0,0,0,0,0
780.1,2026-05-16T18:29:11,0016c001f10c2ef6,6.5,2.7,3.8,0.0,7809,700,7109,9.0,0.49,0.47,0.45,319196657,1313609707,3034,11629,1.3,233.9,3.1,2.0,49,27,0,0,0,0,0,0.0,0,0,0,0,0,0
780.7,2026-05-16T18:29:11,0016c001f10c2ef6,6.1,2.5,3.5,0.0,7809,700,7109,9.0,0.49,0.47,0.45,319200616,1313652375,3959,42668,1.3,233.9,3.1,2.0,49,27,0,0,0,0,0,0.0,0,0,0,0,0,0
781.3,2026-05-16T18:29:12,0016c001f10c2ef6,5.2,1.4,3.8,0.0,7809,699,7110,9.0,0.49,0.47,0.45,319203550,1313664004,2934,11629,1.3,233.9,3.1,2.0,49,27,0,0,0,0,0,0.0,0,0,0,0,0,0
781.8,2026-05-16T18:29:12,0016c001f10c2ef6,6.1,2.2,3.9,0.0,7809,699,7110,9.0,0.49,0.47,0.45,319206752,1313675875,3202,11871,1.3,233.9,3.1,2.0,49,27,0,0,0,0,0,0.0,0,0,0,0,0,0
782.4,2026-05-16T18:29:13,0016c001f10c2ef6,8.3,3.2,5.1,0.0,7809,699,7110,9.0,0.49,0.47,0.45,319209780,1313687636,3028,11761,1.3,233.9,3.1,2.0,49,27,0,0,0,0,0,0.0,0,0,0,0,0,0
782.9,2026-05-16T18:29:14,0016c001f10c2ef6,10.9,4.9,6.0,0.0,7809,699,7110,9.0,0.49,0.47,0.45,319213691,1313730304,3911,42668,1.3,233.9,3.1,2.0,49,27,0,0,0,0,0,0.0,0,0,0,0,0,0
783.4,2026-05-16T18:29:14,0016c001f10c2ef6,9.9,2.8,7.2,0.0,7809,700,7109,9.0,0.49,0.47,0.45,319216777,1313741933,3086,11629,1.3,233.9,3.1,2.0,49,27,0,0,0,0,0,0.0,0,0,0,0,0,0
783.9,2026-05-16T18:29:14,0016c001f10c2ef6,17.9,2.7,15.2,0.0,7809,701,7108,9.0,0.49,0.47,0.45,319219831,1313753640,3054,11707,1.3,233.9,3.1,2.0,49,27,0,0,0,0,0,0.0,0,0,0,0,0,0
784.5,2026-05-16T18:29:15,0016c001f10c2ef6,19.9,1.5,18.4,0.0,7809,701,7108,9.0,0.49,0.47,0.45,319222865,1313765269,3034,11629,1.3,233.9,3.1,2.0,49,27,0,0,0,0,0,0.0,0,0,0,0,0,0
785.0,2026-05-16T18:29:15,0016c001f10c2ef6,19.4,3.3,16.1,0.0,7809,701,7108,9.0,0.45,0.46,0.45,319226724,1313807937,3859,42668,1.3,233.9,3.1,2.0,49,27,0,0,0,0,0,0.0,0,0,0,0,0,0
785.5,2026-05-16T18:29:16,0016c001f10c2ef6,8.6,2.2,4.3,2.2,7809,701,7108,9.0,0.45,0.46,0.45,319229758,1313819566,3034,11629,1.3,233.9,3.1,2.0,49,27,0,0,0,0,0,0.0,0,0,0,0,0,0
786.0,2026-05-16T18:29:16,0016c001f10c2ef6,5.6,2.2,3.4,0.0,7809,701,7108,9.0,0.45,0.46,0.45,319232792,1313831195,3034,11629,1.3,233.9,3.1,2.0,49,27,0,0,0,0,0,0.0,0,0,0,0,0,0
786.5,2026-05-16T18:29:17,0016c001f10c2ef6,7.6,2.7,4.9,0.0,7809,701,7108,9.0,0.45,0.46,0.45,319235826,1313842824,3034,11629,1.3,233.9,3.1,2.0,49,27,0,0,0,0,0,0.0,0,0,0,0,0,0
787.0,2026-05-16T18:29:17,0016c001f10c2ef6,7.1,2.2,4.9,0.0,7809,701,7108,9.0,0.45,0.46,0.45,319239893,1313885492,4067,42668,1.3,233.9,3.1,2.0,49,27,0,0,0,0,0,0.0,0,0,0,0,0,0
787.5,2026-05-16T18:29:18,0016c001f10c2ef6,5.6,2.8,2.8,0.0,7809,701,7108,9.0,0.45,0.46,0.45,319242979,1313897121,3086,11629,1.3,233.9,3.1,2.0,49,27,0,0,0,0,0,0.0,0,0,0,0,0,0
788.0,2026-05-16T18:29:18,0016c001f10c2ef6,8.0,2.5,5.5,0.0,7809,701,7108,9.0,0.45,0.46,0.45,319246165,1313908816,3186,11695,1.3,233.9,3.1,2.0,49,27,0,0,0,0,0,0.0,0,0,0,0,0,0
788.6,2026-05-16T18:29:19,0016c001f10c2ef6,10.6,3.4,7.2,0.0,7809,701,7108,9.0,0.45,0.46,0.45,319250232,1313951550,4067,42734,1.3,233.9,3.1,2.0,49,27,0,0,0,0,0,0.0,0,0,0,0,0,0
789.2,2026-05-16T18:29:19,0016c001f10c2ef6,9.5,3.0,6.5,0.0,7809,700,7109,9.0,0.45,0.46,0.45,319253370,1313963245,3138,11695,1.3,233.9,3.1,2.0,49,27,0,0,0,0,0,0.0,0,0,0,0,0,0
789.8,2026-05-16T18:29:19,0016c001f10c2ef6,9.3,4.4,4.9,0.0,7809,700,7109,9.0,0.45,0.46,0.45,319256356,1313975006,2986,11761,1.3,233.9,3.1,2.0,49,27,0,0,0,0,0,0.0,0,0,0,0,0,0
790.3,2026-05-16T18:29:20,0016c001f10c2ef6,6.5,2.2,4.3,0.0,7809,699,7110,9.0,0.45,0.46,0.45,319259767,1313986635,3411,11629,1.3,233.9,3.1,2.0,49,27,0,0,0,0,0,0.0,0,0,0,0,0,0
790.8,2026-05-16T18:29:20,0016c001f10c2ef6,5.6,2.2,3.4,0.0,7809,700,7109,9.0,0.42,0.45,0.45,319263626,1314029303,3859,42668,1.3,233.9,3.1,2.0,49,27,0,0,0,0,0,0.0,0,0,0,0,0,0
791.3,2026-05-16T18:29:21,0016c001f10c2ef6,6.9,2.7,4.3,0.0,7809,700,7109,9.0,0.42,0.45,0.45,319266660,1314040932,3034,11629,1.3,233.9,3.1,2.0,49,27,0,0,0,0,0,0.0,0,0,0,0,0,0
791.8,2026-05-16T18:29:21,0016c001f10c2ef6,5.9,1.6,4.3,0.0,7809,700,7109,9.0,0.42,0.45,0.45,319269694,1314052561,3034,11629,1.3,233.9,3.1,2.0,49,27,0,0,0,0,0,0.0,0,0,0,0,0,0
792.3,2026-05-16T18:29:22,0016c001f10c2ef6,6.7,1.6,5.2,0.0,7809,701,7108,9.0,0.42,0.45,0.45,319272780,1314064256,3086,11695,1.3,233.9,3.1,2.0,49,27,0,0,0,0,0,0.0,0,0,0,0,0,0
792.9,2026-05-16T18:29:23,0016c001f10c2ef6,5.4,1.1,4.3,0.0,7809,700,7109,9.0,0.42,0.45,0.45,319276763,1314107018,3983,42762,1.3,233.9,3.1,2.0,49,27,0,0,0,0,0,0.0,0,0,0,0,0,0
793.3,2026-05-16T18:29:23,0016c001f10c2ef6,7.3,2.8,4.5,0.0,7809,700,7109,9.0,0.42,0.45,0.45,319279797,1314118647,3034,11629,1.3,233.9,3.1,2.0,49,27,0,0,0,0,0,0.0,0,0,0,0,0,0
793.9,2026-05-16T18:29:24,0016c001f10c2ef6,5.7,3.1,2.6,0.0,7809,701,7108,9.0,0.42,0.45,0.45,319282831,1314130276,3034,11629,1.3,233.9,3.1,2.0,49,27,0,0,0,0,0,0.0,0,0,0,0,0,0
794.4,2026-05-16T18:29:24,0016c001f10c2ef6,5.1,1.1,4.0,0.0,7809,700,7109,9.0,0.42,0.45,0.45,319286033,1314142147,3202,11871,1.3,233.9,3.1,2.0,49,27,0,0,0,0,0,0.0,0,0,0,0,0,0
794.9,2026-05-16T18:29:24,0016c001f10c2ef6,8.6,2.5,5.1,1.0,7809,700,7109,9.0,0.42,0.45,0.45,319289944,1314184815,3911,42668,1.3,233.9,3.1,2.0,49,27,0,0,0,0,0,0.0,0,0,0,0,0,0
795.5,2026-05-16T18:29:25,0016c001f10c2ef6,8.3,2.9,5.4,0.0,7809,700,7109,9.0,0.42,0.45,0.45,319292926,1314196510,2982,11695,1.3,233.9,3.1,2.0,49,27,0,0,0,0,0,0.0,0,0,0,0,0,0
796.0,2026-05-16T18:29:25,0016c001f10c2ef6,5.2,2.1,3.1,0.0,7809,702,7107,9.0,0.38,0.45,0.44,319296012,1314208139,3086,11629,1.3,233.9,3.1,2.0,49,27,0,0,0,0,0,0.0,0,0,0,0,0,0
796.6,2026-05-16T18:29:26,0016c001f10c2ef6,15.7,2.1,13.6,0.0,7809,701,7108,9.0,0.38,0.45,0.44,319298994,1314219768,2982,11629,1.3,233.9,3.1,2.0,49,27,0,0,0,0,0,0.0,0,0,0,0,0,0
797.0,2026-05-16T18:29:26,0016c001f10c2ef6,20.1,3.0,17.2,0.0,7809,702,7107,9.0,0.38,0.45,0.44,319302905,1314262436,3911,42668,1.3,233.9,3.1,2.0,49,27,0,0,0,0,0,0.0,0,0,0,0,0,0
797.6,2026-05-16T18:29:27,0016c001f10c2ef6,18.8,1.7,17.1,0.0,7809,701,7108,9.0,0.38,0.45,0.44,319305939,1314274065,3034,11629,1.3,233.9,3.1,2.0,49,27,0,0,0,0,0,0.0,0,0,0,0,0,0
798.1,2026-05-16T18:29:27,0016c001f10c2ef6,13.9,1.7,12.2,0.0,7809,702,7107,9.0,0.38,0.45,0.44,319309025,1314285694,3086,11629,1.3,233.9,3.1,2.0,49,27,0,0,0,0,0,0.0,0,0,0,0,0,0
798.6,2026-05-16T18:29:28,0016c001f10c2ef6,5.1,1.5,3.5,0.0,7809,701,7108,9.0,0.38,0.45,0.44,319312059,1314297323,3034,11629,1.3,233.9,3.1,2.0,49,27,0,0,0,0,0,0.0,0,0,0,0,0,0
799.1,2026-05-16T18:29:28,0016c001f10c2ef6,7.1,3.3,3.8,0.0,7809,701,7108,9.0,0.38,0.45,0.44,319315918,1314339991,3859,42668,1.3,233.9,3.1,2.0,49,27,0,0,0,0,0,0.0,0,0,0,0,0,0
799.6,2026-05-16T18:29:29,0016c001f10c2ef6,6.6,2.2,4.4,0.0,7809,702,7107,9.0,0.38,0.45,0.44,319318952,1314351620,3034,11629,1.3,233.9,3.1,2.0,49,27,0,0,0,0,0,0.0,0,0,0,0,0,0
800.2,2026-05-16T18:29:29,0016c001f10c2ef6,5.8,2.1,3.7,0.0,7809,702,7107,9.0,0.38,0.45,0.44,319321986,1314363249,3034,11629,1.3,233.9,3.1,2.0,49,27,0,0,0,0,0,0.0,0,0,0,0,0,0
800.7,2026-05-16T18:29:29,0016c001f10c2ef6,6.0,1.6,4.3,0.0,7809,702,7107,9.0,0.38,0.45,0.44,319325120,1314374878,3134,11629,1.3,233.9,3.1,2.0,49,27,0,0,0,0,0,0.0,0,0,0,0,0,0
801.2,2026-05-16T18:29:30,0016c001f10c2ef6,12.2,4.9,7.3,0.0,7809,701,7108,9.0,0.38,0.45,0.44,319329484,1314417690,4364,42812,1.3,233.9,3.1,2.0,49,27,0,0,0,0,0,0.0,0,0,0,0,0,0
801.7,2026-05-16T18:29:30,0016c001f10c2ef6,6.5,2.2,4.3,0.0,7809,701,7108,9.0,0.35,0.44,0.44,319332466,1314429319,2982,11629,1.3,233.9,3.1,2.0,49,27,0,0,0,0,0,0.0,0,0,0,0,0,0
802.3,2026-05-16T18:29:31,0016c001f10c2ef6,6.4,1.6,4.8,0.0,7809,701,7108,9.0,0.35,0.44,0.44,319335552,1314440948,3086,11629,1.3,233.9,3.1,2.0,49,27,0,0,0,0,0,0.0,0,0,0,0,0,0
802.8,2026-05-16T18:29:31,0016c001f10c2ef6,5.3,0.5,4.8,0.0,7809,700,7109,9.0,0.35,0.44,0.44,319338586,1314452577,3034,11629,1.3,233.9,3.1,2.0,49,27,0,0,0,0,0,0.0,0,0,0,0,0,0
803.3,2026-05-16T18:29:32,0016c001f10c2ef6,7.8,3.4,4.5,0.0,7809,700,7109,9.0,0.35,0.44,0.44,319342497,1314495245,3911,42668,1.3,233.9,3.1,2.0,49,27,0,0,0,0,0,0.0,0,0,0,0,0,0
803.8,2026-05-16T18:29:32,0016c001f10c2ef6,6.6,1.7,5.0,0.0,7809,700,7109,9.0,0.35,0.44,0.44,319345583,1314506874,3086,11629,1.3,233.9,3.1,2.0,49,27,0,0,0,0,0,0.0,0,0,0,0,0,0
804.3,2026-05-16T18:29:33,0016c001f10c2ef6,5.4,2.7,2.7,0.0,7809,700,7109,9.0,0.35,0.44,0.44,319348617,1314518503,3034,11629,1.3,233.9,3.1,2.0,49,27,0,0,0,0,0,0.0,0,0,0,0,0,0
804.8,2026-05-16T18:29:33,0016c001f10c2ef6,6.2,2.8,3.4,0.0,7809,701,7108,9.0,0.35,0.44,0.44,319351651,1314530132,3034,11629,1.3,233.9,3.1,2.0,49,27,0,0,0,0,0,0.0,0,0,0,0,0,0
805.3,2026-05-16T18:29:34,0016c001f10c2ef6,6.7,2.2,4.5,0.0,7809,701,7108,9.0,0.35,0.44,0.44,319355510,1314572800,3859,42668,1.3,233.9,3.1,2.0,49,27,0,0,0,0,0,0.0,0,0,0,0,0,0
805.9,2026-05-16T18:29:34,0016c001f10c2ef6,5.3,1.4,3.8,0.0,7809,701,7108,9.0,0.35,0.44,0.44,319358656,1314584671,3146,11871,1.3,233.9,3.1,2.0,49,27,0,0,0,0,0,0.0,0,0,0,0,0,0
806.3,2026-05-16T18:29:35,0016c001f10c2ef6,6.2,1.7,4.0,0.6,7809,702,7107,9.0,0.35,0.44,0.44,319361694,1314596366,3038,11695,1.3,233.9,3.1,2.0,49,27,0,0,0,0,0,0.0,0,0,0,0,0,0
806.9,2026-05-16T18:29:35,0016c001f10c2ef6,8.7,3.3,5.5,0.0,7809,701,7108,9.0,0.35,0.44,0.44,319364880,1314608061,3186,11695,1.3,233.8,3.1,2.0,49,27,0,0,0,0,0,0.0,0,0,0,0,0,0
807.3,2026-05-16T18:29:35,0016c001f10c2ef6,8.3,2.4,6.0,0.0,7809,701,7108,9.0,0.32,0.43,0.44,319369135,1314651057,4255,42996,1.3,233.8,3.1,2.0,49,27,0,0,0,0,0,0.0,0,0,0,0,0,0
807.9,2026-05-16T18:29:36,0016c001f10c2ef6,5.2,2.1,3.1,0.0,7809,701,7108,9.0,0.32,0.43,0.44,319372121,1314662686,2986,11629,1.3,233.8,3.1,2.0,49,27,0,0,0,0,0,0.0,0,0,0,0,0,0
808.3,2026-05-16T18:29:36,0016c001f10c2ef6,6.6,2.4,4.2,0.0,7809,701,7108,9.0,0.32,0.43,0.44,319375207,1314674315,3086,11629,1.3,233.8,3.1,2.0,49,27,0,0,0,0,0,0.0,0,0,0,0,0,0
808.8,2026-05-16T18:29:37,0016c001f10c2ef6,6.0,2.4,3.6,0.0,7809,701,7108,9.0,0.32,0.43,0.44,319378341,1314685944,3134,11629,1.3,233.8,3.1,2.0,49,27,0,0,0,0,0,0.0,0,0,0,0,0,0
809.2,2026-05-16T18:29:37,0016c001f10c2ef6,10.2,2.4,7.8,0.0,7809,701,7108,9.0,0.32,0.43,0.44,319382460,1314728612,4119,42668,1.3,233.8,3.1,2.0,49,27,0,0,0,0,0,0.0,0,0,0,0,0,0
809.7,2026-05-16T18:29:38,0016c001f10c2ef6,19.0,1.8,17.2,0.0,7809,702,7107,9.0,0.32,0.43,0.44,319385522,1314740397,3062,11785,1.3,233.8,3.1,2.0,49,27,0,0,0,0,0,0.0,0,0,0,0,0,0
810.2,2026-05-16T18:29:38,0016c001f10c2ef6,18.7,1.8,16.9,0.0,7809,702,7107,9.0,0.32,0.43,0.44,319388656,1314752026,3134,11629,1.3,233.8,3.1,2.0,49,27,0,0,0,0,0,0.0,0,0,0,0,0,0
810.7,2026-05-16T18:29:39,0016c001f10c2ef6,19.3,3.6,15.7,0.0,7809,701,7108,9.0,0.32,0.43,0.44,319391810,1314763883,3154,11857,1.3,233.8,3.1,2.0,49,27,0,0,0,0,0,0.0,0,0,0,0,0,0
811.2,2026-05-16T18:29:39,0016c001f10c2ef6,10.1,2.2,7.9,0.0,7809,701,7108,9.0,0.32,0.43,0.44,319396115,1314806749,4305,42866,1.3,233.8,3.1,2.0,49,27,0,0,0,0,0,0.0,0,0,0,0,0,0
811.7,2026-05-16T18:29:39,0016c001f10c2ef6,5.8,2.3,3.5,0.0,7809,701,7108,9.0,0.32,0.43,0.44,319399253,1314818444,3138,11695,1.3,233.8,3.1,2.0,49,27,0,0,0,0,0,0.0,0,0,0,0,0,0
812.1,2026-05-16T18:29:40,0016c001f10c2ef6,6.0,3.6,2.4,0.0,7809,701,7108,9.0,0.32,0.43,0.44,319402820,1314830073,3567,11629,1.3,233.8,3.1,2.0,49,27,0,0,0,0,0,0.0,0,0,0,0,0,0
812.7,2026-05-16T18:29:40,0016c001f10c2ef6,8.7,3.1,5.6,0.0,7809,700,7109,9.0,0.38,0.44,0.44,319405806,1314841834,2986,11761,1.3,233.8,3.1,2.0,49,27,0,0,0,0,0,0.0,0,0,0,0,0,0
813.1,2026-05-16T18:29:41,0016c001f10c2ef6,6.9,2.9,4.0,0.0,7809,700,7109,9.0,0.38,0.44,0.44,319409973,1314884568,4167,42734,1.3,233.8,3.1,2.0,49,27,0,0,0,0,0,0.0,0,0,0,0,0,0
813.6,2026-05-16T18:29:41,0016c001f10c2ef6,7.5,2.9,4.6,0.0,7809,700,7109,9.0,0.38,0.44,0.44,319413111,1314896197,3138,11629,1.3,233.8,3.1,2.0,49,27,0,0,0,0,0,0.0,0,0,0,0,0,0
814.1,2026-05-16T18:29:42,0016c001f10c2ef6,7.1,3.0,4.1,0.0,7809,700,7109,9.0,0.38,0.44,0.44,319416149,1314907892,3038,11695,1.3,233.8,3.1,2.0,49,27,0,0,0,0,0,0.0,0,0,0,0,0,0
814.6,2026-05-16T18:29:42,0016c001f10c2ef6,6.5,3.0,3.6,0.0,7809,701,7108,9.0,0.38,0.44,0.44,319419283,1314919521,3134,11629,1.3,233.8,3.1,2.0,49,27,0,0,0,0,0,0.0,0,0,0,0,0,0
815.0,2026-05-16T18:29:43,0016c001f10c2ef6,6.5,2.9,3.5,0.0,7809,700,7109,9.0,0.38,0.44,0.44,319422321,1314931150,3038,11629,1.3,233.7,3.1,2.0,49,27,0,0,0,0,0,0.0,0,0,0,0,0,0
815.5,2026-05-16T18:29:43,0016c001f10c2ef6,7.4,2.8,4.5,0.0,7809,700,7109,9.0,0.38,0.44,0.44,319426384,1314973818,4063,42668,1.3,233.7,3.1,2.0,49,27,0,0,0,0,0,0.0,0,0,0,0,0,0
816.0,2026-05-16T18:29:44,0016c001f10c2ef6,7.6,3.5,4.1,0.0,7809,701,7108,9.0,0.38,0.44,0.44,319429370,1314985447,2986,11629,1.3,233.7,3.1,2.0,49,27,0,0,0,0,0,0.0,0,0,0,0,0,0
816.4,2026-05-16T18:29:44,0016c001f10c2ef6,8.2,4.7,3.5,0.0,7809,701,7108,9.0,0.38,0.44,0.44,319432508,1314997076,3138,11629,1.3,233.7,3.1,2.0,49,27,0,0,0,0,0,0.0,0,0,0,0,0,0
816.9,2026-05-16T18:29:44,0016c001f10c2ef6,6.9,2.9,4.0,0.0,7809,700,7109,9.0,0.38,0.44,0.44,319435594,1315008771,3086,11695,1.3,233.7,3.1,2.0,49,27,0,0,0,0,0,0.0,0,0,0,0,0,0
817.4,2026-05-16T18:29:45,0016c001f10c2ef6,6.6,3.0,3.6,0.0,7809,701,7108,9.0,0.38,0.44,0.44,319439657,1315051439,4063,42668,1.3,233.7,3.1,2.0,49,27,0,0,0,0,0,0.0,0,0,0,0,0,0
817.9,2026-05-16T18:29:45,0016c001f10c2ef6,5.4,1.8,3.6,0.0,7809,701,7108,9.0,0.38,0.44,0.44,319442795,1315063068,3138,11629,1.3,233.7,3.1,2.0,49,27,0,0,0,0,0,0.0,0,0,0,0,0,0
818.4,2026-05-16T18:29:46,0016c001f10c2ef6,9.8,3.3,6.5,0.0,7809,699,7110,9.0,0.43,0.45,0.45,319445781,1315074763,2986,11695,1.3,233.7,3.1,2.0,49,27,0,0,0,0,0,0.0,0,0,0,0,0,0
818.8,2026-05-16T18:29:46,0016c001f10c2ef6,6.5,2.4,4.2,0.0,7809,699,7110,9.0,0.43,0.45,0.45,319448939,1315086470,3158,11707,1.3,233.7,3.1,2.0,49,27,0,0,0,0,0,0.0,0,0,0,0,0,0
819.3,2026-05-16T18:29:46,0016c001f10c2ef6,6.4,1.7,4.7,0.0,7809,699,7110,9.0,0.43,0.45,0.45,319452902,1315129138,3963,42668,1.3,233.7,3.1,2.0,49,27,0,0,0,0,0,0.0,0,0,0,0,0,0
819.8,2026-05-16T18:29:47,0016c001f10c2ef6,7.8,3.6,4.2,0.0,7809,700,7109,9.0,0.43,0.45,0.45,319456192,1315140767,3290,11629,1.3,233.7,3.1,2.0,49,27,0,0,0,0,0,0.0,0,0,0,0,0,0
820.3,2026-05-16T18:29:47,0016c001f10c2ef6,5.3,2.3,2.9,0.0,7809,700,7109,9.0,0.43,0.45,0.45,319459278,1315152396,3086,11629,1.3,233.7,3.1,2.0,49,27,0,0,0,0,0,0.0,0,0,0,0,0,0
820.7,2026-05-16T18:29:48,0016c001f10c2ef6,7.2,2.4,4.8,0.0,7809,700,7109,9.0,0.43,0.45,0.45,319462316,1315164025,3038,11629,1.3,233.7,3.1,2.0,49,27,0,0,0,0,0,0.0,0,0,0,0,0,0
821.2,2026-05-16T18:29:48,0016c001f10c2ef6,6.1,1.8,4.2,0.0,7809,701,7108,9.0,0.43,0.45,0.45,319465402,1315175654,3086,11629,1.3,233.7,3.1,2.0,49,27,0,0,0,0,0,0.0,0,0,0,0,0,0
821.7,2026-05-16T18:29:49,0016c001f10c2ef6,7.1,1.8,5.4,0.0,7809,700,7109,9.0,0.43,0.45,0.45,319469517,1315218388,4115,42734,1.3,233.7,3.1,2.0,49,27,0,0,0,0,0,0.0,0,0,0,0,0,0
822.1,2026-05-16T18:29:49,0016c001f10c2ef6,6.0,2.4,3.6,0.0,7809,701,7108,9.0,0.43,0.45,0.45,319472603,1315230017,3086,11629,1.3,233.7,3.1,2.0,49,27,0,0,0,0,0,0.0,0,0,0,0,0,0
822.6,2026-05-16T18:29:49,0016c001f10c2ef6,19.9,3.0,16.9,0.0,7809,702,7107,9.0,0.43,0.45,0.45,319475741,1315241646,3138,11629,1.3,233.7,3.1,2.0,49,27,0,0,0,0,0,0.0,0,0,0,0,0,0
823.1,2026-05-16T18:29:50,0016c001f10c2ef6,20.4,1.8,18.6,0.0,7809,702,7107,9.0,0.43,0.45,0.45,319479208,1315253275,3467,11629,1.3,233.7,3.1,2.0,49,27,0,0,0,0,0,0.0,0,0,0,0,0,0
823.5,2026-05-16T18:29:50,0016c001f10c2ef6,20.6,4.2,16.4,0.0,7809,703,7106,9.0,0.47,0.46,0.45,319483323,1315296009,4115,42734,1.3,233.9,3.1,2.0,49,27,0,0,0,0,0,0.0,0,0,0,0,0,0
824.0,2026-05-16T18:29:51,0016c001f10c2ef6,14.8,2.3,12.5,0.0,7809,703,7106,9.0,0.47,0.46,0.45,319486461,1315307704,3138,11695,1.3,233.9,3.1,2.0,49,27,0,0,0,0,0,0.0,0,0,0,0,0,0
824.6,2026-05-16T18:29:51,0016c001f10c2ef6,11.1,3.5,7.5,0.0,7809,703,7106,9.0,0.47,0.46,0.45,319489547,1315319399,3086,11695,1.3,233.9,3.1,2.0,49,27,0,0,0,0,0,0.0,0,0,0,0,0,0
825.1,2026-05-16T18:29:52,0016c001f10c2ef6,10.6,3.0,7.5,0.0,7809,703,7106,9.0,0.47,0.46,0.45,319492685,1315331094,3138,11695,1.3,233.9,3.1,2.0,49,27,0,0,0,0,0,0.0,0,0,0,0,0,0
825.6,2026-05-16T18:29:52,0016c001f10c2ef6,6.9,2.9,4.0,0.0,7809,702,7107,9.0,0.47,0.46,0.45,319496600,1315373762,3915,42668,1.3,233.9,3.1,2.0,49,27,0,0,0,0,0,0.0,0,0,0,0,0,0
826.1,2026-05-16T18:29:53,0016c001f10c2ef6,6.1,3.1,3.1,0.0,7809,700,7109,9.0,0.47,0.46,0.45,319499838,1315385391,3238,11629,1.3,233.9,3.1,2.0,49,27,0,0,0,0,0,0.0,0,0,0,0,0,0
826.5,2026-05-16T18:29:53,0016c001f10c2ef6,6.0,1.2,4.2,0.6,7809,700,7109,9.0,0.47,0.46,0.45,319502876,1315397020,3038,11629,1.3,233.9,3.1,2.0,49,27,0,0,0,0,0,0.0,0,0,0,0,0,0
827.0,2026-05-16T18:29:54,0016c001f10c2ef6,6.4,1.7,4.7,0.0,7809,700,7109,9.0,0.47,0.46,0.45,319506062,1315408649,3186,11629,1.3,233.9,3.1,2.0,49,27,0,0,0,0,0,0.0,0,0,0,0,0,0
827.5,2026-05-16T18:29:54,0016c001f10c2ef6,6.5,2.4,4.1,0.0,7809,701,7108,9.0,0.47,0.46,0.45,319509821,1315451317,3759,42668,1.3,233.9,3.1,2.0,49,27,0,0,0,0,0,0.0,0,0,0,0,0,0
828.0,2026-05-16T18:29:54,0016c001f10c2ef6,6.8,2.3,4.5,0.0,7809,701,7108,9.0,0.47,0.46,0.45,319513083,1315463024,3262,11707,1.3,233.9,3.1,2.0,49,27,0,0,0,0,0,0.0,0,0,0,0,0,0
828.4,2026-05-16T18:29:55,0016c001f10c2ef6,7.5,2.9,4.6,0.0,7809,701,7108,9.0,0.47,0.46,0.45,319516217,1315474653,3134,11629,1.3,233.9,3.1,2.0,49,27,0,0,0,0,0,0.0,0,0,0,0,0,0
829.0,2026-05-16T18:29:55,0016c001f10c2ef6,6.4,1.1,5.3,0.0,7809,701,7108,9.0,0.44,0.45,0.45,319519407,1315486282,3190,11629,1.3,233.9,3.1,2.0,49,27,0,0,0,0,0,0.0,0,0,0,0,0,0
829.4,2026-05-16T18:29:56,0016c001f10c2ef6,5.9,2.4,3.6,0.0,7809,700,7109,9.0,0.44,0.45,0.45,319523374,1315528950,3967,42668,1.3,233.9,3.1,2.0,49,27,0,0,0,0,0,0.0,0,0,0,0,0,0
829.9,2026-05-16T18:29:56,0016c001f10c2ef6,5.8,2.3,3.5,0.0,7809,701,7108,9.0,0.44,0.45,0.45,319526508,1315540579,3134,11629,1.3,233.9,3.1,2.0,49,27,0,0,0,0,0,0.0,0,0,0,0,0,0
830.4,2026-05-16T18:29:57,0016c001f10c2ef6,5.4,1.8,3.6,0.0,7809,701,7108,9.0,0.44,0.45,0.45,319529698,1315552208,3190,11629,1.3,233.9,3.1,2.0,49,27,0,0,0,0,0,0.0,0,0,0,0,0,0
831.0,2026-05-16T18:29:57,0016c001f10c2ef6,9.5,4.0,5.5,0.0,7809,700,7109,9.0,0.44,0.45,0.45,319532940,1315563969,3242,11761,1.3,233.9,3.1,2.0,49,27,0,0,0,0,0,0.0,0,0,0,0,0,0
831.5,2026-05-16T18:29:58,0016c001f10c2ef6,10.1,2.0,8.0,0.0,7809,700,7109,9.0,0.44,0.45,0.45,319537001,1315606769,4061,42800,1.3,233.9,3.1,2.0,49,27,0,0,0,0,0,0.0,0,0,0,0,0,0
832.0,2026-05-16T18:29:58,0016c001f10c2ef6,7.2,3.6,3.6,0.0,7809,701,7108,9.0,0.44,0.45,0.45,319539987,1315618398,2986,11629,1.3,233.9,3.1,2.0,49,27,0,0,0,0,0,0.0,0,0,0,0,0,0
832.4,2026-05-16T18:29:59,0016c001f10c2ef6,5.8,1.8,4.1,0.0,7809,701,7108,9.0,0.44,0.45,0.45,319543173,1315630027,3186,11629,1.3,233.9,3.1,2.0,49,27,0,0,0,0,0,0.0,0,0,0,0,0,0
832.9,2026-05-16T18:29:59,0016c001f10c2ef6,8.0,4.6,3.4,0.0,7809,701,7108,9.0,0.44,0.45,0.45,319546263,1315641722,3090,11695,1.3,233.9,3.1,2.0,49,27,0,0,0,0,0,0.0,0,0,0,0,0,0
833.4,2026-05-16T18:29:59,0016c001f10c2ef6,4.6,1.1,3.4,0.0,7809,700,7109,9.0,0.44,0.45,0.45,319549910,1315668243,3647,26521,1.3,233.9,3.1,2.0,49,27,0,0,0,0,0,0.0,0,0,0,0,0,0
833.9,2026-05-16T18:30:00,0016c001f10c2ef6,7.1,3.3,3.8,0.0,7809,700,7109,9.0,0.44,0.45,0.45,319553789,1315696019,3879,27776,1.3,233.9,3.1,2.0,49,27,0,0,0,0,0,0.0,0,0,0,0,0,0
834.4,2026-05-16T18:30:00,0016c001f10c2ef6,5.8,2.9,2.9,0.0,7809,700,7109,9.0,0.44,0.45,0.45,319556927,1315707648,3138,11629,1.3,233.9,3.1,2.0,49,27,0,0,0,0,0,0.0,0,0,0,0,0,0
834.9,2026-05-16T18:30:01,0016c001f10c2ef6,5.9,2.4,3.6,0.0,7809,700,7109,9.0,0.4,0.44,0.44,319559913,1315719343,2986,11695,1.3,233.9,3.1,2.0,49,27,0,0,0,0,0,0.0,0,0,0,0,0,0
835.3,2026-05-16T18:30:01,0016c001f10c2ef6,15.3,3.1,12.3,0.0,7809,700,7109,9.0,0.4,0.44,0.44,319562895,1315730972,2982,11629,1.3,233.9,3.1,2.0,49,27,0,0,0,0,0,0.0,0,0,0,0,0,0
835.8,2026-05-16T18:30:02,0016c001f10c2ef6,18.9,2.9,16.0,0.0,7809,700,7109,9.0,0.4,0.44,0.44,319566858,1315773640,3963,42668,1.3,233.9,3.1,2.0,49,27,0,0,0,0,0,0.0,0,0,0,0,0,0
836.4,2026-05-16T18:30:02,0016c001f10c2ef6,18.9,1.7,17.2,0.0,7809,701,7108,9.0,0.4,0.44,0.44,319569840,1315785269,2982,11629,1.3,233.9,3.1,2.0,49,27,0,0,0,0,0,0.0,0,0,0,0,0,0
836.8,2026-05-16T18:30:03,0016c001f10c2ef6,15.8,2.3,13.5,0.0,7809,701,7108,9.0,0.4,0.44,0.44,319573202,1315796976,3362,11707,1.3,233.9,3.1,2.0,49,27,0,0,0,0,0,0.0,0,0,0,0,0,0
837.4,2026-05-16T18:30:03,0016c001f10c2ef6,10.6,3.9,6.8,0.0,7809,701,7108,9.0,0.4,0.44,0.44,319576340,1315808671,3138,11695,1.3,233.9,3.1,2.0,49,27,0,0,0,0,0,0.0,0,0,0,0,0,0
838.0,2026-05-16T18:30:04,0016c001f10c2ef6,9.5,4.5,5.0,0.0,7809,701,7108,9.0,0.4,0.44,0.44,319580255,1315851471,3915,42800,1.3,233.9,3.1,2.0,49,27,0,0,0,0,0,0.0,0,0,0,0,0,0
838.5,2026-05-16T18:30:04,0016c001f10c2ef6,6.6,2.2,4.4,0.0,7809,700,7109,9.0,0.4,0.44,0.44,319583389,1315863100,3134,11629,1.3,233.9,3.1,2.0,49,27,0,0,0,0,0,0.0,0,0,0,0,0,0
839.0,2026-05-16T18:30:05,0016c001f10c2ef6,5.8,2.6,3.1,0.0,7809,700,7109,9.0,0.4,0.44,0.44,319586375,1315874729,2986,11629,1.3,233.9,3.1,2.0,49,27,0,0,0,0,0,0.0,0,0,0,0,0,0
839.5,2026-05-16T18:30:05,0016c001f10c2ef6,6.6,3.3,3.3,0.0,7809,701,7108,9.0,0.4,0.44,0.44,319589513,1315886358,3138,11629,1.3,233.9,3.1,2.0,49,27,0,0,0,0,0,0.0,0,0,0,0,0,0
840.0,2026-05-16T18:30:06,0016c001f10c2ef6,6.4,2.1,4.3,0.0,7809,701,7108,9.0,0.45,0.45,0.45,319593268,1315929026,3755,42668,1.3,233.9,3.1,2.0,49,27,0,0,0,0,0,0.0,0,0,0,0,0,0
840.6,2026-05-16T18:30:06,0016c001f10c2ef6,5.1,2.0,3.1,0.0,7809,700,7109,9.0,0.45,0.45,0.45,319596250,1315940655,2982,11629,1.3,233.9,3.1,2.0,49,27,0,0,0,0,0,0.0,0,0,0,0,0,0
841.1,2026-05-16T18:30:07,0016c001f10c2ef6,5.9,2.1,3.7,0.0,7809,700,7109,9.0,0.45,0.45,0.45,319599232,1315952284,2982,11629,1.3,233.9,3.1,2.0,49,27,0,0,0,0,0,0.0,0,0,0,0,0,0
841.6,2026-05-16T18:30:07,0016c001f10c2ef6,6.0,1.1,4.9,0.0,7809,701,7108,9.0,0.45,0.45,0.45,319603195,1315994952,3963,42668,1.3,233.9,3.1,2.0,49,27,0,0,0,0,0,0.0,0,0,0,0,0,0
842.1,2026-05-16T18:30:08,0016c001f10c2ef6,6.4,2.1,4.3,0.0,7809,700,7109,9.0,0.45,0.45,0.45,319606249,1316006667,3054,11715,1.3,233.9,3.1,2.0,49,27,0,0,0,0,0,0.0,0,0,0,0,0,0
842.6,2026-05-16T18:30:08,0016c001f10c2ef6,6.5,2.2,4.3,0.0,7809,702,7107,9.0,0.45,0.45,0.45,319609307,1316018518,3058,11851,1.3,233.9,3.1,2.0,49,27,0,0,0,0,0,0.0,0,0,0,0,0,0
843.2,2026-05-16T18:30:09,0016c001f10c2ef6,7.4,2.7,4.3,0.5,7809,702,7107,9.0,0.45,0.45,0.45,319612289,1316030147,2982,11629,1.3,233.9,3.1,2.0,49,27,0,0,0,0,0,0.0,0,0,0,0,0,0
843.7,2026-05-16T18:30:09,0016c001f10c2ef6,11.3,5.7,5.7,0.0,7809,700,7109,9.0,0.45,0.45,0.45,319616148,1316072881,3859,42734,1.3,233.9,3.1,2.0,49,27,0,0,0,0,0,0.0,0,0,0,0,0,0
844.3,2026-05-16T18:30:10,0016c001f10c2ef6,9.1,4.8,4.3,0.0,7809,702,7107,9.0,0.45,0.45,0.45,319619234,1316084576,3086,11695,1.3,233.9,3.1,2.0,49,27,0,0,0,0,0,0.0,0,0,0,0,0,0
844.8,2026-05-16T18:30:10,0016c001f10c2ef6,6.6,2.2,4.4,0.0,7809,702,7107,9.0,0.45,0.45,0.45,319622268,1316096205,3034,11629,1.3,233.9,3.1,2.0,49,27,0,0,0,0,0,0.0,0,0,0,0,0,0
845.3,2026-05-16T18:30:11,0016c001f10c2ef6,5.5,1.1,4.4,0.0,7809,702,7107,9.0,0.45,0.45,0.45,319625731,1316107834,3463,11629,1.3,233.9,3.1,2.0,49,27,0,0,0,0,0,0.0,0,0,0,0,0,0
845.8,2026-05-16T18:30:11,0016c001f10c2ef6,6.2,1.7,4.5,0.0,7809,701,7108,9.0,0.41,0.45,0.45,319629538,1316150502,3807,42668,1.3,233.9,3.1,2.0,49,27,0,0,0,0,0,0.0,0,0,0,0,0,0
846.3,2026-05-16T18:30:12,0016c001f10c2ef6,5.8,2.6,3.1,0.0,7809,701,7108,9.0,0.41,0.45,0.45,319632468,1316162131,2930,11629,1.3,233.9,3.1,2.0,49,27,0,0,0,0,0,0.0,0,0,0,0,0,0
846.8,2026-05-16T18:30:12,0016c001f10c2ef6,6.5,3.2,3.2,0.0,7809,701,7108,9.0,0.41,0.45,0.45,319635502,1316174443,3034,12312,1.3,233.9,3.1,2.0,49,27,0,0,0,0,0,0.0,0,0,0,0,0,0
847.3,2026-05-16T18:30:13,0016c001f10c2ef6,7.4,2.6,4.7,0.0,7809,701,7108,9.0,0.41,0.45,0.45,319638582,1316187643,3080,13200,1.3,233.9,3.1,2.0,49,27,0,0,0,0,0,0.0,0,0,0,0,0,0
847.8,2026-05-16T18:30:14,0016c001f10c2ef6,6.6,1.6,4.9,0.0,7809,701,7108,9.0,0.41,0.45,0.45,319642389,1316230311,3807,42668,1.3,234.0,3.1,2.0,49,27,0,0,0,0,0,0.0,0,0,0,0,0,0
848.4,2026-05-16T18:30:14,0016c001f10c2ef6,16.2,3.4,12.8,0.0,7809,701,7108,9.0,0.41,0.45,0.45,319645423,1316241940,3034,11629,1.3,234.0,3.1,2.0,49,27,0,0,0,0,0,0.0,0,0,0,0,0,0
848.9,2026-05-16T18:30:15,0016c001f10c2ef6,20.8,2.7,17.5,0.5,7809,701,7108,9.0,0.41,0.45,0.45,319648457,1316253569,3034,11629,1.3,234.0,3.1,2.0,49,27,0,0,0,0,0,0.0,0,0,0,0,0,0
849.4,2026-05-16T18:30:15,0016c001f10c2ef6,19.9,2.8,17.1,0.0,7809,702,7107,9.0,0.41,0.45,0.45,319651439,1316265132,2982,11563,1.3,234.0,3.1,2.0,49,27,0,0,0,0,0,0.0,0,0,0,0,0,0
849.9,2026-05-16T18:30:16,0016c001f10c2ef6,17.3,2.2,12.4,2.7,7809,702,7107,9.0,0.41,0.45,0.45,319655246,1316307866,3807,42734,1.3,234.0,3.1,2.0,49,27,0,0,0,0,0,0.0,0,0,0,0,0,0
850.4,2026-05-16T18:30:16,0016c001f10c2ef6,7.5,2.7,4.8,0.0,7809,702,7107,9.0,0.41,0.45,0.45,319658280,1316319495,3034,11629,1.3,234.0,3.1,2.0,49,27,0,0,0,0,0,0.0,0,0,0,0,0,0
851.0,2026-05-16T18:30:17,0016c001f10c2ef6,5.2,2.1,3.1,0.0,7809,702,7107,9.0,0.38,0.44,0.44,319661314,1316331124,3034,11629,1.3,234.0,3.1,2.0,49,27,0,0,0,0,0,0.0,0,0,0,0,0,0
851.5,2026-05-16T18:30:17,0016c001f10c2ef6,6.5,2.5,4.0,0.0,7809,702,7107,9.0,0.38,0.44,0.44,319664348,1316342753,3034,11629,1.3,234.0,3.1,2.0,49,27,0,0,0,0,0,0.0,0,0,0,0,0,0
852.0,2026-05-16T18:30:18,0016c001f10c2ef6,5.0,2.2,2.8,0.0,7809,701,7108,9.0,0.38,0.44,0.44,319668207,1316385421,3859,42668,1.3,234.0,3.1,2.0,49,27,0,0,0,0,0,0.0,0,0,0,0,0,0
852.6,2026-05-16T18:30:18,0016c001f10c2ef6,7.3,3.1,3.6,0.5,7809,701,7108,9.0,0.38,0.44,0.44,319671241,1316397050,3034,11629,1.3,234.0,3.1,2.0,49,27,0,0,0,0,0,0.0,0,0,0,0,0,0
853.1,2026-05-16T18:30:19,0016c001f10c2ef6,8.3,2.8,5.5,0.0,7809,701,7108,9.0,0.38,0.44,0.44,319674223,1316408679,2982,11629,1.3,234.0,3.1,2.0,49,27,0,0,0,0,0,0.0,0,0,0,0,0,0
853.6,2026-05-16T18:30:19,0016c001f10c2ef6,5.7,1.6,4.2,0.0,7809,701,7108,9.0,0.38,0.44,0.44,319677309,1316420308,3086,11629,1.3,234.0,3.1,2.0,50,28,1,1,0,0,0,0.0,0,0,0,0,0,0
854.1,2026-05-16T18:30:20,0016c001f10c2ef6,7.3,2.8,3.9,0.6,7809,700,7109,9.0,0.38,0.44,0.44,319681292,1316463054,3983,42746,1.3,234.0,3.1,2.0,50,28,0,0,0,0,0,0.0,0,0,0,0,0,0
854.6,2026-05-16T18:30:20,0016c001f10c2ef6,6.0,2.2,3.8,0.0,7809,700,7109,9.0,0.38,0.44,0.44,319684326,1316474683,3034,11629,1.3,234.0,3.1,2.0,50,28,0,0,0,0,0,0.0,0,0,0,0,0,0
855.1,2026-05-16T18:30:21,0016c001f10c2ef6,6.5,2.7,3.8,0.0,7809,700,7109,9.0,0.38,0.44,0.44,319687360,1316486312,3034,11629,1.3,234.0,3.1,2.0,50,28,0,0,0,0,0,0.0,0,0,0,0,0,0
855.6,2026-05-16T18:30:21,0016c001f10c2ef6,7.6,3.0,4.6,0.0,7809,699,7110,9.0,0.38,0.44,0.44,319690394,1316498007,3034,11695,1.3,234.0,3.1,2.0,50,28,0,0,0,0,0,0.0,0,0,0,0,0,0
856.2,2026-05-16T18:30:22,0016c001f10c2ef6,7.0,3.2,3.8,0.0,7809,700,7109,9.0,0.38,0.44,0.44,319694630,1316540675,4236,42668,1.3,233.8,3.1,2.0,50,28,0,0,0,0,0,0.0,0,0,0,0,0,0
856.7,2026-05-16T18:30:22,0016c001f10c2ef6,6.7,1.1,5.6,0.0,7809,700,7109,9.0,0.35,0.43,0.44,319697716,1316552304,3086,11629,1.3,233.8,3.1,2.0,50,28,0,0,0,0,0,0.0,0,0,0,0,0,0
857.2,2026-05-16T18:30:23,0016c001f10c2ef6,6.3,2.1,4.2,0.0,7809,700,7109,9.0,0.35,0.43,0.44,319700698,1316563933,2982,11629,1.3,233.8,3.1,2.0,50,28,0,0,0,0,0,0.0,0,0,0,0,0,0
857.7,2026-05-16T18:30:23,0016c001f10c2ef6,6.0,2.2,3.8,0.0,7809,700,7109,9.0,0.35,0.43,0.44,319703784,1316575562,3086,11629,1.3,233.8,3.1,2.0,50,28,0,0,0,0,0,0.0,0,0,0,0,0,0
858.2,2026-05-16T18:30:24,0016c001f10c2ef6,12.0,4.9,4.9,2.2,7809,702,7107,9.0,0.35,0.43,0.44,319707793,1316622097,4009,46535,1.3,233.8,3.1,2.0,50,28,0,0,0,0,0,0.0,0,0,0,0,0,0
858.7,2026-05-16T18:30:24,0016c001f10c2ef6,5.9,2.2,3.8,0.0,7809,701,7108,9.0,0.35,0.43,0.44,319710827,1316633726,3034,11629,1.3,233.8,3.1,2.0,50,28,0,0,0,0,0,0.0,0,0,0,0,0,0
859.2,2026-05-16T18:30:25,0016c001f10c2ef6,5.4,2.2,3.2,0.0,7809,701,7108,9.0,0.35,0.43,0.44,319713861,1316645355,3034,11629,1.3,233.8,3.1,2.0,50,28,0,0,0,0,0,0.0,0,0,0,0,0,0
859.7,2026-05-16T18:30:25,0016c001f10c2ef6,5.1,1.7,3.4,0.0,7809,701,7108,9.0,0.35,0.43,0.44,319716947,1316656984,3086,11629,1.3,233.8,3.1,2.0,50,28,0,0,0,0,0,0.0,0,0,0,0,0,0
860.2,2026-05-16T18:30:26,0016c001f10c2ef6,6.7,2.2,4.4,0.0,7809,702,7107,9.0,0.35,0.43,0.44,319720754,1316699708,3807,42724,1.3,233.7,3.1,2.0,50,28,0,0,0,0,0,0.0,0,0,0,0,0,0
860.7,2026-05-16T18:30:26,0016c001f10c2ef6,5.6,1.7,3.9,0.0,7809,702,7107,9.0,0.35,0.43,0.44,319723874,1316711535,3120,11827,1.3,233.7,3.1,2.0,50,28,0,0,0,0,0,0.0,0,0,0,0,0,0
861.3,2026-05-16T18:30:27,0016c001f10c2ef6,15.0,2.5,12.5,0.0,7809,702,7107,9.0,0.35,0.43,0.44,319726908,1316723230,3034,11695,1.3,233.7,3.1,2.0,50,28,0,0,0,0,0,0.0,0,0,0,0,0,0
861.8,2026-05-16T18:30:28,0016c001f10c2ef6,20.8,2.1,17.7,1.0,7809,701,7108,9.0,0.35,0.43,0.44,319729942,1316734925,3034,11695,1.3,233.7,3.1,2.0,50,28,0,0,0,0,0,0.0,0,0,0,0,0,0
862.4,2026-05-16T18:30:28,0016c001f10c2ef6,20.1,2.7,17.4,0.0,7809,700,7109,9.0,0.4,0.44,0.44,319733801,1316777649,3859,42724,1.3,233.8,3.1,2.0,50,28,0,0,0,0,0,0.0,0,0,0,0,0,0
862.9,2026-05-16T18:30:29,0016c001f10c2ef6,12.4,2.7,9.7,0.0,7809,700,7109,9.0,0.4,0.44,0.44,319736959,1316789356,3158,11707,1.3,233.8,3.1,2.0,50,28,0,0,0,0,0,0.0,0,0,0,0,0,0
863.4,2026-05-16T18:30:29,0016c001f10c2ef6,5.3,1.1,4.3,0.0,7809,701,7108,9.0,0.4,0.44,0.44,319740045,1316800985,3086,11629,1.3,233.8,3.1,2.0,50,28,0,0,0,0,0,0.0,0,0,0,0,0,0
863.9,2026-05-16T18:30:30,0016c001f10c2ef6,5.8,2.1,3.7,0.0,7809,701,7108,9.0,0.4,0.44,0.44,319743079,1316812614,3034,11629,1.3,233.8,3.1,2.0,50,28,0,0,0,0,0,0.0,0,0,0,0,0,0
864.5,2026-05-16T18:30:30,0016c001f10c2ef6,5.9,1.6,4.3,0.0,7809,701,7108,9.0,0.4,0.44,0.44,319746990,1316855338,3911,42724,1.3,233.8,3.1,2.0,50,28,0,0,0,0,0,0.0,0,0,0,0,0,0
865.0,2026-05-16T18:30:31,0016c001f10c2ef6,6.2,2.1,4.1,0.0,7809,701,7108,9.0,0.4,0.44,0.44,319750024,1316866967,3034,11629,1.3,233.8,3.1,2.0,50,28,0,0,0,0,0,0.0,0,0,0,0,0,0
865.5,2026-05-16T18:30:28,0016c001f10c2ef6,5.7,1.7,4.0,0.0,7809,701,7108,9.0,0.4,0.44,0.44,319753006,1316878596,2982,11629,1.3,233.8,3.1,2.0,50,28,0,0,0,0,0,0.0,0,0,0,0,0,0
865.9,2026-05-16T18:30:29,0016c001f10c2ef6,6.0,1.8,4.2,0.0,7809,701,7108,9.0,0.4,0.44,0.44,319756244,1316890225,3238,11629,1.3,233.8,3.1,2.0,50,28,0,0,0,0,0,0.0,0,0,0,0,0,0
866.4,2026-05-16T18:30:29,0016c001f10c2ef6,7.2,3.0,4.2,0.0,7809,701,7108,9.0,0.4,0.44,0.44,319760103,1316932949,3859,42724,1.3,233.8,3.1,2.0,50,28,0,0,0,0,0,0.0,0,0,0,0,0,0
866.9,2026-05-16T18:30:30,0016c001f10c2ef6,6.4,2.9,3.5,0.0,7809,701,7108,9.0,0.4,0.44,0.44,319763293,1316944578,3190,11629,1.3,233.8,3.1,2.0,50,28,0,0,0,0,0,0.0,0,0,0,0,0,0
867.4,2026-05-16T18:30:30,0016c001f10c2ef6,10.1,3.0,6.6,0.5,7809,701,7108,9.0,0.4,0.44,0.44,319766760,1316956273,3467,11695,1.3,233.8,3.1,2.0,50,28,0,0,0,0,0,0.0,0,0,0,0,0,0
867.9,2026-05-16T18:30:31,0016c001f10c2ef6,5.5,1.8,3.7,0.0,7809,702,7107,9.0,0.37,0.43,0.44,319769846,1316967902,3086,11629,1.3,233.8,3.1,2.0,50,28,0,0,0,0,0,0.0,0,0,0,0,0,0
868.4,2026-05-16T18:30:31,0016c001f10c2ef6,6.6,2.0,4.6,0.0,7809,701,7108,9.0,0.37,0.43,0.44,319774013,1317010692,4167,42790,1.3,233.7,3.1,2.0,50,28,0,0,0,0,0,0.0,0,0,0,0,0,0
868.9,2026-05-16T18:30:32,0016c001f10c2ef6,6.9,2.3,4.6,0.0,7809,701,7108,9.0,0.37,0.43,0.44,319777099,1317022321,3086,11629,1.3,233.7,3.1,2.0,50,28,0,0,0,0,0,0.0,0,0,0,0,0,0
869.4,2026-05-16T18:30:32,0016c001f10c2ef6,7.1,3.6,3.6,0.0,7809,701,7108,9.0,0.37,0.43,0.44,319780237,1317033950,3138,11629,1.3,233.7,3.1,2.0,50,28,0,0,0,0,0,0.0,0,0,0,0,0,0
869.9,2026-05-16T18:30:33,0016c001f10c2ef6,6.4,1.7,4.7,0.0,7809,702,7107,9.0,0.37,0.43,0.44,319783223,1317045579,2986,11629,1.3,233.7,3.1,2.0,50,28,0,0,0,0,0,0.0,0,0,0,0,0,0
870.3,2026-05-16T18:30:33,0016c001f10c2ef6,6.0,3.0,3.0,0.0,7809,701,7108,9.0,0.37,0.43,0.44,319787442,1317088303,4219,42724,1.3,233.7,3.1,2.0,50,28,0,0,0,0,0,0.0,0,0,0,0,0,0
870.8,2026-05-16T18:30:34,0016c001f10c2ef6,8.9,4.8,4.2,0.0,7809,701,7108,9.0,0.37,0.43,0.44,319790528,1317099932,3086,11629,1.3,233.7,3.1,2.0,50,28,0,0,0,0,0,0.0,0,0,0,0,0,0
871.3,2026-05-16T18:30:34,0016c001f10c2ef6,7.9,3.4,4.5,0.0,7809,701,7108,9.0,0.37,0.43,0.44,319793614,1317111561,3086,11629,1.3,233.7,3.1,2.0,50,28,0,0,0,0,0,0.0,0,0,0,0,0,0
871.7,2026-05-16T18:30:34,0016c001f10c2ef6,5.5,2.4,3.0,0.0,7809,701,7108,9.0,0.37,0.43,0.44,319796724,1317123268,3110,11707,1.3,233.7,3.1,2.0,50,28,0,0,0,0,0,0.0,0,0,0,0,0,0
872.2,2026-05-16T18:30:35,0016c001f10c2ef6,5.7,2.3,3.4,0.0,7809,700,7109,9.0,0.37,0.43,0.44,319800735,1317165992,4011,42724,1.3,233.7,3.1,2.0,50,28,0,0,0,0,0,0.0,0,0,0,0,0,0
872.7,2026-05-16T18:30:35,0016c001f10c2ef6,6.5,2.9,3.5,0.0,7809,701,7108,9.0,0.37,0.43,0.44,319804029,1317177621,3294,11629,1.3,233.7,3.1,2.0,50,28,0,0,0,0,0,0.0,0,0,0,0,0,0
873.2,2026-05-16T18:30:36,0016c001f10c2ef6,10.0,3.2,6.8,0.0,7809,701,7108,9.0,0.42,0.44,0.45,319807167,1317189316,3138,11695,1.3,233.7,3.1,2.0,50,28,0,0,0,0,0,0.0,0,0,0,0,0,0
873.7,2026-05-16T18:30:36,0016c001f10c2ef6,5.9,1.8,4.1,0.0,7809,701,7108,9.0,0.42,0.44,0.45,319810253,1317200945,3086,11629,1.3,233.7,3.1,2.0,50,28,0,0,0,0,0,0.0,0,0,0,0,0,0
874.2,2026-05-16T18:30:37,0016c001f10c2ef6,13.6,0.6,13.0,0.0,7809,700,7109,9.0,0.42,0.44,0.45,319813343,1317212574,3090,11629,1.3,233.5,3.1,2.0,50,28,0,0,0,0,0,0.0,0,0,0,0,0,0
874.6,2026-05-16T18:30:37,0016c001f10c2ef6,19.3,3.1,16.1,0.0,7809,700,7109,9.0,0.42,0.44,0.45,319817306,1317255364,3963,42790,1.3,233.5,3.1,2.0,50,28,0,0,0,0,0,0.0,0,0,0,0,0,0
875.1,2026-05-16T18:30:38,0016c001f10c2ef6,20.1,2.4,17.7,0.0,7809,701,7108,9.0,0.42,0.44,0.45,319820440,1317266927,3134,11563,1.3,233.5,3.1,2.0,50,28,0,0,0,0,0,0.0,0,0,0,0,0,0
875.6,2026-05-16T18:30:38,0016c001f10c2ef6,20.0,3.4,16.6,0.0,7809,701,7108,9.0,0.42,0.44,0.45,319823706,1317278712,3266,11785,1.3,233.5,3.1,2.0,50,28,0,0,0,0,0,0.0,0,0,0,0,0,0
876.1,2026-05-16T18:30:39,0016c001f10c2ef6,6.5,1.8,4.7,0.0,7809,701,7108,9.0,0.42,0.44,0.45,319826692,1317290341,2986,11629,1.3,233.5,3.1,2.0,50,28,0,0,0,0,0,0.0,0,0,0,0,0,0
876.5,2026-05-16T18:30:39,0016c001f10c2ef6,7.7,2.4,5.4,0.0,7809,700,7109,9.0,0.42,0.44,0.45,319830703,1317333065,4011,42724,1.3,233.5,3.1,2.0,50,28,0,0,0,0,0,0.0,0,0,0,0,0,0
877.0,2026-05-16T18:30:40,0016c001f10c2ef6,9.4,2.9,2.9,3.5,7809,700,7109,9.0,0.42,0.44,0.45,319833841,1317344694,3138,11629,1.3,233.5,3.1,2.0,50,28,0,0,0,0,0,0.0,0,0,0,0,0,0
877.6,2026-05-16T18:30:40,0016c001f10c2ef6,4.5,1.0,3.5,0.0,7809,701,7108,9.0,0.42,0.44,0.45,319836899,1317356409,3058,11715,1.3,233.5,3.1,2.0,50,28,0,0,0,0,0,0.0,0,0,0,0,0,0
878.0,2026-05-16T18:30:41,0016c001f10c2ef6,7.8,2.4,5.4,0.0,7809,701,7108,9.0,0.42,0.44,0.45,319840514,1317368038,3615,11629,1.3,233.5,3.1,2.0,50,28,0,0,0,0,0,0.0,0,0,0,0,0,0
878.5,2026-05-16T18:30:41,0016c001f10c2ef6,7.4,2.9,4.6,0.0,7809,701,7108,9.0,0.47,0.45,0.45,319844685,1317410762,4171,42724,1.3,233.5,3.1,2.0,50,28,0,0,0,0,0,0.0,0,0,0,0,0,0
879.0,2026-05-16T18:30:42,0016c001f10c2ef6,9.2,4.3,4.9,0.0,7809,699,7110,9.0,0.47,0.45,0.45,319847875,1317422457,3190,11695,1.3,233.5,3.1,2.0,50,28,0,0,0,0,0,0.0,0,0,0,0,0,0
879.5,2026-05-16T18:30:42,0016c001f10c2ef6,10.1,3.2,6.9,0.0,7809,700,7109,9.0,0.47,0.45,0.45,319850965,1317434218,3090,11761,1.3,233.5,3.1,2.0,50,28,0,0,0,0,0,0.0,0,0,0,0,0,0
880.0,2026-05-16T18:30:43,0016c001f10c2ef6,6.4,1.7,4.7,0.0,7809,700,7109,9.0,0.47,0.45,0.45,319853999,1317445847,3034,11629,1.3,233.5,3.1,2.0,50,28,0,0,0,0,0,0.0,0,0,0,0,0,0
880.5,2026-05-16T18:30:43,0016c001f10c2ef6,6.8,1.7,5.1,0.0,7809,701,7108,9.0,0.47,0.45,0.45,319858062,1317488637,4063,42790,1.3,233.5,3.1,2.0,50,28,0,0,0,0,0,0.0,0,0,0,0,0,0
881.0,2026-05-16T18:30:44,0016c001f10c2ef6,7.1,3.0,4.2,0.0,7809,700,7109,9.0,0.47,0.45,0.45,319861200,1317500266,3138,11629,1.3,233.5,3.1,2.0,50,28,0,0,0,0,0,0.0,0,0,0,0,0,0
881.4,2026-05-16T18:30:44,0016c001f10c2ef6,6.5,2.4,4.1,0.0,7809,700,7109,9.0,0.47,0.45,0.45,319864338,1317511961,3138,11695,1.3,233.5,3.1,2.0,50,28,0,0,0,0,0,0.0,0,0,0,0,0,0
881.9,2026-05-16T18:30:45,0016c001f10c2ef6,6.6,3.0,3.6,0.0,7809,700,7109,9.0,0.47,0.45,0.45,319867324,1317523590,2986,11629,1.3,233.5,3.1,2.0,50,28,0,0,0,0,0,0.0,0,0,0,0,0,0
882.4,2026-05-16T18:30:45,0016c001f10c2ef6,5.8,1.7,4.0,0.0,7809,701,7108,9.0,0.47,0.45,0.45,319871023,1317550111,3699,26521,1.3,233.5,3.1,2.0,50,28,0,0,0,0,0,0.0,0,0,0,0,0,0
882.9,2026-05-16T18:30:46,0016c001f10c2ef6,7.7,2.4,5.3,0.0,7809,700,7109,9.0,0.47,0.45,0.45,319874425,1317577943,3402,27832,1.3,233.5,3.1,2.0,50,28,0,0,0,0,0,0.0,0,0,0,0,0,0
883.3,2026-05-16T18:30:46,0016c001f10c2ef6,6.6,2.4,4.2,0.0,7809,700,7109,9.0,0.47,0.45,0.45,319877563,1317589572,3138,11629,1.3,233.5,3.1,2.0,50,28,0,0,0,0,0,0.0,0,0,0,0,0,0
883.8,2026-05-16T18:30:47,0016c001f10c2ef6,7.3,3.4,3.9,0.0,7809,700,7109,9.0,0.47,0.45,0.45,319880597,1317601201,3034,11629,1.3,233.5,3.1,2.0,50,28,0,0,0,0,0,0.0,0,0,0,0,0,0
884.3,2026-05-16T18:30:47,0016c001f10c2ef6,5.9,1.2,4.7,0.0,7809,700,7109,9.0,0.43,0.44,0.45,319883835,1317612830,3238,11629,1.3,233.5,3.1,2.0,50,28,0,0,0,0,0,0.0,0,0,0,0,0,0
884.7,2026-05-16T18:30:47,0016c001f10c2ef6,7.3,2.4,4.9,0.0,7809,700,7109,9.0,0.43,0.44,0.45,319887694,1317655554,3859,42724,1.3,233.5,3.1,2.0,50,28,0,0,0,0,0,0.0,0,0,0,0,0,0
885.3,2026-05-16T18:30:48,0016c001f10c2ef6,9.2,3.1,6.2,0.0,7809,702,7107,9.0,0.43,0.44,0.45,319890884,1317667249,3190,11695,1.3,233.5,3.1,2.0,50,28,0,0,0,0,0,0.0,0,0,0,0,0,0
885.8,2026-05-16T18:30:49,0016c001f10c2ef6,9.8,3.1,6.7,0.0,7809,702,7107,9.0,0.43,0.44,0.45,319893870,1317679010,2986,11761,1.3,233.5,3.1,2.0,50,28,0,0,0,0,0,0.0,0,0,0,0,0,0
886.3,2026-05-16T18:30:49,0016c001f10c2ef6,5.8,2.9,2.9,0.0,7809,701,7108,9.0,0.43,0.44,0.45,319897008,1317690639,3138,11629,1.3,233.5,3.1,2.0,50,28,0,0,0,0,0,0.0,0,0,0,0,0,0
886.8,2026-05-16T18:30:50,0016c001f10c2ef6,7.5,2.9,4.6,0.0,7809,701,7108,9.0,0.43,0.44,0.45,319901127,1317733363,4119,42724,1.3,233.5,3.1,2.0,51,29,1,1,0,0,0,0.0,0,0,0,0,0,0
887.3,2026-05-16T18:30:50,0016c001f10c2ef6,17.1,1.1,16.0,0.0,7809,701,7108,9.0,0.43,0.44,0.45,319904161,1317744992,3034,11629,1.3,233.5,3.1,2.0,51,29,0,0,0,0,0,0.0,0,0,0,0,0,0
887.8,2026-05-16T18:30:51,0016c001f10c2ef6,18.7,1.6,17.0,0.0,7809,701,7108,9.0,0.43,0.44,0.45,319907195,1317756621,3034,11629,1.3,233.5,3.1,2.0,51,29,0,0,0,0,0,0.0,0,0,0,0,0,0
888.3,2026-05-16T18:30:51,0016c001f10c2ef6,19.8,3.0,16.8,0.0,7809,701,7108,9.0,0.43,0.44,0.45,319910381,1317768250,3186,11629,1.3,233.5,3.1,2.0,51,29,0,0,0,0,0,0.0,0,0,0,0,0,0
888.7,2026-05-16T18:30:51,0016c001f10c2ef6,16.8,4.2,12.6,0.0,7809,701,7108,9.0,0.43,0.44,0.45,319914344,1317810974,3963,42724,1.3,233.5,3.1,2.0,51,29,0,0,0,0,0,0.0,0,0,0,0,0,0
889.2,2026-05-16T18:30:52,0016c001f10c2ef6,6.3,3.4,2.9,0.0,7809,702,7107,9.0,0.43,0.44,0.45,319917931,1317822681,3587,11707,1.3,233.5,3.1,2.0,51,29,0,0,0,0,0,0.0,0,0,0,0,0,0
889.7,2026-05-16T18:30:52,0016c001f10c2ef6,5.2,1.7,3.4,0.0,7809,701,7108,9.0,0.56,0.47,0.45,319921017,1317834310,3086,11629,1.3,233.5,3.1,2.0,51,29,0,0,0,0,0,0.0,0,0,0,0,0,0
890.2,2026-05-16T18:30:53,0016c001f10c2ef6,7.0,2.3,4.7,0.0,7809,701,7108,9.0,0.56,0.47,0.45,319924103,1317845939,3086,11629,1.3,233.5,3.1,2.0,51,29,0,0,0,0,0,0.0,0,0,0,0,0,0
890.7,2026-05-16T18:30:53,0016c001f10c2ef6,5.7,1.7,4.0,0.0,7809,702,7107,9.0,0.56,0.47,0.45,319928170,1317888663,4067,42724,1.3,233.5,3.1,2.0,51,29,0,0,0,0,0,0.0,0,0,0,0,0,0
891.1,2026-05-16T18:30:54,0016c001f10c2ef6,6.1,2.4,3.6,0.0,7809,701,7108,9.0,0.56,0.47,0.45,319931308,1317900292,3138,11629,1.3,233.5,3.1,2.0,51,29,0,0,0,0,0,0.0,0,0,0,0,0,0
891.7,2026-05-16T18:30:54,0016c001f10c2ef6,10.1,4.0,6.1,0.0,7809,701,7108,9.0,0.56,0.47,0.45,319934446,1317911987,3138,11695,1.3,233.5,3.1,2.0,51,29,0,0,0,0,0,0.0,0,0,0,0,0,0
892.3,2026-05-16T18:30:55,0016c001f10c2ef6,9.4,3.4,5.9,0.0,7809,701,7108,9.0,0.56,0.47,0.45,319937584,1317923682,3138,11695,1.3,233.5,3.1,2.0,51,29,0,0,0,0,0,0.0,0,0,0,0,0,0
892.8,2026-05-16T18:30:56,0016c001f10c2ef6,12.1,4.5,7.6,0.0,7809,701,7108,9.0,0.56,0.47,0.45,319941547,1317966472,3963,42790,1.3,233.5,3.1,2.0,51,29,0,0,0,0,0,0.0,0,0,0,0,0,0
893.3,2026-05-16T18:30:56,0016c001f10c2ef6,8.9,3.1,5.7,0.0,7809,701,7108,9.0,0.56,0.47,0.45,319944585,1317978233,3038,11761,1.3,233.5,3.1,2.0,51,29,0,0,0,0,0,0.0,0,0,0,0,0,0
893.9,2026-05-16T18:30:57,0016c001f10c2ef6,9.0,3.3,5.7,0.0,7809,702,7107,9.0,0.56,0.47,0.45,319947671,1317989928,3086,11695,1.3,233.5,3.1,2.0,51,29,0,0,0,0,0,0.0,0,0,0,0,0,0
894.5,2026-05-16T18:30:57,0016c001f10c2ef6,8.6,3.8,4.8,0.0,7809,701,7108,9.0,0.56,0.47,0.45,319950809,1318001623,3138,11695,1.3,233.5,3.1,2.0,51,29,0,0,0,0,0,0.0,0,0,0,0,0,0
895.0,2026-05-16T18:30:58,0016c001f10c2ef6,7.0,3.2,3.8,0.0,7809,701,7108,9.0,0.51,0.46,0.45,319954668,1318044347,3859,42724,1.3,233.5,3.1,2.0,51,29,0,0,0,0,0,0.0,0,0,0,0,0,0
895.6,2026-05-16T18:30:58,0016c001f10c2ef6,5.7,2.1,3.6,0.0,7809,701,7108,9.0,0.51,0.46,0.45,319957702,1318055976,3034,11629,1.3,233.5,3.1,2.0,51,29,0,0,0,0,0,0.0,0,0,0,0,0,0
896.1,2026-05-16T18:30:59,0016c001f10c2ef6,6.3,3.2,3.2,0.0,7809,701,7108,9.0,0.51,0.46,0.45,319960684,1318067605,2982,11629,1.3,233.5,3.1,2.0,51,29,0,0,0,0,0,0.0,0,0,0,0,0,0
896.6,2026-05-16T18:30:59,0016c001f10c2ef6,4.9,1.6,3.3,0.0,7809,701,7108,9.0,0.51,0.46,0.45,319963770,1318079234,3086,11629,1.3,233.5,3.1,2.0,51,29,0,0,0,0,0,0.0,0,0,0,0,0,0
897.1,2026-05-16T18:31:00,0016c001f10c2ef6,6.6,2.7,3.8,0.0,7809,701,7108,9.0,0.51,0.46,0.45,319967681,1318121958,3911,42724,1.3,233.5,3.1,2.0,51,29,0,0,0,0,0,0.0,0,0,0,0,0,0
897.6,2026-05-16T18:30:57,0016c001f10c2ef6,5.9,3.2,2.7,0.0,7809,700,7109,9.0,0.51,0.46,0.45,319970663,1318133587,2982,11629,1.3,233.5,3.1,2.0,51,29,0,0,0,0,0,0.0,0,0,0,0,0,0
898.1,2026-05-16T18:30:58,0016c001f10c2ef6,6.1,1.7,4.4,0.0,7809,701,7108,9.0,0.51,0.46,0.45,319973769,1318145294,3106,11707,1.3,233.5,3.1,2.0,51,29,0,0,0,0,0,0.0,0,0,0,0,0,0
898.6,2026-05-16T18:30:58,0016c001f10c2ef6,7.4,1.7,5.1,0.6,7809,700,7109,9.0,0.51,0.46,0.45,319976903,1318156923,3134,11629,1.3,233.5,3.1,2.0,51,29,0,0,0,0,0,0.0,0,0,0,0,0,0
899.1,2026-05-16T18:30:59,0016c001f10c2ef6,7.1,2.7,4.4,0.0,7809,700,7109,9.0,0.51,0.46,0.45,319980870,1318199647,3967,42724,1.3,233.5,3.1,2.0,51,29,0,0,0,0,0,0.0,0,0,0,0,0,0
899.6,2026-05-16T18:30:59,0016c001f10c2ef6,6.0,1.1,4.9,0.0,7809,700,7109,9.0,0.51,0.46,0.45,319984060,1318211342,3190,11695,1.3,233.6,3.1,2.0,51,29,0,0,0,0,0,0.0,0,0,0,0,0,0
900.2,2026-05-16T18:31:00,0016c001f10c2ef6,14.7,3.6,11.2,0.0,7809,700,7109,9.0,0.51,0.46,0.45,319987523,1318223037,3463,11695,1.3,233.6,3.1,2.0,51,29,0,0,0,0,0,0.0,0,0,0,0,0,0
900.7,2026-05-16T18:31:00,0016c001f10c2ef6,19.0,1.7,17.3,0.0,7809,701,7108,9.0,0.55,0.47,0.46,319990557,1318234666,3034,11629,1.3,233.6,3.1,2.0,51,29,0,0,0,0,0,0.0,0,0,0,0,0,0
901.2,2026-05-16T18:31:01,0016c001f10c2ef6,20.9,2.9,18.0,0.0,7809,702,7107,9.0,0.55,0.47,0.46,319994676,1318277390,4119,42724,1.3,233.6,3.1,2.0,51,29,0,0,0,0,0,0.0,0,0,0,0,0,0
901.7,2026-05-16T18:31:01,0016c001f10c2ef6,15.0,2.2,12.8,0.0,7809,702,7107,9.0,0.55,0.47,0.46,319997878,1318289261,3202,11871,1.3,233.6,3.1,2.0,51,29,0,0,0,0,0,0.0,0,0,0,0,0,0
902.3,2026-05-16T18:31:02,0016c001f10c2ef6,5.6,2.6,3.0,0.0,7809,702,7107,9.0,0.55,0.47,0.46,320000912,1318300890,3034,11629,1.3,233.6,3.1,2.0,51,29,0,0,0,0,0,0.0,0,0,0,0,0,0
902.9,2026-05-16T18:31:03,0016c001f10c2ef6,5.0,1.0,4.0,0.0,7809,701,7108,9.0,0.55,0.47,0.46,320005131,1318345403,4219,44513,1.3,233.6,3.1,2.0,51,29,0,0,0,0,0,0.0,0,0,0,0,0,0
903.5,2026-05-16T18:31:03,0016c001f10c2ef6,6.1,2.6,3.5,0.0,7809,702,7107,9.0,0.55,0.47,0.46,320008113,1318357098,2982,11695,1.3,233.5,3.1,2.0,51,29,0,0,0,0,0,0.0,0,0,0,0,0,0
904.1,2026-05-16T18:31:04,0016c001f10c2ef6,4.5,1.3,3.1,0.0,7809,701,7108,9.0,0.55,0.47,0.46,320011367,1318368955,3254,11857,1.3,233.5,3.1,2.0,51,29,0,0,0,0,0,0.0,0,0,0,0,0,0
904.7,2026-05-16T18:31:05,0016c001f10c2ef6,5.9,1.8,4.1,0.0,7809,701,7108,9.0,0.55,0.47,0.46,320015354,1318412149,3987,43194,1.3,233.5,3.1,2.0,51,29,0,0,0,0,0,0.0,0,0,0,0,0,0
905.4,2026-05-16T18:31:05,0016c001f10c2ef6,5.2,1.7,3.4,0.0,7809,701,7108,9.0,0.55,0.47,0.46,320018992,1318425325,3638,13176,1.3,233.6,3.1,2.0,51,29,0,0,0,0,0,0.0,0,0,0,0,0,0
906.0,2026-05-16T18:31:06,0016c001f10c2ef6,8.5,2.8,5.6,0.0,7809,700,7109,9.0,0.51,0.46,0.45,320022146,1318437262,3154,11937,1.3,233.6,3.1,2.0,51,29,0,0,0,0,0,0.0,0,0,0,0,0,0
906.8,2026-05-16T18:31:07,0016c001f10c2ef6,8.4,2.4,6.0,0.0,7809,700,7109,9.0,0.51,0.46,0.45,320025212,1318449277,3066,12015,1.3,233.8,3.1,2.0,51,29,0,0,0,0,0,0.0,0,0,0,0,0,0
907.5,2026-05-16T18:31:07,0016c001f10c2ef6,4.7,1.4,3.2,0.0,7809,700,7109,9.0,0.51,0.46,0.45,320029389,1318492309,4177,43032,1.3,233.8,3.1,2.0,51,29,0,0,0,0,0,0.0,0,0,0,0,0,0
908.2,2026-05-16T18:31:08,0016c001f10c2ef6,5.3,1.8,3.5,0.0,7809,701,7108,9.0,0.51,0.46,0.45,320032487,1318504935,3098,12626,1.3,233.8,3.1,2.0,51,29,0,0,0,0,0,0.0,0,0,0,0,0,0
908.9,2026-05-16T18:31:09,0016c001f10c2ef6,5.3,1.4,3.8,0.0,7809,701,7108,9.0,0.51,0.46,0.45,320036654,1318548365,4167,43430,1.3,233.8,3.1,2.0,51,29,0,0,0,0,0,0.0,0,0,0,0,0,0
909.6,2026-05-16T18:31:09,0016c001f10c2ef6,4.6,1.8,2.8,0.0,7809,701,7108,9.0,0.51,0.46,0.45,320039972,1318561233,3318,12868,1.3,233.8,3.1,2.0,51,29,0,0,0,0,0,0.0,0,0,0,0,0,0
910.3,2026-05-16T18:31:10,0016c001f10c2ef6,4.8,1.9,2.9,0.0,7809,701,7108,9.0,0.51,0.46,0.45,320043092,1318573060,3120,11827,1.3,233.8,3.1,2.0,51,29,0,0,0,0,0,0.0,0,0,0,0,0,0
910.8,2026-05-16T18:31:11,0016c001f10c2ef6,6.1,2.2,3.3,0.6,7809,702,7107,9.0,0.51,0.46,0.45,320046074,1318584689,2982,11629,1.3,233.8,3.1,2.0,51,29,0,0,0,0,0,0.0,0,0,0,0,0,0
911.3,2026-05-16T18:31:11,0016c001f10c2ef6,5.6,2.5,3.0,0.0,7809,702,7107,9.0,0.51,0.46,0.45,320050310,1318627413,4236,42724,1.3,233.8,3.1,2.0,51,29,0,0,0,0,0,0.0,0,0,0,0,0,0
911.8,2026-05-16T18:31:12,0016c001f10c2ef6,7.1,2.7,4.3,0.0,7809,702,7107,9.0,0.47,0.46,0.45,320053444,1318639042,3134,11629,1.3,233.8,3.1,2.0,51,29,0,0,0,0,0,0.0,0,0,0,0,0,0
912.4,2026-05-16T18:31:12,0016c001f10c2ef6,7.5,2.0,5.5,0.0,7809,702,7107,9.0,0.47,0.46,0.45,320056430,1318650737,2986,11695,1.3,233.8,3.1,2.0,51,29,0,0,0,0,0,0.0,0,0,0,0,0,0
912.9,2026-05-16T18:31:13,0016c001f10c2ef6,8.8,2.2,6.6,0.0,7809,701,7108,9.0,0.47,0.46,0.45,320059484,1318662452,3054,11715,1.3,233.8,3.1,2.0,51,29,0,0,0,0,0,0.0,0,0,0,0,0,0
913.4,2026-05-16T18:31:13,0016c001f10c2ef6,19.8,2.7,17.0,0.0,7809,701,7108,9.0,0.47,0.46,0.45,320063343,1318705176,3859,42724,1.3,233.8,3.1,2.0,51,29,0,0,0,0,0,0.0,0,0,0,0,0,0
913.9,2026-05-16T18:31:14,0016c001f10c2ef6,17.5,1.8,15.8,0.0,7809,702,7107,9.0,0.47,0.46,0.45,320066429,1318716805,3086,11629,1.3,233.8,3.1,2.0,51,29,0,0,0,0,0,0.0,0,0,0,0,0,0
914.4,2026-05-16T18:31:14,0016c001f10c2ef6,18.6,2.7,15.8,0.0,7809,702,7107,9.0,0.47,0.46,0.45,320069463,1318728434,3034,11629,1.3,233.6,3.1,2.0,51,29,0,0,0,0,0,0.0,0,0,0,0,0,0
914.9,2026-05-16T18:31:15,0016c001f10c2ef6,10.4,4.4,6.0,0.0,7809,702,7107,9.0,0.47,0.46,0.45,320072445,1318740063,2982,11629,1.3,233.6,3.1,2.0,51,29,0,0,0,0,0,0.0,0,0,0,0,0,0
915.4,2026-05-16T18:31:15,0016c001f10c2ef6,5.7,2.3,3.4,0.0,7809,702,7107,9.0,0.47,0.46,0.45,320076356,1318782787,3911,42724,1.3,233.6,3.1,2.0,51,29,0,0,0,0,0,0.0,0,0,0,0,0,0
915.9,2026-05-16T18:31:16,0016c001f10c2ef6,6.6,2.2,4.4,0.0,7809,702,7107,9.0,0.47,0.46,0.45,320079390,1318794416,3034,11629,1.3,233.6,3.1,2.0,51,29,0,0,0,0,0,0.0,0,0,0,0,0,0
916.4,2026-05-16T18:31:16,0016c001f10c2ef6,6.0,1.6,4.4,0.0,7809,701,7108,9.0,0.47,0.46,0.45,320082372,1318806045,2982,11629,1.3,233.6,3.1,2.0,51,29,0,0,0,0,0,0.0,0,0,0,0,0,0
916.9,2026-05-16T18:31:17,0016c001f10c2ef6,6.7,2.2,4.5,0.0,7809,702,7107,9.0,0.47,0.46,0.45,320085406,1318817674,3034,11629,1.3,233.6,3.1,2.0,51,29,0,0,0,0,0,0.0,0,0,0,0,0,0
917.4,2026-05-16T18:31:17,0016c001f10c2ef6,7.2,3.3,3.9,0.0,7809,702,7107,9.0,0.43,0.45,0.45,320089265,1318860398,3859,42724,1.3,233.6,3.1,2.0,51,29,0,0,0,0,0,0.0,0,0,0,0,0,0
918.0,2026-05-16T18:31:18,0016c001f10c2ef6,8.3,3.4,4.9,0.0,7809,702,7107,9.0,0.43,0.45,0.45,320092351,1318872093,3086,11695,1.3,233.6,3.1,2.0,51,29,0,0,0,0,0,0.0,0,0,0,0,0,0
918.5,2026-05-16T18:31:18,0016c001f10c2ef6,6.1,1.7,4.5,0.0,7809,701,7108,9.0,0.43,0.45,0.45,320095437,1318883722,3086,11629,1.3,233.6,3.1,2.0,51,29,0,0,0,0,0,0.0,0,0,0,0,0,0
919.0,2026-05-16T18:31:19,0016c001f10c2ef6,6.2,1.6,4.7,0.0,7809,701,7108,9.0,0.43,0.45,0.45,320098523,1318895351,3086,11629,1.3,233.6,3.1,2.0,51,29,0,0,0,0,0,0.0,0,0,0,0,0,0
919.5,2026-05-16T18:31:19,0016c001f10c2ef6,6.6,1.6,4.9,0.0,7809,701,7108,9.0,0.43,0.45,0.45,320102382,1318938141,3859,42790,1.3,233.6,3.1,2.0,51,29,0,0,0,0,0,0.0,0,0,0,0,0,0
920.0,2026-05-16T18:31:20,0016c001f10c2ef6,6.2,2.8,3.4,0.0,7809,701,7108,9.0,0.43,0.45,0.45,320105416,1318949770,3034,11629,1.3,233.6,3.1,2.0,51,29,0,0,0,0,0,0.0,0,0,0,0,0,0
920.5,2026-05-16T18:31:20,0016c001f10c2ef6,7.1,2.2,4.4,0.5,7809,699,7110,9.0,0.43,0.45,0.45,320108502,1318961465,3086,11695,1.3,233.6,3.1,2.0,51,29,0,0,0,0,0,0.0,0,0,0,0,0,0
921.0,2026-05-16T18:31:21,0016c001f10c2ef6,6.4,1.7,4.6,0.0,7809,700,7109,9.0,0.43,0.45,0.45,320111636,1318973094,3134,11629,1.3,233.8,3.1,2.0,51,29,0,0,0,0,0,0.0,0,0,0,0,0,0
921.5,2026-05-16T18:31:21,0016c001f10c2ef6,5.9,2.4,3.6,0.0,7809,700,7109,9.0,0.43,0.45,0.45,320115603,1319015818,3967,42724,1.3,233.8,3.1,2.0,51,29,0,0,0,0,0,0.0,0,0,0,0,0,0
921.9,2026-05-16T18:31:22,0016c001f10c2ef6,7.6,3.5,4.1,0.0,7809,700,7109,9.0,0.43,0.45,0.45,320118789,1319027447,3186,11629,1.3,233.8,3.1,2.0,51,29,0,0,0,0,0,0.0,0,0,0,0,0,0
922.4,2026-05-16T18:31:22,0016c001f10c2ef6,7.6,3.5,4.1,0.0,7809,700,7109,9.0,0.43,0.45,0.45,320122356,1319039076,3567,11629,1.3,233.8,3.1,2.0,51,29,0,0,0,0,0,0.0,0,0,0,0,0,0
922.9,2026-05-16T18:31:23,0016c001f10c2ef6,7.2,2.4,4.8,0.0,7809,700,7109,9.0,0.39,0.44,0.45,320125442,1319050705,3086,11629,1.3,233.8,3.1,2.0,51,29,0,0,0,0,0,0.0,0,0,0,0,0,0
923.3,2026-05-16T18:31:23,0016c001f10c2ef6,6.4,2.9,3.5,0.0,7809,702,7107,9.0,0.39,0.44,0.45,320129613,1319093429,4171,42724,1.3,233.6,3.1,2.0,51,29,0,0,0,0,0,0.0,0,0,0,0,0,0
923.9,2026-05-16T18:31:24,0016c001f10c2ef6,11.2,4.8,6.4,0.0,7809,702,7107,9.0,0.39,0.44,0.45,320132803,1319105190,3190,11761,1.3,233.6,3.1,2.0,51,29,0,0,0,0,0,0.0,0,0,0,0,0,0
924.3,2026-05-16T18:31:24,0016c001f10c2ef6,6.0,2.4,3.6,0.0,7809,702,7107,9.0,0.39,0.44,0.45,320135941,1319116819,3138,11629,1.3,233.6,3.1,2.0,51,29,0,0,0,0,0,0.0,0,0,0,0,0,0
924.8,2026-05-16T18:31:25,0016c001f10c2ef6,6.9,2.3,4.6,0.0,7809,702,7107,9.0,0.39,0.44,0.45,320139099,1319128526,3158,11707,1.3,233.6,3.1,2.0,51,29,0,0,0,0,0,0.0,0,0,0,0,0,0
925.3,2026-05-16T18:31:25,0016c001f10c2ef6,6.5,1.8,4.7,0.0,7809,702,7107,9.0,0.39,0.44,0.45,320142185,1319140155,3086,11629,1.3,233.6,3.1,2.0,51,29,0,0,0,0,0,0.0,0,0,0,0,0,0
925.8,2026-05-16T18:31:26,0016c001f10c2ef6,9.4,3.5,5.9,0.0,7809,702,7107,9.0,0.39,0.44,0.45,320146148,1319182879,3963,42724,1.3,233.6,3.1,2.0,51,29,0,0,0,0,0,0.0,0,0,0,0,0,0
926.2,2026-05-16T18:31:26,0016c001f10c2ef6,18.7,2.9,15.2,0.6,7809,701,7108,9.0,0.39,0.44,0.45,320149186,1319194508,3038,11629,1.3,233.6,3.1,2.0,51,29,0,0,0,0,0,0.0,0,0,0,0,0,0
926.7,2026-05-16T18:31:27,0016c001f10c2ef6,21.1,3.5,17.5,0.0,7809,701,7108,9.0,0.39,0.44,0.45,320152428,1319206203,3242,11695,1.3,233.6,3.1,2.0,51,29,0,0,0,0,0,0.0,0,0,0,0,0,0
927.2,2026-05-16T18:31:27,0016c001f10c2ef6,18.4,0.6,17.8,0.0,7809,701,7108,9.0,0.39,0.44,0.45,320155614,1319217832,3186,11629,1.3,233.6,3.1,2.0,51,29,0,0,0,0,0,0.0,0,0,0,0,0,0
927.7,2026-05-16T18:31:27,0016c001f10c2ef6,12.7,3.5,9.2,0.0,7809,701,7108,9.0,0.39,0.44,0.45,320159733,1319260556,4119,42724,1.3,233.6,3.1,2.0,51,29,0,0,0,0,0,0.0,0,0,0,0,0,0
928.2,2026-05-16T18:31:28,0016c001f10c2ef6,6.5,3.0,3.6,0.0,7809,702,7107,9.0,0.36,0.43,0.44,320162771,1319272185,3038,11629,1.3,233.6,3.1,2.0,51,29,0,0,0,0,0,0.0,0,0,0,0,0,0
928.6,2026-05-16T18:31:28,0016c001f10c2ef6,8.3,2.4,4.8,1.2,7809,701,7108,9.0,0.36,0.43,0.44,320166061,1319283814,3290,11629,1.3,233.6,3.1,2.0,51,29,0,0,0,0,0,0.0,0,0,0,0,0,0
929.1,2026-05-16T18:31:29,0016c001f10c2ef6,5.9,3.0,3.0,0.0,7809,701,7108,9.0,0.36,0.43,0.44,320169199,1319295443,3138,11629,1.3,233.6,3.1,2.0,51,29,0,0,0,0,0,0.0,0,0,0,0,0,0
929.6,2026-05-16T18:31:26,0016c001f10c2ef6,9.4,3.1,6.2,0.0,7809,701,7108,9.0,0.36,0.43,0.44,320173062,1319338233,3863,42790,1.3,233.6,3.1,2.0,51,29,0,0,0,0,0,0.0,0,0,0,0,0,0
930.1,2026-05-16T18:31:27,0016c001f10c2ef6,8.1,2.9,5.2,0.0,7809,700,7109,9.0,0.36,0.43,0.44,320176200,1319349944,3138,11711,1.3,233.6,3.1,2.0,51,29,0,0,0,0,0,0.0,0,0,0,0,0,0
930.6,2026-05-16T18:31:27,0016c001f10c2ef6,5.3,2.3,2.9,0.0,7809,700,7109,9.0,0.36,0.43,0.44,320179334,1319361573,3134,11629,1.3,233.6,3.1,2.0,51,29,0,0,0,0,0,0.0,0,0,0,0,0,0
931.1,2026-05-16T18:31:28,0016c001f10c2ef6,6.2,1.7,4.5,0.0,7809,701,7108,9.0,0.36,0.43,0.44,320182424,1319373202,3090,11629,1.3,233.6,3.1,2.0,51,29,0,0,0,0,0,0.0,0,0,0,0,0,0
931.5,2026-05-16T18:31:28,0016c001f10c2ef6,6.9,2.3,4.6,0.0,7809,702,7107,9.0,0.36,0.43,0.44,320186643,1319415926,4219,42724,1.3,233.6,3.1,2.0,51,29,0,0,0,0,0,0.0,0,0,0,0,0,0
932.0,2026-05-16T18:31:29,0016c001f10c2ef6,7.6,3.5,4.1,0.0,7809,702,7107,9.0,0.36,0.43,0.44,320189781,1319427555,3138,11629,1.3,233.6,3.1,2.0,51,29,0,0,0,0,0,0.0,0,0,0,0,0,0
932.5,2026-05-16T18:31:29,0016c001f10c2ef6,7.0,2.3,4.7,0.0,7809,700,7109,9.0,0.36,0.43,0.44,320192919,1319439184,3138,11629,1.3,233.6,3.1,2.0,51,29,0,0,0,0,0,0.0,0,0,0,0,0,0
933.0,2026-05-16T18:31:30,0016c001f10c2ef6,6.1,1.7,4.5,0.0,7809,702,7107,9.0,0.36,0.43,0.44,320196434,1319450813,3515,11629,1.3,233.6,3.1,2.0,51,29,0,0,0,0,0,0.0,0,0,0,0,0,0
933.4,2026-05-16T18:31:30,0016c001f10c2ef6,6.1,3.1,3.1,0.0,7809,701,7108,9.0,0.36,0.43,0.44,320199492,1319462586,3058,11773,1.3,233.5,3.1,2.0,51,29,0,0,0,0,0,0.0,0,0,0,0,0,0
933.9,2026-05-16T18:31:31,0016c001f10c2ef6,7.8,3.0,4.8,0.0,7809,701,7108,9.0,0.33,0.43,0.44,320203555,1319505376,4063,42790,1.3,233.5,3.1,2.0,51,29,0,0,0,0,0,0.0,0,0,0,0,0,0
934.4,2026-05-16T18:31:31,0016c001f10c2ef6,6.9,2.9,4.0,0.0,7809,701,7108,9.0,0.33,0.43,0.44,320206641,1319517005,3086,11629,1.3,233.5,3.1,2.0,51,29,0,0,0,0,0,0.0,0,0,0,0,0,0
934.9,2026-05-16T18:31:32,0016c001f10c2ef6,5.2,2.3,2.9,0.0,7809,701,7108,9.0,0.33,0.43,0.44,320209727,1319528634,3086,11629,1.3,233.5,3.1,2.0,51,29,0,0,0,0,0,0.0,0,0,0,0,0,0
935.4,2026-05-16T18:31:32,0016c001f10c2ef6,9.8,3.8,6.0,0.0,7809,701,7108,9.0,0.33,0.43,0.44,320212917,1319540329,3190,11695,1.3,233.5,3.1,2.0,51,29,0,0,0,0,0,0.0,0,0,0,0,0,0
935.9,2026-05-16T18:31:33,0016c001f10c2ef6,12.4,3.6,8.8,0.0,7809,700,7109,9.0,0.33,0.43,0.44,320216932,1319583185,4015,42856,1.3,233.5,3.1,2.0,51,29,0,0,0,0,0,0.0,0,0,0,0,0,0
936.4,2026-05-16T18:31:33,0016c001f10c2ef6,6.5,2.4,4.1,0.0,7809,700,7109,9.0,0.33,0.43,0.44,320220070,1319594814,3138,11629,1.3,233.5,3.1,2.0,51,29,0,0,0,0,0,0.0,0,0,0,0,0,0
936.8,2026-05-16T18:31:34,0016c001f10c2ef6,7.2,2.4,4.8,0.0,7809,700,7109,9.0,0.33,0.43,0.44,320223156,1319606443,3086,11629,1.3,233.5,3.1,2.0,51,29,0,0,0,0,0,0.0,0,0,0,0,0,0
937.3,2026-05-16T18:31:34,0016c001f10c2ef6,6.4,2.3,4.1,0.0,7809,701,7108,9.0,0.33,0.43,0.44,320226242,1319618072,3086,11629,1.3,233.5,3.1,2.0,51,29,0,0,0,0,0,0.0,0,0,0,0,0,0
937.8,2026-05-16T18:31:35,0016c001f10c2ef6,7.5,4.0,3.5,0.0,7809,700,7109,9.0,0.33,0.43,0.44,320230361,1319660796,4119,42724,1.3,233.5,3.1,2.0,51,29,0,0,0,0,0,0.0,0,0,0,0,0,0
938.3,2026-05-16T18:31:35,0016c001f10c2ef6,5.7,1.7,4.0,0.0,7809,700,7109,9.0,0.33,0.43,0.44,320233347,1319672425,2986,11629,1.3,233.5,3.1,2.0,51,29,0,0,0,0,0,0.0,0,0,0,0,0,0
938.8,2026-05-16T18:31:36,0016c001f10c2ef6,8.2,1.8,6.5,0.0,7809,700,7109,9.0,0.33,0.43,0.44,320236657,1319684206,3310,11781,1.3,233.5,3.1,2.0,51,29,0,0,0,0,0,0.0,0,0,0,0,0,0
939.2,2026-05-16T18:31:36,0016c001f10c2ef6,19.8,1.8,18.0,0.0,7809,701,7108,9.0,0.47,0.45,0.45,320239847,1319695835,3190,11629,1.3,233.5,3.1,2.0,51,29,0,0,0,0,0,0.0,0,0,0,0,0,0
939.7,2026-05-16T18:31:37,0016c001f10c2ef6,19.3,3.0,16.3,0.0,7809,701,7108,9.0,0.47,0.45,0.45,320243814,1319738691,3967,42856,1.3,233.5,3.1,2.0,51,29,0,0,0,0,0,0.0,0,0,0,0,0,0
940.2,2026-05-16T18:31:37,0016c001f10c2ef6,20.5,2.5,18.0,0.0,7809,700,7109,9.0,0.47,0.45,0.45,320247052,1319750320,3238,11629,1.3,233.5,3.1,2.0,51,29,0,0,0,0,0,0.0,0,0,0,0,0,0
940.7,2026-05-16T18:31:38,0016c001f10c2ef6,12.1,2.3,9.8,0.0,7809,699,7110,9.0,0.47,0.45,0.45,320250242,1319761949,3190,11629,1.3,233.5,3.1,2.0,51,29,0,0,0,0,0,0.0,0,0,0,0,0,0
941.1,2026-05-16T18:31:38,0016c001f10c2ef6,7.9,2.8,5.1,0.0,7809,699,7110,9.0,0.47,0.45,0.45,320253280,1319773578,3038,11629,1.3,233.5,3.1,2.0,51,29,0,0,0,0,0,0.0,0,0,0,0,0,0
941.7,2026-05-16T18:31:39,0016c001f10c2ef6,8.3,3.1,5.2,0.0,7809,700,7109,9.0,0.47,0.45,0.45,320257371,1319816590,4091,43012,1.3,233.5,3.1,2.0,51,29,0,0,0,0,0,0.0,0,0,0,0,0,0
942.2,2026-05-16T18:31:39,0016c001f10c2ef6,10.7,4.1,6.6,0.0,7809,700,7109,9.0,0.47,0.45,0.45,320260609,1319828351,3238,11761,1.3,233.6,3.1,2.0,51,29,0,0,0,0,0,0.0,0,0,0,0,0,0
942.8,2026-05-16T18:31:40,0016c001f10c2ef6,9.7,4.1,5.6,0.0,7809,700,7109,9.0,0.47,0.45,0.45,320263799,1319840112,3190,11761,1.3,233.6,3.1,2.0,51,29,0,0,0,0,0,0.0,0,0,0,0,0,0
943.4,2026-05-16T18:31:40,0016c001f10c2ef6,9.9,3.6,6.3,0.0,7809,700,7109,9.0,0.47,0.45,0.45,320266889,1319851807,3090,11695,1.3,233.6,3.1,2.0,51,29,0,0,0,0,0,0.0,0,0,0,0,0,0
943.9,2026-05-16T18:31:41,0016c001f10c2ef6,5.9,2.9,2.9,0.0,7809,700,7109,9.0,0.47,0.45,0.45,320270796,1319894531,3907,42724,1.3,233.6,3.1,2.0,51,29,0,0,0,0,0,0.0,0,0,0,0,0,0
944.3,2026-05-16T18:31:41,0016c001f10c2ef6,7.4,2.9,4.6,0.0,7809,699,7110,9.0,0.47,0.45,0.45,320274363,1319906160,3567,11629,1.3,233.6,3.1,2.0,51,29,0,0,0,0,0,0.0,0,0,0,0,0,0
944.8,2026-05-16T18:31:42,0016c001f10c2ef6,7.6,2.9,4.7,0.0,7809,699,7110,9.0,0.43,0.44,0.45,320277605,1319917855,3242,11695,1.3,233.6,3.1,2.0,51,29,0,0,0,0,0,0.0,0,0,0,0,0,0
945.3,2026-05-16T18:31:42,0016c001f10c2ef6,4.7,1.8,3.0,0.0,7809,700,7109,9.0,0.43,0.44,0.45,320280643,1319929484,3038,11629,1.3,233.6,3.1,2.0,51,29,0,0,0,0,0,0.0,0,0,0,0,0,0
945.8,2026-05-16T18:31:43,0016c001f10c2ef6,7.7,3.0,4.8,0.0,7809,700,7109,9.0,0.43,0.44,0.45,320284190,1319956005,3547,26521,1.3,233.6,3.1,2.0,51,29,0,0,0,0,0,0.0,0,0,0,0,0,0
946.2,2026-05-16T18:31:43,0016c001f10c2ef6,12.9,2.9,5.8,4.1,7809,700,7109,9.0,0.43,0.44,0.45,320287640,1319983903,3450,27898,1.3,233.6,3.1,2.0,51,29,0,0,0,0,0,0.0,0,0,0,0,0,0
946.7,2026-05-16T18:31:44,0016c001f10c2ef6,5.3,2.4,3.0,0.0,7809,699,7110,9.0,0.43,0.44,0.45,320290778,1319995532,3138,11629,1.3,233.6,3.1,2.0,51,29,0,0,0,0,0,0.0,0,0,0,0,0,0
947.2,2026-05-16T18:31:44,0016c001f10c2ef6,5.8,2.9,2.9,0.0,7809,700,7109,9.0,0.43,0.44,0.45,320293864,1320007161,3086,11629,1.3,233.6,3.1,2.0,51,29,0,0,0,0,0,0.0,0,0,0,0,0,0
947.6,2026-05-16T18:31:44,0016c001f10c2ef6,10.3,5.2,5.2,0.0,7809,700,7109,9.0,0.43,0.44,0.45,320297050,1320018790,3186,11629,1.3,233.6,3.1,2.0,51,29,0,0,0,0,0,0.0,0,0,0,0,0,0
948.0,2026-05-16T18:31:45,0016c001f10c2ef6,6.4,2.3,4.1,0.0,7809,700,7109,9.0,0.43,0.44,0.45,320300965,1320061514,3915,42724,1.3,233.6,3.1,2.0,51,29,0,0,0,0,0,0.0,0,0,0,0,0,0
948.5,2026-05-16T18:31:45,0016c001f10c2ef6,4.3,1.6,2.7,0.0,7809,700,7109,9.0,0.43,0.44,0.45,320304203,1320073143,3238,11629,1.3,233.6,3.1,2.0,51,29,0,0,0,0,0,0.0,0,0,0,0,0,0
949.1,2026-05-16T18:31:46,0016c001f10c2ef6,9.9,3.3,6.6,0.0,7809,700,7109,9.0,0.43,0.44,0.45,320307189,1320084838,2986,11695,1.3,233.6,3.1,2.0,51,29,0,0,0,0,0,0.0,0,0,0,0,0,0
949.5,2026-05-16T18:31:46,0016c001f10c2ef6,6.2,1.1,5.1,0.0,7809,700,7109,9.0,0.43,0.44,0.45,320310223,1320096467,3034,11629,1.3,233.6,3.1,2.0,51,29,0,0,0,0,0,0.0,0,0,0,0,0,0
950.0,2026-05-16T18:31:47,0016c001f10c2ef6,5.9,2.2,3.8,0.0,7809,700,7109,9.0,0.39,0.44,0.44,320314186,1320139191,3963,42724,1.3,233.6,3.1,2.0,51,29,0,0,0,0,0,0.0,0,0,0,0,0,0
950.4,2026-05-16T18:31:47,0016c001f10c2ef6,8.2,3.3,4.9,0.0,7809,702,7107,9.0,0.39,0.44,0.44,320317220,1320150820,3034,11629,1.3,233.6,3.1,2.0,51,29,0,0,0,0,0,0.0,0,0,0,0,0,0
950.9,2026-05-16T18:31:48,0016c001f10c2ef6,4.8,1.1,3.7,0.0,7809,702,7107,9.0,0.39,0.44,0.44,320320378,1320162593,3158,11773,1.3,233.6,3.1,2.0,51,29,0,0,0,0,0,0.0,0,0,0,0,0,0
951.4,2026-05-16T18:31:48,0016c001f10c2ef6,10.9,1.6,8.9,0.5,7809,701,7108,9.0,0.39,0.44,0.44,320323360,1320174222,2982,11629,1.3,233.6,3.1,2.0,51,29,0,0,0,0,0,0.0,0,0,0,0,0,0
951.9,2026-05-16T18:31:49,0016c001f10c2ef6,18.8,2.6,16.1,0.0,7809,701,7108,9.0,0.39,0.44,0.44,320327219,1320216946,3859,42724,1.3,233.6,3.1,2.0,51,29,0,0,0,0,0,0.0,0,0,0,0,0,0
952.4,2026-05-16T18:31:49,0016c001f10c2ef6,19.5,2.7,16.8,0.0,7809,701,7108,9.0,0.39,0.44,0.44,320330305,1320228575,3086,11629,1.3,233.6,3.1,2.0,51,29,0,0,0,0,0,0.0,0,0,0,0,0,0
952.9,2026-05-16T18:31:50,0016c001f10c2ef6,16.2,2.2,14.1,0.0,7809,701,7108,9.0,0.39,0.44,0.44,320333437,1320240246,3132,11671,1.3,233.6,3.1,2.0,51,29,0,0,0,0,0,0.0,0,0,0,0,0,0
953.3,2026-05-16T18:31:50,0016c001f10c2ef6,6.0,1.6,4.4,0.0,7809,701,7108,9.0,0.39,0.44,0.44,320336471,1320251875,3034,11629,1.3,233.6,3.1,2.0,51,29,0,0,0,0,0,0.0,0,0,0,0,0,0
953.8,2026-05-16T18:31:51,0016c001f10c2ef6,5.4,2.2,3.3,0.0,7809,701,7108,9.0,0.39,0.44,0.44,320339505,1320263504,3034,11629,1.3,233.6,3.1,2.0,51,29,0,0,0,0,0,0.0,0,0,0,0,0,0
954.3,2026-05-16T18:31:51,0016c001f10c2ef6,9.8,3.9,5.9,0.0,7809,701,7108,9.0,0.39,0.44,0.44,320343845,1320306294,4340,42790,1.3,233.6,3.1,2.0,51,29,0,0,0,0,0,0.0,0,0,0,0,0,0
954.8,2026-05-16T18:31:52,0016c001f10c2ef6,5.3,2.1,3.2,0.0,7809,701,7108,9.0,0.36,0.43,0.44,320346979,1320317923,3134,11629,1.3,233.6,3.1,2.0,51,29,0,0,0,0,0,0.0,0,0,0,0,0,0
955.3,2026-05-16T18:31:52,0016c001f10c2ef6,5.3,2.1,3.2,0.0,7809,701,7108,9.0,0.36,0.43,0.44,320349913,1320329552,2934,11629,1.3,233.6,3.1,2.0,51,29,0,0,0,0,0,0.0,0,0,0,0,0,0
955.8,2026-05-16T18:31:53,0016c001f10c2ef6,5.9,1.6,4.3,0.0,7809,701,7108,9.0,0.36,0.43,0.44,320352947,1320341181,3034,11629,1.3,233.6,3.1,2.0,51,29,0,0,0,0,0,0.0,0,0,0,0,0,0
956.3,2026-05-16T18:31:53,0016c001f10c2ef6,7.0,3.0,4.0,0.0,7809,701,7108,9.0,0.36,0.43,0.44,320356800,1320383971,3853,42790,1.3,233.6,3.1,2.0,51,29,0,0,0,0,0,0.0,0,0,0,0,0,0
956.8,2026-05-16T18:31:54,0016c001f10c2ef6,4.6,1.8,2.8,0.0,7809,702,7107,9.0,0.36,0.43,0.44,320359834,1320395600,3034,11629,1.3,233.6,3.1,2.0,51,29,0,0,0,0,0,0.0,0,0,0,0,0,0
957.4,2026-05-16T18:31:54,0016c001f10c2ef6,5.0,1.3,3.3,0.4,7809,701,7108,9.0,0.36,0.43,0.44,320362972,1320407361,3138,11761,1.3,233.6,3.1,2.0,51,29,0,0,0,0,0,0.0,0,0,0,0,0,0
958.1,2026-05-16T18:31:55,0016c001f10c2ef6,5.0,2.5,2.5,0.0,7809,701,7108,9.0,0.36,0.43,0.44,320366727,1320450085,3755,42724,1.3,233.6,3.1,2.0,51,29,0,0,0,0,0,0.0,0,0,0,0,0,0
958.6,2026-05-16T18:31:55,0016c001f10c2ef6,5.4,1.8,3.6,0.0,7809,702,7107,9.0,0.36,0.43,0.44,320369971,1320461990,3244,11905,1.3,233.6,3.1,2.0,51,29,0,0,0,0,0,0.0,0,0,0,0,0,0
959.1,2026-05-16T18:31:56,0016c001f10c2ef6,5.0,2.0,3.0,0.0,7809,701,7108,9.0,0.36,0.43,0.44,320373117,1320474616,3146,12626,1.3,233.6,3.1,2.0,51,29,0,0,0,0,0,0.0,0,0,0,0,0,0
959.7,2026-05-16T18:31:57,0016c001f10c2ef6,7.9,3.5,4.4,0.0,7809,702,7107,9.0,0.36,0.43,0.44,320376259,1320486311,3142,11695,1.3,233.6,3.1,2.0,51,29,0,0,0,0,0,0.0,0,0,0,0,0,0
960.3,2026-05-16T18:31:57,0016c001f10c2ef6,8.5,2.7,5.8,0.0,7809,701,7108,9.0,0.33,0.42,0.44,320380066,1320529101,3807,42790,1.3,233.5,3.1,2.0,51,29,0,0,0,0,0,0.0,0,0,0,0,0,0
960.8,2026-05-16T18:31:58,0016c001f10c2ef6,6.1,2.8,3.3,0.0,7809,702,7107,9.0,0.33,0.42,0.44,320383100,1320540730,3034,11629,1.3,233.5,3.1,2.0,51,29,0,0,0,0,0,0.0,0,0,0,0,0,0
961.3,2026-05-16T18:31:58,0016c001f10c2ef6,6.1,2.5,3.5,0.0,7809,701,7108,9.0,0.33,0.42,0.44,320386082,1320552359,2982,11629,1.3,233.5,3.1,2.0,51,29,0,0,0,0,0,0.0,0,0,0,0,0,0
961.9,2026-05-16T18:31:59,0016c001f10c2ef6,6.2,2.4,3.8,0.0,7809,701,7108,9.0,0.33,0.42,0.44,320389116,1320563988,3034,11629,1.3,233.5,3.1,2.0,51,29,0,0,0,0,0,0.0,0,0,0,0,0,0
962.4,2026-05-16T18:31:58,0016c001f10c2ef6,5.7,1.9,3.8,0.0,7809,701,7108,9.0,0.33,0.42,0.44,320392975,1320606712,3859,42724,1.3,233.5,3.1,2.0,51,29,0,0,0,0,0,0.0,0,0,0,0,0,0
962.9,2026-05-16T18:31:58,0016c001f10c2ef6,6.3,3.7,2.6,0.0,7809,700,7109,9.0,0.33,0.42,0.44,320396009,1320618341,3034,11629,1.3,233.5,3.1,2.0,51,29,0,0,0,0,0,0.0,0,0,0,0,0,0
963.4,2026-05-16T18:31:59,0016c001f10c2ef6,13.9,3.0,10.9,0.0,7809,701,7108,9.0,0.33,0.42,0.44,320399095,1320629970,3086,11629,1.3,233.5,3.1,2.0,51,29,0,0,0,0,0,0.0,0,0,0,0,0,0
963.9,2026-05-16T18:31:59,0016c001f10c2ef6,20.1,2.6,17.5,0.0,7809,700,7109,9.0,0.33,0.42,0.44,320402201,1320641685,3106,11715,1.3,233.5,3.1,2.0,51,29,0,0,0,0,0,0.0,0,0,0,0,0,0
964.4,2026-05-16T18:32:00,0016c001f10c2ef6,19.6,2.0,17.6,0.0,7809,701,7108,9.0,0.33,0.42,0.44,320406541,1320684409,4340,42724,1.3,233.5,3.1,2.0,51,29,0,0,0,0,0,0.0,0,0,0,0,0,0
965.0,2026-05-16T18:32:00,0016c001f10c2ef6,12.0,1.9,9.6,0.5,7809,702,7107,9.0,0.31,0.41,0.44,320409675,1320696038,3134,11629,1.3,233.5,3.1,2.0,51,29,0,0,0,0,0,0.0,0,0,0,0,0,0
965.5,2026-05-16T18:32:01,0016c001f10c2ef6,8.7,3.4,5.3,0.0,7809,701,7108,9.0,0.31,0.41,0.44,320412609,1320707733,2934,11695,1.3,233.5,3.1,2.0,51,29,0,0,0,0,0,0.0,0,0,0,0,0,0
966.0,2026-05-16T18:32:01,0016c001f10c2ef6,5.8,1.6,4.2,0.0,7809,701,7108,9.0,0.31,0.41,0.44,320415643,1320719362,3034,11629,1.3,233.5,3.1,2.0,51,29,0,0,0,0,0,0.0,0,0,0,0,0,0
966.4,2026-05-16T18:32:02,0016c001f10c2ef6,6.3,3.2,3.2,0.0,7809,699,7110,9.0,0.31,0.41,0.44,320419502,1320762086,3859,42724,1.3,233.5,3.1,2.0,51,29,0,0,0,0,0,0.0,0,0,0,0,0,0
966.9,2026-05-16T18:32:02,0016c001f10c2ef6,5.6,1.5,4.1,0.0,7809,700,7109,9.0,0.31,0.41,0.44,320422536,1320773715,3034,11629,1.3,233.5,3.1,2.0,51,29,0,0,0,0,0,0.0,0,0,0,0,0,0
967.4,2026-05-16T18:32:03,0016c001f10c2ef6,5.7,1.5,4.1,0.0,7809,701,7108,9.0,0.31,0.41,0.44,320425518,1320785344,2982,11629,1.3,233.5,3.1,2.0,51,29,0,0,0,0,0,0.0,0,0,0,0,0,0
968.0,2026-05-16T18:32:03,0016c001f10c2ef6,4.6,1.9,2.8,0.0,7809,700,7109,9.0,0.31,0.41,0.44,320428500,1320796973,2982,11629,1.3,233.5,3.1,2.0,51,29,0,0,0,0,0,0.0,0,0,0,0,0,0
968.5,2026-05-16T18:32:04,0016c001f10c2ef6,6.4,1.5,4.9,0.0,7809,700,7109,9.0,0.31,0.41,0.44,320432255,1320839697,3755,42724,1.3,233.5,3.1,2.0,51,29,0,0,0,0,0,0.0,0,0,0,0,0,0
969.0,2026-05-16T18:32:04,0016c001f10c2ef6,5.2,2.1,3.1,0.0,7809,699,7110,9.0,0.31,0.41,0.44,320435237,1320851326,2982,11629,1.3,233.5,3.1,2.0,51,29,0,0,0,0,0,0.0,0,0,0,0,0,0
969.5,2026-05-16T18:32:05,0016c001f10c2ef6,5.8,1.6,4.2,0.0,7809,701,7108,9.0,0.31,0.41,0.44,320438271,1320862955,3034,11629,1.3,233.5,3.1,2.0,51,29,0,0,0,0,0,0.0,0,0,0,0,0,0
970.0,2026-05-16T18:32:05,0016c001f10c2ef6,5.7,2.6,3.1,0.0,7809,701,7108,9.0,0.36,0.42,0.44,320441305,1320874584,3034,11629,1.3,233.5,3.1,2.0,51,29,0,0,0,0,0,0.0,0,0,0,0,0,0
970.5,2026-05-16T18:32:06,0016c001f10c2ef6,5.9,2.7,3.2,0.0,7809,701,7108,9.0,0.36,0.42,0.44,320445164,1320917308,3859,42724,1.3,233.5,3.1,2.0,51,29,0,0,0,0,0,0.0,0,0,0,0,0,0
971.0,2026-05-16T18:32:06,0016c001f10c2ef6,11.0,4.8,6.1,0.0,7809,701,7108,9.0,0.36,0.42,0.44,320448250,1320929003,3086,11695,1.3,233.5,3.1,2.0,51,29,0,0,0,0,0,0.0,0,0,0,0,0,0
971.6,2026-05-16T18:32:07,0016c001f10c2ef6,8.2,2.7,5.5,0.0,7809,700,7109,9.0,0.36,0.42,0.44,320451336,1320940698,3086,11695,1.3,233.5,3.1,2.0,51,29,0,0,0,0,0,0.0,0,0,0,0,0,0
972.1,2026-05-16T18:32:07,0016c001f10c2ef6,5.9,1.5,4.4,0.0,7809,700,7109,9.0,0.36,0.42,0.44,320454370,1320952327,3034,11629,1.3,233.5,3.1,2.0,51,29,0,0,0,0,0,0.0,0,0,0,0,0,0
972.6,2026-05-16T18:32:08,0016c001f10c2ef6,6.4,2.1,4.3,0.0,7809,700,7109,9.0,0.36,0.42,0.44,320458409,1320995207,4039,42880,1.3,233.5,3.1,2.0,51,29,0,0,0,0,0,0.0,0,0,0,0,0,0
973.1,2026-05-16T18:32:08,0016c001f10c2ef6,6.1,2.8,3.3,0.0,7809,701,7108,9.0,0.36,0.42,0.44,320461443,1321006836,3034,11629,1.3,233.5,3.1,2.0,51,29,0,0,0,0,0,0.0,0,0,0,0,0,0
973.6,2026-05-16T18:32:09,0016c001f10c2ef6,5.7,2.6,3.1,0.0,7809,701,7108,9.0,0.36,0.42,0.44,320464477,1321018465,3034,11629,1.3,233.5,3.1,2.0,51,29,0,0,0,0,0,0.0,0,0,0,0,0,0
974.1,2026-05-16T18:32:09,0016c001f10c2ef6,6.1,2.8,3.3,0.0,7809,701,7108,9.0,0.36,0.42,0.44,320467459,1321030094,2982,11629,1.3,233.5,3.1,2.0,51,29,0,0,0,0,0,0.0,0,0,0,0,0,0
974.6,2026-05-16T18:32:10,0016c001f10c2ef6,7.1,2.4,4.7,0.0,7809,701,7108,9.0,0.36,0.42,0.44,320471318,1321072818,3859,42724,1.3,233.5,3.1,2.0,51,29,0,0,0,0,0,0.0,0,0,0,0,0,0
975.1,2026-05-16T18:32:10,0016c001f10c2ef6,6.6,1.6,4.9,0.0,7809,701,7108,9.0,0.36,0.42,0.44,320474853,1321084525,3535,11707,1.3,233.6,3.1,2.0,51,29,0,0,0,0,0,0.0,0,0,0,0,0,0
975.6,2026-05-16T18:32:11,0016c001f10c2ef6,15.8,1.1,14.7,0.0,7809,701,7108,9.0,0.49,0.45,0.45,320477987,1321096154,3134,11629,1.3,233.6,3.1,2.0,51,29,0,0,0,0,0,0.0,0,0,0,0,0,0
976.1,2026-05-16T18:32:11,0016c001f10c2ef6,18.1,2.2,15.4,0.5,7809,701,7108,9.0,0.49,0.45,0.45,320480921,1321107783,2934,11629,1.3,233.6,3.1,2.0,51,29,0,0,0,0,0,0.0,0,0,0,0,0,0
976.6,2026-05-16T18:32:12,0016c001f10c2ef6,21.5,1.7,19.8,0.0,7809,701,7108,9.0,0.49,0.45,0.45,320484884,1321150507,3963,42724,1.3,233.6,3.1,2.0,51,29,0,0,0,0,0,0.0,0,0,0,0,0,0
977.2,2026-05-16T18:32:12,0016c001f10c2ef6,14.1,2.5,11.6,0.0,7809,701,7108,9.0,0.49,0.45,0.45,320487866,1321162202,2982,11695,1.3,233.6,3.1,2.0,51,29,0,0,0,0,0,0.0,0,0,0,0,0,0
977.7,2026-05-16T18:32:13,0016c001f10c2ef6,5.9,2.2,3.8,0.0,7809,701,7108,9.0,0.49,0.45,0.45,320490900,1321173831,3034,11629,1.3,233.6,3.1,2.0,51,29,0,0,0,0,0,0.0,0,0,0,0,0,0
978.2,2026-05-16T18:32:13,0016c001f10c2ef6,8.9,5.8,3.2,0.0,7809,701,7108,9.0,0.49,0.45,0.45,320493882,1321185460,2982,11629,1.3,233.6,3.1,2.0,51,29,0,0,0,0,0,0.0,0,0,0,0,0,0
978.7,2026-05-16T18:32:14,0016c001f10c2ef6,7.1,3.1,4.1,0.0,7809,700,7109,9.0,0.49,0.45,0.45,320497689,1321228184,3807,42724,1.3,233.6,3.1,2.0,51,29,0,0,0,0,0,0.0,0,0,0,0,0,0
979.3,2026-05-16T18:32:14,0016c001f10c2ef6,5.5,2.5,3.0,0.0,7809,700,7109,9.0,0.49,0.45,0.45,320500723,1321239813,3034,11629,1.3,233.7,3.1,2.0,51,29,0,0,0,0,0,0.0,0,0,0,0,0,0
979.8,2026-05-16T18:32:15,0016c001f10c2ef6,6.2,2.3,4.0,0.0,7809,700,7109,9.0,0.49,0.45,0.45,320503961,1321251442,3238,11629,1.3,233.7,3.1,2.0,51,29,0,0,0,0,0,0.0,0,0,0,0,0,0
980.3,2026-05-16T18:32:15,0016c001f10c2ef6,7.1,2.4,4.7,0.0,7809,700,7109,9.0,0.49,0.45,0.45,320507099,1321263071,3138,11629,1.3,233.7,3.1,2.0,51,29,0,0,0,0,0,0.0,0,0,0,0,0,0
980.8,2026-05-16T18:32:16,0016c001f10c2ef6,7.0,2.3,4.7,0.0,7809,700,7109,9.0,0.61,0.48,0.46,320511166,1321305795,4067,42724,1.3,233.7,3.1,2.0,51,29,0,0,0,0,0,0.0,0,0,0,0,0,0
981.2,2026-05-16T18:32:16,0016c001f10c2ef6,5.8,3.5,2.3,0.0,7809,700,7109,9.0,0.61,0.48,0.46,320514356,1321317490,3190,11695,1.3,233.7,3.1,2.0,51,29,0,0,0,0,0,0.0,0,0,0,0,0,0
981.7,2026-05-16T18:32:17,0016c001f10c2ef6,5.8,2.9,2.9,0.0,7809,701,7108,9.0,0.61,0.48,0.46,320517442,1321329119,3086,11629,1.3,233.7,3.1,2.0,51,29,0,0,0,0,0,0.0,0,0,0,0,0,0
982.1,2026-05-16T18:32:17,0016c001f10c2ef6,6.0,2.4,3.6,0.0,7809,701,7108,9.0,0.61,0.48,0.46,320520580,1321340748,3138,11629,1.3,233.7,3.1,2.0,51,29,0,0,0,0,0,0.0,0,0,0,0,0,0
982.6,2026-05-16T18:32:18,0016c001f10c2ef6,7.9,2.8,5.1,0.0,7809,701,7108,9.0,0.61,0.48,0.46,320524595,1321383472,4015,42724,1.3,233.7,3.1,2.0,51,29,0,0,0,0,0,0.0,0,0,0,0,0,0
983.1,2026-05-16T18:32:18,0016c001f10c2ef6,11.1,3.7,7.4,0.0,7809,701,7108,9.0,0.61,0.48,0.46,320527733,1321395167,3138,11695,1.3,233.7,3.1,2.0,51,29,0,0,0,0,0,0.0,0,0,0,0,0,0
983.6,2026-05-16T18:32:19,0016c001f10c2ef6,5.6,2.2,3.4,0.0,7809,700,7109,9.0,0.61,0.48,0.46,320530843,1321406874,3110,11707,1.3,233.7,3.1,2.0,51,29,0,0,0,0,0,0.0,0,0,0,0,0,0
984.1,2026-05-16T18:32:19,0016c001f10c2ef6,6.4,2.9,3.5,0.0,7809,699,7110,9.0,0.61,0.48,0.46,320534029,1321418503,3186,11629,1.3,233.7,3.1,2.0,51,29,0,0,0,0,0,0.0,0,0,0,0,0,0
984.5,2026-05-16T18:32:20,0016c001f10c2ef6,6.8,3.4,3.4,0.0,7809,699,7110,9.0,0.61,0.48,0.46,320537067,1321430132,3038,11629,1.3,233.7,3.1,2.0,51,29,0,0,0,0,0,0.0,0,0,0,0,0,0
985.0,2026-05-16T18:32:20,0016c001f10c2ef6,5.5,1.8,3.7,0.0,7809,699,7110,9.0,0.61,0.48,0.46,320541082,1321472856,4015,42724,1.3,233.7,3.1,2.0,51,29,0,0,0,0,0,0.0,0,0,0,0,0,0
985.4,2026-05-16T18:32:21,0016c001f10c2ef6,7.0,2.3,4.7,0.0,7809,700,7109,9.0,0.61,0.48,0.46,320544272,1321485168,3190,12312,1.3,233.7,3.1,2.0,51,29,0,0,0,0,0,0.0,0,0,0,0,0,0
985.9,2026-05-16T18:32:21,0016c001f10c2ef6,10.7,4.2,4.8,1.8,7809,700,7109,9.0,0.61,0.48,0.46,320547985,1321498388,3713,13220,1.3,233.7,3.1,2.0,51,29,0,0,0,0,0,0.0,0,0,0,0,0,0
986.4,2026-05-16T18:32:22,0016c001f10c2ef6,7.4,2.9,4.6,0.0,7809,700,7109,9.0,0.56,0.47,0.45,320551023,1321510083,3038,11695,1.3,233.7,3.1,2.0,51,29,0,0,0,0,0,0.0,0,0,0,0,0,0
986.8,2026-05-16T18:32:22,0016c001f10c2ef6,6.6,3.0,3.6,0.0,7809,701,7108,9.0,0.56,0.47,0.45,320554986,1321552807,3963,42724,1.3,233.7,3.1,2.0,51,29,0,0,0,0,0,0.0,0,0,0,0,0,0
987.3,2026-05-16T18:32:22,0016c001f10c2ef6,5.6,1.7,4.0,0.0,7809,700,7109,9.0,0.56,0.47,0.45,320558120,1321564436,3134,11629,1.3,233.7,3.1,2.0,51,29,0,0,0,0,0,0.0,0,0,0,0,0,0
987.7,2026-05-16T18:32:23,0016c001f10c2ef6,5.8,2.3,3.5,0.0,7809,700,7109,9.0,0.56,0.47,0.45,320561158,1321576065,3038,11629,1.3,233.7,3.1,2.0,51,29,0,0,0,0,0,0.0,0,0,0,0,0,0
988.2,2026-05-16T18:32:23,0016c001f10c2ef6,15.0,2.4,12.6,0.0,7809,701,7108,9.0,0.56,0.47,0.45,320564344,1321587694,3186,11629,1.3,233.7,3.1,2.0,51,29,0,0,0,0,0,0.0,0,0,0,0,0,0
988.7,2026-05-16T18:32:24,0016c001f10c2ef6,19.2,1.8,17.4,0.0,7809,701,7108,9.0,0.56,0.47,0.45,320568311,1321630418,3967,42724,1.3,233.7,3.1,2.0,51,29,0,0,0,0,0,0.0,0,0,0,0,0,0
989.1,2026-05-16T18:32:24,0016c001f10c2ef6,20.5,2.4,18.1,0.0,7809,701,7108,9.0,0.56,0.47,0.45,320571517,1321642133,3206,11715,1.3,233.7,3.1,2.0,51,29,0,0,0,0,0,0.0,0,0,0,0,0,0
989.6,2026-05-16T18:32:25,0016c001f10c2ef6,17.5,2.3,15.2,0.0,7809,700,7109,9.0,0.56,0.47,0.45,320574503,1321653762,2986,11629,1.3,233.7,3.1,2.0,51,29,0,0,0,0,0,0.0,0,0,0,0,0,0
990.0,2026-05-16T18:32:25,0016c001f10c2ef6,5.3,2.4,3.0,0.0,7809,700,7109,9.0,0.56,0.47,0.45,320577637,1321665391,3134,11629,1.3,233.7,3.1,2.0,51,29,0,0,0,0,0,0.0,0,0,0,0,0,0
990.4,2026-05-16T18:32:26,0016c001f10c2ef6,6.4,2.3,4.0,0.0,7809,700,7109,9.0,0.56,0.47,0.45,320580827,1321677020,3190,11629,1.3,233.7,3.1,2.0,51,29,0,0,0,0,0,0.0,0,0,0,0,0,0
990.9,2026-05-16T18:32:26,0016c001f10c2ef6,5.3,2.3,2.9,0.0,7809,699,7110,9.0,0.56,0.47,0.45,320584894,1321719744,4067,42724,1.3,233.7,3.1,2.0,51,29,0,0,0,0,0,0.0,0,0,0,0,0,0
991.3,2026-05-16T18:32:26,0016c001f10c2ef6,7.4,3.4,4.0,0.0,7809,699,7110,9.0,0.6,0.48,0.46,320587980,1321731373,3086,11629,1.3,233.7,3.1,2.0,51,29,0,0,0,0,0,0.0,0,0,0,0,0,0
991.8,2026-05-16T18:32:27,0016c001f10c2ef6,6.5,2.4,4.2,0.0,7809,699,7110,9.0,0.6,0.48,0.46,320591222,1321743002,3242,11629,1.3,233.7,3.1,2.0,51,29,0,0,0,0,0,0.0,0,0,0,0,0,0
992.2,2026-05-16T18:32:27,0016c001f10c2ef6,4.6,1.1,3.4,0.0,7809,699,7110,9.0,0.6,0.48,0.46,320594208,1321754697,2986,11695,1.3,233.7,3.1,2.0,51,29,0,0,0,0,0,0.0,0,0,0,0,0,0
992.6,2026-05-16T18:32:28,0016c001f10c2ef6,6.4,2.3,4.0,0.0,7809,700,7109,9.0,0.6,0.48,0.46,320597550,1321766326,3342,11629,1.3,233.7,3.1,2.0,51,29,0,0,0,0,0,0.0,0,0,0,0,0,0
993.1,2026-05-16T18:32:28,0016c001f10c2ef6,11.0,3.5,5.8,1.7,7809,700,7109,9.0,0.6,0.48,0.46,320601513,1321809050,3963,42724,1.3,233.7,3.1,2.0,51,29,0,0,0,0,0,0.0,0,0,0,0,0,0
993.5,2026-05-16T18:32:29,0016c001f10c2ef6,7.4,1.7,5.7,0.0,7809,700,7109,9.0,0.6,0.48,0.46,320604599,1321820679,3086,11629,1.3,233.7,3.1,2.0,51,29,0,0,0,0,0,0.0,0,0,0,0,0,0
994.0,2026-05-16T18:32:29,0016c001f10c2ef6,8.4,2.6,5.8,0.0,7809,700,7109,9.0,0.6,0.48,0.46,320607685,1321832440,3086,11761,1.3,233.7,3.1,2.0,51,29,0,0,0,0,0,0.0,0,0,0,0,0,0
994.5,2026-05-16T18:32:28,0016c001f10c2ef6,11.3,4.1,7.2,0.0,7809,700,7109,9.0,0.6,0.48,0.46,320610875,1321844135,3190,11695,1.3,233.7,3.1,2.0,51,29,0,0,0,0,0,0.0,0,0,0,0,0,0
995.0,2026-05-16T18:32:29,0016c001f10c2ef6,9.3,4.1,5.2,0.0,7809,699,7110,9.0,0.6,0.48,0.46,320615098,1321886925,4223,42790,1.3,233.7,3.1,2.0,51,29,0,0,0,0,0,0.0,0,0,0,0,0,0
995.5,2026-05-16T18:32:29,0016c001f10c2ef6,10.2,5.6,4.6,0.0,7809,699,7110,9.0,0.6,0.48,0.46,320618184,1321898620,3086,11695,1.3,233.7,3.1,2.0,51,29,0,0,0,0,0,0.0,0,0,0,0,0,0
995.9,2026-05-16T18:32:30,0016c001f10c2ef6,5.5,1.8,3.7,0.0,7809,699,7110,9.0,0.6,0.48,0.46,320621697,1321912511,3513,13891,1.3,233.7,3.1,2.0,51,29,0,0,0,0,0,0.0,0,0,0,0,0,0
996.4,2026-05-16T18:32:30,0016c001f10c2ef6,8.7,3.5,5.2,0.0,7809,700,7109,9.0,0.55,0.47,0.45,320624935,1321924206,3238,11695,1.3,233.7,3.1,2.0,51,29,0,0,0,0,0,0.0,0,0,0,0,0,0
996.8,2026-05-16T18:32:31,0016c001f10c2ef6,7.5,2.3,5.2,0.0,7809,700,7109,9.0,0.55,0.47,0.45,320628950,1321966930,4015,42724,1.3,233.7,3.1,2.0,51,29,0,0,0,0,0,0.0,0,0,0,0,0,0
997.3,2026-05-16T18:32:31,0016c001f10c2ef6,6.7,2.8,3.9,0.0,7809,700,7109,9.0,0.55,0.47,0.45,320632040,1321978625,3090,11695,1.3,233.7,3.1,2.0,51,29,0,0,0,0,0,0.0,0,0,0,0,0,0
997.7,2026-05-16T18:32:32,0016c001f10c2ef6,5.3,1.8,3.6,0.0,7809,700,7109,9.0,0.55,0.47,0.45,320635178,1321990254,3138,11629,1.3,233.7,3.1,2.0,51,29,0,0,0,0,0,0.0,0,0,0,0,0,0
998.1,2026-05-16T18:32:32,0016c001f10c2ef6,6.1,1.2,4.8,0.0,7809,699,7110,9.0,0.55,0.47,0.45,320638364,1322001949,3186,11695,1.3,233.7,3.1,2.0,51,29,0,0,0,0,0,0.0,0,0,0,0,0,0
998.6,2026-05-16T18:32:32,0016c001f10c2ef6,7.4,2.3,5.1,0.0,7809,699,7110,9.0,0.55,0.47,0.45,320641502,1322013578,3138,11629,1.3,233.7,3.1,2.0,51,29,0,0,0,0,0,0.0,0,0,0,0,0,0
999.0,2026-05-16T18:32:33,0016c001f10c2ef6,8.0,2.9,5.2,0.0,7809,699,7110,9.0,0.55,0.47,0.45,320645469,1322056302,3967,42724,1.3,233.7,3.1,2.0,51,29,0,0,0,0,0,0.0,0,0,0,0,0,0
999.4,2026-05-16T18:32:33,0016c001f10c2ef6,5.4,1.8,3.6,0.0,7809,699,7110,9.0,0.55,0.47,0.45,320648503,1322067931,3034,11629,1.3,233.7,3.1,2.0,51,29,0,0,0,0,0,0.0,0,0,0,0,0,0
999.9,2026-05-16T18:32:34,0016c001f10c2ef6,8.1,2.3,5.8,0.0,7809,699,7110,9.0,0.55,0.47,0.45,320651641,1322079560,3138,11629,1.3,233.7,3.1,2.0,51,29,0,0,0,0,0,0.0,0,0,0,0,0,0
1000.3,2026-05-16T18:32:34,0016c001f10c2ef6,18.6,2.3,16.3,0.0,7809,698,7111,8.9,0.55,0.47,0.45,320654851,1322091267,3210,11707,1.3,233.7,3.1,2.0,51,29,0,0,0,0,0,0.0,0,0,0,0,0,0
1000.8,2026-05-16T18:32:35,0016c001f10c2ef6,18.4,2.7,15.7,0.0,7809,698,7111,8.9,0.55,0.47,0.45,320658970,1322134057,4119,42790,1.3,233.7,3.1,2.0,51,29,0,0,0,0,0,0.0,0,0,0,0,0,0
1001.3,2026-05-16T18:32:35,0016c001f10c2ef6,19.8,2.3,17.5,0.0,7809,700,7109,9.0,0.55,0.47,0.45,320662056,1322145752,3086,11695,1.3,233.7,3.1,2.0,51,29,0,0,0,0,0,0.0,0,0,0,0,0,0
1001.8,2026-05-16T18:32:36,0016c001f10c2ef6,9.6,2.1,7.4,0.0,7809,700,7109,9.0,0.51,0.46,0.45,320665190,1322157381,3134,11629,1.3,233.7,3.1,2.0,51,29,0,0,0,0,0,0.0,0,0,0,0,0,0
1002.3,2026-05-16T18:32:36,0016c001f10c2ef6,5.5,1.5,4.0,0.0,7809,701,7108,9.0,0.51,0.46,0.45,320668188,1322169252,2998,11871,1.3,233.7,3.1,2.0,51,29,0,0,0,0,0,0.0,0,0,0,0,0,0
1002.7,2026-05-16T18:32:37,0016c001f10c2ef6,5.7,2.3,3.4,0.0,7809,700,7109,9.0,0.51,0.46,0.45,320671374,1322180881,3186,11629,1.3,233.7,3.1,2.0,51,29,0,0,0,0,0,0.0,0,0,0,0,0,0
1003.2,2026-05-16T18:32:37,0016c001f10c2ef6,6.9,2.3,4.6,0.0,7809,700,7109,9.0,0.51,0.46,0.45,320675337,1322223605,3963,42724,1.3,233.7,3.1,2.0,51,29,0,0,0,0,0,0.0,0,0,0,0,0,0
1003.6,2026-05-16T18:32:37,0016c001f10c2ef6,6.4,2.9,3.5,0.0,7809,699,7110,9.0,0.51,0.46,0.45,320678603,1322235390,3266,11785,1.3,233.7,3.1,2.0,51,29,0,0,0,0,0,0.0,0,0,0,0,0,0
1004.1,2026-05-16T18:32:38,0016c001f10c2ef6,4.6,1.2,3.5,0.0,7809,699,7110,9.0,0.51,0.46,0.45,320681793,1322247019,3190,11629,1.3,233.7,3.1,2.0,51,29,0,0,0,0,0,0.0,0,0,0,0,0,0
1004.5,2026-05-16T18:32:38,0016c001f10c2ef6,5.7,2.8,2.8,0.0,7809,700,7109,9.0,0.51,0.46,0.45,320684879,1322258648,3086,11629,1.3,233.7,3.1,2.0,51,29,0,0,0,0,0,0.0,0,0,0,0,0,0
1005.0,2026-05-16T18:32:39,0016c001f10c2ef6,5.7,1.7,4.0,0.0,7809,699,7110,9.0,0.51,0.46,0.45,320688894,1322301372,4015,42724,1.3,233.7,3.1,2.0,51,29,0,0,0,0,0,0.0,0,0,0,0,0,0
1005.4,2026-05-16T18:32:39,0016c001f10c2ef6,7.0,2.9,4.1,0.0,7809,700,7109,9.0,0.51,0.46,0.45,320692170,1322313199,3276,11827,1.3,233.7,3.1,2.0,51,29,0,0,0,0,0,0.0,0,0,0,0,0,0
1005.9,2026-05-16T18:32:40,0016c001f10c2ef6,8.9,4.2,4.7,0.0,7809,696,7113,8.9,0.51,0.46,0.45,320695260,1322324894,3090,11695,1.3,233.7,3.1,2.0,51,29,0,0,0,0,0,0.0,0,0,0,0,0,0
1006.4,2026-05-16T18:32:40,0016c001f10c2ef6,6.3,2.9,3.4,0.0,7809,699,7110,9.0,0.51,0.46,0.45,320698879,1322338316,3619,13422,1.3,233.7,3.1,2.0,51,29,0,0,0,0,0,0.0,0,0,0,0,0,0
1006.9,2026-05-16T18:32:41,0016c001f10c2ef6,8.8,2.3,5.8,0.6,7809,700,7109,9.0,0.47,0.45,0.45,320702790,1322381096,3911,42780,1.3,233.7,3.1,2.0,51,29,0,0,0,0,0,0.0,0,0,0,0,0,0
1007.4,2026-05-16T18:32:41,0016c001f10c2ef6,7.1,3.3,3.8,0.0,7809,699,7110,9.0,0.47,0.45,0.45,320705870,1322394719,3080,13623,1.3,233.7,3.1,2.0,51,29,0,0,0,0,0,0.0,0,0,0,0,0,0
1007.9,2026-05-16T18:32:42,0016c001f10c2ef6,5.7,1.1,4.5,0.0,7809,699,7110,9.0,0.47,0.45,0.45,320708904,1322406348,3034,11629,1.3,233.7,3.1,2.0,51,29,0,0,0,0,0,0.0,0,0,0,0,0,0
1008.4,2026-05-16T18:32:42,0016c001f10c2ef6,6.6,2.7,3.8,0.0,7809,699,7110,9.0,0.47,0.45,0.45,320711958,1322418055,3054,11707,1.3,233.7,3.1,2.0,51,29,0,0,0,0,0,0.0,0,0,0,0,0,0
1008.9,2026-05-16T18:32:43,0016c001f10c2ef6,6.3,2.1,4.2,0.0,7809,700,7109,9.0,0.47,0.45,0.45,320715044,1322429684,3086,11629,1.3,233.7,3.1,2.0,51,29,0,0,0,0,0,0.0,0,0,0,0,0,0
1009.3,2026-05-16T18:32:43,0016c001f10c2ef6,7.1,2.7,4.4,0.0,7809,700,7109,9.0,0.47,0.45,0.45,320718955,1322472464,3911,42780,1.3,233.7,3.1,2.0,51,29,0,0,0,0,0,0.0,0,0,0,0,0,0
1009.8,2026-05-16T18:32:44,0016c001f10c2ef6,7.1,4.4,2.7,0.0,7809,699,7110,9.0,0.47,0.45,0.45,320721989,1322484093,3034,11629,1.3,233.7,3.1,2.0,51,29,0,0,0,0,0,0.0,0,0,0,0,0,0
1010.4,2026-05-16T18:32:44,0016c001f10c2ef6,6.7,2.6,3.6,0.5,7809,700,7109,9.0,0.47,0.45,0.45,320725075,1322495722,3086,11629,1.3,233.7,3.1,2.0,51,29,0,0,0,0,0,0.0,0,0,0,0,0,0
1010.8,2026-05-16T18:32:45,0016c001f10c2ef6,6.1,1.7,4.5,0.0,7809,699,7110,9.0,0.47,0.45,0.45,320728109,1322507351,3034,11629,1.3,233.7,3.1,2.0,51,29,0,0,0,0,0,0.0,0,0,0,0,0,0
1011.4,2026-05-16T18:32:45,0016c001f10c2ef6,6.2,1.5,4.6,0.0,7809,699,7110,9.0,0.47,0.45,0.45,320732172,1322550131,4063,42780,1.3,233.7,3.1,2.0,51,29,0,0,0,0,0,0.0,0,0,0,0,0,0
1012.0,2026-05-16T18:32:46,0016c001f10c2ef6,9.4,4.3,5.2,0.0,7809,701,7108,9.0,0.43,0.45,0.45,320735204,1322562839,3032,12708,1.3,233.7,3.1,2.0,51,29,0,0,0,0,0,0.0,0,0,0,0,0,0
1012.5,2026-05-16T18:32:46,0016c001f10c2ef6,14.8,2.6,12.2,0.0,7809,701,7108,9.0,0.43,0.45,0.45,320738238,1322574468,3034,11629,1.3,233.7,3.1,2.0,51,29,0,0,0,0,0,0.0,0,0,0,0,0,0
1013.0,2026-05-16T18:32:47,0016c001f10c2ef6,19.6,1.6,17.9,0.0,7809,700,7109,9.0,0.43,0.45,0.45,320742097,1322617248,3859,42780,1.3,233.7,3.1,2.0,51,29,0,0,0,0,0,0.0,0,0,0,0,0,0
1013.6,2026-05-16T18:32:47,0016c001f10c2ef6,19.7,2.0,17.7,0.0,7809,700,7109,9.0,0.43,0.45,0.45,320745079,1322628877,2982,11629,1.3,233.7,3.1,2.0,51,29,0,0,0,0,0,0.0,0,0,0,0,0,0
1014.1,2026-05-16T18:32:48,0016c001f10c2ef6,11.2,1.7,9.6,0.0,7809,701,7108,9.0,0.43,0.45,0.45,320748185,1322640592,3106,11715,1.3,233.7,3.1,2.0,55,32,4,3,0,0,0,0.0,0,0,0,0,0,0
1014.6,2026-05-16T18:32:48,0016c001f10c2ef6,6.7,1.6,5.2,0.0,7809,701,7108,9.0,0.43,0.45,0.45,320751219,1322652222,3034,11630,1.3,233.7,3.1,2.0,55,32,0,0,0,0,0,0.0,0,0,0,0,0,0
1015.1,2026-05-16T18:32:49,0016c001f10c2ef6,6.5,2.2,4.3,0.0,7809,701,7108,9.0,0.43,0.45,0.45,320755072,1322696016,3853,43794,1.3,233.8,3.1,2.0,55,32,0,0,0,0,0,0.0,0,0,0,0,0,0
1015.6,2026-05-16T18:32:49,0016c001f10c2ef6,6.2,2.1,3.6,0.5,7809,701,7108,9.0,0.43,0.45,0.45,320758106,1322707646,3034,11630,1.3,233.8,3.1,2.0,55,32,0,0,0,0,0,0.0,0,0,0,0,0,0
1016.1,2026-05-16T18:32:50,0016c001f10c2ef6,5.8,2.6,3.1,0.0,7809,700,7109,9.0,0.43,0.45,0.45,320761088,1322719276,2982,11630,1.3,233.8,3.1,2.0,55,32,0,0,0,0,0,0.0,0,0,0,0,0,0
1016.5,2026-05-16T18:32:50,0016c001f10c2ef6,6.4,2.1,4.3,0.0,7809,700,7109,9.0,0.43,0.45,0.45,320764226,1322730906,3138,11630,1.3,233.8,3.1,2.0,55,32,0,0,0,0,0,0.0,0,0,0,0,0,0
1017.0,2026-05-16T18:32:51,0016c001f10c2ef6,5.3,2.1,3.2,0.0,7809,700,7109,9.0,0.43,0.45,0.45,320767841,1322742602,3615,11696,1.3,233.8,3.1,2.0,55,32,0,0,0,0,0,0.0,0,0,0,0,0,0
1017.5,2026-05-16T18:32:51,0016c001f10c2ef6,11.1,4.8,6.3,0.0,7809,699,7110,9.0,0.39,0.44,0.44,320771804,1322785449,3963,42847,1.3,233.8,3.1,2.0,55,32,0,0,0,0,0,0.0,0,0,0,0,0,0
1018.1,2026-05-16T18:32:52,0016c001f10c2ef6,9.2,3.2,6.0,0.0,7809,699,7110,9.0,0.39,0.44,0.44,320774738,1322797145,2934,11696,1.3,233.8,3.1,2.0,55,32,0,0,0,0,0,0.0,0,0,0,0,0,0
1018.6,2026-05-16T18:32:52,0016c001f10c2ef6,5.2,1.0,4.2,0.0,7809,700,7109,9.0,0.39,0.44,0.44,320777720,1322808775,2982,11630,1.3,233.8,3.1,2.0,55,32,0,0,0,0,0,0.0,0,0,0,0,0,0
1019.1,2026-05-16T18:32:53,0016c001f10c2ef6,5.8,3.2,2.6,0.0,7809,700,7109,9.0,0.39,0.44,0.44,320780754,1322820405,3034,11630,1.3,233.8,3.1,2.0,55,32,0,0,0,0,0,0.0,0,0,0,0,0,0
1019.5,2026-05-16T18:32:53,0016c001f10c2ef6,7.0,3.2,3.7,0.0,7809,700,7109,9.0,0.39,0.44,0.44,320784925,1322863186,4171,42781,1.3,233.8,3.1,2.0,55,32,0,0,0,0,0,0.0,0,0,0,0,0,0
1020.0,2026-05-16T18:32:54,0016c001f10c2ef6,5.6,1.0,4.6,0.0,7809,701,7108,9.0,0.39,0.44,0.44,320787959,1322874816,3034,11630,1.3,233.8,3.1,2.0,55,32,0,0,0,0,0,0.0,0,0,0,0,0,0
1020.5,2026-05-16T18:32:54,0016c001f10c2ef6,6.3,3.2,3.2,0.0,7809,700,7109,9.0,0.39,0.44,0.44,320790993,1322886446,3034,11630,1.3,233.8,3.1,2.0,55,32,0,0,0,0,0,0.0,0,0,0,0,0,0
1021.0,2026-05-16T18:32:55,0016c001f10c2ef6,5.6,1.7,4.0,0.0,7809,700,7109,9.0,0.39,0.44,0.44,320794079,1322898076,3086,11630,1.3,233.8,3.1,2.0,55,32,0,0,0,0,0,0.0,0,0,0,0,0,0
1021.5,2026-05-16T18:32:55,0016c001f10c2ef6,7.2,2.8,4.4,0.0,7809,701,7108,9.0,0.39,0.44,0.44,320797886,1322940857,3807,42781,1.3,233.8,3.1,2.0,55,32,0,0,0,0,0,0.0,0,0,0,0,0,0
1022.0,2026-05-16T18:32:56,0016c001f10c2ef6,5.5,1.1,4.4,0.0,7809,700,7109,9.0,0.39,0.44,0.44,320800920,1322952487,3034,11630,1.3,233.8,3.1,2.0,55,32,0,0,0,0,0,0.0,0,0,0,0,0,0
1022.5,2026-05-16T18:32:56,0016c001f10c2ef6,6.6,1.6,4.9,0.0,7809,700,7109,9.0,0.44,0.45,0.45,320803902,1322964117,2982,11630,1.3,233.7,3.1,2.0,55,32,0,0,0,0,0,0.0,0,0,0,0,0,0
1023.0,2026-05-16T18:32:57,0016c001f10c2ef6,5.4,2.2,3.3,0.0,7809,700,7109,9.0,0.44,0.45,0.45,320806984,1322975747,3082,11630,1.3,233.7,3.1,2.0,55,32,0,0,0,0,0,0.0,0,0,0,0,0,0
1023.5,2026-05-16T18:32:57,0016c001f10c2ef6,7.7,2.9,4.8,0.0,7809,701,7108,9.0,0.44,0.45,0.45,320810795,1323018594,3811,42847,1.3,233.7,3.1,2.0,55,32,0,0,0,0,0,0.0,0,0,0,0,0,0
1024.0,2026-05-16T18:32:58,0016c001f10c2ef6,6.5,2.7,3.8,0.0,7809,701,7108,9.0,0.44,0.45,0.45,320813777,1323030224,2982,11630,1.3,233.7,3.1,2.0,55,32,0,0,0,0,0,0.0,0,0,0,0,0,0
1024.5,2026-05-16T18:32:58,0016c001f10c2ef6,8.6,1.6,7.0,0.0,7809,701,7108,9.0,0.44,0.45,0.45,320816811,1323041854,3034,11630,1.3,233.7,3.1,2.0,55,32,0,0,0,0,0,0.0,0,0,0,0,0,0
1025.0,2026-05-16T18:32:59,0016c001f10c2ef6,18.8,1.7,17.1,0.0,7809,700,7109,9.0,0.44,0.45,0.45,320819917,1323053562,3106,11708,1.3,233.7,3.1,2.0,55,32,0,0,0,0,0,0.0,0,0,0,0,0,0
1025.4,2026-05-16T18:32:59,0016c001f10c2ef6,18.6,1.6,16.9,0.0,7809,700,7109,9.0,0.44,0.45,0.45,320823932,1323096343,4015,42781,1.3,233.7,3.1,2.0,55,32,0,0,0,0,0,0.0,0,0,0,0,0,0
1025.9,2026-05-16T18:33:00,0016c001f10c2ef6,19.8,2.7,17.0,0.0,7809,700,7109,9.0,0.44,0.45,0.45,320826914,1323107973,2982,11630,1.3,233.7,3.1,2.0,55,32,0,0,0,0,0,0.0,0,0,0,0,0,0
1026.4,2026-05-16T18:32:59,0016c001f10c2ef6,5.8,2.1,3.7,0.0,7809,700,7109,9.0,0.44,0.45,0.45,320829948,1323119603,3034,11630,1.3,233.7,3.1,2.0,55,32,0,0,0,0,0,0.0,0,0,0,0,0,0
1026.9,2026-05-16T18:33:00,0016c001f10c2ef6,7.1,2.2,4.4,0.5,7809,699,7110,9.0,0.44,0.45,0.45,320833411,1323131233,3463,11630,1.3,233.7,3.1,2.0,55,32,0,0,0,0,0,0.0,0,0,0,0,0,0
1027.4,2026-05-16T18:33:00,0016c001f10c2ef6,4.5,2.0,2.5,0.0,7809,700,7109,9.0,0.41,0.44,0.45,320837270,1323174014,3859,42781,1.3,233.8,3.1,2.0,55,32,0,0,0,0,0,0.0,0,0,0,0,0,0
1027.9,2026-05-16T18:33:01,0016c001f10c2ef6,7.1,3.3,3.8,0.0,7809,700,7109,9.0,0.41,0.44,0.45,320840304,1323185644,3034,11630,1.3,233.8,3.1,2.0,55,32,0,0,0,0,0,0.0,0,0,0,0,0,0
1028.3,2026-05-16T18:33:01,0016c001f10c2ef6,4.9,2.2,2.7,0.0,7809,700,7109,9.0,0.41,0.44,0.45,320843438,1323197274,3134,11630,1.3,233.8,3.1,2.0,55,32,0,0,0,0,0,0.0,0,0,0,0,0,0
1028.9,2026-05-16T18:33:02,0016c001f10c2ef6,9.1,2.9,6.2,0.0,7809,700,7109,9.0,0.41,0.44,0.45,320846524,1323208970,3086,11696,1.3,233.8,3.1,2.0,55,32,0,0,0,0,0,0.0,0,0,0,0,0,0
1029.3,2026-05-16T18:33:02,0016c001f10c2ef6,5.9,1.6,4.3,0.0,7809,700,7109,9.0,0.41,0.44,0.45,320850231,1323251751,3707,42781,1.3,233.8,3.1,2.0,55,32,0,0,0,0,0,0.0,0,0,0,0,0,0
1029.9,2026-05-16T18:33:03,0016c001f10c2ef6,6.1,2.6,3.6,0.0,7809,700,7109,9.0,0.41,0.44,0.45,320853317,1323263381,3086,11630,1.3,233.8,3.1,2.0,55,32,0,0,0,0,0,0.0,0,0,0,0,0,0
1030.4,2026-05-16T18:33:03,0016c001f10c2ef6,6.1,2.2,3.9,0.0,7809,699,7110,9.0,0.41,0.44,0.45,320856351,1323275011,3034,11630,1.3,233.8,3.1,2.0,55,32,0,0,0,0,0,0.0,0,0,0,0,0,0
1030.9,2026-05-16T18:33:04,0016c001f10c2ef6,5.9,2.2,3.8,0.0,7809,700,7109,9.0,0.41,0.44,0.45,320859333,1323286641,2982,11630,1.3,233.8,3.1,2.0,55,32,0,0,0,0,0,0.0,0,0,0,0,0,0
1031.4,2026-05-16T18:33:04,0016c001f10c2ef6,5.1,2.3,2.8,0.0,7809,701,7108,9.0,0.41,0.44,0.45,320863192,1323329422,3859,42781,1.3,233.8,3.1,2.0,55,32,0,0,0,0,0,0.0,0,0,0,0,0,0
1031.9,2026-05-16T18:33:05,0016c001f10c2ef6,6.1,1.1,5.0,0.0,7809,700,7109,9.0,0.41,0.44,0.45,320866226,1323341052,3034,11630,1.3,233.8,3.1,2.0,55,32,0,0,0,0,0,0.0,0,0,0,0,0,0
1032.4,2026-05-16T18:33:05,0016c001f10c2ef6,6.2,2.1,3.6,0.5,7809,701,7108,9.0,0.41,0.44,0.45,320869260,1323352682,3034,11630,1.3,233.8,3.1,2.0,55,32,0,0,0,0,0,0.0,0,0,0,0,0,0
1032.9,2026-05-16T18:33:06,0016c001f10c2ef6,6.7,2.6,4.1,0.0,7809,700,7109,9.0,0.45,0.45,0.45,320872294,1323364312,3034,11630,1.3,233.8,3.1,2.0,55,32,0,0,0,0,0,0.0,0,0,0,0,0,0
1033.4,2026-05-16T18:33:06,0016c001f10c2ef6,5.7,2.6,3.1,0.0,7809,700,7109,9.0,0.45,0.45,0.45,320876277,1323407171,3983,42859,1.3,233.8,3.1,2.0,55,32,0,0,0,0,0,0.0,0,0,0,0,0,0
1033.9,2026-05-16T18:33:07,0016c001f10c2ef6,7.1,2.7,4.4,0.0,7809,700,7109,9.0,0.45,0.45,0.45,320879411,1323418801,3134,11630,1.3,233.8,3.1,2.0,55,32,0,0,0,0,0,0.0,0,0,0,0,0,0
1034.5,2026-05-16T18:33:07,0016c001f10c2ef6,9.1,2.4,6.7,0.0,7809,700,7109,9.0,0.45,0.45,0.45,320882653,1323430497,3242,11696,1.3,233.8,3.1,2.0,55,32,0,0,0,0,0,0.0,0,0,0,0,0,0
1035.0,2026-05-16T18:33:08,0016c001f10c2ef6,9.3,3.1,6.2,0.0,7809,700,7109,9.0,0.45,0.45,0.45,320885919,1323442415,3266,11918,1.3,233.8,3.1,2.0,55,32,0,0,0,0,0,0.0,0,0,0,0,0,0
1035.5,2026-05-16T18:33:08,0016c001f10c2ef6,8.8,2.6,6.2,0.0,7809,700,7109,9.0,0.45,0.45,0.45,320889934,1323485262,4015,42847,1.3,233.8,3.1,2.0,55,32,0,0,0,0,0,0.0,0,0,0,0,0,0
1036.0,2026-05-16T18:33:09,0016c001f10c2ef6,7.4,2.9,4.6,0.0,7809,701,7108,9.0,0.45,0.45,0.45,320893124,1323496892,3190,11630,1.3,233.8,3.1,2.0,55,32,0,0,0,0,0,0.0,0,0,0,0,0,0
1036.5,2026-05-16T18:33:09,0016c001f10c2ef6,6.5,2.9,3.5,0.0,7809,701,7108,9.0,0.45,0.45,0.45,320896262,1323508522,3138,11630,1.3,233.8,3.1,2.0,55,32,0,0,0,0,0,0.0,0,0,0,0,0,0
1036.9,2026-05-16T18:33:10,0016c001f10c2ef6,11.8,1.8,10.1,0.0,7809,700,7109,9.0,0.45,0.45,0.45,320899300,1323520152,3038,11630,1.3,233.8,3.1,2.0,55,32,0,0,0,0,0,0.0,0,0,0,0,0,0
1037.4,2026-05-16T18:33:10,0016c001f10c2ef6,18.8,2.4,16.5,0.0,7809,700,7109,9.0,0.45,0.45,0.45,320902486,1323531782,3186,11630,1.3,233.8,3.1,2.0,55,32,0,0,0,0,0,0.0,0,0,0,0,0,0
1037.9,2026-05-16T18:33:11,0016c001f10c2ef6,19.4,2.4,17.0,0.0,7809,701,7108,9.0,0.45,0.45,0.45,320907034,1323574563,4548,42781,1.3,233.8,3.1,2.0,55,32,0,0,0,0,0,0.0,0,0,0,0,0,0
1038.3,2026-05-16T18:33:11,0016c001f10c2ef6,19.9,2.4,17.5,0.0,7809,701,7108,9.0,0.5,0.46,0.45,320910072,1323586259,3038,11696,1.3,233.8,3.1,2.0,55,32,0,0,0,0,0,0.0,0,0,0,0,0,0
1038.8,2026-05-16T18:33:12,0016c001f10c2ef6,8.2,3.5,4.7,0.0,7809,700,7109,9.0,0.5,0.46,0.45,320913330,1323597975,3258,11716,1.3,233.8,3.1,2.0,55,32,0,0,0,0,0,0.0,0,0,0,0,0,0
1039.2,2026-05-16T18:33:12,0016c001f10c2ef6,5.9,1.8,4.1,0.0,7809,700,7109,9.0,0.5,0.46,0.45,320916368,1323609605,3038,11630,1.3,233.8,3.1,2.0,55,32,0,0,0,0,0,0.0,0,0,0,0,0,0
1039.7,2026-05-16T18:33:12,0016c001f10c2ef6,8.8,2.4,6.5,0.0,7809,700,7109,9.0,0.5,0.46,0.45,320920483,1323652386,4115,42781,1.3,233.8,3.1,2.0,55,32,0,0,0,0,0,0.0,0,0,0,0,0,0
1040.1,2026-05-16T18:33:13,0016c001f10c2ef6,7.6,2.3,5.3,0.0,7809,699,7110,9.0,0.5,0.46,0.45,320923621,1323664016,3138,11630,1.3,233.8,3.1,2.0,55,32,0,0,0,0,0,0.0,0,0,0,0,0,0
1040.6,2026-05-16T18:33:13,0016c001f10c2ef6,6.2,2.8,3.4,0.0,7809,699,7110,9.0,0.5,0.46,0.45,320926805,1323675688,3184,11672,1.3,233.8,3.1,2.0,55,32,0,0,0,0,0,0.0,0,0,0,0,0,0
1041.1,2026-05-16T18:33:14,0016c001f10c2ef6,13.1,6.0,7.0,0.0,7809,699,7110,9.0,0.5,0.46,0.45,320929891,1323687384,3086,11696,1.3,233.8,3.1,2.0,55,32,0,0,0,0,0,0.0,0,0,0,0,0,0
1041.5,2026-05-16T18:33:14,0016c001f10c2ef6,7.4,2.3,5.1,0.0,7809,699,7110,9.0,0.5,0.46,0.45,320933081,1323699014,3190,11630,1.3,233.8,3.1,2.0,55,32,0,0,0,0,0,0.0,0,0,0,0,0,0
1041.9,2026-05-16T18:33:15,0016c001f10c2ef6,6.3,2.3,4.0,0.0,7809,699,7110,9.0,0.5,0.46,0.45,320937252,1323741861,4171,42847,1.3,233.8,3.1,2.0,55,32,0,0,0,0,0,0.0,0,0,0,0,0,0
1042.4,2026-05-16T18:33:15,0016c001f10c2ef6,6.5,2.4,4.1,0.0,7809,701,7108,9.0,0.5,0.46,0.45,320940338,1323753491,3086,11630,1.3,233.8,3.1,2.0,55,32,0,0,0,0,0,0.0,0,0,0,0,0,0
1042.8,2026-05-16T18:33:16,0016c001f10c2ef6,5.4,2.4,3.0,0.0,7809,701,7108,9.0,0.5,0.46,0.45,320943424,1323765187,3086,11696,1.3,233.8,3.1,2.0,55,32,0,0,0,0,0,0.0,0,0,0,0,0,0
1043.2,2026-05-16T18:33:16,0016c001f10c2ef6,5.5,1.8,3.6,0.0,7809,701,7108,9.0,0.46,0.45,0.45,320946510,1323776817,3086,11630,1.3,233.8,3.1,2.0,55,32,0,0,0,0,0,0.0,0,0,0,0,0,0
1043.7,2026-05-16T18:33:16,0016c001f10c2ef6,6.4,2.9,3.5,0.0,7809,700,7109,9.0,0.46,0.45,0.45,320950525,1323819598,4015,42781,1.3,233.8,3.1,2.0,55,32,0,0,0,0,0,0.0,0,0,0,0,0,0
1044.1,2026-05-16T18:33:17,0016c001f10c2ef6,7.1,3.0,4.2,0.0,7809,700,7109,9.0,0.46,0.45,0.45,320953663,1323831228,3138,11630,1.3,233.8,3.1,2.0,55,32,0,0,0,0,0,0.0,0,0,0,0,0,0
1044.5,2026-05-16T18:33:17,0016c001f10c2ef6,6.9,2.9,4.0,0.0,7809,700,7109,9.0,0.46,0.45,0.45,320956649,1323842858,2986,11630,1.3,233.8,3.1,2.0,55,32,0,0,0,0,0,0.0,0,0,0,0,0,0
1045.0,2026-05-16T18:33:18,0016c001f10c2ef6,6.5,1.8,4.7,0.0,7809,700,7109,9.0,0.46,0.45,0.45,320959683,1323854488,3034,11630,1.3,233.8,3.1,2.0,55,32,0,0,0,0,0,0.0,0,0,0,0,0,0
1045.4,2026-05-16T18:33:18,0016c001f10c2ef6,7.7,3.0,4.8,0.0,7809,699,7110,9.0,0.46,0.45,0.45,320962973,1323866118,3290,11630,1.3,233.8,3.1,2.0,56,32,1,0,0,0,0,0.0,0,0,0,0,0,0
1045.9,2026-05-16T18:33:19,0016c001f10c2ef6,7.8,4.8,3.0,0.0,7809,699,7110,9.0,0.46,0.45,0.45,320966988,1323908965,4015,42847,1.3,233.8,3.1,2.0,56,32,0,0,0,0,0,0.0,0,0,0,0,0,0
1046.4,2026-05-16T18:33:19,0016c001f10c2ef6,12.2,6.4,5.3,0.5,7809,700,7109,9.0,0.46,0.45,0.45,320969974,1323920661,2986,11696,1.3,233.9,3.1,2.0,56,32,0,0,0,0,0,0.0,0,0,0,0,0,0
1046.9,2026-05-16T18:33:20,0016c001f10c2ef6,6.1,2.4,3.6,0.0,7809,701,7108,9.0,0.46,0.45,0.45,320973264,1323932291,3290,11630,1.3,233.9,3.1,2.0,56,32,0,0,0,0,0,0.0,0,0,0,0,0,0
1047.4,2026-05-16T18:33:20,0016c001f10c2ef6,6.8,2.3,4.5,0.0,7809,701,7108,9.0,0.46,0.45,0.45,320976250,1323943921,2986,11630,1.3,233.9,3.1,2.0,56,32,0,0,0,0,0,0.0,0,0,0,0,0,0
1047.8,2026-05-16T18:33:21,0016c001f10c2ef6,7.6,4.1,3.5,0.0,7809,701,7108,9.0,0.46,0.45,0.45,320980313,1323986702,4063,42781,1.3,233.9,3.1,2.0,56,32,0,0,0,0,0,0.0,0,0,0,0,0,0
1048.2,2026-05-16T18:33:21,0016c001f10c2ef6,8.3,3.6,4.8,0.0,7809,701,7108,9.0,0.46,0.45,0.45,320983884,1323998398,3571,11696,1.3,233.9,3.1,2.0,56,32,0,0,0,0,0,0.0,0,0,0,0,0,0
1048.7,2026-05-16T18:33:21,0016c001f10c2ef6,6.4,1.7,4.6,0.0,7809,701,7108,9.0,0.42,0.44,0.45,320987174,1324010028,3290,11630,1.3,233.9,3.1,2.0,56,32,0,0,0,0,0,0.0,0,0,0,0,0,0
1049.1,2026-05-16T18:33:22,0016c001f10c2ef6,10.2,2.4,7.8,0.0,7809,701,7108,9.0,0.42,0.44,0.45,320990212,1324021658,3038,11630,1.3,233.9,3.1,2.0,56,32,0,0,0,0,0,0.0,0,0,0,0,0,0
1049.5,2026-05-16T18:33:22,0016c001f10c2ef6,19.6,3.6,16.1,0.0,7809,700,7109,9.0,0.42,0.44,0.45,320993450,1324033288,3238,11630,1.3,233.9,3.1,2.0,56,32,0,0,0,0,0,0.0,0,0,0,0,0,0
1050.0,2026-05-16T18:33:23,0016c001f10c2ef6,20.6,2.4,18.2,0.0,7809,701,7108,9.0,0.42,0.44,0.45,320997541,1324076213,4091,42925,1.3,233.9,3.1,2.0,56,32,0,0,0,0,0,0.0,0,0,0,0,0,0
1050.4,2026-05-16T18:33:23,0016c001f10c2ef6,19.8,2.4,17.4,0.0,7809,701,7108,9.0,0.42,0.44,0.45,321000727,1324087843,3186,11630,1.3,233.9,3.1,2.0,56,32,0,0,0,0,0,0.0,0,0,0,0,0,0
1050.9,2026-05-16T18:33:24,0016c001f10c2ef6,7.1,1.2,5.9,0.0,7809,701,7108,9.0,0.42,0.44,0.45,321003817,1324099473,3090,11630,1.3,233.9,3.1,2.0,56,32,0,0,0,0,0,0.0,0,0,0,0,0,0
1051.3,2026-05-16T18:33:24,0016c001f10c2ef6,7.1,3.5,3.5,0.0,7809,702,7107,9.0,0.42,0.44,0.45,321007003,1324111103,3186,11630,1.3,233.9,3.1,2.0,56,32,0,0,0,0,0,0.0,0,0,0,0,0,0
1051.8,2026-05-16T18:33:25,0016c001f10c2ef6,9.5,4.2,5.3,0.0,7809,702,7107,9.0,0.42,0.44,0.45,321010966,1324153950,3963,42847,1.3,233.9,3.1,2.0,56,32,0,0,0,0,0,0.0,0,0,0,0,0,0
1052.2,2026-05-16T18:33:25,0016c001f10c2ef6,7.3,2.4,4.9,0.0,7809,702,7107,9.0,0.42,0.44,0.45,321014142,1324165844,3176,11894,1.3,233.9,3.1,2.0,56,32,0,0,0,0,0,0.0,0,0,0,0,0,0
1052.6,2026-05-16T18:33:25,0016c001f10c2ef6,7.6,2.4,5.3,0.0,7809,702,7107,9.0,0.42,0.44,0.45,321017328,1324177474,3186,11630,1.3,233.9,3.1,2.0,56,32,0,0,0,0,0,0.0,0,0,0,0,0,0
1053.1,2026-05-16T18:33:26,0016c001f10c2ef6,5.8,1.7,4.1,0.0,7809,700,7109,9.0,0.42,0.44,0.45,321020414,1324189104,3086,11630,1.3,233.9,3.1,2.0,56,32,0,0,0,0,0,0.0,0,0,0,0,0,0
1053.5,2026-05-16T18:33:26,0016c001f10c2ef6,4.8,2.4,2.4,0.0,7809,700,7109,9.0,0.39,0.43,0.45,321023400,1324200734,2986,11630,1.3,233.9,3.1,2.0,56,32,0,0,0,0,0,0.0,0,0,0,0,0,0
1054.0,2026-05-16T18:33:27,0016c001f10c2ef6,7.1,3.6,3.6,0.0,7809,699,7110,9.0,0.39,0.43,0.45,321027363,1324243515,3963,42781,1.3,233.9,3.1,2.0,56,32,0,0,0,0,0,0.0,0,0,0,0,0,0
1054.5,2026-05-16T18:33:27,0016c001f10c2ef6,6.0,1.8,4.2,0.0,7809,700,7109,9.0,0.39,0.43,0.45,321030501,1324255211,3138,11696,1.3,233.9,3.1,2.0,56,32,0,0,0,0,0,0.0,0,0,0,0,0,0
1054.9,2026-05-16T18:33:28,0016c001f10c2ef6,7.7,3.0,4.1,0.6,7809,700,7109,9.0,0.39,0.43,0.45,321033635,1324266841,3134,11630,1.3,233.9,3.1,2.0,56,32,0,0,0,0,0,0.0,0,0,0,0,0,0
1055.4,2026-05-16T18:33:28,0016c001f10c2ef6,6.1,3.1,3.1,0.0,7809,701,7108,9.0,0.39,0.43,0.45,321036725,1324278471,3090,11630,1.3,233.9,3.1,2.0,56,32,0,0,0,0,0,0.0,0,0,0,0,0,0
1055.8,2026-05-16T18:33:29,0016c001f10c2ef6,6.4,2.9,3.5,0.0,7809,701,7108,9.0,0.39,0.43,0.45,321040892,1324321252,4167,42781,1.3,233.9,3.1,2.0,56,32,0,0,0,0,0,0.0,0,0,0,0,0,0
1056.3,2026-05-16T18:33:29,0016c001f10c2ef6,10.9,2.9,5.7,2.3,7809,700,7109,9.0,0.39,0.43,0.45,321043930,1324332882,3038,11630,1.3,233.9,3.1,2.0,56,32,0,0,0,0,0,0.0,0,0,0,0,0,0
1056.7,2026-05-16T18:33:29,0016c001f10c2ef6,6.5,3.0,3.6,0.0,7809,700,7109,9.0,0.39,0.43,0.45,321047064,1324344512,3134,11630,1.3,233.9,3.1,2.0,56,32,0,0,0,0,0,0.0,0,0,0,0,0,0
1057.2,2026-05-16T18:33:30,0016c001f10c2ef6,8.9,4.2,4.7,0.0,7809,700,7109,9.0,0.39,0.43,0.45,321050050,1324356274,2986,11762,1.3,233.9,3.1,2.0,56,32,0,0,0,0,0,0.0,0,0,0,0,0,0
1057.6,2026-05-16T18:33:30,0016c001f10c2ef6,6.6,3.3,3.3,0.0,7809,700,7109,9.0,0.39,0.43,0.45,321053200,1324368146,3150,11872,1.3,233.9,3.1,2.0,56,32,0,0,0,0,0,0.0,0,0,0,0,0,0
1058.1,2026-05-16T18:33:31,0016c001f10c2ef6,6.5,2.2,4.3,0.0,7809,700,7109,9.0,0.39,0.43,0.45,321057111,1324410927,3911,42781,1.3,233.9,3.1,2.0,56,32,0,0,0,0,0,0.0,0,0,0,0,0,0
1058.6,2026-05-16T18:33:31,0016c001f10c2ef6,6.5,1.8,4.7,0.0,7809,700,7109,9.0,0.39,0.43,0.45,321060646,1324422635,3535,11708,1.3,233.9,3.1,2.0,56,32,0,0,0,0,0,0.0,0,0,0,0,0,0
1059.0,2026-05-16T18:33:30,0016c001f10c2ef6,4.8,2.4,2.4,0.0,7809,700,7109,9.0,0.36,0.43,0.44,321063732,1324434265,3086,11630,1.3,233.9,3.1,2.0,56,32,0,0,0,0,0,0.0,0,0,0,0,0,0
1059.4,2026-05-16T18:33:31,0016c001f10c2ef6,6.4,2.3,4.1,0.0,7809,700,7109,9.0,0.36,0.43,0.44,321066918,1324445895,3186,11630,1.3,233.9,3.1,2.0,56,32,0,0,0,0,0,0.0,0,0,0,0,0,0
1059.9,2026-05-16T18:33:31,0016c001f10c2ef6,5.2,1.2,4.0,0.0,7809,700,7109,9.0,0.36,0.43,0.44,321070881,1324488676,3963,42781,1.3,233.9,3.1,2.0,56,32,0,0,0,0,0,0.0,0,0,0,0,0,0
1060.3,2026-05-16T18:33:32,0016c001f10c2ef6,6.9,2.9,4.0,0.0,7809,700,7109,9.0,0.36,0.43,0.44,321074019,1324500306,3138,11630,1.3,233.9,3.1,2.0,56,32,0,0,0,0,0,0.0,0,0,0,0,0,0
1060.7,2026-05-16T18:33:32,0016c001f10c2ef6,7.0,2.9,4.1,0.0,7809,700,7109,9.0,0.36,0.43,0.44,321077105,1324511936,3086,11630,1.3,233.9,3.1,2.0,56,32,0,0,0,0,0,0.0,0,0,0,0,0,0
1061.2,2026-05-16T18:33:33,0016c001f10c2ef6,12.1,2.3,9.8,0.0,7809,700,7109,9.0,0.36,0.43,0.44,321080143,1324523566,3038,11630,1.3,233.9,3.1,2.0,56,32,0,0,0,0,0,0.0,0,0,0,0,0,0
1061.6,2026-05-16T18:33:33,0016c001f10c2ef6,18.6,2.4,16.2,0.0,7809,700,7109,9.0,0.36,0.43,0.44,321083323,1324535262,3180,11696,1.3,233.9,3.1,2.0,56,32,0,0,0,0,0,0.0,0,0,0,0,0,0
1062.1,2026-05-16T18:33:34,0016c001f10c2ef6,19.5,2.7,16.8,0.0,7809,700,7109,9.0,0.36,0.43,0.44,321087186,1324578043,3863,42781,1.3,233.9,3.1,2.0,56,32,0,0,0,0,0,0.0,0,0,0,0,0,0
1062.6,2026-05-16T18:33:34,0016c001f10c2ef6,19.4,1.1,18.3,0.0,7809,700,7109,9.0,0.36,0.43,0.44,321090220,1324589673,3034,11630,1.3,233.9,3.1,2.0,56,32,0,0,0,0,0,0.0,0,0,0,0,0,0
1063.0,2026-05-16T18:33:34,0016c001f10c2ef6,6.9,3.5,3.5,0.0,7809,700,7109,9.0,0.36,0.43,0.44,321093406,1324601303,3186,11630,1.3,233.9,3.1,2.0,56,32,0,0,0,0,0,0.0,0,0,0,0,0,0
1063.4,2026-05-16T18:33:35,0016c001f10c2ef6,5.3,1.8,3.5,0.0,7809,700,7109,9.0,0.36,0.43,0.44,321096616,1324613019,3210,11716,1.3,233.9,3.1,2.0,56,32,0,0,0,0,0,0.0,0,0,0,0,0,0
1063.9,2026-05-16T18:33:35,0016c001f10c2ef6,5.6,2.2,3.4,0.0,7809,700,7109,9.0,0.49,0.45,0.45,321100647,1324656042,4031,43023,1.3,233.9,3.1,2.0,56,32,0,0,0,0,0,0.0,0,0,0,0,0,0
1064.5,2026-05-16T18:33:36,0016c001f10c2ef6,6.0,2.2,3.8,0.0,7809,700,7109,9.0,0.49,0.45,0.45,321103693,1324667782,3046,11740,1.3,233.9,3.1,2.0,56,32,0,0,0,0,0,0.0,0,0,0,0,0,0
1064.9,2026-05-16T18:33:36,0016c001f10c2ef6,5.2,1.2,4.0,0.0,7809,700,7109,9.0,0.49,0.45,0.45,321106727,1324679412,3034,11630,1.3,233.9,3.1,2.0,56,32,0,0,0,0,0,0.0,0,0,0,0,0,0
1065.4,2026-05-16T18:33:37,0016c001f10c2ef6,7.3,2.2,5.0,0.0,7809,700,7109,9.0,0.49,0.45,0.45,321109761,1324691042,3034,11630,1.3,233.9,3.1,2.0,56,32,0,0,0,0,0,0.0,0,0,0,0,0,0
1065.9,2026-05-16T18:33:37,0016c001f10c2ef6,4.8,2.1,2.7,0.0,7809,700,7109,9.0,0.49,0.45,0.45,321112795,1324702672,3034,11630,1.3,233.9,3.1,2.0,56,32,0,0,0,0,0,0.0,0,0,0,0,0,0
1066.4,2026-05-16T18:33:38,0016c001f10c2ef6,6.6,3.3,3.3,0.0,7809,700,7109,9.0,0.49,0.45,0.45,321116782,1324745609,3987,42937,1.3,233.9,3.1,2.0,56,32,0,0,0,0,0,0.0,0,0,0,0,0,0
1066.9,2026-05-16T18:33:38,0016c001f10c2ef6,5.4,1.5,3.9,0.0,7809,699,7110,9.0,0.49,0.45,0.45,321119816,1324757239,3034,11630,1.3,233.9,3.1,2.0,56,32,0,0,0,0,0,0.0,0,0,0,0,0,0
1067.5,2026-05-16T18:33:39,0016c001f10c2ef6,5.4,2.0,3.4,0.0,7809,699,7110,9.0,0.49,0.45,0.45,321122950,1324768869,3134,11630,1.3,233.9,3.1,2.0,56,32,0,0,0,0,0,0.0,0,0,0,0,0,0
1068.0,2026-05-16T18:33:40,0016c001f10c2ef6,8.6,3.3,5.3,0.0,7809,698,7111,8.9,0.49,0.45,0.45,321126861,1324811716,3911,42847,1.3,233.9,3.1,2.0,56,32,0,0,0,0,0,0.0,0,0,0,0,0,0
1068.6,2026-05-16T18:33:40,0016c001f10c2ef6,11.2,4.9,6.3,0.0,7809,699,7110,9.0,0.49,0.45,0.45,321130276,1324823412,3415,11696,1.3,233.9,3.1,2.0,56,32,0,0,0,0,0,0.0,0,0,0,0,0,0
1069.1,2026-05-16T18:33:41,0016c001f10c2ef6,5.2,3.1,2.1,0.0,7809,699,7110,9.0,0.45,0.45,0.45,321133206,1324835042,2930,11630,1.3,233.9,3.1,2.0,56,32,0,0,0,0,0,0.0,0,0,0,0,0,0
1069.6,2026-05-16T18:33:41,0016c001f10c2ef6,6.4,3.2,3.2,0.0,7809,699,7110,9.0,0.45,0.45,0.45,321136188,1324846672,2982,11630,1.3,233.9,3.1,2.0,56,32,0,0,0,0,0,0.0,0,0,0,0,0,0
1070.1,2026-05-16T18:33:42,0016c001f10c2ef6,6.1,2.0,4.1,0.0,7809,698,7111,8.9,0.45,0.45,0.45,321140151,1324889453,3963,42781,1.3,233.9,3.1,2.0,56,32,0,0,0,0,0,0.0,0,0,0,0,0,0
1070.6,2026-05-16T18:33:42,0016c001f10c2ef6,6.2,3.1,3.1,0.0,7809,699,7110,9.0,0.45,0.45,0.45,321143081,1324901083,2930,11630,1.3,233.9,3.1,2.0,56,32,0,0,0,0,0,0.0,0,0,0,0,0,0
1071.1,2026-05-16T18:33:43,0016c001f10c2ef6,5.9,2.4,3.4,0.0,7809,700,7109,9.0,0.45,0.45,0.45,321146063,1324912713,2982,11630,1.3,233.9,3.1,2.0,56,32,0,0,0,0,0,0.0,0,0,0,0,0,0
1071.6,2026-05-16T18:33:43,0016c001f10c2ef6,5.2,1.6,3.7,0.0,7809,700,7109,9.0,0.45,0.45,0.45,321149097,1324924343,3034,11630,1.3,233.9,3.1,2.0,56,32,0,0,0,0,0,0.0,0,0,0,0,0,0
1072.1,2026-05-16T18:33:44,0016c001f10c2ef6,7.0,3.0,4.0,0.0,7809,701,7108,9.0,0.45,0.45,0.45,321153284,1324967286,4187,42943,1.3,233.9,3.1,2.0,56,32,0,0,0,0,0,0.0,0,0,0,0,0,0
1072.7,2026-05-16T18:33:44,0016c001f10c2ef6,7.1,3.8,3.3,0.0,7809,702,7107,9.0,0.45,0.45,0.45,321156318,1324978916,3034,11630,1.3,233.9,3.1,2.0,56,32,0,0,0,0,0,0.0,0,0,0,0,0,0
1073.2,2026-05-16T18:33:45,0016c001f10c2ef6,5.5,1.1,4.4,0.0,7809,701,7108,9.0,0.45,0.45,0.45,321159404,1324990546,3086,11630,1.3,233.9,3.1,2.0,56,32,0,0,0,0,0,0.0,0,0,0,0,0,0
1073.6,2026-05-16T18:33:45,0016c001f10c2ef6,16.1,2.2,13.4,0.5,7809,702,7107,9.0,0.45,0.45,0.45,321162386,1325002176,2982,11630,1.3,233.9,3.1,2.0,56,32,0,0,0,0,0,0.0,0,0,0,0,0,0
1074.1,2026-05-16T18:33:46,0016c001f10c2ef6,19.0,1.5,17.5,0.0,7809,702,7107,9.0,0.45,0.45,0.45,321165420,1325013806,3034,11630,1.3,233.9,3.1,2.0,56,32,0,0,0,0,0,0.0,0,0,0,0,0,0
1074.6,2026-05-16T18:33:46,0016c001f10c2ef6,20.6,2.3,18.3,0.0,7809,702,7107,9.0,0.49,0.46,0.45,321169383,1325056587,3963,42781,1.3,233.9,3.1,2.0,56,32,0,0,0,0,0,0.0,0,0,0,0,0,0
1075.1,2026-05-16T18:33:47,0016c001f10c2ef6,13.4,2.7,10.8,0.0,7809,701,7108,9.0,0.49,0.46,0.45,321172489,1325068295,3106,11708,1.3,233.9,3.1,2.0,56,32,0,0,0,0,0,0.0,0,0,0,0,0,0
1075.6,2026-05-16T18:33:47,0016c001f10c2ef6,6.2,2.6,3.6,0.0,7809,701,7108,9.0,0.49,0.46,0.45,321175471,1325079925,2982,11630,1.3,233.9,3.1,2.0,56,32,0,0,0,0,0,0.0,0,0,0,0,0,0
1076.1,2026-05-16T18:33:48,0016c001f10c2ef6,5.6,1.5,4.0,0.0,7809,701,7108,9.0,0.49,0.46,0.45,321178453,1325091555,2982,11630,1.3,238.0,3.1,2.0,56,32,0,0,0,0,0,0.0,0,0,0,0,0,0
1076.6,2026-05-16T18:33:48,0016c001f10c2ef6,8.0,3.4,4.6,0.0,7809,699,7110,9.0,0.49,0.46,0.45,321192089,1329877349,13636,4785794,1.3,233.6,3.1,2.0,56,32,0,0,0,0,0,0.0,0,0,0,0,0,0
1077.3,2026-05-16T18:33:49,0016c001f10c2ef6,4.6,0.9,3.7,0.0,7809,699,7110,9.0,0.49,0.46,0.45,321200536,1329903848,8447,26499,1.3,233.6,3.1,2.0,56,32,0,0,0,0,0,0.0,0,0,0,0,0,0
1077.8,2026-05-16T18:33:49,0016c001f10c2ef6,7.6,3.6,4.1,0.0,7809,700,7109,9.0,0.49,0.46,0.45,321209525,1329924755,8989,20907,1.3,233.6,3.1,2.0,56,32,0,0,0,0,0,0.0,0,0,0,0,0,0
1078.4,2026-05-16T18:33:50,0016c001f10c2ef6,6.8,1.9,4.9,0.0,7809,701,7108,9.0,0.49,0.46,0.45,321213488,1329967536,3963,42781,1.3,233.8,3.1,2.0,56,32,0,0,0,0,0,0.0,0,0,0,0,0,0
1078.9,2026-05-16T18:33:50,0016c001f10c2ef6,8.0,2.1,5.9,0.0,7809,701,7108,9.0,0.49,0.46,0.45,321217103,1329979166,3615,11630,1.3,233.8,3.1,2.0,56,32,0,0,0,0,0,0.0,0,0,0,0,0,0
1079.5,2026-05-16T18:33:51,0016c001f10c2ef6,8.1,3.8,4.3,0.0,7809,701,7108,9.0,0.45,0.45,0.45,321220293,1329990862,3190,11696,1.3,233.8,3.1,2.0,56,32,0,0,0,0,0,0.0,0,0,0,0,0,0
1080.0,2026-05-16T18:33:52,0016c001f10c2ef6,8.9,3.7,5.1,0.0,7809,701,7108,9.0,0.45,0.45,0.45,321223279,1330002558,2986,11696,1.3,233.8,3.1,2.0,56,32,0,0,0,0,0,0.0,0,0,0,0,0,0
1080.7,2026-05-16T18:33:52,0016c001f10c2ef6,10.4,4.1,6.3,0.0,7809,701,7108,9.0,0.45,0.45,0.45,321227138,1330045405,3859,42847,1.3,233.9,3.1,2.0,56,32,0,0,0,0,0,0.0,0,0,0,0,0,0
1081.2,2026-05-16T18:33:53,0016c001f10c2ef6,6.0,2.2,3.8,0.0,7809,701,7108,9.0,0.45,0.45,0.45,321230068,1330057035,2930,11630,1.3,233.9,3.1,2.0,56,32,0,0,0,0,0,0.0,0,0,0,0,0,0
1081.7,2026-05-16T18:33:53,0016c001f10c2ef6,5.2,1.0,4.2,0.0,7809,700,7109,9.0,0.45,0.45,0.45,321233050,1330068665,2982,11630,1.3,233.9,3.1,2.0,56,32,0,0,0,0,0,0.0,0,0,0,0,0,0
1082.1,2026-05-16T18:33:54,0016c001f10c2ef6,6.0,2.7,3.3,0.0,7809,702,7107,9.0,0.45,0.45,0.45,321236084,1330080295,3034,11630,1.3,233.9,3.1,2.0,56,32,0,0,0,0,0,0.0,0,0,0,0,0,0
1082.6,2026-05-16T18:33:54,0016c001f10c2ef6,6.7,1.7,5.0,0.0,7809,702,7107,9.0,0.45,0.45,0.45,321239995,1330123076,3911,42781,1.3,233.9,3.1,2.0,56,32,0,0,0,0,0,0.0,0,0,0,0,0,0
1083.1,2026-05-16T18:33:55,0016c001f10c2ef6,4.7,1.6,3.2,0.0,7809,701,7108,9.0,0.45,0.45,0.45,321243029,1330134706,3034,11630,1.3,233.9,3.1,2.0,56,32,0,0,0,0,0,0.0,0,0,0,0,0,0
1083.6,2026-05-16T18:33:55,0016c001f10c2ef6,5.4,2.0,3.5,0.0,7809,701,7108,9.0,0.45,0.45,0.45,321246135,1330146414,3106,11708,1.3,233.9,3.1,2.0,56,32,0,0,0,0,0,0.0,0,0,0,0,0,0
1084.1,2026-05-16T18:33:56,0016c001f10c2ef6,5.9,2.7,3.2,0.0,7809,701,7108,9.0,0.45,0.45,0.45,321249169,1330158044,3034,11630,1.3,233.9,3.1,2.0,56,32,0,0,0,0,0,0.0,0,0,0,0,0,0
1084.5,2026-05-16T18:33:56,0016c001f10c2ef6,5.1,0.6,4.5,0.0,7809,701,7108,9.0,0.45,0.45,0.45,321253028,1330200825,3859,42781,1.3,233.9,3.1,2.0,56,32,0,0,0,0,0,0.0,0,0,0,0,0,0
1085.0,2026-05-16T18:33:57,0016c001f10c2ef6,7.0,2.5,4.5,0.0,7809,701,7108,9.0,0.42,0.44,0.45,321256062,1330212455,3034,11630,1.3,233.9,3.1,2.0,56,32,0,0,0,0,0,0.0,0,0,0,0,0,0
1085.5,2026-05-16T18:33:57,0016c001f10c2ef6,7.1,1.0,6.1,0.0,7809,701,7108,9.0,0.42,0.44,0.45,321259148,1330224085,3086,11630,1.3,233.9,3.1,2.0,56,32,0,0,0,0,0,0.0,0,0,0,0,0,0
1086.0,2026-05-16T18:33:58,0016c001f10c2ef6,20.4,2.5,17.9,0.0,7809,701,7108,9.0,0.42,0.44,0.45,321262182,1330235715,3034,11630,1.3,233.9,3.1,2.0,56,32,0,0,0,0,0,0.0,0,0,0,0,0,0
1086.5,2026-05-16T18:33:58,0016c001f10c2ef6,19.7,2.2,17.4,0.0,7809,700,7109,9.0,0.42,0.44,0.45,321266041,1330278496,3859,42781,1.3,233.9,3.1,2.0,56,32,0,0,0,0,0,0.0,0,0,0,0,0,0
1087.0,2026-05-16T18:33:58,0016c001f10c2ef6,20.1,4.0,16.1,0.0,7809,700,7109,9.0,0.42,0.44,0.45,321269075,1330290126,3034,11630,1.3,233.9,3.1,2.0,56,32,0,0,0,0,0,0.0,0,0,0,0,0,0
1087.5,2026-05-16T18:33:59,0016c001f10c2ef6,7.5,2.5,5.0,0.0,7809,702,7107,9.0,0.42,0.44,0.45,321272109,1330301756,3034,11630,1.3,233.9,3.1,2.0,56,32,0,0,0,0,0,0.0,0,0,0,0,0,0
1088.0,2026-05-16T18:34:00,0016c001f10c2ef6,6.1,2.8,3.3,0.0,7809,702,7107,9.0,0.42,0.44,0.45,321275143,1330313386,3034,11630,1.3,233.9,3.1,2.0,56,32,0,0,0,0,0,0.0,0,0,0,0,0,0
1088.5,2026-05-16T18:34:00,0016c001f10c2ef6,7.4,3.7,3.7,0.0,7809,702,7107,9.0,0.42,0.44,0.45,321279074,1330356253,3931,42867,1.3,233.9,3.1,2.0,56,32,0,0,0,0,0,0.0,0,0,0,0,0,0
1089.1,2026-05-16T18:34:01,0016c001f10c2ef6,6.2,3.1,3.1,0.0,7809,702,7107,9.0,0.42,0.44,0.45,321282108,1330367883,3034,11630,1.3,233.9,3.1,2.0,56,32,0,0,0,0,0,0.0,0,0,0,0,0,0
1089.5,2026-05-16T18:34:01,0016c001f10c2ef6,6.0,2.2,3.8,0.0,7809,702,7107,9.0,0.42,0.44,0.45,321285571,1330379513,3463,11630,1.3,233.9,3.1,2.0,56,32,0,0,0,0,0,0.0,0,0,0,0,0,0
1090.0,2026-05-16T18:34:02,0016c001f10c2ef6,5.6,2.1,3.6,0.0,7809,702,7107,9.0,0.38,0.43,0.45,321288605,1330391143,3034,11630,1.3,234.0,3.1,2.0,56,32,0,0,0,0,0,0.0,0,0,0,0,0,0
1090.5,2026-05-16T18:34:02,0016c001f10c2ef6,7.1,1.1,5.5,0.5,7809,702,7107,9.0,0.38,0.43,0.45,321292152,1330402773,3547,11630,1.3,233.9,3.1,2.0,56,32,0,0,0,0,0,0.0,0,0,0,0,0,0
1091.0,2026-05-16T18:34:01,0016c001f10c2ef6,8.6,2.7,5.9,0.0,7809,702,7107,9.0,0.38,0.43,0.45,321295910,1330445554,3758,42781,1.3,233.9,3.1,2.0,56,32,0,0,0,0,0,0.0,0,0,0,0,0,0
1091.6,2026-05-16T18:34:02,0016c001f10c2ef6,8.1,3.7,4.5,0.0,7809,702,7107,9.0,0.38,0.43,0.45,321298896,1330457250,2986,11696,1.3,233.9,3.1,2.0,56,32,0,0,0,0,0,0.0,0,0,0,0,0,0
1092.1,2026-05-16T18:34:02,0016c001f10c2ef6,5.7,1.0,4.7,0.0,7809,701,7108,9.0,0.38,0.43,0.45,321301878,1330468880,2982,11630,1.3,233.9,3.1,2.0,56,32,0,0,0,0,0,0.0,0,0,0,0,0,0
1092.6,2026-05-16T18:34:03,0016c001f10c2ef6,5.3,1.9,3.4,0.0,7809,701,7108,9.0,0.38,0.43,0.45,321305737,1330511661,3859,42781,1.3,233.9,3.1,2.0,56,32,0,0,0,0,0,0.0,0,0,0,0,0,0
1093.1,2026-05-16T18:34:03,0016c001f10c2ef6,6.6,2.2,4.4,0.0,7809,701,7108,9.0,0.38,0.43,0.45,321308771,1330523291,3034,11630,1.3,233.9,3.1,2.0,56,32,0,0,0,0,0,0.0,0,0,0,0,0,0
1093.6,2026-05-16T18:34:04,0016c001f10c2ef6,7.8,3.6,4.1,0.0,7809,702,7107,9.0,0.38,0.43,0.45,321311805,1330534921,3034,11630,1.3,233.9,3.1,2.0,56,32,0,0,0,0,0,0.0,0,0,0,0,0,0
1094.0,2026-05-16T18:34:04,0016c001f10c2ef6,5.7,2.1,3.6,0.0,7809,701,7108,9.0,0.38,0.43,0.45,321314891,1330546551,3086,11630,1.3,233.9,3.1,2.0,56,32,0,0,0,0,0,0.0,0,0,0,0,0,0
1094.5,2026-05-16T18:34:05,0016c001f10c2ef6,5.4,3.3,2.2,0.0,7809,701,7108,9.0,0.38,0.43,0.45,321317925,1330558181,3034,11630,1.3,233.9,3.1,2.0,56,32,0,0,0,0,0,0.0,0,0,0,0,0,0
1095.0,2026-05-16T18:34:05,0016c001f10c2ef6,6.4,2.7,3.7,0.0,7809,702,7107,9.0,0.35,0.43,0.44,321321784,1330600962,3859,42781,1.3,233.9,3.1,2.0,56,32,0,0,0,0,0,0.0,0,0,0,0,0,0
1095.4,2026-05-16T18:34:06,0016c001f10c2ef6,6.9,1.7,5.1,0.0,7809,702,7107,9.0,0.35,0.43,0.44,321324970,1330612592,3186,11630,1.3,233.9,3.1,2.0,56,32,0,0,0,0,0,0.0,0,0,0,0,0,0
1095.9,2026-05-16T18:34:06,0016c001f10c2ef6,6.5,1.8,4.8,0.0,7809,702,7107,9.0,0.35,0.43,0.44,321327956,1330624222,2986,11630,1.3,233.9,3.1,2.0,56,32,0,0,0,0,0,0.0,0,0,0,0,0,0
1096.3,2026-05-16T18:34:07,0016c001f10c2ef6,4.7,1.2,3.5,0.0,7809,702,7107,9.0,0.35,0.43,0.44,321331194,1330635918,3238,11696,1.3,233.9,3.1,2.0,56,32,0,0,0,0,0,0.0,0,0,0,0,0,0
1096.8,2026-05-16T18:34:07,0016c001f10c2ef6,9.2,3.1,6.1,0.0,7809,702,7107,9.0,0.35,0.43,0.44,321335261,1330678765,4067,42847,1.3,233.9,3.1,2.0,56,32,0,0,0,0,0,0.0,0,0,0,0,0,0
1097.3,2026-05-16T18:34:08,0016c001f10c2ef6,6.4,2.9,3.5,0.0,7809,702,7107,9.0,0.35,0.43,0.44,321338579,1330690551,3318,11786,1.3,233.9,3.1,2.0,56,32,0,0,0,0,0,0.0,0,0,0,0,0,0
1097.8,2026-05-16T18:34:08,0016c001f10c2ef6,11.5,2.9,8.6,0.0,7809,701,7108,9.0,0.35,0.43,0.44,321341617,1330702181,3038,11630,1.3,233.9,3.1,2.0,56,32,0,0,0,0,0,0.0,0,0,0,0,0,0
1098.3,2026-05-16T18:34:09,0016c001f10c2ef6,18.7,2.4,16.3,0.0,7809,701,7108,9.0,0.35,0.43,0.44,321344855,1330713811,3238,11630,1.3,233.9,3.1,2.0,56,32,0,0,0,0,0,0.0,0,0,0,0,0,0
1098.7,2026-05-16T18:34:09,0016c001f10c2ef6,18.5,1.9,16.7,0.0,7809,701,7108,9.0,0.35,0.43,0.44,321348766,1330756592,3911,42781,1.3,233.9,3.1,2.0,56,32,0,0,0,0,0,0.0,0,0,0,0,0,0
1099.1,2026-05-16T18:34:09,0016c001f10c2ef6,21.5,4.1,17.4,0.0,7809,701,7108,9.0,0.35,0.43,0.44,321351904,1330768222,3138,11630,1.3,233.9,3.1,2.0,56,32,0,0,0,0,0,0.0,0,0,0,0,0,0
1099.6,2026-05-16T18:34:10,0016c001f10c2ef6,9.5,2.4,7.1,0.0,7809,702,7107,9.0,0.35,0.43,0.44,321354942,1330779852,3038,11630,1.3,233.9,3.1,2.0,56,32,0,0,0,0,0,0.0,0,0,0,0,0,0
1100.0,2026-05-16T18:34:10,0016c001f10c2ef6,7.6,3.5,4.1,0.0,7809,703,7106,9.0,0.35,0.43,0.44,321358477,1330791560,3535,11708,1.3,233.9,3.1,2.0,56,32,0,0,0,0,0,0.0,0,0,0,0,0,0
1100.5,2026-05-16T18:34:11,0016c001f10c2ef6,8.0,3.4,4.6,0.0,7809,702,7107,9.0,0.32,0.42,0.44,321361511,1330803190,3034,11630,1.3,233.9,3.1,2.0,56,32,0,0,0,0,0,0.0,0,0,0,0,0,0
1100.9,2026-05-16T18:34:11,0016c001f10c2ef6,6.4,2.3,4.1,0.0,7809,703,7106,9.0,0.32,0.42,0.44,321365522,1330845971,4011,42781,1.3,233.9,3.1,2.0,56,32,0,0,0,0,0,0.0,0,0,0,0,0,0
1101.3,2026-05-16T18:34:12,0016c001f10c2ef6,5.2,2.3,2.9,0.0,7809,702,7107,9.0,0.32,0.42,0.44,321368508,1330857601,2986,11630,1.3,233.9,3.1,2.0,56,32,0,0,0,0,0,0.0,0,0,0,0,0,0
1101.8,2026-05-16T18:34:12,0016c001f10c2ef6,6.0,3.0,3.0,0.0,7809,703,7106,9.0,0.32,0.42,0.44,321371746,1330869231,3238,11630,1.3,233.9,3.1,2.0,56,32,0,0,0,0,0,0.0,0,0,0,0,0,0
1102.3,2026-05-16T18:34:13,0016c001f10c2ef6,7.9,2.6,4.7,0.5,7809,702,7107,9.0,0.32,0.42,0.44,321374936,1330880927,3190,11696,1.3,233.9,3.1,2.0,56,32,0,0,0,0,0,0.0,0,0,0,0,0,0
1102.8,2026-05-16T18:34:13,0016c001f10c2ef6,12.5,5.5,7.0,0.0,7809,701,7108,9.0,0.32,0.42,0.44,321378945,1330923816,4009,42889,1.3,234.0,3.1,2.0,56,32,0,0,0,0,0,0.0,0,0,0,0,0,0
1103.3,2026-05-16T18:34:14,0016c001f10c2ef6,12.0,4.7,7.3,0.0,7809,701,7108,9.0,0.32,0.42,0.44,321382083,1330935512,3138,11696,1.3,234.0,3.1,2.0,56,32,0,0,0,0,0,0.0,0,0,0,0,0,0
1103.8,2026-05-16T18:34:14,0016c001f10c2ef6,9.8,3.6,6.2,0.0,7809,702,7107,9.0,0.32,0.42,0.44,321385277,1330947274,3194,11762,1.3,234.0,3.1,2.0,56,32,0,0,0,0,0,0.0,0,0,0,0,0,0
1104.3,2026-05-16T18:34:15,0016c001f10c2ef6,5.8,1.7,4.1,0.0,7809,700,7109,9.0,0.32,0.42,0.44,321388311,1330958904,3034,11630,1.3,234.0,3.1,2.0,56,32,0,0,0,0,0,0.0,0,0,0,0,0,0
1104.8,2026-05-16T18:34:15,0016c001f10c2ef6,6.6,1.2,5.4,0.0,7809,701,7108,9.0,0.32,0.42,0.44,321392426,1331001685,4115,42781,1.3,234.0,3.1,2.0,56,32,0,0,0,0,0,0.0,0,0,0,0,0,0
1105.2,2026-05-16T18:34:16,0016c001f10c2ef6,7.2,2.4,4.8,0.0,7809,701,7108,9.0,0.32,0.42,0.44,321395412,1331013315,2986,11630,1.3,234.0,3.1,2.0,56,32,0,0,0,0,0,0.0,0,0,0,0,0,0
1105.7,2026-05-16T18:34:16,0016c001f10c2ef6,7.4,2.9,4.6,0.0,7809,700,7109,9.0,0.3,0.41,0.44,321398598,1331024945,3186,11630,1.3,234.0,3.1,2.0,56,32,0,0,0,0,0,0.0,0,0,0,0,0,0
1106.2,2026-05-16T18:34:16,0016c001f10c2ef6,6.6,3.0,3.6,0.0,7809,700,7109,9.0,0.3,0.41,0.44,321401636,1331036641,3038,11696,1.3,234.0,3.1,2.0,56,32,0,0,0,0,0,0.0,0,0,0,0,0,0
1106.6,2026-05-16T18:34:17,0016c001f10c2ef6,5.8,2.3,3.5,0.0,7809,700,7109,9.0,0.3,0.41,0.44,321404822,1331048271,3186,11630,1.3,234.0,3.1,2.0,56,32,0,0,0,0,0,0.0,0,0,0,0,0,0
1107.1,2026-05-16T18:34:17,0016c001f10c2ef6,7.3,2.4,4.9,0.0,7809,700,7109,9.0,0.3,0.41,0.44,321408785,1331091118,3963,42847,1.3,234.0,3.1,2.0,56,32,0,0,0,0,0,0.0,0,0,0,0,0,0
1107.5,2026-05-16T18:34:18,0016c001f10c2ef6,5.8,2.3,3.5,0.0,7809,700,7109,9.0,0.3,0.41,0.44,321411871,1331102748,3086,11630,1.3,234.0,3.1,2.0,56,32,0,0,0,0,0,0.0,0,0,0,0,0,0
1107.9,2026-05-16T18:34:18,0016c001f10c2ef6,8.1,3.5,4.6,0.0,7809,700,7109,9.0,0.3,0.41,0.44,321414957,1331114378,3086,11630,1.3,234.0,3.1,2.0,56,32,0,0,0,0,0,0.0,0,0,0,0,0,0
1108.4,2026-05-16T18:34:19,0016c001f10c2ef6,6.7,2.2,4.5,0.0,7809,700,7109,9.0,0.3,0.41,0.44,321418161,1331126152,3204,11774,1.3,234.0,3.1,2.0,56,32,0,0,0,0,0,0.0,0,0,0,0,0,0
1108.8,2026-05-16T18:34:19,0016c001f10c2ef6,6.4,1.8,4.7,0.0,7809,700,7109,9.0,0.3,0.41,0.44,321421864,1331137782,3703,11630,1.3,234.0,3.1,2.0,56,32,0,0,0,0,0,0.0,0,0,0,0,0,0
1109.3,2026-05-16T18:34:20,0016c001f10c2ef6,10.3,4.9,5.4,0.0,7809,702,7107,9.0,0.3,0.41,0.44,321425418,1331180629,3554,42847,1.3,234.0,3.1,2.0,56,32,0,0,0,0,0,0.0,0,0,0,0,0,0
1109.8,2026-05-16T18:34:20,0016c001f10c2ef6,10.1,3.0,7.1,0.0,7809,702,7107,9.0,0.3,0.41,0.44,321428608,1331192325,3190,11696,1.3,234.0,3.1,2.0,56,32,0,0,0,0,0,0.0,0,0,0,0,0,0
1110.3,2026-05-16T18:34:21,0016c001f10c2ef6,15.8,1.8,14.0,0.0,7809,702,7107,9.0,0.3,0.41,0.44,321432023,1331203955,3415,11630,1.3,234.0,3.1,2.0,56,32,0,0,0,0,0,0.0,0,0,0,0,0,0
1110.7,2026-05-16T18:34:21,0016c001f10c2ef6,19.4,3.0,16.4,0.0,7809,701,7108,9.0,0.35,0.42,0.44,321435209,1331215585,3186,11630,1.3,234.0,3.1,2.0,56,32,0,0,0,0,0,0.0,0,0,0,0,0,0
1111.1,2026-05-16T18:34:21,0016c001f10c2ef6,20.7,2.4,18.3,0.0,7809,701,7108,9.0,0.35,0.42,0.44,321439224,1331258432,4015,42847,1.3,233.8,3.1,2.0,56,32,0,0,0,0,0,0.0,0,0,0,0,0,0
1111.6,2026-05-16T18:34:22,0016c001f10c2ef6,15.4,2.4,13.0,0.0,7809,701,7108,9.0,0.35,0.42,0.44,321442362,1331270062,3138,11630,1.3,233.8,3.1,2.0,56,32,0,0,0,0,0,0.0,0,0,0,0,0,0
1112.0,2026-05-16T18:34:22,0016c001f10c2ef6,6.5,2.4,4.2,0.0,7809,701,7108,9.0,0.35,0.42,0.44,321445500,1331281692,3138,11630,1.3,233.8,3.1,2.0,56,32,0,0,0,0,0,0.0,0,0,0,0,0,0
1112.5,2026-05-16T18:34:23,0016c001f10c2ef6,5.8,2.3,3.5,0.0,7809,702,7107,9.0,0.35,0.42,0.44,321448538,1331293322,3038,11630,1.3,233.8,3.1,2.0,56,32,0,0,0,0,0,0.0,0,0,0,0,0,0
1113.0,2026-05-16T18:34:23,0016c001f10c2ef6,4.9,2.4,2.4,0.0,7809,702,7107,9.0,0.35,0.42,0.44,321452549,1331336103,4011,42781,1.3,233.8,3.1,2.0,56,32,0,0,0,0,0,0.0,0,0,0,0,0,0
1113.4,2026-05-16T18:34:24,0016c001f10c2ef6,7.5,2.9,4.6,0.0,7809,701,7108,9.0,0.35,0.42,0.44,321455687,1331347733,3138,11630,1.3,233.8,3.1,2.0,56,32,0,0,0,0,0,0.0,0,0,0,0,0,0
1113.9,2026-05-16T18:34:24,0016c001f10c2ef6,7.0,2.9,3.5,0.6,7809,702,7107,9.0,0.35,0.42,0.44,321458797,1331359449,3110,11716,1.3,233.8,3.1,2.0,56,32,0,0,0,0,0,0.0,0,0,0,0,0,0
1114.4,2026-05-16T18:34:25,0016c001f10c2ef6,5.6,1.1,4.5,0.0,7809,702,7107,9.0,0.35,0.42,0.44,321462087,1331371079,3290,11630,1.3,233.8,3.1,2.0,56,32,0,0,0,0,0,0.0,0,0,0,0,0,0
1114.8,2026-05-16T18:34:25,0016c001f10c2ef6,6.0,2.4,3.6,0.0,7809,702,7107,9.0,0.35,0.42,0.44,321465225,1331382709,3138,11630,1.3,233.8,3.1,2.0,56,32,0,0,0,0,0,0.0,0,0,0,0,0,0
1115.3,2026-05-16T18:34:26,0016c001f10c2ef6,11.3,4.1,7.2,0.0,7809,702,7107,9.0,0.35,0.42,0.44,321469244,1331425556,4019,42847,1.3,233.8,3.1,2.0,56,32,0,0,0,0,0,0.0,0,0,0,0,0,0
1115.8,2026-05-16T18:34:26,0016c001f10c2ef6,6.3,2.3,4.0,0.0,7809,701,7108,9.0,0.33,0.41,0.44,321472330,1331437186,3086,11630,1.3,233.8,3.1,2.0,56,32,0,0,0,0,0,0.0,0,0,0,0,0,0
1116.2,2026-05-16T18:34:27,0016c001f10c2ef6,8.6,4.6,4.0,0.0,7809,702,7107,9.0,0.33,0.41,0.44,321475620,1331449499,3290,12313,1.3,233.8,3.1,2.0,56,32,0,0,0,0,0,0.0,0,0,0,0,0,0
1116.7,2026-05-16T18:34:27,0016c001f10c2ef6,6.1,2.2,3.9,0.0,7809,701,7108,9.0,0.33,0.41,0.44,321478704,1331462711,3084,13212,1.3,233.8,3.1,2.0,56,32,0,0,0,0,0,0.0,0,0,0,0,0,0
1117.1,2026-05-16T18:34:27,0016c001f10c2ef6,5.6,1.7,4.0,0.0,7809,700,7109,9.0,0.33,0.41,0.44,321482667,1331505492,3963,42781,1.3,233.9,3.1,2.0,56,32,0,0,0,0,0,0.0,0,0,0,0,0,0
1117.6,2026-05-16T18:34:28,0016c001f10c2ef6,7.6,3.8,3.8,0.0,7809,700,7109,9.0,0.33,0.41,0.44,321485905,1331517122,3238,11630,1.3,233.9,3.1,2.0,56,32,0,0,0,0,0,0.0,0,0,0,0,0,0
1118.0,2026-05-16T18:34:28,0016c001f10c2ef6,6.9,3.4,3.4,0.0,7809,701,7108,9.0,0.33,0.41,0.44,321489043,1331528752,3138,11630,1.3,233.9,3.1,2.0,56,32,0,0,0,0,0,0.0,0,0,0,0,0,0
1118.5,2026-05-16T18:34:29,0016c001f10c2ef6,7.4,2.8,4.5,0.0,7809,701,7108,9.0,0.33,0.41,0.44,321492129,1331540382,3086,11630,1.3,233.9,3.1,2.0,56,32,0,0,0,0,0,0.0,0,0,0,0,0,0
1118.9,2026-05-16T18:34:29,0016c001f10c2ef6,5.7,2.3,3.4,0.0,7809,702,7107,9.0,0.33,0.41,0.44,321495215,1331552012,3086,11630,1.3,233.9,3.1,2.0,56,32,0,0,0,0,0,0.0,0,0,0,0,0,0
1119.4,2026-05-16T18:34:30,0016c001f10c2ef6,8.5,2.8,4.5,1.1,7809,702,7107,9.0,0.33,0.41,0.44,321499078,1331594793,3863,42781,1.3,233.9,3.1,2.0,56,32,0,0,0,0,0,0.0,0,0,0,0,0,0
1119.8,2026-05-16T18:34:30,0016c001f10c2ef6,6.1,2.8,3.4,0.0,7809,702,7107,9.0,0.33,0.41,0.44,321502216,1331606489,3138,11696,1.3,233.9,3.1,2.0,56,32,0,0,0,0,0,0.0,0,0,0,0,0,0
1120.3,2026-05-16T18:34:31,0016c001f10c2ef6,5.2,1.7,3.5,0.0,7809,701,7108,9.0,0.33,0.41,0.44,321505454,1331618119,3238,11630,1.3,233.9,3.1,2.0,56,32,0,0,0,0,0,0.0,0,0,0,0,0,0
1120.8,2026-05-16T18:34:31,0016c001f10c2ef6,10.3,4.1,6.2,0.0,7809,701,7108,9.0,0.33,0.41,0.44,321508969,1331629881,3515,11762,1.3,233.9,3.1,2.0,56,32,0,0,0,0,0,0.0,0,0,0,0,0,0
1121.3,2026-05-16T18:34:32,0016c001f10c2ef6,6.2,2.3,4.0,0.0,7809,701,7108,9.0,0.3,0.41,0.44,321512780,1331672662,3811,42781,1.3,234.0,3.1,2.0,56,32,0,0,0,0,0,0.0,0,0,0,0,0,0
1121.8,2026-05-16T18:34:32,0016c001f10c2ef6,5.8,1.2,4.7,0.0,7809,700,7109,9.0,0.3,0.41,0.44,321516070,1331684292,3290,11630,1.3,234.0,3.1,2.0,56,32,0,0,0,0,0,0.0,0,0,0,0,0,0
1122.3,2026-05-16T18:34:33,0016c001f10c2ef6,11.5,2.9,8.6,0.0,7809,700,7109,9.0,0.3,0.41,0.44,321519156,1331695922,3086,11630,1.3,234.0,3.1,2.0,56,32,0,0,0,0,0,0.0,0,0,0,0,0,0
1122.7,2026-05-16T18:34:33,0016c001f10c2ef6,19.3,3.0,16.3,0.0,7809,700,7109,9.0,0.3,0.41,0.44,321522194,1331707552,3038,11630,1.3,234.0,3.1,2.0,56,32,0,0,0,0,0,0.0,0,0,0,0,0,0
1123.2,2026-05-16T18:34:32,0016c001f10c2ef6,19.2,2.8,16.4,0.0,7809,702,7107,9.0,0.3,0.41,0.44,321526053,1331750333,3859,42781,1.3,234.0,3.1,2.0,56,32,0,0,0,0,0,0.0,0,0,0,0,0,0
1123.7,2026-05-16T18:34:33,0016c001f10c2ef6,19.4,2.2,17.2,0.0,7809,702,7107,9.0,0.3,0.41,0.44,321529191,1331761963,3138,11630,1.3,233.9,3.1,2.0,56,32,0,0,0,0,0,0.0,0,0,0,0,0,0
1124.1,2026-05-16T18:34:33,0016c001f10c2ef6,8.3,2.2,6.1,0.0,7809,702,7107,9.0,0.3,0.41,0.44,321532225,1331773593,3034,11630,1.3,233.9,3.1,2.0,56,32,0,0,0,0,0,0.0,0,0,0,0,0,0
1124.6,2026-05-16T18:34:34,0016c001f10c2ef6,5.9,1.6,4.3,0.0,7809,702,7107,9.0,0.3,0.41,0.44,321535469,1331785499,3244,11906,1.3,233.9,3.1,2.0,56,32,0,0,0,0,0,0.0,0,0,0,0,0,0
1125.1,2026-05-16T18:34:34,0016c001f10c2ef6,5.5,2.2,3.3,0.0,7809,702,7107,9.0,0.3,0.41,0.44,321538503,1331797129,3034,11630,1.3,233.9,3.1,2.0,56,32,0,0,0,0,0,0.0,0,0,0,0,0,0
1125.5,2026-05-16T18:34:35,0016c001f10c2ef6,6.5,2.2,4.3,0.0,7809,702,7107,9.0,0.3,0.41,0.44,321542310,1331839910,3807,42781,1.3,233.9,3.1,2.0,56,32,0,0,0,0,0,0.0,0,0,0,0,0,0
1126.0,2026-05-16T18:34:35,0016c001f10c2ef6,6.7,2.6,4.1,0.0,7809,702,7107,9.0,0.36,0.42,0.44,321545704,1331851540,3394,11630,1.3,233.9,3.1,2.0,56,32,0,0,0,0,0,0.0,0,0,0,0,0,0
1126.6,2026-05-16T18:34:36,0016c001f10c2ef6,10.7,4.1,6.2,0.4,7809,702,7107,9.0,0.36,0.42,0.44,321548794,1331865110,3090,13570,1.3,233.9,3.1,2.0,56,32,0,0,0,0,0,0.0,0,0,0,0,0,0
1127.1,2026-05-16T18:34:36,0016c001f10c2ef6,6.8,2.6,4.2,0.0,7809,701,7108,9.0,0.36,0.42,0.44,321552751,1331909937,3957,44827,1.3,234.0,3.1,2.0,56,32,0,0,0,0,0,0.0,0,0,0,0,0,0
1127.6,2026-05-16T18:34:37,0016c001f10c2ef6,7.7,2.1,5.6,0.0,7809,702,7107,9.0,0.36,0.42,0.44,321555837,1331921567,3086,11630,1.3,234.0,3.1,2.0,56,32,0,0,0,0,0,0.0,0,0,0,0,0,0
1128.1,2026-05-16T18:34:37,0016c001f10c2ef6,4.7,2.6,2.1,0.0,7809,701,7108,9.0,0.36,0.42,0.44,321558999,1331933353,3162,11786,1.3,234.0,3.1,2.0,56,32,0,0,0,0,0,0.0,0,0,0,0,0,0
1128.6,2026-05-16T18:34:38,0016c001f10c2ef6,6.6,3.0,3.5,0.0,7809,701,7108,9.0,0.36,0.42,0.44,321562033,1331944983,3034,11630,1.3,234.0,3.1,2.0,56,32,0,0,0,0,0,0.0,0,0,0,0,0,0
1129.1,2026-05-16T18:34:38,0016c001f10c2ef6,5.7,1.0,4.6,0.0,7809,702,7107,9.0,0.36,0.42,0.44,321565015,1331956679,2982,11696,1.3,234.0,3.1,2.0,56,32,0,0,0,0,0,0.0,0,0,0,0,0,0
1129.6,2026-05-16T18:34:39,0016c001f10c2ef6,7.5,2.5,5.0,0.0,7809,701,7108,9.0,0.36,0.42,0.44,321568926,1331999516,3911,42837,1.3,234.0,3.1,2.0,56,32,0,0,0,0,0,0.0,0,0,0,0,0,0
1130.1,2026-05-16T18:34:39,0016c001f10c2ef6,5.5,1.7,3.9,0.0,7809,701,7108,9.0,0.36,0.42,0.44,321571960,1332011146,3034,11630,1.3,234.0,3.1,2.0,56,32,0,0,0,0,0,0.0,0,0,0,0,0,0
1130.6,2026-05-16T18:34:40,0016c001f10c2ef6,5.9,2.7,3.2,0.0,7809,702,7107,9.0,0.36,0.42,0.44,321574942,1332022776,2982,11630,1.3,234.0,3.1,2.0,56,32,0,0,0,0,0,0.0,0,0,0,0,0,0
1131.1,2026-05-16T18:34:40,0016c001f10c2ef6,5.5,2.0,3.5,0.0,7809,701,7108,9.0,0.36,0.42,0.44,321578457,1332034406,3515,11630,1.3,234.0,3.1,2.0,56,32,0,0,0,0,0,0.0,0,0,0,0,0,0
1131.6,2026-05-16T18:34:41,0016c001f10c2ef6,5.5,2.2,3.3,0.0,7809,701,7108,9.0,0.33,0.41,0.44,321582520,1332077243,4063,42837,1.3,234.0,3.1,2.0,56,32,0,0,0,0,0,0.0,0,0,0,0,0,0
1132.2,2026-05-16T18:34:41,0016c001f10c2ef6,9.7,4.9,4.9,0.0,7809,702,7107,9.0,0.33,0.41,0.44,321585658,1332088939,3138,11696,1.3,234.0,3.1,2.0,56,32,0,0,0,0,0,0.0,0,0,0,0,0,0
1132.7,2026-05-16T18:34:42,0016c001f10c2ef6,7.7,2.9,4.8,0.0,7809,702,7107,9.0,0.33,0.41,0.44,321588900,1332100635,3242,11696,1.3,234.0,3.1,2.0,56,32,0,0,0,0,0,0.0,0,0,0,0,0,0
1133.2,2026-05-16T18:34:42,0016c001f10c2ef6,9.5,3.8,5.7,0.0,7809,702,7107,9.0,0.33,0.41,0.44,321592571,1332122759,3671,22124,1.3,234.0,3.1,2.0,56,32,0,0,0,0,0,0.0,0,0,0,0,0,0
1133.7,2026-05-16T18:34:43,0016c001f10c2ef6,7.4,3.2,4.2,0.0,7809,702,7107,9.0,0.33,0.41,0.44,321595973,1332155246,3402,32487,1.3,234.0,3.1,2.0,56,32,0,0,0,0,0,0.0,0,0,0,0,0,0
1134.2,2026-05-16T18:34:43,0016c001f10c2ef6,6.1,2.8,3.3,0.0,7809,703,7106,9.0,0.33,0.41,0.44,321599007,1332166876,3034,11630,1.3,234.0,3.1,2.0,56,32,0,0,0,0,0,0.0,0,0,0,0,0,0
1134.7,2026-05-16T18:34:44,0016c001f10c2ef6,20.0,2.2,17.8,0.0,7809,703,7106,9.0,0.33,0.41,0.44,321602093,1332178506,3086,11630,1.3,234.0,3.1,2.0,56,32,0,0,0,0,0,0.0,0,0,0,0,0,0
1135.1,2026-05-16T18:34:44,0016c001f10c2ef6,18.2,1.7,16.6,0.0,7809,703,7106,9.0,0.33,0.41,0.44,321605179,1332190136,3086,11630,1.3,234.0,3.1,2.0,56,32,0,0,0,0,0,0.0,0,0,0,0,0,0
1135.6,2026-05-16T18:34:45,0016c001f10c2ef6,20.3,3.8,16.5,0.0,7809,703,7106,9.0,0.33,0.41,0.44,321608986,1332232973,3807,42837,1.3,234.0,3.1,2.0,56,32,0,0,0,0,0,0.0,0,0,0,0,0,0
1136.1,2026-05-16T18:34:45,0016c001f10c2ef6,9.6,2.1,6.9,0.5,7809,703,7106,9.0,0.33,0.41,0.44,321612020,1332244603,3034,11630,1.3,234.0,3.1,2.0,56,32,0,0,0,0,0,0.0,0,0,0,0,0,0
1136.6,2026-05-16T18:34:46,0016c001f10c2ef6,5.7,1.1,4.6,0.0,7809,703,7106,9.0,0.3,0.4,0.43,321615054,1332256233,3034,11630,1.3,234.0,3.1,2.0,56,32,0,0,0,0,0,0.0,0,0,0,0,0,0
1137.1,2026-05-16T18:34:46,0016c001f10c2ef6,7.0,2.7,4.3,0.0,7809,703,7106,9.0,0.3,0.4,0.43,321618088,1332267863,3034,11630,1.3,234.0,3.1,2.0,56,32,0,0,0,0,0,0.0,0,0,0,0,0,0
1137.6,2026-05-16T18:34:47,0016c001f10c2ef6,6.1,2.0,4.1,0.0,7809,703,7106,9.0,0.3,0.4,0.43,321621947,1332310700,3859,42837,1.3,234.0,3.1,2.0,56,32,0,0,0,0,0,0.0,0,0,0,0,0,0
1138.1,2026-05-16T18:34:47,0016c001f10c2ef6,5.3,2.1,3.2,0.0,7809,702,7107,9.0,0.3,0.4,0.43,321625053,1332322416,3106,11716,1.3,234.0,3.1,2.0,56,32,0,0,0,0,0,0.0,0,0,0,0,0,0
1138.7,2026-05-16T18:34:48,0016c001f10c2ef6,9.4,3.0,6.4,0.0,7809,702,7107,9.0,0.3,0.4,0.43,321628291,1332334112,3238,11696,1.3,234.0,3.1,2.0,59,34,3,2,0,0,0,0.0,0,0,0,0,0,0
1139.3,2026-05-16T18:34:48,0016c001f10c2ef6,8.5,2.8,5.7,0.0,7809,702,7107,9.0,0.3,0.4,0.43,321631277,1332345809,2986,11697,1.3,234.0,3.1,2.0,59,34,0,0,0,0,0,0.0,0,0,0,0,0,0
1139.8,2026-05-16T18:34:49,0016c001f10c2ef6,7.7,1.6,6.0,0.0,7809,702,7107,9.0,0.3,0.4,0.43,321635240,1332388647,3963,42838,1.3,234.0,3.1,2.0,59,34,0,0,0,0,0,0.0,0,0,0,0,0,0
1140.3,2026-05-16T18:34:49,0016c001f10c2ef6,6.0,1.6,4.4,0.0,7809,702,7107,9.0,0.3,0.4,0.43,321638274,1332400278,3034,11631,1.3,234.0,3.1,2.0,59,34,0,0,0,0,0,0.0,0,0,0,0,0,0
1140.7,2026-05-16T18:34:50,0016c001f10c2ef6,6.9,3.2,3.7,0.0,7809,701,7108,9.0,0.3,0.4,0.43,321641308,1332411909,3034,11631,1.3,234.0,3.1,2.0,59,34,0,0,0,0,0,0.0,0,0,0,0,0,0
1141.2,2026-05-16T18:34:50,0016c001f10c2ef6,5.2,2.1,3.1,0.0,7809,701,7108,9.0,0.3,0.4,0.43,321644823,1332423540,3515,11631,1.3,234.0,3.1,2.0,59,34,0,0,0,0,0,0.0,0,0,0,0,0,0
1141.7,2026-05-16T18:34:51,0016c001f10c2ef6,6.4,3.2,3.2,0.0,7809,701,7108,9.0,0.28,0.4,0.43,321648786,1332466378,3963,42838,1.3,234.0,3.1,2.0,59,34,0,0,0,0,0,0.0,0,0,0,0,0,0
1142.2,2026-05-16T18:34:51,0016c001f10c2ef6,4.8,1.1,3.8,0.0,7809,701,7108,9.0,0.28,0.4,0.43,321651820,1332478009,3034,11631,1.3,234.0,3.1,2.0,59,34,0,0,0,0,0,0.0,0,0,0,0,0,0
1142.7,2026-05-16T18:34:52,0016c001f10c2ef6,5.7,2.1,3.6,0.0,7809,701,7108,9.0,0.28,0.4,0.43,321654854,1332489640,3034,11631,1.3,234.0,3.1,2.0,59,34,0,0,0,0,0,0.0,0,0,0,0,0,0
1143.1,2026-05-16T18:34:52,0016c001f10c2ef6,5.4,2.2,3.2,0.0,7809,700,7109,9.0,0.28,0.4,0.43,321657888,1332501271,3034,11631,1.3,234.0,3.1,2.0,59,34,0,0,0,0,0,0.0,0,0,0,0,0,0
1143.6,2026-05-16T18:34:53,0016c001f10c2ef6,5.6,1.1,4.5,0.0,7809,700,7109,9.0,0.28,0.4,0.43,321661799,1332544109,3911,42838,1.3,234.0,3.1,2.0,59,34,0,0,0,0,0,0.0,0,0,0,0,0,0
1144.1,2026-05-16T18:34:53,0016c001f10c2ef6,5.4,1.1,4.3,0.0,7809,700,7109,9.0,0.28,0.4,0.43,321665037,1332555740,3238,11631,1.3,234.0,3.1,2.0,59,34,0,0,0,0,0,0.0,0,0,0,0,0,0
1144.6,2026-05-16T18:34:54,0016c001f10c2ef6,8.0,3.3,4.7,0.0,7809,702,7107,9.0,0.28,0.4,0.43,321668023,1332567437,2986,11697,1.3,234.0,3.1,2.0,59,34,0,0,0,0,0,0.0,0,0,0,0,0,0
1145.1,2026-05-16T18:34:54,0016c001f10c2ef6,6.6,1.6,4.9,0.0,7809,702,7107,9.0,0.28,0.4,0.43,321671057,1332579068,3034,11631,1.3,234.0,3.1,2.0,59,34,0,0,0,0,0,0.0,0,0,0,0,0,0
1145.6,2026-05-16T18:34:55,0016c001f10c2ef6,5.9,1.6,4.3,0.0,7809,702,7107,9.0,0.28,0.4,0.43,321675020,1332621906,3963,42838,1.3,234.0,3.1,2.0,59,34,0,0,0,0,0,0.0,0,0,0,0,0,0
1146.1,2026-05-16T18:34:55,0016c001f10c2ef6,6.7,2.8,3.9,0.0,7809,702,7107,9.0,0.28,0.4,0.43,321678002,1332633537,2982,11631,1.3,234.0,3.1,2.0,59,34,0,0,0,0,0,0.0,0,0,0,0,0,0
1146.7,2026-05-16T18:34:56,0016c001f10c2ef6,11.1,1.6,9.5,0.0,7809,701,7108,9.0,0.28,0.4,0.43,321681088,1332645168,3086,11631,1.3,234.0,3.1,2.0,59,34,0,0,0,0,0,0.0,0,0,0,0,0,0
1147.2,2026-05-16T18:34:56,0016c001f10c2ef6,18.8,1.6,17.2,0.0,7809,701,7108,9.0,0.33,0.41,0.44,321684174,1332656799,3086,11631,1.3,234.0,3.1,2.0,59,34,0,0,0,0,0,0.0,0,0,0,0,0,0
1147.7,2026-05-16T18:34:57,0016c001f10c2ef6,19.8,1.6,18.2,0.0,7809,702,7107,9.0,0.33,0.41,0.44,321688137,1332699637,3963,42838,1.3,234.0,3.1,2.0,59,34,0,0,0,0,0,0.0,0,0,0,0,0,0
1148.2,2026-05-16T18:34:57,0016c001f10c2ef6,17.8,2.2,15.0,0.6,7809,702,7107,9.0,0.33,0.41,0.44,321691171,1332711268,3034,11631,1.3,234.0,3.1,2.0,59,34,0,0,0,0,0,0.0,0,0,0,0,0,0
1148.7,2026-05-16T18:34:58,0016c001f10c2ef6,5.7,2.1,3.6,0.0,7809,702,7107,9.0,0.33,0.41,0.44,321694205,1332722899,3034,11631,1.3,234.0,3.1,2.0,59,34,0,0,0,0,0,0.0,0,0,0,0,0,0
1149.2,2026-05-16T18:34:58,0016c001f10c2ef6,5.8,2.1,3.7,0.0,7809,702,7107,9.0,0.33,0.41,0.44,321697135,1332734530,2930,11631,1.3,234.0,3.1,2.0,59,34,0,0,0,0,0,0.0,0,0,0,0,0,0
1149.6,2026-05-16T18:34:59,0016c001f10c2ef6,5.9,2.2,3.8,0.0,7809,702,7107,9.0,0.33,0.41,0.44,321701166,1332777446,4031,42916,1.3,234.0,3.1,2.0,59,34,0,0,0,0,0,0.0,0,0,0,0,0,0
1150.1,2026-05-16T18:34:59,0016c001f10c2ef6,10.7,3.9,6.8,0.0,7809,701,7108,9.0,0.33,0.41,0.44,321704304,1332789143,3138,11697,1.3,234.0,3.1,2.0,59,34,0,0,0,0,0,0.0,0,0,0,0,0,0
1150.6,2026-05-16T18:35:00,0016c001f10c2ef6,6.3,2.9,3.4,0.0,7809,702,7107,9.0,0.33,0.41,0.44,321707290,1332800774,2986,11631,1.3,234.0,3.1,2.0,59,34,0,0,0,0,0,0.0,0,0,0,0,0,0
1151.0,2026-05-16T18:35:00,0016c001f10c2ef6,5.7,1.7,4.0,0.0,7809,701,7108,9.0,0.33,0.41,0.44,321710376,1332812405,3086,11631,1.3,234.0,3.1,2.0,59,34,0,0,0,0,0,0.0,0,0,0,0,0,0
1151.5,2026-05-16T18:35:01,0016c001f10c2ef6,6.9,2.9,4.0,0.0,7809,701,7108,9.0,0.33,0.41,0.44,321713991,1332824036,3615,11631,1.3,234.0,3.1,2.0,59,34,0,0,0,0,0,0.0,0,0,0,0,0,0
1151.9,2026-05-16T18:35:01,0016c001f10c2ef6,7.4,2.3,5.1,0.0,7809,701,7108,9.0,0.39,0.42,0.44,321717906,1332866874,3915,42838,1.3,234.0,3.1,2.0,59,34,0,0,0,0,0,0.0,0,0,0,0,0,0
1152.4,2026-05-16T18:35:02,0016c001f10c2ef6,6.2,3.4,2.8,0.0,7809,702,7107,9.0,0.39,0.42,0.44,321721092,1332878505,3186,11631,1.3,234.0,3.1,2.0,59,34,0,0,0,0,0,0.0,0,0,0,0,0,0
1152.8,2026-05-16T18:35:02,0016c001f10c2ef6,6.0,2.4,3.6,0.0,7809,701,7108,9.0,0.39,0.42,0.44,321724182,1332890136,3090,11631,1.3,234.0,3.1,2.0,59,34,0,0,0,0,0,0.0,0,0,0,0,0,0
1153.2,2026-05-16T18:35:02,0016c001f10c2ef6,5.7,1.7,4.0,0.0,7809,702,7107,9.0,0.39,0.42,0.44,321727372,1332901833,3190,11697,1.3,234.0,3.1,2.0,59,34,0,0,0,0,0,0.0,0,0,0,0,0,0
1153.7,2026-05-16T18:35:03,0016c001f10c2ef6,6.2,1.7,4.5,0.0,7809,701,7108,9.0,0.39,0.42,0.44,321731539,1332944671,4167,42838,1.3,234.0,3.1,2.0,59,34,0,0,0,0,0,0.0,0,0,0,0,0,0
1154.2,2026-05-16T18:35:03,0016c001f10c2ef6,7.8,1.8,6.0,0.0,7809,701,7108,9.0,0.39,0.42,0.44,321734525,1332956302,2986,11631,1.3,234.0,3.1,2.0,59,34,0,0,0,0,0,0.0,0,0,0,0,0,0
1154.6,2026-05-16T18:35:04,0016c001f10c2ef6,7.0,1.8,5.3,0.0,7809,701,7108,9.0,0.39,0.42,0.44,321737711,1332967933,3186,11631,1.3,234.0,3.1,2.0,59,34,0,0,0,0,0,0.0,0,0,0,0,0,0
1155.1,2026-05-16T18:35:04,0016c001f10c2ef6,7.1,2.4,4.8,0.0,7809,701,7108,9.0,0.39,0.42,0.44,321740849,1332979564,3138,11631,1.3,234.0,3.1,2.0,59,34,0,0,0,0,0,0.0,0,0,0,0,0,0
1155.6,2026-05-16T18:35:04,0016c001f10c2ef6,10.1,3.7,6.3,0.0,7809,701,7108,9.0,0.39,0.42,0.44,321744608,1333022468,3759,42904,1.3,234.0,3.1,2.0,59,34,0,0,0,0,0,0.0,0,0,0,0,0,0
1156.1,2026-05-16T18:35:04,0016c001f10c2ef6,8.1,3.5,4.7,0.0,7809,701,7108,9.0,0.39,0.42,0.44,321747954,1333034099,3346,11631,1.3,234.0,3.1,2.0,59,34,0,0,0,0,0,0.0,0,0,0,0,0,0
1156.6,2026-05-16T18:35:05,0016c001f10c2ef6,6.5,3.6,3.0,0.0,7809,701,7108,9.0,0.39,0.42,0.44,321750988,1333045730,3034,11631,1.3,234.0,3.1,2.0,59,34,0,0,0,0,0,0.0,0,0,0,0,0,0
1157.0,2026-05-16T18:35:05,0016c001f10c2ef6,5.5,1.8,3.6,0.0,7809,701,7108,9.0,0.39,0.42,0.44,321754022,1333057361,3034,11631,1.3,234.0,3.1,2.0,59,34,0,0,0,0,0,0.0,0,0,0,0,0,0
1157.4,2026-05-16T18:35:06,0016c001f10c2ef6,5.4,1.2,4.2,0.0,7809,702,7107,9.0,0.44,0.43,0.44,321757364,1333068992,3342,11631,1.3,234.0,3.1,2.0,59,34,0,0,0,0,0,0.0,0,0,0,0,0,0
1157.9,2026-05-16T18:35:06,0016c001f10c2ef6,7.6,4.1,3.5,0.0,7809,701,7108,9.0,0.44,0.43,0.44,321761403,1333111974,4039,42982,1.3,234.0,3.1,2.0,59,34,0,0,0,0,0,0.0,0,0,0,0,0,0
1158.3,2026-05-16T18:35:06,0016c001f10c2ef6,6.4,1.7,4.7,0.0,7809,701,7108,9.0,0.44,0.43,0.44,321764437,1333123605,3034,11631,1.3,234.0,3.1,2.0,59,34,0,0,0,0,0,0.0,0,0,0,0,0,0
1158.7,2026-05-16T18:35:07,0016c001f10c2ef6,7.6,2.3,5.3,0.0,7809,701,7108,9.0,0.44,0.43,0.44,321767727,1333135302,3290,11697,1.3,234.0,3.1,2.0,59,34,0,0,0,0,0,0.0,0,0,0,0,0,0
1159.2,2026-05-16T18:35:07,0016c001f10c2ef6,18.9,1.8,17.2,0.0,7809,701,7108,9.0,0.44,0.43,0.44,321770817,1333146933,3090,11631,1.3,234.0,3.1,2.0,59,34,0,0,0,0,0,0.0,0,0,0,0,0,0
1159.6,2026-05-16T18:35:08,0016c001f10c2ef6,20.1,3.0,17.1,0.0,7809,702,7107,9.0,0.44,0.43,0.44,321773927,1333158720,3110,11787,1.3,234.0,3.1,2.0,59,34,0,0,0,0,0,0.0,0,0,0,0,0,0
1160.1,2026-05-16T18:35:08,0016c001f10c2ef6,20.5,1.8,18.7,0.0,7809,702,7107,9.0,0.44,0.43,0.44,321777890,1333201558,3963,42838,1.3,234.0,3.1,2.0,59,34,0,0,0,0,0,0.0,0,0,0,0,0,0
1160.5,2026-05-16T18:35:09,0016c001f10c2ef6,11.4,3.0,8.4,0.0,7809,702,7107,9.0,0.44,0.43,0.44,321781128,1333213255,3238,11697,1.3,234.0,3.1,2.0,59,34,0,0,0,0,0,0.0,0,0,0,0,0,0
1161.0,2026-05-16T18:35:09,0016c001f10c2ef6,10.4,4.5,6.0,0.0,7809,700,7109,9.0,0.44,0.43,0.44,321784214,1333224952,3086,11697,1.3,234.0,3.1,2.0,59,34,0,0,0,0,0,0.0,0,0,0,0,0,0
1161.5,2026-05-16T18:35:10,0016c001f10c2ef6,9.7,3.1,6.6,0.0,7809,700,7109,9.0,0.44,0.43,0.44,321787352,1333236649,3138,11697,1.3,234.0,3.1,2.0,59,34,0,0,0,0,0,0.0,0,0,0,0,0,0
1161.9,2026-05-16T18:35:10,0016c001f10c2ef6,8.2,2.9,5.3,0.0,7809,700,7109,9.0,0.44,0.43,0.44,321791692,1333279487,4340,42838,1.3,234.0,3.1,2.0,59,34,0,0,0,0,0,0.0,0,0,0,0,0,0
1162.4,2026-05-16T18:35:11,0016c001f10c2ef6,6.4,1.2,5.2,0.0,7809,700,7109,9.0,0.4,0.42,0.44,321794778,1333291118,3086,11631,1.3,234.0,3.1,2.0,59,34,0,0,0,0,0,0.0,0,0,0,0,0,0
1162.9,2026-05-16T18:35:11,0016c001f10c2ef6,6.5,2.4,4.1,0.0,7809,700,7109,9.0,0.4,0.42,0.44,321797816,1333302749,3038,11631,1.3,234.0,3.1,2.0,59,34,0,0,0,0,0,0.0,0,0,0,0,0,0
1163.4,2026-05-16T18:35:12,0016c001f10c2ef6,6.3,1.7,4.6,0.0,7809,699,7110,9.0,0.4,0.42,0.44,321801230,1333314466,3414,11717,1.3,234.0,3.1,2.0,59,34,0,0,0,0,0,0.0,0,0,0,0,0,0
1163.9,2026-05-16T18:35:12,0016c001f10c2ef6,6.2,2.8,3.4,0.0,7809,699,7110,9.0,0.4,0.42,0.44,321805145,1333357304,3915,42838,1.3,234.0,3.1,2.0,59,34,0,0,0,0,0,0.0,0,0,0,0,0,0
1164.3,2026-05-16T18:35:12,0016c001f10c2ef6,7.6,3.5,4.1,0.0,7809,700,7109,9.0,0.4,0.42,0.44,321808383,1333368935,3238,11631,1.3,234.0,3.1,2.0,59,34,0,0,0,0,0,0.0,0,0,0,0,0,0
1164.8,2026-05-16T18:35:13,0016c001f10c2ef6,6.9,1.1,5.7,0.0,7809,700,7109,9.0,0.4,0.42,0.44,321811515,1333380608,3132,11673,1.3,234.0,3.1,2.0,59,34,0,0,0,0,0,0.0,0,0,0,0,0,0
1165.3,2026-05-16T18:35:13,0016c001f10c2ef6,9.3,5.2,4.1,0.0,7809,700,7109,9.0,0.4,0.42,0.44,321814601,1333392239,3086,11631,1.3,234.0,3.1,2.0,59,34,0,0,0,0,0,0.0,0,0,0,0,0,0
1165.7,2026-05-16T18:35:14,0016c001f10c2ef6,5.7,1.7,3.4,0.6,7809,699,7110,9.0,0.4,0.42,0.44,321817639,1333403870,3038,11631,1.3,234.0,3.1,2.0,59,34,0,0,0,0,0,0.0,0,0,0,0,0,0
1166.1,2026-05-16T18:35:14,0016c001f10c2ef6,7.0,2.3,4.7,0.0,7809,699,7110,9.0,0.4,0.42,0.44,321821806,1333446708,4167,42838,1.3,234.0,3.1,2.0,59,34,0,0,0,0,0,0.0,0,0,0,0,0,0
1166.6,2026-05-16T18:35:15,0016c001f10c2ef6,6.7,2.2,3.9,0.6,7809,699,7110,9.0,0.4,0.42,0.44,321824944,1333458339,3138,11631,1.3,234.0,3.1,2.0,59,34,0,0,0,0,0,0.0,0,0,0,0,0,0
1167.1,2026-05-16T18:35:15,0016c001f10c2ef6,9.9,3.5,6.4,0.0,7809,700,7109,9.0,0.4,0.42,0.44,321828034,1333470036,3090,11697,1.3,234.0,3.1,2.0,59,34,0,0,0,0,0,0.0,0,0,0,0,0,0
1167.5,2026-05-16T18:35:16,0016c001f10c2ef6,6.0,2.4,3.6,0.0,7809,701,7108,9.0,0.37,0.41,0.44,321831172,1333481733,3138,11697,1.3,234.0,3.1,2.0,59,34,0,0,0,0,0,0.0,0,0,0,0,0,0
1168.0,2026-05-16T18:35:16,0016c001f10c2ef6,6.5,1.8,4.7,0.0,7809,700,7109,9.0,0.37,0.41,0.44,321835343,1333524571,4171,42838,1.3,234.0,3.1,2.0,59,34,0,0,0,0,0,0.0,0,0,0,0,0,0
1168.4,2026-05-16T18:35:17,0016c001f10c2ef6,7.7,3.0,4.1,0.6,7809,701,7108,9.0,0.37,0.41,0.44,321838477,1333536202,3134,11631,1.3,234.0,3.1,2.0,59,34,0,0,0,0,0,0.0,0,0,0,0,0,0
1168.8,2026-05-16T18:35:17,0016c001f10c2ef6,7.5,2.9,4.6,0.0,7809,701,7108,9.0,0.37,0.41,0.44,321841515,1333547899,3038,11697,1.3,234.0,3.1,2.0,59,34,0,0,0,0,0,0.0,0,0,0,0,0,0
1169.3,2026-05-16T18:35:17,0016c001f10c2ef6,6.2,1.1,5.1,0.0,7809,701,7108,9.0,0.37,0.41,0.44,321844649,1333559530,3134,11631,1.3,234.0,3.1,2.0,59,34,0,0,0,0,0,0.0,0,0,0,0,0,0
1169.7,2026-05-16T18:35:18,0016c001f10c2ef6,7.3,4.0,3.4,0.0,7809,701,7108,9.0,0.37,0.41,0.44,321847583,1333571161,2934,11631,1.3,234.0,3.1,2.0,59,34,0,0,0,0,0,0.0,0,0,0,0,0,0
1170.2,2026-05-16T18:35:18,0016c001f10c2ef6,6.4,2.9,3.5,0.0,7809,700,7109,9.0,0.37,0.41,0.44,321851598,1333613999,4015,42838,1.3,233.9,3.1,2.0,59,34,0,0,0,0,0,0.0,0,0,0,0,0,0
1170.7,2026-05-16T18:35:19,0016c001f10c2ef6,7.4,2.8,4.5,0.0,7809,700,7109,9.0,0.37,0.41,0.44,321854784,1333625630,3186,11631,1.3,233.9,3.1,2.0,59,34,0,0,0,0,0,0.0,0,0,0,0,0,0
1171.2,2026-05-16T18:35:19,0016c001f10c2ef6,12.5,1.8,10.7,0.0,7809,700,7109,9.0,0.37,0.41,0.44,321857908,1333637459,3124,11829,1.3,233.9,3.1,2.0,59,34,0,0,0,0,0,0.0,0,0,0,0,0,0
1171.6,2026-05-16T18:35:20,0016c001f10c2ef6,19.5,3.8,15.7,0.0,7809,701,7108,9.0,0.37,0.41,0.44,321861198,1333649090,3290,11631,1.3,233.9,3.1,2.0,59,34,0,0,0,0,0,0.0,0,0,0,0,0,0
1172.1,2026-05-16T18:35:20,0016c001f10c2ef6,20.4,3.0,17.4,0.0,7809,702,7107,9.0,0.37,0.41,0.44,321865113,1333691994,3915,42904,1.3,233.9,3.1,2.0,59,34,0,0,0,0,0,0.0,0,0,0,0,0,0
1172.6,2026-05-16T18:35:21,0016c001f10c2ef6,19.2,2.3,16.9,0.0,7809,702,7107,9.0,0.37,0.41,0.44,321868624,1333703625,3511,11631,1.3,233.9,3.1,2.0,59,34,0,0,0,0,0,0.0,0,0,0,0,0,0
1173.1,2026-05-16T18:35:21,0016c001f10c2ef6,7.2,2.8,4.4,0.0,7809,701,7108,9.0,0.5,0.44,0.45,321871714,1333715322,3090,11697,1.3,233.9,3.1,2.0,59,34,0,0,0,0,0,0.0,0,0,0,0,0,0
1173.5,2026-05-16T18:35:22,0016c001f10c2ef6,4.7,1.8,2.9,0.0,7809,702,7107,9.0,0.5,0.44,0.45,321874800,1333726953,3086,11631,1.3,233.9,3.1,2.0,59,34,0,0,0,0,0,0.0,0,0,0,0,0,0
1173.9,2026-05-16T18:35:22,0016c001f10c2ef6,8.2,2.9,4.7,0.6,7809,701,7108,9.0,0.5,0.44,0.45,321878857,1333769923,4057,42970,1.3,233.9,3.1,2.0,59,34,0,0,0,0,0,0.0,0,0,0,0,0,0
1174.4,2026-05-16T18:35:23,0016c001f10c2ef6,9.0,3.4,5.6,0.0,7809,701,7108,9.0,0.5,0.44,0.45,321881915,1333781632,3058,11709,1.3,233.9,3.1,2.0,59,34,0,0,0,0,0,0.0,0,0,0,0,0,0
1174.8,2026-05-16T18:35:23,0016c001f10c2ef6,6.8,1.1,5.6,0.0,7809,701,7108,9.0,0.5,0.44,0.45,321885205,1333793263,3290,11631,1.3,233.9,3.1,2.0,59,34,0,0,0,0,0,0.0,0,0,0,0,0,0
1175.3,2026-05-16T18:35:23,0016c001f10c2ef6,6.7,3.4,3.4,0.0,7809,701,7108,9.0,0.5,0.44,0.45,321888243,1333804894,3038,11631,1.3,233.9,3.1,2.0,59,34,0,0,0,0,0,0.0,0,0,0,0,0,0
1175.7,2026-05-16T18:35:24,0016c001f10c2ef6,7.9,2.2,5.6,0.0,7809,700,7109,9.0,0.5,0.44,0.45,321891481,1333816525,3238,11631,1.3,233.9,3.1,2.0,59,34,0,0,0,0,0,0.0,0,0,0,0,0,0
1176.2,2026-05-16T18:35:24,0016c001f10c2ef6,7.1,2.4,4.8,0.0,7809,700,7109,9.0,0.5,0.44,0.45,321895344,1333859363,3863,42838,1.3,233.9,3.1,2.0,59,34,0,0,0,0,0,0.0,0,0,0,0,0,0
1176.6,2026-05-16T18:35:25,0016c001f10c2ef6,6.3,3.4,2.9,0.0,7809,700,7109,9.0,0.5,0.44,0.45,321898430,1333870994,3086,11631,1.3,233.9,3.1,2.0,59,34,0,0,0,0,0,0.0,0,0,0,0,0,0
1177.1,2026-05-16T18:35:25,0016c001f10c2ef6,6.1,3.3,2.8,0.0,7809,701,7108,9.0,0.5,0.44,0.45,321901620,1333882625,3190,11631,1.3,233.9,3.1,2.0,59,34,0,0,0,0,0,0.0,0,0,0,0,0,0
1177.5,2026-05-16T18:35:26,0016c001f10c2ef6,6.5,3.3,3.3,0.0,7809,701,7108,9.0,0.5,0.44,0.45,321904806,1333894256,3186,11631,1.3,233.9,3.1,2.0,59,34,0,0,0,0,0,0.0,0,0,0,0,0,0
1178.1,2026-05-16T18:35:26,0016c001f10c2ef6,9.4,3.9,5.4,0.0,7809,701,7108,9.0,0.46,0.43,0.44,321908721,1333937226,3915,42970,1.3,233.9,3.1,2.0,59,34,0,0,0,0,0,0.0,0,0,0,0,0,0
1178.5,2026-05-16T18:35:27,0016c001f10c2ef6,7.2,2.8,4.4,0.0,7809,701,7108,9.0,0.46,0.43,0.44,321911703,1333948857,2982,11631,1.3,233.9,3.1,2.0,59,34,0,0,0,0,0,0.0,0,0,0,0,0,0
1179.1,2026-05-16T18:35:27,0016c001f10c2ef6,6.4,2.7,3.7,0.0,7809,701,7108,9.0,0.46,0.43,0.44,321914737,1333960488,3034,11631,1.3,233.9,3.1,2.0,59,34,0,0,0,0,0,0.0,0,0,0,0,0,0
1179.6,2026-05-16T18:35:28,0016c001f10c2ef6,6.2,1.0,5.2,0.0,7809,701,7108,9.0,0.46,0.43,0.44,321917771,1333972119,3034,11631,1.3,233.9,3.1,2.0,59,34,0,0,0,0,0,0.0,0,0,0,0,0,0
1180.1,2026-05-16T18:35:28,0016c001f10c2ef6,5.8,2.1,3.7,0.0,7809,701,7108,9.0,0.46,0.43,0.44,321921682,1334014957,3911,42838,1.3,233.9,3.1,2.0,59,34,0,0,0,0,0,0.0,0,0,0,0,0,0
1180.6,2026-05-16T18:35:29,0016c001f10c2ef6,7.7,3.3,4.4,0.0,7809,701,7108,9.0,0.46,0.43,0.44,321924816,1334026588,3134,11631,1.3,233.9,3.1,2.0,59,34,0,0,0,0,0,0.0,0,0,0,0,0,0
1181.1,2026-05-16T18:35:29,0016c001f10c2ef6,5.9,2.2,3.8,0.0,7809,700,7109,9.0,0.46,0.43,0.44,321927750,1334038219,2934,11631,1.3,233.9,3.1,2.0,59,34,0,0,0,0,0,0.0,0,0,0,0,0,0
1181.6,2026-05-16T18:35:30,0016c001f10c2ef6,4.8,2.2,2.7,0.0,7809,700,7109,9.0,0.46,0.43,0.44,321930784,1334049850,3034,11631,1.3,233.9,3.1,2.0,59,34,0,0,0,0,0,0.0,0,0,0,0,0,0
1182.1,2026-05-16T18:35:30,0016c001f10c2ef6,5.3,2.1,3.2,0.0,7809,700,7109,9.0,0.46,0.43,0.44,321934643,1334092688,3859,42838,1.3,233.9,3.1,2.0,59,34,0,0,0,0,0,0.0,0,0,0,0,0,0
1182.6,2026-05-16T18:35:31,0016c001f10c2ef6,9.4,3.1,3.6,2.6,7809,700,7109,9.0,0.46,0.43,0.44,321937625,1334104319,2982,11631,1.3,233.9,3.1,2.0,59,34,0,0,0,0,0,0.0,0,0,0,0,0,0
1183.0,2026-05-16T18:35:31,0016c001f10c2ef6,5.8,1.0,4.7,0.0,7809,700,7109,9.0,0.46,0.43,0.44,321941108,1334116028,3483,11709,1.3,233.9,3.1,2.0,59,34,0,0,0,0,0,0.0,0,0,0,0,0,0
1183.6,2026-05-16T18:35:32,0016c001f10c2ef6,17.1,2.0,15.1,0.0,7809,700,7109,9.0,0.58,0.46,0.45,321944194,1334127659,3086,11631,1.3,233.9,3.1,2.0,59,34,0,0,0,0,0,0.0,0,0,0,0,0,0
1184.0,2026-05-16T18:35:32,0016c001f10c2ef6,18.8,2.2,16.6,0.0,7809,702,7107,9.0,0.58,0.46,0.45,321947228,1334139290,3034,11631,1.3,234.0,3.1,2.0,59,34,0,0,0,0,0,0.0,0,0,0,0,0,0
1184.5,2026-05-16T18:35:33,0016c001f10c2ef6,20.4,2.2,18.2,0.0,7809,701,7108,9.0,0.58,0.46,0.45,321951087,1334182194,3859,42904,1.3,234.0,3.1,2.0,59,34,0,0,0,0,0,0.0,0,0,0,0,0,0
1185.0,2026-05-16T18:35:33,0016c001f10c2ef6,11.2,2.1,9.1,0.0,7809,701,7108,9.0,0.58,0.46,0.45,321954121,1334193825,3034,11631,1.3,234.0,3.1,2.0,59,34,0,0,0,0,0,0.0,0,0,0,0,0,0
1185.4,2026-05-16T18:35:34,0016c001f10c2ef6,6.8,1.7,5.1,0.0,7809,701,7108,9.0,0.58,0.46,0.45,321957255,1334205456,3134,11631,1.3,234.0,3.1,2.0,59,34,0,0,0,0,0,0.0,0,0,0,0,0,0
1185.9,2026-05-16T18:35:34,0016c001f10c2ef6,5.6,2.1,3.6,0.0,7809,701,7108,9.0,0.58,0.46,0.45,321960293,1334217087,3038,11631,1.3,234.0,3.1,2.0,59,34,0,0,0,0,0,0.0,0,0,0,0,0,0
1186.4,2026-05-16T18:35:35,0016c001f10c2ef6,7.3,2.6,4.7,0.0,7809,701,7108,9.0,0.58,0.46,0.45,321964152,1334259925,3859,42838,1.3,234.0,3.1,2.0,59,34,0,0,0,0,0,0.0,0,0,0,0,0,0
1186.9,2026-05-16T18:35:35,0016c001f10c2ef6,6.1,2.2,3.9,0.0,7809,701,7108,9.0,0.58,0.46,0.45,321967186,1334271556,3034,11631,1.3,234.0,3.1,2.0,59,34,0,0,0,0,0,0.0,0,0,0,0,0,0
1187.4,2026-05-16T18:35:36,0016c001f10c2ef6,4.9,2.2,2.7,0.0,7809,701,7108,9.0,0.58,0.46,0.45,321970272,1334283187,3086,11631,1.3,234.0,3.1,2.0,59,34,0,0,0,0,0,0.0,0,0,0,0,0,0
1187.9,2026-05-16T18:35:35,0016c001f10c2ef6,7.1,1.6,5.4,0.0,7809,701,7108,9.0,0.58,0.46,0.45,321973306,1334294818,3034,11631,1.3,234.0,3.1,2.0,59,34,0,0,0,0,0,0.0,0,0,0,0,0,0
1188.4,2026-05-16T18:35:35,0016c001f10c2ef6,7.2,2.8,4.4,0.0,7809,701,7108,9.0,0.62,0.47,0.46,321977289,1334337742,3983,42924,1.3,234.0,3.1,2.0,59,34,0,0,0,0,0,0.0,0,0,0,0,0,0
1189.0,2026-05-16T18:35:36,0016c001f10c2ef6,8.5,2.8,5.7,0.0,7809,700,7109,9.0,0.62,0.47,0.46,321980423,1334349439,3134,11697,1.3,234.0,3.1,2.0,59,34,0,0,0,0,0,0.0,0,0,0,0,0,0
1189.6,2026-05-16T18:35:37,0016c001f10c2ef6,9.3,3.7,5.6,0.0,7809,701,7108,9.0,0.62,0.47,0.46,321983357,1334361136,2934,11697,1.3,234.0,3.1,2.0,59,34,0,0,0,0,0,0.0,0,0,0,0,0,0
1190.1,2026-05-16T18:35:37,0016c001f10c2ef6,5.9,3.2,2.7,0.0,7809,701,7108,9.0,0.62,0.47,0.46,321986391,1334372767,3034,11631,1.3,234.0,3.1,2.0,59,34,0,0,0,0,0,0.0,0,0,0,0,0,0
1190.6,2026-05-16T18:35:38,0016c001f10c2ef6,6.3,2.6,3.7,0.0,7809,701,7108,9.0,0.62,0.47,0.46,321990118,1334415761,3727,42994,1.3,234.0,3.1,2.0,59,34,0,0,0,0,0,0.0,0,0,0,0,0,0
1191.1,2026-05-16T18:35:38,0016c001f10c2ef6,5.4,2.2,3.2,0.0,7809,701,7108,9.0,0.62,0.47,0.46,321993152,1334427392,3034,11631,1.3,234.0,3.1,2.0,59,34,0,0,0,0,0,0.0,0,0,0,0,0,0
1191.6,2026-05-16T18:35:39,0016c001f10c2ef6,4.5,1.5,3.0,0.0,7809,701,7108,9.0,0.62,0.47,0.46,321996134,1334439023,2982,11631,1.3,234.0,3.1,2.0,59,34,0,0,0,0,0,0.0,0,0,0,0,0,0
1192.1,2026-05-16T18:35:39,0016c001f10c2ef6,5.3,2.1,3.2,0.0,7809,701,7108,9.0,0.62,0.47,0.46,321999168,1334450654,3034,11631,1.3,234.0,3.1,2.0,59,34,0,0,0,0,0,0.0,0,0,0,0,0,0
1192.5,2026-05-16T18:35:39,0016c001f10c2ef6,7.3,2.8,4.5,0.0,7809,701,7108,9.0,0.62,0.47,0.46,322003027,1334493492,3859,42838,1.3,234.0,3.1,2.0,59,34,0,0,0,0,0,0.0,0,0,0,0,0,0
1193.0,2026-05-16T18:35:40,0016c001f10c2ef6,4.8,1.6,3.2,0.0,7809,701,7108,9.0,0.62,0.47,0.46,322006061,1334505123,3034,11631,1.3,234.0,3.1,2.0,59,34,0,0,0,0,0,0.0,0,0,0,0,0,0
1193.5,2026-05-16T18:35:40,0016c001f10c2ef6,6.0,1.5,4.5,0.0,7809,701,7108,9.0,0.62,0.47,0.46,322009524,1334516754,3463,11631,1.3,234.0,3.1,2.0,59,34,0,0,0,0,0,0.0,0,0,0,0,0,0
1194.0,2026-05-16T18:35:41,0016c001f10c2ef6,6.7,2.6,3.6,0.5,7809,701,7108,9.0,0.57,0.46,0.45,322012558,1334528385,3034,11631,1.3,234.0,3.1,2.0,59,34,0,0,0,0,0,0.0,0,0,0,0,0,0
1194.5,2026-05-16T18:35:41,0016c001f10c2ef6,7.0,3.2,3.8,0.0,7809,700,7109,9.0,0.57,0.46,0.45,322016621,1334571223,4063,42838,1.3,234.0,3.1,2.0,59,34,0,0,0,0,0,0.0,0,0,0,0,0,0
1195.0,2026-05-16T18:35:42,0016c001f10c2ef6,9.5,4.3,5.2,0.0,7809,702,7107,9.0,0.57,0.46,0.45,322019607,1334582920,2986,11697,1.3,234.1,3.1,2.0,59,34,0,0,0,0,0,0.0,0,0,0,0,0,0
1195.5,2026-05-16T18:35:42,0016c001f10c2ef6,9.9,3.7,6.3,0.0,7809,702,7107,9.0,0.57,0.46,0.45,322022745,1334594551,3138,11631,1.3,234.1,3.1,2.0,59,34,0,0,0,0,0,0.0,0,0,0,0,0,0
1196.0,2026-05-16T18:35:43,0016c001f10c2ef6,19.6,1.6,18.0,0.0,7809,702,7107,9.0,0.57,0.46,0.45,322025779,1334606182,3034,11631,1.3,234.1,3.1,2.0,59,34,0,0,0,0,0,0.0,0,0,0,0,0,0
1196.5,2026-05-16T18:35:43,0016c001f10c2ef6,21.8,4.6,17.2,0.0,7809,702,7107,9.0,0.57,0.46,0.45,322029742,1334649020,3963,42838,1.3,234.0,3.1,2.0,59,34,0,0,0,0,0,0.0,0,0,0,0,0,0
1197.1,2026-05-16T18:35:44,0016c001f10c2ef6,19.3,1.7,17.7,0.0,7809,702,7107,9.0,0.57,0.46,0.45,322032724,1334660651,2982,11631,1.3,234.0,3.1,2.0,59,34,0,0,0,0,0,0.0,0,0,0,0,0,0
1197.6,2026-05-16T18:35:45,0016c001f10c2ef6,6.7,2.1,4.6,0.0,7809,702,7107,9.0,0.57,0.46,0.45,322035758,1334672282,3034,11631,1.3,234.0,3.1,2.0,59,34,0,0,0,0,0,0.0,0,0,0,0,0,0
1198.1,2026-05-16T18:35:45,0016c001f10c2ef6,6.0,2.2,3.8,0.0,7809,701,7108,9.0,0.57,0.46,0.45,322038844,1334683913,3086,11631,1.3,234.0,3.1,2.0,59,34,0,0,0,0,0,0.0,0,0,0,0,0,0
1198.6,2026-05-16T18:35:46,0016c001f10c2ef6,6.9,2.1,4.8,0.0,7809,702,7107,9.0,0.57,0.46,0.45,322042703,1334726751,3859,42838,1.3,234.0,3.1,2.0,59,34,0,0,0,0,0,0.0,0,0,0,0,0,0
1199.0,2026-05-16T18:35:46,0016c001f10c2ef6,6.5,2.2,4.3,0.0,7809,702,7107,9.0,0.52,0.45,0.45,322045737,1334738382,3034,11631,1.3,234.0,3.1,2.0,59,34,0,0,0,0,0,0.0,0,0,0,0,0,0
1199.5,2026-05-16T18:35:46,0016c001f10c2ef6,6.4,1.6,4.8,0.0,7809,701,7108,9.0,0.52,0.45,0.45,322048843,1334750091,3106,11709,1.3,234.0,3.1,2.0,59,34,0,0,0,0,0,0.0,0,0,0,0,0,0
1200.0,2026-05-16T18:35:47,0016c001f10c2ef6,5.3,2.1,3.2,0.0,7809,701,7108,9.0,0.52,0.45,0.45,322051977,1334761722,3134,11631,1.3,234.0,3.1,2.0,59,34,0,0,0,0,0,0.0,0,0,0,0,0,0
1200.5,2026-05-16T18:35:47,0016c001f10c2ef6,8.7,3.4,5.3,0.0,7809,701,7108,9.0,0.52,0.45,0.45,322055836,1334804626,3859,42904,1.3,234.0,3.1,2.0,59,34,0,0,0,0,0,0.0,0,0,0,0,0,0
1201.1,2026-05-16T18:35:48,0016c001f10c2ef6,10.2,4.0,6.2,0.0,7809,700,7109,9.0,0.52,0.45,0.45,322058822,1334816323,2986,11697,1.3,234.0,3.1,2.0,59,34,0,0,0,0,0,0.0,0,0,0,0,0,0
1201.6,2026-05-16T18:35:49,0016c001f10c2ef6,6.0,3.0,3.0,0.0,7809,702,7107,9.0,0.52,0.45,0.45,322061856,1334827954,3034,11631,1.3,234.0,3.1,2.0,59,34,0,0,0,0,0,0.0,0,0,0,0,0,0
1202.1,2026-05-16T18:35:49,0016c001f10c2ef6,5.3,2.7,2.7,0.0,7809,702,7107,9.0,0.52,0.45,0.45,322064890,1334839585,3034,11631,1.3,234.0,3.1,2.0,59,34,0,0,0,0,0,0.0,0,0,0,0,0,0
1202.5,2026-05-16T18:35:49,0016c001f10c2ef6,6.0,2.2,3.8,0.0,7809,702,7107,9.0,0.52,0.45,0.45,322068749,1334882423,3859,42838,1.3,234.0,3.1,2.0,59,34,0,0,0,0,0,0.0,0,0,0,0,0,0
1203.0,2026-05-16T18:35:50,0016c001f10c2ef6,6.5,2.7,3.8,0.0,7809,701,7108,9.0,0.52,0.45,0.45,322071679,1334894054,2930,11631,1.3,234.0,3.1,2.0,59,34,0,0,0,0,0,0.0,0,0,0,0,0,0
1203.5,2026-05-16T18:35:50,0016c001f10c2ef6,4.2,2.1,2.1,0.0,7809,701,7108,9.0,0.52,0.45,0.45,322075242,1334905685,3563,11631,1.3,234.0,3.1,2.0,59,34,0,0,0,0,0,0.0,0,0,0,0,0,0
1204.0,2026-05-16T18:35:51,0016c001f10c2ef6,6.6,2.2,4.4,0.0,7809,701,7108,9.0,0.56,0.46,0.45,322078228,1334917316,2986,11631,1.3,234.0,3.1,2.0,59,34,0,0,0,0,0,0.0,0,0,0,0,0,0
1204.5,2026-05-16T18:35:51,0016c001f10c2ef6,4.7,1.2,3.5,0.0,7809,702,7107,9.0,0.56,0.46,0.45,322082239,1334960154,4011,42838,1.3,234.0,3.1,2.0,59,34,0,0,0,0,0,0.0,0,0,0,0,0,0
1205.0,2026-05-16T18:35:52,0016c001f10c2ef6,7.2,3.0,4.2,0.0,7809,702,7107,9.0,0.56,0.46,0.45,322085277,1334971785,3038,11631,1.3,234.0,3.1,2.0,59,34,0,0,0,0,0,0.0,0,0,0,0,0,0
1205.4,2026-05-16T18:35:52,0016c001f10c2ef6,6.7,2.5,4.3,0.0,7809,701,7108,9.0,0.56,0.46,0.45,322088463,1334983416,3186,11631,1.3,234.0,3.1,2.0,59,34,0,0,0,0,0,0.0,0,0,0,0,0,0
1205.9,2026-05-16T18:35:53,0016c001f10c2ef6,6.3,2.3,4.0,0.0,7809,701,7108,9.0,0.56,0.46,0.45,322091601,1334995047,3138,11631,1.3,234.0,3.1,2.0,59,34,0,0,0,0,0,0.0,0,0,0,0,0,0
1206.4,2026-05-16T18:35:53,0016c001f10c2ef6,7.9,3.2,4.8,0.0,7809,702,7107,9.0,0.56,0.46,0.45,322094791,1335006678,3190,11631,1.3,234.0,3.1,2.0,59,34,0,0,0,0,0,0.0,0,0,0,0,0,0
1206.9,2026-05-16T18:35:54,0016c001f10c2ef6,10.2,4.1,6.1,0.0,7809,701,7108,9.0,0.56,0.46,0.45,322098754,1335049648,3963,42970,1.3,234.0,3.1,2.0,59,34,0,0,0,0,0,0.0,0,0,0,0,0,0
1207.4,2026-05-16T18:35:54,0016c001f10c2ef6,6.1,2.0,4.1,0.0,7809,701,7108,9.0,0.56,0.46,0.45,322101892,1335061279,3138,11631,1.3,234.0,3.1,2.0,59,34,0,0,0,0,0,0.0,0,0,0,0,0,0
1207.9,2026-05-16T18:35:55,0016c001f10c2ef6,9.5,1.2,8.3,0.0,7809,700,7109,9.0,0.56,0.46,0.45,322105050,1335072988,3158,11709,1.3,234.0,3.1,2.0,59,34,0,0,0,0,0,0.0,0,0,0,0,0,0
1208.3,2026-05-16T18:35:55,0016c001f10c2ef6,19.3,3.0,16.3,0.0,7809,701,7108,9.0,0.56,0.46,0.45,322108088,1335084619,3038,11631,1.3,234.0,3.1,2.0,59,34,0,0,0,0,0,0.0,0,0,0,0,0,0
1208.7,2026-05-16T18:35:56,0016c001f10c2ef6,19.6,3.0,16.7,0.0,7809,701,7108,9.0,0.56,0.46,0.45,322112099,1335127457,4011,42838,1.3,234.0,3.1,2.0,59,34,0,0,0,0,0,0.0,0,0,0,0,0,0
1209.2,2026-05-16T18:35:56,0016c001f10c2ef6,18.7,1.8,17.0,0.0,7809,701,7108,9.0,0.68,0.49,0.46,322115085,1335139088,2986,11631,1.3,234.0,3.1,2.0,59,34,0,0,0,0,0,0.0,0,0,0,0,0,0
1209.6,2026-05-16T18:35:57,0016c001f10c2ef6,9.3,1.7,7.6,0.0,7809,701,7108,9.0,0.68,0.49,0.46,322118271,1335150719,3186,11631,1.3,234.0,3.1,2.0,59,34,0,0,0,0,0,0.0,0,0,0,0,0,0
1210.1,2026-05-16T18:35:57,0016c001f10c2ef6,6.4,2.3,4.1,0.0,7809,701,7108,9.0,0.68,0.49,0.46,322121513,1335162350,3242,11631,1.3,234.0,3.1,2.0,59,34,0,0,0,0,0,0.0,0,0,0,0,0,0
1210.5,2026-05-16T18:35:57,0016c001f10c2ef6,5.1,1.1,4.0,0.0,7809,701,7108,9.0,0.68,0.49,0.46,322124599,1335173981,3086,11631,1.3,234.0,3.1,2.0,59,34,0,0,0,0,0,0.0,0,0,0,0,0,0
1210.9,2026-05-16T18:35:58,0016c001f10c2ef6,7.7,2.4,5.4,0.0,7809,701,7108,9.0,0.68,0.49,0.46,322128510,1335216819,3911,42838,1.3,234.0,3.1,2.0,59,34,0,0,0,0,0,0.0,0,0,0,0,0,0
1211.4,2026-05-16T18:35:58,0016c001f10c2ef6,6.9,1.7,4.6,0.6,7809,701,7108,9.0,0.68,0.49,0.46,322131548,1335228450,3038,11631,1.3,234.0,3.1,2.0,59,34,0,0,0,0,0,0.0,0,0,0,0,0,0
1211.8,2026-05-16T18:35:59,0016c001f10c2ef6,6.6,3.0,3.6,0.0,7809,701,7108,9.0,0.68,0.49,0.46,322134734,1335240081,3186,11631,1.3,234.0,3.1,2.0,59,34,0,0,0,0,0,0.0,0,0,0,0,0,0
1212.4,2026-05-16T18:35:59,0016c001f10c2ef6,10.4,4.1,6.2,0.0,7809,700,7109,9.0,0.68,0.49,0.46,322137820,1335251778,3086,11697,1.3,234.0,3.1,2.0,59,34,0,0,0,0,0,0.0,0,0,0,0,0,0
1212.9,2026-05-16T18:36:00,0016c001f10c2ef6,9.5,3.7,5.8,0.0,7809,701,7108,9.0,0.68,0.49,0.46,322141783,1335294682,3963,42904,1.3,234.0,3.1,2.0,59,34,0,0,0,0,0,0.0,0,0,0,0,0,0
1213.4,2026-05-16T18:36:00,0016c001f10c2ef6,10.5,3.2,7.4,0.0,7809,699,7110,9.0,0.68,0.49,0.46,322144893,1335306531,3110,11849,1.3,234.0,3.1,2.0,59,34,0,0,0,0,0,0.0,0,0,0,0,0,0
1213.9,2026-05-16T18:36:01,0016c001f10c2ef6,6.4,2.3,4.1,0.0,7809,700,7109,9.0,0.68,0.49,0.46,322148079,1335318162,3186,11631,1.3,234.0,3.1,2.0,59,34,0,0,0,0,0,0.0,0,0,0,0,0,0
1214.3,2026-05-16T18:36:01,0016c001f10c2ef6,5.8,1.8,4.1,0.0,7809,700,7109,9.0,0.68,0.49,0.46,322151722,1335329883,3643,11721,1.3,234.0,3.1,2.0,59,34,0,0,0,0,0,0.0,0,0,0,0,0,0
1214.8,2026-05-16T18:36:02,0016c001f10c2ef6,7.0,2.9,4.1,0.0,7809,701,7108,9.0,0.62,0.48,0.46,322155585,1335372721,3863,42838,1.3,234.0,3.1,2.0,59,34,0,0,0,0,0,0.0,0,0,0,0,0,0
1215.2,2026-05-16T18:36:02,0016c001f10c2ef6,7.4,1.7,5.7,0.0,7809,701,7108,9.0,0.62,0.48,0.46,322158771,1335384352,3186,11631,1.3,234.0,3.1,2.0,59,34,0,0,0,0,0,0.0,0,0,0,0,0,0
1215.7,2026-05-16T18:36:03,0016c001f10c2ef6,5.9,1.8,4.1,0.0,7809,701,7108,9.0,0.62,0.48,0.46,322161861,1335395983,3090,11631,1.3,234.0,3.1,2.0,59,34,0,0,0,0,0,0.0,0,0,0,0,0,0
1216.1,2026-05-16T18:36:03,0016c001f10c2ef6,7.0,2.9,4.1,0.0,7809,701,7108,9.0,0.62,0.48,0.46,322164895,1335407614,3034,11631,1.3,234.0,3.1,2.0,59,34,0,0,0,0,0,0.0,0,0,0,0,0,0
1216.5,2026-05-16T18:36:03,0016c001f10c2ef6,6.4,3.5,2.9,0.0,7809,701,7108,9.0,0.62,0.48,0.46,322168185,1335419245,3290,11631,1.3,234.0,3.1,2.0,59,34,0,0,0,0,0,0.0,0,0,0,0,0,0
1217.0,2026-05-16T18:36:04,0016c001f10c2ef6,6.7,3.4,3.4,0.0,7809,701,7108,9.0,0.62,0.48,0.46,322172096,1335462149,3911,42904,1.3,234.0,3.1,2.0,59,34,0,0,0,0,0,0.0,0,0,0,0,0,0
1217.4,2026-05-16T18:36:04,0016c001f10c2ef6,5.3,1.8,3.6,0.0,7809,700,7109,9.0,0.62,0.48,0.46,322175186,1335473780,3090,11631,1.3,234.0,3.1,2.0,59,34,0,0,0,0,0,0.0,0,0,0,0,0,0
1217.9,2026-05-16T18:36:05,0016c001f10c2ef6,5.7,2.9,2.9,0.0,7809,700,7109,9.0,0.62,0.48,0.46,322178562,1335485609,3376,11829,1.3,234.0,3.1,2.0,59,34,0,0,0,0,0,0.0,0,0,0,0,0,0
1218.3,2026-05-16T18:36:05,0016c001f10c2ef6,6.3,2.3,4.0,0.0,7809,701,7108,9.0,0.62,0.48,0.46,322181700,1335497240,3138,11631,1.3,233.9,3.1,2.0,59,34,0,0,0,0,0,0.0,0,0,0,0,0,0
1218.8,2026-05-16T18:36:06,0016c001f10c2ef6,10.1,3.2,6.9,0.0,7809,701,7108,9.0,0.62,0.48,0.46,322185511,1335540144,3811,42904,1.3,233.9,3.1,2.0,59,34,0,0,0,0,0,0.0,0,0,0,0,0,0
1219.2,2026-05-16T18:36:06,0016c001f10c2ef6,6.5,3.6,3.0,0.0,7809,700,7109,9.0,0.62,0.48,0.46,322188645,1335551775,3134,11631,1.3,233.9,3.1,2.0,59,34,0,0,0,0,0,0.0,0,0,0,0,0,0
1219.6,2026-05-16T18:36:07,0016c001f10c2ef6,7.1,1.8,5.3,0.0,7809,700,7109,9.0,0.57,0.47,0.46,322191783,1335563406,3138,11631,1.3,233.9,3.1,2.0,59,34,0,0,0,0,0,0.0,0,0,0,0,0,0
1220.1,2026-05-16T18:36:06,0016c001f10c2ef6,13.9,1.8,12.0,0.0,7809,700,7109,9.0,0.57,0.47,0.46,322194973,1335575103,3190,11697,1.3,233.9,3.1,2.0,59,34,0,0,0,0,0,0.0,0,0,0,0,0,0
1220.5,2026-05-16T18:36:06,0016c001f10c2ef6,19.2,2.4,16.8,0.0,7809,700,7109,9.0,0.57,0.47,0.46,322198109,1335586800,3136,11697,1.3,233.9,3.1,2.0,59,34,0,0,0,0,0,0.0,0,0,0,0,0,0
1221.0,2026-05-16T18:36:07,0016c001f10c2ef6,19.9,2.4,17.5,0.0,7809,701,7108,9.0,0.57,0.47,0.46,322202224,1335629704,4115,42904,1.3,233.9,3.1,2.0,59,34,0,0,0,0,0,0.0,0,0,0,0,0,0
1221.4,2026-05-16T18:36:07,0016c001f10c2ef6,18.8,1.2,17.5,0.0,7809,700,7109,9.0,0.57,0.47,0.46,322205414,1335641335,3190,11631,1.3,233.9,3.1,2.0,59,34,0,0,0,0,0,0.0,0,0,0,0,0,0
1221.9,2026-05-16T18:36:08,0016c001f10c2ef6,6.4,1.2,5.3,0.0,7809,700,7109,9.0,0.57,0.47,0.46,322208576,1335653122,3162,11787,1.3,233.9,3.1,2.0,59,34,0,0,0,0,0,0.0,0,0,0,0,0,0
1222.3,2026-05-16T18:36:08,0016c001f10c2ef6,6.4,2.3,4.1,0.0,7809,701,7108,9.0,0.57,0.47,0.46,322211666,1335664753,3090,11631,1.3,233.9,3.1,2.0,59,34,0,0,0,0,0,0.0,0,0,0,0,0,0
1222.8,2026-05-16T18:36:09,0016c001f10c2ef6,5.9,1.8,4.1,0.0,7809,700,7109,9.0,0.57,0.47,0.46,322215577,1335707591,3911,42838,1.3,233.9,3.1,2.0,59,34,0,0,0,0,0,0.0,0,0,0,0,0,0
1223.3,2026-05-16T18:36:09,0016c001f10c2ef6,7.6,3.5,4.1,0.0,7809,701,7108,9.0,0.57,0.47,0.46,322218867,1335719222,3290,11631,1.3,233.9,3.1,2.0,59,34,0,0,0,0,0,0.0,0,0,0,0,0,0
1223.7,2026-05-16T18:36:10,0016c001f10c2ef6,6.4,2.9,3.5,0.0,7809,701,7108,9.0,0.57,0.47,0.46,322222005,1335730853,3138,11631,1.3,233.9,3.1,2.0,59,34,0,0,0,0,0,0.0,0,0,0,0,0,0
1224.2,2026-05-16T18:36:10,0016c001f10c2ef6,9.1,2.2,7.0,0.0,7809,700,7109,9.0,0.57,0.47,0.46,322225267,1335742694,3262,11841,1.3,233.9,3.1,2.0,59,34,0,0,0,0,0,0.0,0,0,0,0,0,0
1224.7,2026-05-16T18:36:10,0016c001f10c2ef6,10.8,4.1,6.7,0.0,7809,701,7108,9.0,0.69,0.5,0.47,322228834,1335754391,3567,11697,1.3,233.8,3.1,2.0,59,34,0,0,0,0,0,0.0,0,0,0,0,0,0
1225.2,2026-05-16T18:36:11,0016c001f10c2ef6,9.4,3.1,6.2,0.0,7809,701,7108,9.0,0.69,0.5,0.47,322232957,1335797295,4123,42904,1.3,233.8,3.1,2.0,59,34,0,0,0,0,0,0.0,0,0,0,0,0,0
1225.6,2026-05-16T18:36:11,0016c001f10c2ef6,5.8,2.3,3.5,0.0,7809,700,7109,9.0,0.69,0.5,0.47,322235991,1335808926,3034,11631,1.3,233.8,3.1,2.0,59,34,0,0,0,0,0,0.0,0,0,0,0,0,0
1226.1,2026-05-16T18:36:12,0016c001f10c2ef6,6.6,2.8,3.9,0.0,7809,700,7109,9.0,0.69,0.5,0.47,322239025,1335820557,3034,11631,1.3,233.8,3.1,2.0,59,34,0,0,0,0,0,0.0,0,0,0,0,0,0
1226.5,2026-05-16T18:36:12,0016c001f10c2ef6,6.3,2.9,3.4,0.0,7809,700,7109,9.0,0.69,0.5,0.47,322242111,1335832188,3086,11631,1.3,233.8,3.1,2.0,59,34,0,0,0,0,0,0.0,0,0,0,0,0,0
1227.0,2026-05-16T18:36:13,0016c001f10c2ef6,5.2,1.2,4.1,0.0,7809,701,7108,9.0,0.69,0.5,0.47,322246122,1335875092,4011,42904,1.3,233.8,3.1,2.0,59,34,0,0,0,0,0,0.0,0,0,0,0,0,0
1227.4,2026-05-16T18:36:13,0016c001f10c2ef6,10.2,5.7,4.5,0.0,7809,700,7109,9.0,0.69,0.5,0.47,322249306,1335886765,3184,11673,1.3,233.8,3.1,2.0,59,34,0,0,0,0,0,0.0,0,0,0,0,0,0
1227.9,2026-05-16T18:36:14,0016c001f10c2ef6,6.9,2.9,4.0,0.0,7809,700,7109,9.0,0.69,0.5,0.47,322252344,1335898462,3038,11697,1.3,233.8,3.1,2.0,59,34,0,0,0,0,0,0.0,0,0,0,0,0,0
1228.3,2026-05-16T18:36:14,0016c001f10c2ef6,5.6,1.7,3.9,0.0,7809,701,7108,9.0,0.69,0.5,0.47,322255530,1335910093,3186,11631,1.3,233.8,3.1,2.0,59,34,0,0,0,0,0,0.0,0,0,0,0,0,0
1228.8,2026-05-16T18:36:15,0016c001f10c2ef6,7.1,2.4,4.2,0.6,7809,700,7109,9.0,0.69,0.5,0.47,322258568,1335921724,3038,11631,1.3,233.8,3.1,2.0,59,34,0,0,0,0,0,0.0,0,0,0,0,0,0
1229.3,2026-05-16T18:36:15,0016c001f10c2ef6,6.3,1.7,4.6,0.0,7809,700,7109,9.0,0.69,0.5,0.47,322262527,1335964562,3959,42838,1.3,233.8,3.1,2.0,59,34,0,0,0,0,0,0.0,0,0,0,0,0,0
1229.8,2026-05-16T18:36:16,0016c001f10c2ef6,6.3,2.3,4.0,0.0,7809,700,7109,9.0,0.69,0.5,0.47,322265513,1335976193,2986,11631,1.3,233.8,3.1,2.0,59,34,0,0,0,0,0,0.0,0,0,0,0,0,0
1230.2,2026-05-16T18:36:16,0016c001f10c2ef6,6.7,2.4,4.2,0.0,7809,700,7109,9.0,0.63,0.49,0.46,322268699,1335987824,3186,11631,1.3,233.8,3.1,2.0,59,34,0,0,0,0,0,0.0,0,0,0,0,0,0
1230.7,2026-05-16T18:36:17,0016c001f10c2ef6,10.5,4.2,6.3,0.0,7809,700,7109,9.0,0.63,0.49,0.46,322271889,1335999521,3190,11697,1.3,233.8,3.1,2.0,59,34,0,0,0,0,0,0.0,0,0,0,0,0,0
1231.3,2026-05-16T18:36:17,0016c001f10c2ef6,10.8,5.1,5.6,0.0,7809,700,7109,9.0,0.63,0.49,0.46,322275852,1336042425,3963,42904,1.3,233.8,3.1,2.0,59,34,0,0,0,0,0,0.0,0,0,0,0,0,0
1231.7,2026-05-16T18:36:18,0016c001f10c2ef6,6.5,2.4,4.1,0.0,7809,700,7109,9.0,0.63,0.49,0.46,322278942,1336054122,3090,11697,1.3,233.8,3.1,2.0,59,34,0,0,0,0,0,0.0,0,0,0,0,0,0
1232.2,2026-05-16T18:36:18,0016c001f10c2ef6,6.9,2.3,4.6,0.0,7809,700,7109,9.0,0.63,0.49,0.46,322282132,1336065753,3190,11631,1.3,233.8,3.1,2.0,59,34,0,0,0,0,0,0.0,0,0,0,0,0,0
1232.6,2026-05-16T18:36:18,0016c001f10c2ef6,20.3,2.7,17.6,0.0,7809,700,7109,9.0,0.63,0.49,0.46,322285290,1336077462,3158,11709,1.3,233.8,3.1,2.0,59,34,0,0,0,0,0,0.0,0,0,0,0,0,0
1233.1,2026-05-16T18:36:19,0016c001f10c2ef6,21.2,5.6,15.6,0.0,7809,700,7109,9.0,0.63,0.49,0.46,322289253,1336120300,3963,42838,1.3,233.8,3.1,2.0,59,34,0,0,0,0,0,0.0,0,0,0,0,0,0
1233.6,2026-05-16T18:36:19,0016c001f10c2ef6,20.2,1.6,18.6,0.0,7809,701,7108,9.0,0.63,0.49,0.46,322292287,1336131931,3034,11631,1.3,233.8,3.1,2.0,59,34,0,0,0,0,0,0.0,0,0,0,0,0,0
1234.1,2026-05-16T18:36:20,0016c001f10c2ef6,7.9,3.2,4.7,0.0,7809,701,7108,9.0,0.63,0.49,0.46,322295321,1336143562,3034,11631,1.3,233.8,3.1,2.0,59,34,0,0,0,0,0,0.0,0,0,0,0,0,0
1234.6,2026-05-16T18:36:20,0016c001f10c2ef6,7.2,2.6,4.1,0.5,7809,700,7109,9.0,0.63,0.49,0.46,322298732,1336155193,3411,11631,1.3,233.8,3.1,2.0,59,34,0,0,0,0,0,0.0,0,0,0,0,0,0
1235.0,2026-05-16T18:36:21,0016c001f10c2ef6,6.0,1.6,4.3,0.0,7809,702,7107,9.0,0.58,0.48,0.46,322302487,1336198031,3755,42838,1.3,233.8,3.1,2.0,59,34,0,0,0,0,0,0.0,0,0,0,0,0,0
1235.5,2026-05-16T18:36:21,0016c001f10c2ef6,6.8,1.0,5.8,0.0,7809,701,7108,9.0,0.58,0.48,0.46,322305573,1336209662,3086,11631,1.3,233.8,3.1,2.0,59,34,0,0,0,0,0,0.0,0,0,0,0,0,0
1236.0,2026-05-16T18:36:22,0016c001f10c2ef6,4.9,2.0,2.9,0.0,7809,701,7108,9.0,0.58,0.48,0.46,322308659,1336221293,3086,11631,1.3,233.9,3.1,2.0,59,34,0,0,0,0,0,0.0,0,0,0,0,0,0
1236.6,2026-05-16T18:36:22,0016c001f10c2ef6,7.7,2.9,4.8,0.0,7809,700,7109,9.0,0.58,0.48,0.46,322311745,1336232990,3086,11697,1.3,233.9,3.1,2.0,59,34,0,0,0,0,0,0.0,0,0,0,0,0,0
1237.2,2026-05-16T18:36:23,0016c001f10c2ef6,10.3,3.7,6.5,0.0,7809,701,7108,9.0,0.58,0.48,0.46,322315708,1336275894,3963,42904,1.3,233.9,3.1,2.0,59,34,0,0,0,0,0,0.0,0,0,0,0,0,0
1237.7,2026-05-16T18:36:24,0016c001f10c2ef6,7.1,3.0,4.0,0.0,7809,701,7108,9.0,0.58,0.48,0.46,322318794,1336287525,3086,11631,1.3,233.9,3.1,2.0,59,34,0,0,0,0,0,0.0,0,0,0,0,0,0
1238.3,2026-05-16T18:36:24,0016c001f10c2ef6,4.8,1.6,3.2,0.0,7809,701,7108,9.0,0.58,0.48,0.46,322321880,1336299156,3086,11631,1.3,233.9,3.1,2.0,59,34,0,0,0,0,0,0.0,0,0,0,0,0,0
1238.8,2026-05-16T18:36:25,0016c001f10c2ef6,7.1,2.2,4.9,0.0,7809,700,7109,9.0,0.58,0.48,0.46,322324966,1336310787,3086,11631,1.3,233.9,3.1,2.0,59,34,0,0,0,0,0,0.0,0,0,0,0,0,0
1239.3,2026-05-16T18:36:25,0016c001f10c2ef6,6.6,2.2,4.4,0.0,7809,700,7109,9.0,0.58,0.48,0.46,322328877,1336353625,3911,42838,1.3,233.9,3.1,2.0,59,34,0,0,0,0,0,0.0,0,0,0,0,0,0
1239.7,2026-05-16T18:36:26,0016c001f10c2ef6,6.0,2.2,3.8,0.0,7809,700,7109,9.0,0.58,0.48,0.46,322332015,1336365256,3138,11631,1.3,233.9,3.1,2.0,59,34,0,0,0,0,0,0.0,0,0,0,0,0,0
1240.2,2026-05-16T18:36:26,0016c001f10c2ef6,4.8,2.2,2.7,0.0,7809,700,7109,9.0,0.58,0.48,0.46,322335049,1336376887,3034,11631,1.3,233.9,3.1,2.0,59,34,0,0,0,0,0,0.0,0,0,0,0,0,0
1240.7,2026-05-16T18:36:27,0016c001f10c2ef6,6.0,1.5,4.5,0.0,7809,700,7109,9.0,0.53,0.47,0.46,322338031,1336388518,2982,11631,1.3,233.9,3.1,2.0,59,34,0,0,0,0,0,0.0,0,0,0,0,0,0
1241.2,2026-05-16T18:36:27,0016c001f10c2ef6,5.6,2.0,3.6,0.0,7809,700,7109,9.0,0.53,0.47,0.46,322341910,1336431434,3879,42916,1.3,233.9,3.1,2.0,59,34,0,0,0,0,0,0.0,0,0,0,0,0,0
1241.7,2026-05-16T18:36:27,0016c001f10c2ef6,6.6,3.0,3.5,0.0,7809,699,7110,9.0,0.53,0.47,0.46,322344892,1336443065,2982,11631,1.3,233.9,3.1,2.0,59,34,0,0,0,0,0,0.0,0,0,0,0,0,0
1242.3,2026-05-16T18:36:28,0016c001f10c2ef6,5.3,1.9,3.4,0.0,7809,700,7109,9.0,0.53,0.47,0.46,322347978,1336454696,3086,11631,1.3,233.9,3.1,2.0,59,34,0,0,0,0,0,0.0,0,0,0,0,0,0
1242.8,2026-05-16T18:36:29,0016c001f10c2ef6,9.4,3.6,5.8,0.0,7809,700,7109,9.0,0.53,0.47,0.46,322351012,1336466393,3034,11697,1.3,233.9,3.1,2.0,59,34,0,0,0,0,0,0.0,0,0,0,0,0,0
1243.3,2026-05-16T18:36:29,0016c001f10c2ef6,7.9,3.4,4.4,0.0,7809,699,7110,9.0,0.53,0.47,0.46,322354975,1336509231,3963,42838,1.3,233.9,3.1,2.0,59,34,0,0,0,0,0,0.0,0,0,0,0,0,0
1243.8,2026-05-16T18:36:30,0016c001f10c2ef6,5.3,2.1,3.2,0.0,7809,700,7109,9.0,0.53,0.47,0.46,322358009,1336520862,3034,11631,1.3,233.9,3.1,2.0,59,34,0,0,0,0,0,0.0,0,0,0,0,0,0
1244.3,2026-05-16T18:36:30,0016c001f10c2ef6,8.2,1.9,6.2,0.0,7809,701,7108,9.0,0.53,0.47,0.46,322361211,1336532735,3202,11873,1.3,233.9,3.1,2.0,59,34,0,0,0,0,0,0.0,0,0,0,0,0,0
1244.8,2026-05-16T18:36:31,0016c001f10c2ef6,18.2,1.7,16.6,0.0,7809,701,7108,9.0,0.53,0.47,0.46,322364193,1336544432,2982,11697,1.3,233.9,3.1,2.0,59,34,0,0,0,0,0,0.0,0,0,0,0,0,0
1245.3,2026-05-16T18:36:31,0016c001f10c2ef6,18.8,1.0,17.7,0.0,7809,702,7107,9.0,0.53,0.47,0.46,322368533,1336587336,4340,42904,1.3,233.9,3.1,2.0,59,34,0,0,0,0,0,0.0,0,0,0,0,0,0
1245.8,2026-05-16T18:36:32,0016c001f10c2ef6,24.0,5.3,17.0,1.8,7809,701,7108,9.0,0.57,0.48,0.46,322371567,1336598901,3034,11565,1.3,233.9,3.1,2.0,59,34,0,0,0,0,0,0.0,0,0,0,0,0,0
1246.3,2026-05-16T18:36:32,0016c001f10c2ef6,6.2,2.8,3.4,0.0,7809,701,7108,9.0,0.57,0.48,0.46,322374705,1336610532,3138,11631,1.3,233.9,3.1,2.0,59,34,0,0,0,0,0,0.0,0,0,0,0,0,0
1246.8,2026-05-16T18:36:33,0016c001f10c2ef6,7.7,3.8,3.8,0.0,7809,700,7109,9.0,0.57,0.48,0.46,322377889,1336624412,3184,13880,1.3,233.9,3.1,2.0,59,34,0,0,0,0,0,0.0,0,0,0,0,0,0
1247.4,2026-05-16T18:36:33,0016c001f10c2ef6,5.7,1.0,4.7,0.0,7809,701,7108,9.0,0.57,0.48,0.46,322381800,1336667250,3911,42838,1.3,233.9,3.1,2.0,59,34,0,0,0,0,0,0.0,0,0,0,0,0,0
1247.9,2026-05-16T18:36:34,0016c001f10c2ef6,7.7,2.0,5.6,0.0,7809,700,7109,9.0,0.57,0.48,0.46,322384886,1336678881,3086,11631,1.3,233.9,3.1,2.0,59,34,0,0,0,0,0,0.0,0,0,0,0,0,0
1248.4,2026-05-16T18:36:34,0016c001f10c2ef6,7.9,2.0,5.9,0.0,7809,700,7109,9.0,0.57,0.48,0.46,322400261,1341433405,15375,4754524,1.3,233.8,3.1,2.0,59,34,0,0,0,0,0,0.0,0,0,0,0,0,0
1249.1,2026-05-16T18:36:35,0016c001f10c2ef6,6.4,1.7,4.7,0.0,7809,699,7110,9.0,0.57,0.48,0.46,322404279,1341445420,4018,12015,1.3,233.8,3.1,2.0,59,34,0,0,0,0,0,0.0,0,0,0,0,0,0
1249.7,2026-05-16T18:36:35,0016c001f10c2ef6,6.9,3.2,3.7,0.0,7809,699,7110,9.0,0.57,0.48,0.46,322414833,1341507190,10554,61770,1.3,233.8,3.1,2.0,59,34,0,0,0,0,0,0.0,0,0,0,0,0,0
1250.2,2026-05-16T18:36:36,0016c001f10c2ef6,6.9,2.5,4.4,0.0,7809,701,7108,9.0,0.57,0.48,0.46,322421530,1341523687,6697,16497,1.3,233.9,3.1,2.0,59,34,0,0,0,0,0,0.0,0,0,0,0,0,0
1250.7,2026-05-16T18:36:37,0016c001f10c2ef6,5.5,2.0,3.5,0.0,7809,701,7108,9.0,0.53,0.47,0.46,322424668,1341535318,3138,11631,1.3,233.9,3.1,2.0,59,34,0,0,0,0,0,0.0,0,0,0,0,0,0
1251.2,2026-05-16T18:36:37,0016c001f10c2ef6,6.7,2.1,4.1,0.5,7809,701,7108,9.0,0.53,0.47,0.46,322427650,1341546949,2982,11631,1.3,233.9,3.1,2.0,59,34,0,0,0,0,0,0.0,0,0,0,0,0,0
1251.7,2026-05-16T18:36:37,0016c001f10c2ef6,6.5,1.6,4.9,0.0,7809,701,7108,9.0,0.53,0.47,0.46,322431457,1341589787,3807,42838,1.3,233.9,3.1,2.0,59,34,0,0,0,0,0,0.0,0,0,0,0,0,0
1252.2,2026-05-16T18:36:37,0016c001f10c2ef6,7.0,2.2,4.8,0.0,7809,701,7108,9.0,0.53,0.47,0.46,322434491,1341601418,3034,11631,1.3,233.9,3.1,2.0,59,34,0,0,0,0,0,0.0,0,0,0,0,0,0
1252.6,2026-05-16T18:36:37,0016c001f10c2ef6,7.4,2.1,5.3,0.0,7809,700,7109,9.0,0.53,0.47,0.46,322437577,1341613049,3086,11631,1.3,233.9,3.1,2.0,59,34,0,0,0,0,0,0.0,0,0,0,0,0,0
1253.1,2026-05-16T18:36:38,0016c001f10c2ef6,7.7,2.1,5.1,0.5,7809,701,7108,9.0,0.53,0.47,0.46,322440791,1341624836,3214,11787,1.3,233.9,3.1,2.0,59,34,0,0,0,0,0,0.0,0,0,0,0,0,0
1253.6,2026-05-16T18:36:38,0016c001f10c2ef6,9.5,3.8,5.7,0.0,7809,701,7108,9.0,0.53,0.47,0.46,322444750,1341667740,3959,42904,1.3,233.9,3.1,2.0,59,34,0,0,0,0,0,0.0,0,0,0,0,0,0
1254.2,2026-05-16T18:36:39,0016c001f10c2ef6,9.4,3.3,6.1,0.0,7809,701,7108,9.0,0.53,0.47,0.46,322447888,1341679437,3138,11697,1.3,233.9,3.1,2.0,59,34,0,0,0,0,0,0.0,0,0,0,0,0,0
1254.7,2026-05-16T18:36:39,0016c001f10c2ef6,10.7,3.9,6.8,0.0,7809,701,7108,9.0,0.53,0.47,0.46,322450926,1341691134,3038,11697,1.3,233.9,3.1,2.0,59,34,0,0,0,0,0,0.0,0,0,0,0,0,0
1255.3,2026-05-16T18:36:40,0016c001f10c2ef6,5.1,1.0,4.1,0.0,7809,701,7108,9.0,0.53,0.47,0.46,322454337,1341702765,3411,11631,1.3,233.9,3.1,2.0,59,34,0,0,0,0,0,0.0,0,0,0,0,0,0
1255.8,2026-05-16T18:36:40,0016c001f10c2ef6,7.0,2.7,4.3,0.0,7809,700,7109,9.0,0.48,0.46,0.45,322458248,1341745603,3911,42838,1.3,234.1,3.1,2.0,59,34,0,0,0,0,0,0.0,0,0,0,0,0,0
1256.3,2026-05-16T18:36:41,0016c001f10c2ef6,5.8,1.6,4.2,0.0,7809,701,7108,9.0,0.48,0.46,0.45,322461498,1341758233,3250,12630,1.3,234.1,3.1,2.0,59,34,0,0,0,0,0,0.0,0,0,0,0,0,0
1256.8,2026-05-16T18:36:41,0016c001f10c2ef6,15.3,2.1,13.2,0.0,7809,701,7108,9.0,0.48,0.46,0.45,322464484,1341769864,2986,11631,1.3,234.1,3.1,2.0,59,34,0,0,0,0,0,0.0,0,0,0,0,0,0
1257.4,2026-05-16T18:36:42,0016c001f10c2ef6,19.8,2.9,16.9,0.0,7809,701,7108,9.0,0.48,0.46,0.45,322468311,1341813463,3827,43599,1.3,234.1,3.1,2.0,59,34,0,0,0,0,0,0.0,0,0,0,0,0,0
1257.9,2026-05-16T18:36:43,0016c001f10c2ef6,19.7,2.6,17.1,0.0,7809,700,7109,9.0,0.48,0.46,0.45,322471339,1341826599,3028,13136,1.3,234.1,3.1,2.0,59,34,0,0,0,0,0,0.0,0,0,0,0,0,0
1258.4,2026-05-16T18:36:43,0016c001f10c2ef6,11.1,2.2,8.9,0.0,7809,700,7109,9.0,0.48,0.46,0.45,322474373,1341838230,3034,11631,1.3,234.1,3.1,2.0,59,34,0,0,0,0,0,0.0,0,0,0,0,0,0
1258.8,2026-05-16T18:36:43,0016c001f10c2ef6,6.7,2.6,4.1,0.0,7809,701,7108,9.0,0.48,0.46,0.45,322477407,1341849861,3034,11631,1.3,234.1,3.1,2.0,59,34,0,0,0,0,0,0.0,0,0,0,0,0,0
1259.3,2026-05-16T18:36:44,0016c001f10c2ef6,5.8,2.6,3.2,0.0,7809,701,7108,9.0,0.48,0.46,0.45,322480389,1341861492,2982,11631,1.3,234.1,3.1,2.0,59,34,0,0,0,0,0,0.0,0,0,0,0,0,0
1259.8,2026-05-16T18:36:44,0016c001f10c2ef6,7.4,3.7,3.7,0.0,7809,701,7108,9.0,0.48,0.46,0.45,322484404,1341904330,4015,42838,1.3,234.1,3.1,2.0,59,34,0,0,0,0,0,0.0,0,0,0,0,0,0
1260.3,2026-05-16T18:36:45,0016c001f10c2ef6,9.2,3.9,5.3,0.0,7809,701,7108,9.0,0.48,0.46,0.45,322487438,1341916027,3034,11697,1.3,233.9,3.1,2.0,59,34,0,0,0,0,0,0.0,0,0,0,0,0,0
1260.9,2026-05-16T18:36:45,0016c001f10c2ef6,8.8,3.4,5.4,0.0,7809,700,7109,9.0,0.48,0.46,0.45,322490472,1341927724,3034,11697,1.3,233.9,3.1,2.0,59,34,0,0,0,0,0,0.0,0,0,0,0,0,0
1261.3,2026-05-16T18:36:46,0016c001f10c2ef6,7.2,2.2,5.0,0.0,7809,698,7111,8.9,0.44,0.45,0.45,322493506,1341939355,3034,11631,1.3,233.9,3.1,2.0,59,34,0,0,0,0,0,0.0,0,0,0,0,0,0
1261.9,2026-05-16T18:36:47,0016c001f10c2ef6,5.2,2.2,3.1,0.0,7809,697,7112,8.9,0.44,0.45,0.45,322497417,1341982193,3911,42838,1.3,233.9,3.1,2.0,59,34,0,0,0,0,0,0.0,0,0,0,0,0,0
1262.5,2026-05-16T18:36:47,0016c001f10c2ef6,7.4,1.5,5.4,0.5,7809,698,7111,8.9,0.44,0.45,0.45,322500451,1341993910,3034,11717,1.3,233.9,3.1,2.0,59,34,0,0,0,0,0,0.0,0,0,0,0,0,0
1263.1,2026-05-16T18:36:48,0016c001f10c2ef6,5.5,1.8,3.7,0.0,7809,698,7111,8.9,0.44,0.45,0.45,322503557,1342005541,3106,11631,1.3,233.9,3.1,2.0,61,36,2,2,0,0,0,0.0,0,0,0,0,0,0
1263.6,2026-05-16T18:36:48,0016c001f10c2ef6,6.1,1.8,4.4,0.0,7809,698,7111,8.9,0.44,0.45,0.45,322507520,1342048379,3963,42838,1.3,233.9,3.1,2.0,61,36,0,0,0,0,0,0.0,0,0,0,0,0,0
1264.2,2026-05-16T18:36:49,0016c001f10c2ef6,6.4,1.6,4.8,0.0,7809,699,7110,9.0,0.44,0.45,0.45,322510554,1342060010,3034,11631,1.3,233.9,3.1,2.0,61,36,0,0,0,0,0,0.0,0,0,0,0,0,0
1264.8,2026-05-16T18:36:49,0016c001f10c2ef6,5.1,2.1,3.1,0.0,7809,699,7110,9.0,0.44,0.45,0.45,322513588,1342071641,3034,11631,1.3,233.9,3.1,2.0,61,36,0,0,0,0,0,0.0,0,0,0,0,0,0
1265.3,2026-05-16T18:36:50,0016c001f10c2ef6,7.3,2.6,4.7,0.0,7809,699,7110,9.0,0.44,0.45,0.45,322516674,1342083272,3086,11631,1.3,233.9,3.1,2.0,61,36,0,0,0,0,0,0.0,0,0,0,0,0,0
1265.8,2026-05-16T18:36:50,0016c001f10c2ef6,5.6,2.1,3.6,0.0,7809,699,7110,9.0,0.44,0.45,0.45,322521170,1342126176,4496,42904,1.3,233.9,3.1,2.0,61,36,0,0,0,0,0,0.0,0,0,0,0,0,0
1266.2,2026-05-16T18:36:51,0016c001f10c2ef6,9.3,4.4,4.9,0.0,7809,699,7110,9.0,0.57,0.48,0.46,322524408,1342137873,3238,11697,1.3,233.9,3.1,2.0,61,36,0,0,0,0,0,0.0,0,0,0,0,0,0
1266.7,2026-05-16T18:36:51,0016c001f10c2ef6,9.6,2.7,6.9,0.0,7809,700,7109,9.0,0.57,0.48,0.46,322527598,1342149570,3190,11697,1.3,233.9,3.1,2.0,61,36,0,0,0,0,0,0.0,0,0,0,0,0,0
1267.2,2026-05-16T18:36:52,0016c001f10c2ef6,10.2,3.6,6.6,0.0,7809,701,7108,9.0,0.57,0.48,0.46,322530584,1342161267,2986,11697,1.3,233.9,3.1,2.0,61,36,0,0,0,0,0,0.0,0,0,0,0,0,0
1267.6,2026-05-16T18:36:52,0016c001f10c2ef6,6.1,2.4,3.7,0.0,7809,701,7108,9.0,0.57,0.48,0.46,322534387,1342189595,3803,28328,1.3,233.8,3.1,2.0,61,36,0,0,0,0,0,0.0,0,0,0,0,0,0
1268.1,2026-05-16T18:36:53,0016c001f10c2ef6,9.4,5.9,3.5,0.0,7809,701,7108,9.0,0.57,0.48,0.46,322537941,1342217597,3554,28002,1.3,233.8,3.1,2.0,61,36,0,0,0,0,0,0.0,0,0,0,0,0,0
1268.5,2026-05-16T18:36:53,0016c001f10c2ef6,8.1,1.7,5.8,0.6,7809,701,7108,9.0,0.57,0.48,0.46,322541025,1342231238,3084,13641,1.3,233.8,3.1,2.0,61,36,0,0,0,0,0,0.0,0,0,0,0,0,0
1268.9,2026-05-16T18:36:54,0016c001f10c2ef6,15.7,1.8,13.9,0.0,7809,701,7108,9.0,0.57,0.48,0.46,322544163,1342242869,3138,11631,1.3,233.8,3.1,2.0,61,36,0,0,0,0,0,0.0,0,0,0,0,0,0
1269.4,2026-05-16T18:36:54,0016c001f10c2ef6,18.7,1.2,17.5,0.0,7809,701,7108,9.0,0.57,0.48,0.46,322547197,1342254500,3034,11631,1.3,233.8,3.1,2.0,61,36,0,0,0,0,0,0.0,0,0,0,0,0,0
1269.8,2026-05-16T18:36:54,0016c001f10c2ef6,18.9,2.4,16.5,0.0,7809,701,7108,9.0,0.57,0.48,0.46,322551108,1342297394,3911,42894,1.3,233.8,3.1,2.0,61,36,0,0,0,0,0,0.0,0,0,0,0,0,0
1270.3,2026-05-16T18:36:55,0016c001f10c2ef6,18.6,3.6,15.0,0.0,7809,701,7108,9.0,0.57,0.48,0.46,322554194,1342309025,3086,11631,1.3,233.8,3.1,2.0,61,36,0,0,0,0,0,0.0,0,0,0,0,0,0
1270.7,2026-05-16T18:36:55,0016c001f10c2ef6,7.1,1.2,5.9,0.0,7809,701,7108,9.0,0.57,0.48,0.46,322557384,1342320656,3190,11631,1.3,233.8,3.1,2.0,61,36,0,0,0,0,0,0.0,0,0,0,0,0,0
1271.2,2026-05-16T18:36:56,0016c001f10c2ef6,5.1,1.7,3.4,0.0,7809,700,7109,9.0,0.57,0.48,0.46,322560570,1342332287,3186,11631,1.3,233.8,3.1,2.0,61,36,0,0,0,0,0,0.0,0,0,0,0,0,0
1271.7,2026-05-16T18:36:56,0016c001f10c2ef6,7.6,2.9,4.7,0.0,7809,701,7108,9.0,0.52,0.47,0.46,322564637,1342375181,4067,42894,1.3,233.9,3.1,2.0,61,36,0,0,0,0,0,0.0,0,0,0,0,0,0
1272.2,2026-05-16T18:36:57,0016c001f10c2ef6,6.9,2.9,4.0,0.0,7809,700,7109,9.0,0.52,0.47,0.46,322567827,1342386878,3190,11697,1.3,233.9,3.1,2.0,61,36,0,0,0,0,0,0.0,0,0,0,0,0,0
1272.7,2026-05-16T18:36:57,0016c001f10c2ef6,9.1,4.3,4.8,0.0,7809,699,7110,9.0,0.52,0.47,0.46,322571069,1342398575,3242,11697,1.3,233.9,3.1,2.0,61,36,0,0,0,0,0,0.0,0,0,0,0,0,0
1273.2,2026-05-16T18:36:58,0016c001f10c2ef6,9.3,2.6,6.7,0.0,7809,699,7110,9.0,0.52,0.47,0.46,322574311,1342410272,3242,11697,1.3,233.9,3.1,2.0,61,36,0,0,0,0,0,0.0,0,0,0,0,0,0
1273.7,2026-05-16T18:36:58,0016c001f10c2ef6,9.7,3.1,6.7,0.0,7809,699,7110,9.0,0.52,0.47,0.46,322577547,1342422880,3236,12608,1.3,238.0,3.1,2.0,61,36,0,0,0,0,0,0.0,0,0,0,0,0,0
1274.4,2026-05-16T18:36:59,0016c001f10c2ef6,7.9,2.5,5.0,0.4,7809,695,7114,8.9,0.52,0.47,0.46,322606911,1347231558,29364,4808678,1.3,233.8,3.1,2.0,61,36,0,0,0,0,0,0.0,0,0,0,0,0,0
1274.9,2026-05-16T18:37:00,0016c001f10c2ef6,8.7,3.5,5.2,0.0,7809,697,7112,8.9,0.52,0.47,0.46,322611107,1347245310,4196,13752,1.3,233.8,3.1,2.0,61,36,0,0,0,0,0,0.0,0,0,0,0,0,0
1275.3,2026-05-16T18:37:00,0016c001f10c2ef6,6.5,1.8,4.8,0.0,7809,697,7112,8.9,0.52,0.47,0.46,322614197,1347256941,3090,11631,1.3,233.8,3.1,2.0,61,36,0,0,0,0,0,0.0,0,0,0,0,0,0
1275.7,2026-05-16T18:37:00,0016c001f10c2ef6,5.3,1.8,3.5,0.0,7809,698,7111,8.9,0.52,0.47,0.46,322617948,1347268638,3751,11697,1.3,233.8,3.1,2.0,61,36,0,0,0,0,0,0.0,0,0,0,0,0,0
1276.2,2026-05-16T18:37:01,0016c001f10c2ef6,9.2,3.5,5.2,0.6,7809,698,7111,8.9,0.52,0.47,0.46,322621931,1347311532,3983,42894,1.3,233.8,3.1,2.0,61,36,0,0,0,0,0,0.0,0,0,0,0,0,0
1276.6,2026-05-16T18:37:01,0016c001f10c2ef6,5.9,3.0,3.0,0.0,7809,699,7110,9.0,0.48,0.46,0.45,322624969,1347323163,3038,11631,1.3,233.8,3.1,2.0,61,36,0,0,0,0,0,0.0,0,0,0,0,0,0
1277.0,2026-05-16T18:37:02,0016c001f10c2ef6,5.8,1.7,4.0,0.0,7809,699,7110,9.0,0.48,0.46,0.45,322628155,1347334794,3186,11631,1.3,233.8,3.1,2.0,61,36,0,0,0,0,0,0.0,0,0,0,0,0,0
1277.5,2026-05-16T18:37:02,0016c001f10c2ef6,6.0,2.4,3.6,0.0,7809,699,7110,9.0,0.48,0.46,0.45,322631293,1347346425,3138,11631,1.3,233.8,3.1,2.0,61,36,0,0,0,0,0,0.0,0,0,0,0,0,0
1277.9,2026-05-16T18:37:03,0016c001f10c2ef6,6.9,2.9,4.0,0.0,7809,700,7109,9.0,0.48,0.46,0.45,322635360,1347389319,4067,42894,1.3,233.8,3.1,2.0,61,36,0,0,0,0,0,0.0,0,0,0,0,0,0
1278.3,2026-05-16T18:37:03,0016c001f10c2ef6,7.0,2.3,4.7,0.0,7809,700,7109,9.0,0.48,0.46,0.45,322638550,1347400950,3190,11631,1.3,233.8,3.1,2.0,61,36,0,0,0,0,0,0.0,0,0,0,0,0,0
1278.8,2026-05-16T18:37:03,0016c001f10c2ef6,9.4,3.1,6.2,0.0,7809,699,7110,9.0,0.48,0.46,0.45,322641536,1347412713,2986,11763,1.3,233.8,3.1,2.0,61,36,0,0,0,0,0,0.0,0,0,0,0,0,0
1279.3,2026-05-16T18:37:04,0016c001f10c2ef6,6.8,2.3,4.5,0.0,7809,699,7110,9.0,0.48,0.46,0.45,322644622,1347424344,3086,11631,1.3,233.8,3.1,2.0,61,36,0,0,0,0,0,0.0,0,0,0,0,0,0
1279.8,2026-05-16T18:37:04,0016c001f10c2ef6,6.6,1.8,4.8,0.0,7809,701,7108,9.0,0.48,0.46,0.45,322648273,1347450867,3651,26523,1.3,233.8,3.1,2.0,61,36,0,0,0,0,0,0.0,0,0,0,0,0,0
1280.3,2026-05-16T18:37:05,0016c001f10c2ef6,8.0,4.0,4.0,0.0,7809,701,7108,9.0,0.48,0.46,0.45,322651823,1347478869,3550,28002,1.3,233.8,3.1,2.0,61,36,0,0,0,0,0,0.0,0,0,0,0,0,0
1280.8,2026-05-16T18:37:05,0016c001f10c2ef6,6.4,2.3,4.1,0.0,7809,701,7108,9.0,0.48,0.46,0.45,322655111,1347491447,3288,12578,1.3,233.8,3.1,2.0,61,36,0,0,0,0,0,0.0,0,0,0,0,0,0
1281.2,2026-05-16T18:37:06,0016c001f10c2ef6,14.4,2.4,12.0,0.0,7809,701,7108,9.0,0.48,0.46,0.45,322658097,1347503078,2986,11631,1.3,233.8,3.1,2.0,61,36,0,0,0,0,0,0.0,0,0,0,0,0,0
