elapsed_s,timestamp,gateway_id,cpu_pct,cpu_user,cpu_sys,cpu_iowait,mem_total_mb,mem_used_mb,mem_free_mb,mem_used_pct,load_1,load_5,load_15,net_rx_bytes,net_tx_bytes,net_rx_delta,net_tx_delta,cs_cpu_pct,cs_mem_mb,pf_cpu_pct,pf_mem_mb,rx_total,tx_total,rx_delta,tx_delta,rx_crc_ok,rx_crc_error,rx_crc_none,crc_error_rate_pct,rx_dr0,rx_dr1,rx_dr2,rx_dr3,rx_dr4,rx_dr5
0.0,2026-05-16T19:40:22,0016c001f10c2ef6,,,,,7809,701,7108,9.0,0.45,0.41,0.37,338447642,1604119608,,,1.3,234.2,3.1,2.0,83,43,,,0,0,0,0.0,0,0,0,0,0,0
0.6,2026-05-16T19:40:23,0016c001f10c2ef6,9.5,3.2,6.4,0.0,7809,701,7108,9.0,0.45,0.41,0.37,338450628,1604131351,2986,11743,1.3,234.2,3.1,2.0,83,43,0,0,0,0,0,0.0,0,0,0,0,0,0
1.0,2026-05-16T19:40:23,0016c001f10c2ef6,5.6,1.7,3.9,0.0,7809,701,7108,9.0,0.45,0.41,0.37,338454275,1604157920,3647,26569,1.3,234.2,3.1,2.0,83,43,0,0,0,0,0,0.0,0,0,0,0,0,0
1.5,2026-05-16T19:40:24,0016c001f10c2ef6,7.4,2.9,4.0,0.6,7809,701,7108,9.0,0.41,0.4,0.36,338458106,1604185220,3831,27300,1.3,234.2,3.1,2.0,83,43,0,0,0,0,0,0.0,0,0,0,0,0,0
1.9,2026-05-16T19:40:24,0016c001f10c2ef6,6.3,2.9,3.4,0.0,7809,701,7108,9.0,0.41,0.4,0.36,338461140,1604196897,3034,11677,1.3,234.2,3.1,2.0,83,43,0,0,0,0,0,0.0,0,0,0,0,0,0
2.3,2026-05-16T19:40:24,0016c001f10c2ef6,6.4,2.9,3.5,0.0,7809,702,7107,9.0,0.41,0.4,0.36,338464174,1604208574,3034,11677,1.3,234.2,3.1,2.0,83,43,0,0,0,0,0,0.0,0,0,0,0,0,0
2.8,2026-05-16T19:40:25,0016c001f10c2ef6,5.9,1.8,4.1,0.0,7809,702,7107,9.0,0.41,0.4,0.36,338467208,1604220317,3034,11743,1.3,234.2,3.1,2.0,83,43,0,0,0,0,0,0.0,0,0,0,0,0,0
3.2,2026-05-16T19:40:25,0016c001f10c2ef6,6.5,1.2,5.4,0.0,7809,702,7107,9.0,0.41,0.4,0.36,338471067,1604262509,3859,42192,1.3,234.2,3.1,2.0,83,43,0,0,0,0,0,0.0,0,0,0,0,0,0
3.6,2026-05-16T19:40:26,0016c001f10c2ef6,7.6,2.3,5.2,0.0,7809,703,7106,9.0,0.41,0.4,0.36,338474101,1604274186,3034,11677,1.3,234.2,3.1,2.0,83,43,0,0,0,0,0,0.0,0,0,0,0,0,0
4.1,2026-05-16T19:40:26,0016c001f10c2ef6,7.0,2.3,4.7,0.0,7809,703,7106,9.0,0.41,0.4,0.36,338477207,1604285941,3106,11755,1.3,234.2,3.1,2.0,83,43,0,0,0,0,0,0.0,0,0,0,0,0,0
4.5,2026-05-16T19:40:27,0016c001f10c2ef6,6.9,2.3,4.6,0.0,7809,702,7107,9.0,0.41,0.4,0.36,338480241,1604297618,3034,11677,1.3,234.2,3.1,2.0,83,43,0,0,0,0,0,0.0,0,0,0,0,0,0
4.9,2026-05-16T19:40:27,0016c001f10c2ef6,5.7,1.1,4.6,0.0,7809,703,7106,9.0,0.41,0.4,0.36,338483275,1604309295,3034,11677,1.3,234.2,3.1,2.0,83,43,0,0,0,0,0,0.0,0,0,0,0,0,0
5.4,2026-05-16T19:40:27,0016c001f10c2ef6,6.5,2.4,4.1,0.0,7809,702,7107,9.0,0.41,0.4,0.36,338487338,1604351487,4063,42192,1.3,234.2,3.1,2.0,83,43,0,0,0,0,0,0.0,0,0,0,0,0,0
5.9,2026-05-16T19:40:28,0016c001f10c2ef6,10.6,4.0,6.6,0.0,7809,702,7107,9.0,0.41,0.4,0.36,338490376,1604363913,3038,12426,1.3,234.2,3.1,2.0,83,43,0,0,0,0,0,0.0,0,0,0,0,0,0
6.3,2026-05-16T19:40:28,0016c001f10c2ef6,15.8,2.8,13.0,0.0,7809,703,7106,9.0,0.46,0.41,0.37,338493462,1604375590,3086,11677,1.3,234.2,3.1,2.0,83,43,0,0,0,0,0,0.0,0,0,0,0,0,0
6.8,2026-05-16T19:40:29,0016c001f10c2ef6,20.5,2.3,17.5,0.6,7809,702,7107,9.0,0.46,0.41,0.37,338496646,1604388854,3184,13264,1.3,234.2,3.1,2.0,83,43,0,0,0,0,0,0.0,0,0,0,0,0,0
7.2,2026-05-16T19:40:29,0016c001f10c2ef6,19.8,2.9,16.9,0.0,7809,703,7106,9.0,0.46,0.41,0.37,338500609,1604431046,3963,42192,1.3,234.2,3.1,2.0,83,43,0,0,0,0,0,0.0,0,0,0,0,0,0
7.6,2026-05-16T19:40:30,0016c001f10c2ef6,16.6,1.8,14.7,0.0,7809,702,7107,9.0,0.46,0.41,0.37,338503743,1604442723,3134,11677,1.3,234.2,3.1,2.0,83,43,0,0,0,0,0,0.0,0,0,0,0,0,0
8.1,2026-05-16T19:40:30,0016c001f10c2ef6,5.8,2.3,3.5,0.0,7809,703,7106,9.0,0.46,0.41,0.37,338506781,1604454400,3038,11677,1.3,234.2,3.1,2.0,83,43,0,0,0,0,0,0.0,0,0,0,0,0,0
8.5,2026-05-16T19:40:31,0016c001f10c2ef6,6.3,2.3,4.0,0.0,7809,703,7106,9.0,0.46,0.41,0.37,338510019,1604466077,3238,11677,1.3,234.2,3.1,2.0,83,43,0,0,0,0,0,0.0,0,0,0,0,0,0
9.0,2026-05-16T19:40:31,0016c001f10c2ef6,6.3,1.7,4.6,0.0,7809,703,7106,9.0,0.46,0.41,0.37,338513005,1604477754,2986,11677,1.3,234.2,3.1,2.0,83,43,0,0,0,0,0,0.0,0,0,0,0,0,0
9.4,2026-05-16T19:40:31,0016c001f10c2ef6,6.9,1.7,5.2,0.0,7809,703,7106,9.0,0.46,0.41,0.37,338517020,1604519946,4015,42192,1.3,234.2,3.1,2.0,83,43,0,0,0,0,0,0.0,0,0,0,0,0,0
9.8,2026-05-16T19:40:32,0016c001f10c2ef6,8.0,2.3,5.7,0.0,7809,703,7106,9.0,0.46,0.41,0.37,338520054,1604531623,3034,11677,1.3,234.2,3.1,2.0,83,43,0,0,0,0,0,0.0,0,0,0,0,0,0
10.3,2026-05-16T19:40:32,0016c001f10c2ef6,6.4,2.7,3.7,0.0,7809,703,7106,9.0,0.46,0.41,0.37,338523152,1604544345,3098,12722,1.3,234.2,3.1,2.0,83,43,0,0,0,0,0,0.0,0,0,0,0,0,0
10.8,2026-05-16T19:40:33,0016c001f10c2ef6,7.6,1.1,6.5,0.0,7809,703,7106,9.0,0.46,0.41,0.37,338526442,1604556022,3290,11677,1.3,234.2,3.1,2.0,83,43,0,0,0,0,0,0.0,0,0,0,0,0,0
11.3,2026-05-16T19:40:33,0016c001f10c2ef6,9.8,2.9,6.8,0.0,7809,703,7106,9.0,0.42,0.41,0.37,338530734,1604598280,4292,42258,1.3,234.2,3.1,2.0,83,43,0,0,0,0,0,0.0,0,0,0,0,0,0
11.7,2026-05-16T19:40:34,0016c001f10c2ef6,7.7,1.2,6.5,0.0,7809,703,7106,9.0,0.42,0.41,0.37,338533868,1604609957,3134,11677,1.3,234.2,3.1,2.0,83,43,0,0,0,0,0,0.0,0,0,0,0,0,0
12.1,2026-05-16T19:40:34,0016c001f10c2ef6,6.4,1.2,5.2,0.0,7809,702,7107,9.0,0.42,0.41,0.37,338536978,1604621712,3110,11755,1.3,234.2,3.1,2.0,83,43,0,0,0,0,0,0.0,0,0,0,0,0,0
12.6,2026-05-16T19:40:35,0016c001f10c2ef6,6.8,2.8,4.0,0.0,7809,702,7107,9.0,0.42,0.41,0.37,338540116,1604633389,3138,11677,1.3,234.2,3.1,2.0,83,43,0,0,0,0,0,0.0,0,0,0,0,0,0
13.0,2026-05-16T19:40:35,0016c001f10c2ef6,6.4,2.3,4.0,0.0,7809,702,7107,9.0,0.42,0.41,0.37,338543150,1604645066,3034,11677,1.3,234.2,3.1,2.0,83,43,0,0,0,0,0,0.0,0,0,0,0,0,0
13.5,2026-05-16T19:40:36,0016c001f10c2ef6,6.9,1.7,5.2,0.0,7809,702,7107,9.0,0.42,0.41,0.37,338547165,1604687258,4015,42192,1.3,234.2,3.1,2.0,83,43,0,0,0,0,0,0.0,0,0,0,0,0,0
13.9,2026-05-16T19:40:36,0016c001f10c2ef6,6.5,1.8,4.7,0.0,7809,702,7107,9.0,0.42,0.41,0.37,338550199,1604698935,3034,11677,1.3,234.2,3.1,2.0,83,43,0,0,0,0,0,0.0,0,0,0,0,0,0
14.3,2026-05-16T19:40:36,0016c001f10c2ef6,5.2,1.7,3.5,0.0,7809,702,7107,9.0,0.42,0.41,0.37,338553285,1604710612,3086,11677,1.3,234.2,3.1,2.0,83,43,0,0,0,0,0,0.0,0,0,0,0,0,0
14.7,2026-05-16T19:40:37,0016c001f10c2ef6,6.5,1.8,4.7,0.0,7809,702,7107,9.0,0.42,0.41,0.37,338556371,1604722289,3086,11677,1.3,234.2,3.1,2.0,83,43,0,0,0,0,0,0.0,0,0,0,0,0,0
15.2,2026-05-16T19:40:37,0016c001f10c2ef6,6.2,2.3,4.0,0.0,7809,703,7106,9.0,0.42,0.41,0.37,338559509,1604733966,3138,11677,1.3,234.2,3.1,2.0,83,43,0,0,0,0,0,0.0,0,0,0,0,0,0
15.6,2026-05-16T19:40:38,0016c001f10c2ef6,5.7,2.3,3.4,0.0,7809,703,7106,9.0,0.42,0.41,0.37,338563704,1604776314,4195,42348,1.3,234.2,3.1,2.0,83,43,0,0,0,0,0,0.0,0,0,0,0,0,0
16.1,2026-05-16T19:40:38,0016c001f10c2ef6,8.0,4.0,4.0,0.0,7809,703,7106,9.0,0.42,0.41,0.37,338567098,1604789056,3394,12742,1.3,234.2,3.1,2.0,83,43,0,0,0,0,0,0.0,0,0,0,0,0,0
16.6,2026-05-16T19:40:39,0016c001f10c2ef6,10.7,4.4,6.3,0.0,7809,701,7108,9.0,0.39,0.4,0.36,338570386,1604802742,3288,13686,1.3,234.3,3.1,2.0,83,43,0,0,0,0,0,0.0,0,0,0,0,0,0
17.1,2026-05-16T19:40:39,0016c001f10c2ef6,9.2,3.1,6.1,0.0,7809,702,7107,9.0,0.39,0.4,0.36,338573600,1604814571,3214,11829,1.3,234.3,3.1,2.0,83,43,0,0,0,0,0,0.0,0,0,0,0,0,0
17.5,2026-05-16T19:40:40,0016c001f10c2ef6,4.7,1.8,2.9,0.0,7809,703,7106,9.0,0.39,0.4,0.36,338577667,1604856788,4067,42217,1.3,234.2,3.1,2.0,83,43,0,0,0,0,0,0.0,0,0,0,0,0,0
18.0,2026-05-16T19:40:40,0016c001f10c2ef6,13.2,2.9,9.8,0.6,7809,703,7106,9.0,0.39,0.4,0.36,338580869,1604868707,3202,11919,1.3,234.2,3.1,2.0,83,43,0,0,0,0,0,0.0,0,0,0,0,0,0
18.5,2026-05-16T19:40:41,0016c001f10c2ef6,17.8,1.0,16.8,0.0,7809,701,7108,9.0,0.39,0.4,0.36,338583903,1604880384,3034,11677,1.3,234.3,3.1,2.0,83,43,0,0,0,0,0,0.0,0,0,0,0,0,0
18.9,2026-05-16T19:40:41,0016c001f10c2ef6,18.4,0.6,17.8,0.0,7809,702,7107,9.0,0.39,0.4,0.36,338586937,1604892061,3034,11677,1.3,234.3,3.1,2.0,83,43,0,0,0,0,0,0.0,0,0,0,0,0,0
19.3,2026-05-16T19:40:41,0016c001f10c2ef6,20.2,3.0,17.3,0.0,7809,702,7107,9.0,0.39,0.4,0.36,338590900,1604934278,3963,42217,1.3,234.3,3.1,2.0,83,43,0,0,0,0,0,0.0,0,0,0,0,0,0
19.8,2026-05-16T19:40:42,0016c001f10c2ef6,9.1,3.4,5.7,0.0,7809,703,7106,9.0,0.39,0.4,0.36,338593934,1604945971,3034,11693,1.3,234.3,3.1,2.0,83,43,0,0,0,0,0,0.0,0,0,0,0,0,0
20.2,2026-05-16T19:40:42,0016c001f10c2ef6,5.8,1.2,4.7,0.0,7809,702,7107,9.0,0.39,0.4,0.36,338597072,1604957648,3138,11677,1.3,234.3,3.1,2.0,83,43,0,0,0,0,0,0.0,0,0,0,0,0,0
20.6,2026-05-16T19:40:43,0016c001f10c2ef6,6.4,3.5,2.9,0.0,7809,702,7107,9.0,0.39,0.4,0.36,338600258,1604969325,3186,11677,1.3,234.3,3.1,2.0,83,43,0,0,0,0,0,0.0,0,0,0,0,0,0
21.1,2026-05-16T19:40:43,0016c001f10c2ef6,6.7,3.4,3.4,0.0,7809,702,7107,9.0,0.39,0.4,0.36,338603244,1604981002,2986,11677,1.3,234.3,3.1,2.0,83,43,0,0,0,0,0,0.0,0,0,0,0,0,0
21.6,2026-05-16T19:40:44,0016c001f10c2ef6,6.2,2.2,3.9,0.0,7809,702,7107,9.0,0.36,0.39,0.36,338607584,1605023219,4340,42217,1.3,234.4,3.1,2.0,83,43,0,0,0,0,0,0.0,0,0,0,0,0,0
22.0,2026-05-16T19:40:44,0016c001f10c2ef6,6.4,2.3,4.0,0.0,7809,702,7107,9.0,0.36,0.39,0.36,338610826,1605034896,3242,11677,1.3,234.4,3.1,2.0,83,43,0,0,0,0,0,0.0,0,0,0,0,0,0
22.5,2026-05-16T19:40:45,0016c001f10c2ef6,9.5,3.0,6.5,0.0,7809,701,7108,9.0,0.36,0.39,0.36,338614016,1605046639,3190,11743,1.3,234.4,3.1,2.0,83,43,0,0,0,0,0,0.0,0,0,0,0,0,0
22.9,2026-05-16T19:40:45,0016c001f10c2ef6,5.3,1.2,4.1,0.0,7809,706,7103,9.0,0.36,0.39,0.36,338630495,1609801401,16479,4754762,1.3,234.4,3.1,2.0,83,43,0,0,0,0,0,0.0,0,0,0,0,0,0
23.6,2026-05-16T19:40:46,0016c001f10c2ef6,8.6,4.1,4.5,0.0,7809,701,7108,9.0,0.36,0.39,0.36,338645780,1609867116,15285,65715,1.3,234.5,3.1,2.0,83,43,0,0,0,0,0,0.0,0,0,0,0,0,0
24.0,2026-05-16T19:40:46,0016c001f10c2ef6,8.3,3.0,5.3,0.0,7809,702,7107,9.0,0.36,0.39,0.36,338649018,1609878793,3238,11677,1.3,234.5,3.1,2.0,83,43,0,0,0,0,0,0.0,0,0,0,0,0,0
24.5,2026-05-16T19:40:47,0016c001f10c2ef6,5.7,2.3,2.9,0.6,7809,702,7107,9.0,0.36,0.39,0.36,338652056,1609890470,3038,11677,1.3,234.5,3.1,2.0,83,43,0,0,0,0,0,0.0,0,0,0,0,0,0
24.9,2026-05-16T19:40:47,0016c001f10c2ef6,5.7,1.1,4.6,0.0,7809,702,7107,9.0,0.36,0.39,0.36,338655142,1609902147,3086,11677,1.3,234.5,3.1,2.0,83,43,0,0,0,0,0,0.0,0,0,0,0,0,0
25.4,2026-05-16T19:40:47,0016c001f10c2ef6,5.3,2.4,3.0,0.0,7809,702,7107,9.0,0.36,0.39,0.36,338660933,1609947998,5791,45851,1.3,234.7,3.1,2.0,85,45,2,2,0,0,0,0.0,0,0,0,0,0,0
25.8,2026-05-16T19:40:48,0016c001f10c2ef6,9.8,4.6,5.2,0.0,7809,703,7106,9.0,0.36,0.39,0.36,338664179,1609959741,3246,11743,1.3,234.7,3.1,2.0,85,45,0,0,0,0,0,0.0,0,0,0,0,0,0
26.2,2026-05-16T19:40:48,0016c001f10c2ef6,5.8,2.3,3.5,0.0,7809,703,7106,9.0,0.36,0.39,0.36,338667317,1609971418,3138,11677,1.3,234.7,3.1,2.0,85,45,0,0,0,0,0,0.0,0,0,0,0,0,0
26.7,2026-05-16T19:40:49,0016c001f10c2ef6,7.3,1.7,5.6,0.0,7809,702,7107,9.0,0.33,0.39,0.36,338672379,1609986761,5062,15343,1.3,234.7,3.1,2.0,85,45,0,0,0,0,0,0.0,0,0,0,0,0,0
27.1,2026-05-16T19:40:49,0016c001f10c2ef6,7.0,2.3,4.7,0.0,7809,702,7107,9.0,0.33,0.39,0.36,338675417,1609998438,3038,11677,1.3,234.7,3.1,2.0,85,45,0,0,0,0,0,0.0,0,0,0,0,0,0
27.6,2026-05-16T19:40:50,0016c001f10c2ef6,9.3,3.1,6.2,0.0,7809,702,7107,9.0,0.33,0.39,0.36,338679380,1610040721,3963,42283,1.3,234.7,3.1,2.0,85,45,0,0,0,0,0,0.0,0,0,0,0,0,0
28.0,2026-05-16T19:40:50,0016c001f10c2ef6,6.4,1.8,4.7,0.0,7809,702,7107,9.0,0.33,0.39,0.36,338682638,1610052476,3258,11755,1.3,234.7,3.1,2.0,85,45,0,0,0,0,0,0.0,0,0,0,0,0,0
28.5,2026-05-16T19:40:51,0016c001f10c2ef6,6.9,2.3,4.6,0.0,7809,702,7107,9.0,0.33,0.39,0.36,338685780,1610064153,3142,11677,1.3,234.7,3.1,2.0,85,45,0,0,0,0,0,0.0,0,0,0,0,0,0
28.9,2026-05-16T19:40:51,0016c001f10c2ef6,7.0,1.7,4.7,0.6,7809,701,7108,9.0,0.33,0.39,0.36,338688918,1610075830,3138,11677,1.3,234.7,3.1,2.0,85,45,0,0,0,0,0,0.0,0,0,0,0,0,0
29.3,2026-05-16T19:40:51,0016c001f10c2ef6,7.5,2.3,5.2,0.0,7809,702,7107,9.0,0.33,0.39,0.36,338692120,1610087749,3202,11919,1.3,234.6,3.1,2.0,85,45,0,0,0,0,0,0.0,0,0,0,0,0,0
29.8,2026-05-16T19:40:52,0016c001f10c2ef6,15.7,3.6,12.2,0.0,7809,702,7107,9.0,0.33,0.39,0.36,338696135,1610129966,4015,42217,1.3,234.6,3.1,2.0,85,45,0,0,0,0,0,0.0,0,0,0,0,0,0
30.3,2026-05-16T19:40:52,0016c001f10c2ef6,18.5,2.4,16.1,0.0,7809,704,7105,9.0,0.33,0.39,0.36,338699269,1610141643,3134,11677,1.3,234.6,3.1,2.0,85,45,0,0,0,0,0,0.0,0,0,0,0,0,0
30.7,2026-05-16T19:40:53,0016c001f10c2ef6,21.1,3.0,18.1,0.0,7809,704,7105,9.0,0.33,0.39,0.36,338702353,1610155594,3084,13951,1.3,234.6,3.1,2.0,85,45,0,0,0,0,0,0.0,0,0,0,0,0,0
31.1,2026-05-16T19:40:53,0016c001f10c2ef6,19.2,1.8,17.4,0.0,7809,704,7105,9.0,0.33,0.39,0.36,338705591,1610167271,3238,11677,1.3,234.6,3.1,2.0,85,45,0,0,0,0,0,0.0,0,0,0,0,0,0
31.6,2026-05-16T19:40:54,0016c001f10c2ef6,7.3,3.4,4.0,0.0,7809,704,7105,9.0,0.3,0.38,0.36,338709987,1610209488,4396,42217,1.3,234.6,3.1,2.0,85,45,0,0,0,0,0,0.0,0,0,0,0,0,0
32.0,2026-05-16T19:40:54,0016c001f10c2ef6,6.5,2.4,4.1,0.0,7809,703,7106,9.0,0.3,0.38,0.36,338713225,1610221165,3238,11677,1.3,234.6,3.1,2.0,85,45,0,0,0,0,0,0.0,0,0,0,0,0,0
32.4,2026-05-16T19:40:55,0016c001f10c2ef6,5.7,2.8,2.8,0.0,7809,704,7105,9.0,0.3,0.38,0.36,338716363,1610232842,3138,11677,1.3,234.6,3.1,2.0,85,45,0,0,0,0,0,0.0,0,0,0,0,0,0
32.9,2026-05-16T19:40:55,0016c001f10c2ef6,8.9,2.6,6.2,0.0,7809,702,7107,9.0,0.3,0.38,0.36,338719605,1610244585,3242,11743,1.3,234.6,3.1,2.0,85,45,0,0,0,0,0,0.0,0,0,0,0,0,0
33.4,2026-05-16T19:40:56,0016c001f10c2ef6,9.1,3.6,5.6,0.0,7809,701,7108,9.0,0.3,0.38,0.36,338723256,1610256328,3651,11743,1.3,234.5,3.1,2.0,85,45,0,0,0,0,0,0.0,0,0,0,0,0,0
33.9,2026-05-16T19:40:56,0016c001f10c2ef6,10.7,3.1,7.7,0.0,7809,702,7107,9.0,0.3,0.38,0.36,338726908,1610298677,3652,42349,1.3,234.5,3.1,2.0,85,45,0,0,0,0,0,0.0,0,0,0,0,0,0
34.4,2026-05-16T19:40:57,0016c001f10c2ef6,10.9,3.6,6.8,0.5,7809,702,7107,9.0,0.3,0.38,0.36,338731930,1610314054,5022,15377,1.3,234.5,3.1,2.0,85,45,0,0,0,0,0,0.0,0,0,0,0,0,0
34.9,2026-05-16T19:40:57,0016c001f10c2ef6,5.8,1.7,4.1,0.0,7809,701,7108,9.0,0.3,0.38,0.36,338736032,1610327564,4102,13510,1.3,234.5,3.1,2.0,85,45,0,0,0,0,0,0.0,0,0,0,0,0,0
35.3,2026-05-16T19:40:57,0016c001f10c2ef6,7.9,2.3,5.6,0.0,7809,702,7107,9.0,0.3,0.38,0.36,338739982,1610341074,3950,13510,1.3,234.5,3.1,2.0,85,45,0,0,0,0,0,0.0,0,0,0,0,0,0
35.7,2026-05-16T19:40:58,0016c001f10c2ef6,7.5,2.9,4.6,0.0,7809,702,7107,9.0,0.3,0.38,0.36,338744153,1610383291,4171,42217,1.3,234.1,3.1,2.0,85,45,0,0,0,0,0,0.0,0,0,0,0,0,0
36.2,2026-05-16T19:40:58,0016c001f10c2ef6,6.8,2.3,4.5,0.0,7809,702,7107,9.0,0.3,0.38,0.36,338747515,1610395046,3362,11755,1.3,234.1,3.1,2.0,85,45,0,0,0,0,0,0.0,0,0,0,0,0,0
36.6,2026-05-16T19:40:59,0016c001f10c2ef6,5.8,1.2,4.7,0.0,7809,702,7107,9.0,0.28,0.37,0.35,338750757,1610406723,3242,11677,1.3,234.1,3.1,2.0,85,45,0,0,0,0,0,0.0,0,0,0,0,0,0
37.1,2026-05-16T19:40:59,0016c001f10c2ef6,6.4,2.3,4.1,0.0,7809,701,7108,9.0,0.28,0.37,0.35,338753795,1610418400,3038,11677,1.3,234.1,3.1,2.0,85,45,0,0,0,0,0,0.0,0,0,0,0,0,0
37.5,2026-05-16T19:41:00,0016c001f10c2ef6,7.5,2.3,5.2,0.0,7809,702,7107,9.0,0.28,0.37,0.35,338756981,1610430077,3186,11677,1.3,234.1,3.1,2.0,85,45,0,0,0,0,0,0.0,0,0,0,0,0,0
37.9,2026-05-16T19:41:00,0016c001f10c2ef6,7.6,2.9,4.7,0.0,7809,702,7107,9.0,0.28,0.37,0.35,338760948,1610472294,3967,42217,1.3,234.1,3.1,2.0,85,45,0,0,0,0,0,0.0,0,0,0,0,0,0
38.3,2026-05-16T19:41:00,0016c001f10c2ef6,6.6,1.8,4.8,0.0,7809,702,7107,9.0,0.28,0.37,0.35,338764134,1610483971,3186,11677,1.3,234.1,3.1,2.0,85,45,0,0,0,0,0,0.0,0,0,0,0,0,0
38.8,2026-05-16T19:41:01,0016c001f10c2ef6,6.3,2.3,4.0,0.0,7809,702,7107,9.0,0.28,0.37,0.35,338767224,1610495648,3090,11677,1.3,234.1,3.1,2.0,85,45,0,0,0,0,0,0.0,0,0,0,0,0,0
39.2,2026-05-16T19:41:01,0016c001f10c2ef6,6.3,2.9,3.4,0.0,7809,702,7107,9.0,0.28,0.37,0.35,338770514,1610507325,3290,11677,1.3,234.1,3.1,2.0,85,45,0,0,0,0,0,0.0,0,0,0,0,0,0
39.7,2026-05-16T19:41:02,0016c001f10c2ef6,9.1,3.0,6.1,0.0,7809,703,7106,9.0,0.28,0.37,0.35,338774533,1610549608,4019,42283,1.3,234.1,3.1,2.0,85,45,0,0,0,0,0,0.0,0,0,0,0,0,0
40.1,2026-05-16T19:41:02,0016c001f10c2ef6,9.3,2.9,6.4,0.0,7809,702,7107,9.0,0.28,0.37,0.35,338777671,1610561285,3138,11677,1.3,234.0,3.1,2.0,85,45,0,0,0,0,0,0.0,0,0,0,0,0,0
40.6,2026-05-16T19:41:03,0016c001f10c2ef6,6.4,2.9,3.5,0.0,7809,702,7107,9.0,0.28,0.37,0.35,338780757,1610572962,3086,11677,1.3,234.0,3.1,2.0,85,45,0,0,0,0,0,0.0,0,0,0,0,0,0
41.0,2026-05-16T19:41:03,0016c001f10c2ef6,8.0,4.6,3.4,0.0,7809,703,7106,9.0,0.28,0.37,0.35,338783895,1610585322,3138,12360,1.3,234.0,3.1,2.0,85,45,0,0,0,0,0,0.0,0,0,0,0,0,0
41.4,2026-05-16T19:41:04,0016c001f10c2ef6,10.6,0.6,10.0,0.0,7809,703,7106,9.0,0.33,0.38,0.36,338787404,1610598597,3509,13275,1.3,234.0,3.1,2.0,85,45,0,0,0,0,0,0.0,0,0,0,0,0,0
41.9,2026-05-16T19:41:04,0016c001f10c2ef6,20.7,4.9,15.9,0.0,7809,703,7106,9.0,0.33,0.38,0.36,338791367,1610640880,3963,42283,1.3,234.1,3.1,2.0,85,45,0,0,0,0,0,0.0,0,0,0,0,0,0
42.3,2026-05-16T19:41:04,0016c001f10c2ef6,18.5,1.8,16.7,0.0,7809,703,7106,9.0,0.33,0.38,0.36,338794557,1610652557,3190,11677,1.3,234.1,3.1,2.0,85,45,0,0,0,0,0,0.0,0,0,0,0,0,0
42.7,2026-05-16T19:41:05,0016c001f10c2ef6,18.6,1.8,16.8,0.0,7809,703,7106,9.0,0.33,0.38,0.36,338797643,1610664300,3086,11743,1.3,234.1,3.1,2.0,85,45,0,0,0,0,0,0.0,0,0,0,0,0,0
43.2,2026-05-16T19:41:05,0016c001f10c2ef6,10.1,2.4,7.7,0.0,7809,703,7106,9.0,0.33,0.38,0.36,338800729,1610675977,3086,11677,1.3,234.1,3.1,2.0,85,45,0,0,0,0,0,0.0,0,0,0,0,0,0
43.6,2026-05-16T19:41:06,0016c001f10c2ef6,5.9,1.2,4.7,0.0,7809,702,7107,9.0,0.33,0.38,0.36,338803763,1610687654,3034,11677,1.3,234.1,3.1,2.0,85,45,0,0,0,0,0,0.0,0,0,0,0,0,0
44.0,2026-05-16T19:41:06,0016c001f10c2ef6,8.2,2.9,5.3,0.0,7809,703,7106,9.0,0.33,0.38,0.36,338807902,1610729949,4139,42295,1.3,234.1,3.1,2.0,85,45,0,0,0,0,0,0.0,0,0,0,0,0,0
44.5,2026-05-16T19:41:07,0016c001f10c2ef6,7.0,1.7,5.2,0.0,7809,703,7106,9.0,0.33,0.38,0.36,338811088,1610741626,3186,11677,1.3,234.0,3.1,2.0,85,45,0,0,0,0,0,0.0,0,0,0,0,0,0
44.9,2026-05-16T19:41:07,0016c001f10c2ef6,12.2,4.1,7.1,1.0,7809,703,7106,9.0,0.33,0.38,0.36,338814226,1610753369,3138,11743,1.3,234.0,3.1,2.0,85,45,0,0,0,0,0,0.0,0,0,0,0,0,0
45.5,2026-05-16T19:41:08,0016c001f10c2ef6,9.1,3.0,6.1,0.0,7809,703,7106,9.0,0.33,0.38,0.36,338817544,1610765268,3318,11899,1.3,234.0,3.1,2.0,85,45,0,0,0,0,0,0.0,0,0,0,0,0,0
45.9,2026-05-16T19:41:08,0016c001f10c2ef6,11.2,3.6,7.7,0.0,7809,702,7107,9.0,0.33,0.38,0.36,338821715,1610807551,4171,42283,1.3,234.0,3.1,2.0,85,45,0,0,0,0,0,0.0,0,0,0,0,0,0
46.4,2026-05-16T19:41:09,0016c001f10c2ef6,8.7,2.6,6.1,0.0,7809,702,7107,9.0,0.31,0.38,0.36,338824905,1610819294,3190,11743,1.3,234.0,3.1,2.0,85,45,0,0,0,0,0,0.0,0,0,0,0,0,0
47.0,2026-05-16T19:41:09,0016c001f10c2ef6,10.4,3.0,7.5,0.0,7809,702,7107,9.0,0.31,0.38,0.36,338828147,1610831037,3242,11743,1.3,234.0,3.1,2.0,85,45,0,0,0,0,0,0.0,0,0,0,0,0,0
47.5,2026-05-16T19:41:10,0016c001f10c2ef6,10.8,3.9,6.9,0.0,7809,701,7108,9.0,0.31,0.38,0.36,338831389,1610842780,3242,11743,1.3,234.0,3.1,2.0,85,45,0,0,0,0,0,0.0,0,0,0,0,0,0
48.0,2026-05-16T19:41:10,0016c001f10c2ef6,9.6,4.1,5.6,0.0,7809,701,7108,9.0,0.31,0.38,0.36,338835508,1610885063,4119,42283,1.3,234.0,3.1,2.0,85,45,0,0,0,0,0,0.0,0,0,0,0,0,0
48.5,2026-05-16T19:41:11,0016c001f10c2ef6,10.2,3.6,6.6,0.0,7809,701,7108,9.0,0.31,0.38,0.36,338838698,1610896806,3190,11743,1.3,234.0,3.1,2.0,85,45,0,0,0,0,0,0.0,0,0,0,0,0,0
49.0,2026-05-16T19:41:11,0016c001f10c2ef6,9.5,2.5,7.0,0.0,7809,701,7108,9.0,0.31,0.38,0.36,338842012,1610908635,3314,11829,1.3,234.0,3.1,2.0,85,45,0,0,0,0,0,0.0,0,0,0,0,0,0
49.5,2026-05-16T19:41:12,0016c001f10c2ef6,9.5,2.5,7.0,0.0,7809,701,7108,9.0,0.31,0.38,0.36,338845102,1610920378,3090,11743,1.3,234.0,3.1,2.0,85,45,0,0,0,0,0,0.0,0,0,0,0,0,0
50.0,2026-05-16T19:41:12,0016c001f10c2ef6,11.9,5.2,6.2,0.5,7809,701,7108,9.0,0.31,0.38,0.36,338849269,1610962661,4167,42283,1.3,234.0,3.1,2.0,85,45,0,0,0,0,0,0.0,0,0,0,0,0,0
50.5,2026-05-16T19:41:13,0016c001f10c2ef6,9.2,2.6,5.6,1.0,7809,701,7108,9.0,0.31,0.38,0.36,338852255,1610974404,2986,11743,1.3,234.0,3.1,2.0,85,45,0,0,0,0,0,0.0,0,0,0,0,0,0
50.9,2026-05-16T19:41:13,0016c001f10c2ef6,8.8,4.1,4.7,0.0,7809,702,7107,9.0,0.31,0.38,0.36,338855393,1610987158,3138,12754,1.3,234.1,3.1,2.0,85,45,0,0,0,0,0,0.0,0,0,0,0,0,0
51.3,2026-05-16T19:41:13,0016c001f10c2ef6,9.2,4.0,5.2,0.0,7809,702,7107,9.0,0.28,0.37,0.35,338858908,1610998835,3515,11677,1.3,234.1,3.1,2.0,85,45,0,0,0,0,0,0.0,0,0,0,0,0,0
51.8,2026-05-16T19:41:14,0016c001f10c2ef6,5.9,1.8,4.1,0.0,7809,702,7107,9.0,0.28,0.37,0.35,338862040,1611012498,3132,13663,1.3,234.1,3.1,2.0,85,45,0,0,0,0,0,0.0,0,0,0,0,0,0
52.2,2026-05-16T19:41:14,0016c001f10c2ef6,7.1,2.4,4.7,0.0,7809,702,7107,9.0,0.28,0.37,0.35,338866003,1611054740,3963,42242,1.3,234.1,3.1,2.0,85,45,0,0,0,0,0,0.0,0,0,0,0,0,0
52.6,2026-05-16T19:41:15,0016c001f10c2ef6,5.9,1.8,4.1,0.0,7809,702,7107,9.0,0.28,0.37,0.35,338869037,1611066417,3034,11677,1.3,234.1,3.1,2.0,85,45,0,0,0,0,0,0.0,0,0,0,0,0,0
53.0,2026-05-16T19:41:15,0016c001f10c2ef6,7.0,1.8,5.3,0.0,7809,701,7108,9.0,0.28,0.37,0.35,338872123,1611078094,3086,11677,1.3,234.1,3.1,2.0,85,45,0,0,0,0,0,0.0,0,0,0,0,0,0
53.5,2026-05-16T19:41:16,0016c001f10c2ef6,17.2,3.0,14.2,0.0,7809,701,7108,9.0,0.28,0.37,0.35,338875157,1611089771,3034,11677,1.3,234.1,3.1,2.0,85,45,0,0,0,0,0,0.0,0,0,0,0,0,0
53.9,2026-05-16T19:41:16,0016c001f10c2ef6,19.5,2.4,17.2,0.0,7809,701,7108,9.0,0.28,0.37,0.35,338879220,1611132013,4063,42242,1.3,234.1,3.1,2.0,85,45,0,0,0,0,0,0.0,0,0,0,0,0,0
54.3,2026-05-16T19:41:16,0016c001f10c2ef6,19.4,2.4,17.0,0.0,7809,703,7106,9.0,0.28,0.37,0.35,338882410,1611143690,3190,11677,1.3,234.1,3.1,2.0,85,45,0,0,0,0,0,0.0,0,0,0,0,0,0
54.8,2026-05-16T19:41:17,0016c001f10c2ef6,15.1,1.8,13.3,0.0,7809,703,7106,9.0,0.28,0.37,0.35,338885448,1611155367,3038,11677,1.3,234.1,3.1,2.0,85,45,0,0,0,0,0,0.0,0,0,0,0,0,0
55.2,2026-05-16T19:41:17,0016c001f10c2ef6,6.9,1.7,4.6,0.6,7809,703,7106,9.0,0.28,0.37,0.35,338888582,1611167044,3134,11677,1.3,234.1,3.1,2.0,88,48,3,3,0,0,0,0.0,0,0,0,0,0,0
55.7,2026-05-16T19:41:18,0016c001f10c2ef6,8.5,2.7,5.9,0.0,7809,702,7107,9.0,0.28,0.37,0.35,338891672,1611178788,3090,11744,1.3,234.1,3.1,2.0,88,48,0,0,0,0,0,0.0,0,0,0,0,0,0
56.1,2026-05-16T19:41:18,0016c001f10c2ef6,7.9,2.8,5.1,0.0,7809,702,7107,9.0,0.28,0.37,0.35,338895739,1611221031,4067,42243,1.3,234.1,3.1,2.0,88,48,0,0,0,0,0,0.0,0,0,0,0,0,0
56.6,2026-05-16T19:41:19,0016c001f10c2ef6,4.7,1.8,3.0,0.0,7809,702,7107,9.0,0.26,0.36,0.35,338898773,1611232709,3034,11678,1.3,234.2,3.1,2.0,88,48,0,0,0,0,0,0.0,0,0,0,0,0,0
57.0,2026-05-16T19:41:19,0016c001f10c2ef6,5.3,1.2,4.1,0.0,7809,702,7107,9.0,0.26,0.36,0.35,338901807,1611244387,3034,11678,1.3,234.2,3.1,2.0,88,48,0,0,0,0,0,0.0,0,0,0,0,0,0
57.4,2026-05-16T19:41:20,0016c001f10c2ef6,6.5,1.8,4.7,0.0,7809,702,7107,9.0,0.26,0.36,0.35,338904893,1611256065,3086,11678,1.3,234.2,3.1,2.0,88,48,0,0,0,0,0,0.0,0,0,0,0,0,0
57.9,2026-05-16T19:41:20,0016c001f10c2ef6,7.0,1.7,5.2,0.0,7809,703,7106,9.0,0.26,0.36,0.35,338908956,1611298308,4063,42243,1.3,234.2,3.1,2.0,88,48,0,0,0,0,0,0.0,0,0,0,0,0,0
58.3,2026-05-16T19:41:20,0016c001f10c2ef6,6.5,3.0,3.6,0.0,7809,702,7107,9.0,0.26,0.36,0.35,338911994,1611309986,3038,11678,1.3,234.2,3.1,2.0,88,48,0,0,0,0,0,0.0,0,0,0,0,0,0
58.7,2026-05-16T19:41:21,0016c001f10c2ef6,6.3,2.9,3.4,0.0,7809,703,7106,9.0,0.26,0.36,0.35,338915080,1611321664,3086,11678,1.3,234.2,3.1,2.0,88,48,0,0,0,0,0,0.0,0,0,0,0,0,0
59.2,2026-05-16T19:41:21,0016c001f10c2ef6,6.4,1.7,4.6,0.0,7809,703,7106,9.0,0.26,0.36,0.35,338918166,1611333342,3086,11678,1.3,234.3,3.1,2.0,88,48,0,0,0,0,0,0.0,0,0,0,0,0,0
59.6,2026-05-16T19:41:22,0016c001f10c2ef6,5.3,1.2,4.1,0.0,7809,701,7108,9.0,0.26,0.36,0.35,338921200,1611345020,3034,11678,1.3,234.3,3.1,2.0,88,48,0,0,0,0,0,0.0,0,0,0,0,0,0
60.0,2026-05-16T19:41:22,0016c001f10c2ef6,6.4,2.3,4.1,0.0,7809,702,7107,9.0,0.26,0.36,0.35,338925183,1611387341,3983,42321,1.3,234.3,3.1,2.0,88,48,0,0,0,0,0,0.0,0,0,0,0,0,0
60.5,2026-05-16T19:41:23,0016c001f10c2ef6,8.1,2.9,5.2,0.0,7809,703,7106,9.0,0.26,0.36,0.35,338928369,1611399019,3186,11678,1.3,234.3,3.1,2.0,88,48,0,0,0,0,0,0.0,0,0,0,0,0,0
61.0,2026-05-16T19:41:23,0016c001f10c2ef6,8.4,3.1,5.2,0.0,7809,701,7108,9.0,0.26,0.36,0.35,338931407,1611410763,3038,11744,1.3,234.3,3.1,2.0,88,48,0,0,0,0,0,0.0,0,0,0,0,0,0
61.4,2026-05-16T19:41:23,0016c001f10c2ef6,6.4,1.7,4.6,0.0,7809,702,7107,9.0,0.24,0.36,0.35,338934870,1611422441,3463,11678,1.3,234.3,3.1,2.0,88,48,0,0,0,0,0,0.0,0,0,0,0,0,0
61.8,2026-05-16T19:41:24,0016c001f10c2ef6,5.4,0.6,4.8,0.0,7809,702,7107,9.0,0.24,0.36,0.35,338937956,1611434119,3086,11678,1.3,234.2,3.1,2.0,88,48,0,0,0,0,0,0.0,0,0,0,0,0,0
62.3,2026-05-16T19:41:24,0016c001f10c2ef6,7.6,2.3,5.2,0.0,7809,701,7108,9.0,0.24,0.36,0.35,338942075,1611476362,4119,42243,1.3,234.2,3.1,2.0,88,48,0,0,0,0,0,0.0,0,0,0,0,0,0
62.7,2026-05-16T19:41:25,0016c001f10c2ef6,6.4,2.3,4.1,0.0,7809,702,7107,9.0,0.24,0.36,0.35,338945161,1611488040,3086,11678,1.3,234.2,3.1,2.0,88,48,0,0,0,0,0,0.0,0,0,0,0,0,0
63.1,2026-05-16T19:41:25,0016c001f10c2ef6,6.5,1.8,4.7,0.0,7809,703,7106,9.0,0.24,0.36,0.35,338948195,1611499718,3034,11678,1.3,234.2,3.1,2.0,88,48,0,0,0,0,0,0.0,0,0,0,0,0,0
63.6,2026-05-16T19:41:26,0016c001f10c2ef6,6.7,2.2,4.5,0.0,7809,702,7107,9.0,0.24,0.36,0.35,338951229,1611511396,3034,11678,1.3,234.2,3.1,2.0,88,48,0,0,0,0,0,0.0,0,0,0,0,0,0
64.0,2026-05-16T19:41:26,0016c001f10c2ef6,5.8,1.8,4.1,0.0,7809,702,7107,9.0,0.24,0.36,0.35,338955244,1611553639,4015,42243,1.3,234.2,3.1,2.0,88,48,0,0,0,0,0,0.0,0,0,0,0,0,0
64.4,2026-05-16T19:41:27,0016c001f10c2ef6,6.5,3.0,3.6,0.0,7809,702,7107,9.0,0.24,0.36,0.35,338958278,1611565317,3034,11678,1.3,234.2,3.1,2.0,88,48,0,0,0,0,0,0.0,0,0,0,0,0,0
64.9,2026-05-16T19:41:27,0016c001f10c2ef6,6.9,2.3,4.6,0.0,7809,701,7108,9.0,0.24,0.36,0.35,338961312,1611576995,3034,11678,1.3,234.2,3.1,2.0,88,48,0,0,0,0,0,0.0,0,0,0,0,0,0
65.3,2026-05-16T19:41:27,0016c001f10c2ef6,17.5,1.2,16.3,0.0,7809,702,7107,9.0,0.24,0.36,0.35,338964502,1611588673,3190,11678,1.3,234.2,3.1,2.0,88,48,0,0,0,0,0,0.0,0,0,0,0,0,0
65.7,2026-05-16T19:41:28,0016c001f10c2ef6,19.2,2.4,16.8,0.0,7809,703,7106,9.0,0.24,0.36,0.35,338967588,1611600351,3086,11678,1.3,234.2,3.1,2.0,88,48,0,0,0,0,0,0.0,0,0,0,0,0,0
66.2,2026-05-16T19:41:28,0016c001f10c2ef6,20.5,1.2,19.3,0.0,7809,702,7107,9.0,0.24,0.36,0.35,338971655,1611642594,4067,42243,1.3,234.1,3.1,2.0,88,48,0,0,0,0,0,0.0,0,0,0,0,0,0
66.6,2026-05-16T19:41:29,0016c001f10c2ef6,16.0,2.4,13.0,0.6,7809,702,7107,9.0,0.3,0.37,0.35,338974793,1611654272,3138,11678,1.3,234.1,3.1,2.0,88,48,0,0,0,0,0,0.0,0,0,0,0,0,0
67.0,2026-05-16T19:41:29,0016c001f10c2ef6,6.3,2.3,4.0,0.0,7809,703,7106,9.0,0.3,0.37,0.35,338977931,1611665950,3138,11678,1.3,234.1,3.1,2.0,88,48,0,0,0,0,0,0.0,0,0,0,0,0,0
67.5,2026-05-16T19:41:30,0016c001f10c2ef6,6.9,3.4,3.4,0.0,7809,703,7106,9.0,0.3,0.37,0.35,338981065,1611677628,3134,11678,1.3,234.1,3.1,2.0,88,48,0,0,0,0,0,0.0,0,0,0,0,0,0
67.9,2026-05-16T19:41:30,0016c001f10c2ef6,5.3,1.8,3.5,0.0,7809,703,7106,9.0,0.3,0.37,0.35,338984175,1611689384,3110,11756,1.3,234.1,3.1,2.0,88,48,0,0,0,0,0,0.0,0,0,0,0,0,0
68.4,2026-05-16T19:41:30,0016c001f10c2ef6,7.9,3.9,3.9,0.0,7809,701,7108,9.0,0.3,0.37,0.35,338988086,1611731627,3911,42243,1.3,234.1,3.1,2.0,88,48,0,0,0,0,0,0.0,0,0,0,0,0,0
68.8,2026-05-16T19:41:31,0016c001f10c2ef6,7.3,1.1,6.1,0.0,7809,700,7109,9.0,0.3,0.37,0.35,338991264,1611743437,3178,11810,1.3,234.1,3.1,2.0,88,48,0,0,0,0,0,0.0,0,0,0,0,0,0
69.2,2026-05-16T19:41:31,0016c001f10c2ef6,6.4,2.9,3.5,0.0,7809,701,7108,9.0,0.3,0.37,0.35,338994298,1611755115,3034,11678,1.3,234.1,3.1,2.0,88,48,0,0,0,0,0,0.0,0,0,0,0,0,0
69.7,2026-05-16T19:41:32,0016c001f10c2ef6,6.8,2.8,4.0,0.0,7809,701,7108,9.0,0.3,0.37,0.35,338997384,1611766793,3086,11678,1.3,234.1,3.1,2.0,88,48,0,0,0,0,0,0.0,0,0,0,0,0,0
70.1,2026-05-16T19:41:32,0016c001f10c2ef6,6.4,2.3,4.0,0.0,7809,703,7106,9.0,0.3,0.37,0.35,339001499,1611809036,4115,42243,1.3,234.1,3.1,2.0,88,48,0,0,0,0,0,0.0,0,0,0,0,0,0
70.5,2026-05-16T19:41:33,0016c001f10c2ef6,8.1,2.3,5.8,0.0,7809,703,7106,9.0,0.3,0.37,0.35,339004485,1611820714,2986,11678,1.3,234.1,3.1,2.0,88,48,0,0,0,0,0,0.0,0,0,0,0,0,0
71.0,2026-05-16T19:41:33,0016c001f10c2ef6,6.9,2.9,4.0,0.0,7809,702,7107,9.0,0.3,0.37,0.35,339007723,1611832392,3238,11678,1.3,234.1,3.1,2.0,88,48,0,0,0,0,0,0.0,0,0,0,0,0,0
71.5,2026-05-16T19:41:34,0016c001f10c2ef6,9.1,3.6,5.6,0.0,7809,702,7107,9.0,0.28,0.36,0.35,339011290,1611844136,3567,11744,1.3,234.1,3.1,2.0,88,48,0,0,0,0,0,0.0,0,0,0,0,0,0
72.0,2026-05-16T19:41:34,0016c001f10c2ef6,9.0,3.0,6.0,0.0,7809,703,7106,9.0,0.28,0.36,0.35,339014480,1611855880,3190,11744,1.3,234.3,3.1,2.0,88,48,0,0,0,0,0,0.0,0,0,0,0,0,0
72.5,2026-05-16T19:41:35,0016c001f10c2ef6,10.1,3.0,7.1,0.0,7809,703,7106,9.0,0.28,0.36,0.35,339018599,1611898189,4119,42309,1.3,234.3,3.1,2.0,88,48,0,0,0,0,0,0.0,0,0,0,0,0,0
73.0,2026-05-16T19:41:35,0016c001f10c2ef6,9.0,3.0,6.0,0.0,7809,703,7106,9.0,0.28,0.36,0.35,339021737,1611909933,3138,11744,1.3,234.3,3.1,2.0,88,48,0,0,0,0,0,0.0,0,0,0,0,0,0
73.5,2026-05-16T19:41:36,0016c001f10c2ef6,8.7,2.6,6.2,0.0,7809,702,7107,9.0,0.28,0.36,0.35,339024875,1611921677,3138,11744,1.3,234.3,3.1,2.0,88,48,0,0,0,0,0,0.0,0,0,0,0,0,0
74.0,2026-05-16T19:41:36,0016c001f10c2ef6,9.1,3.6,5.6,0.0,7809,703,7106,9.0,0.28,0.36,0.35,339028117,1611933421,3242,11744,1.3,234.3,3.1,2.0,88,48,0,0,0,0,0,0.0,0,0,0,0,0,0
74.5,2026-05-16T19:41:37,0016c001f10c2ef6,10.6,4.0,6.6,0.0,7809,703,7106,9.0,0.28,0.36,0.35,339032080,1611975730,3963,42309,1.3,234.3,3.1,2.0,88,48,0,0,0,0,0,0.0,0,0,0,0,0,0
75.0,2026-05-16T19:41:37,0016c001f10c2ef6,9.0,3.0,6.0,0.0,7809,702,7107,9.0,0.28,0.36,0.35,339035066,1611987474,2986,11744,1.3,234.3,3.1,2.0,88,48,0,0,0,0,0,0.0,0,0,0,0,0,0
75.5,2026-05-16T19:41:38,0016c001f10c2ef6,6.4,2.3,4.0,0.0,7809,703,7106,9.0,0.28,0.36,0.35,339038280,1611999308,3214,11834,1.3,234.3,3.1,2.0,88,48,0,0,0,0,0,0.0,0,0,0,0,0,0
75.9,2026-05-16T19:41:38,0016c001f10c2ef6,5.8,1.2,4.6,0.0,7809,703,7106,9.0,0.28,0.36,0.35,339041490,1612011064,3210,11756,1.3,234.3,3.1,2.0,88,48,0,0,0,0,0,0.0,0,0,0,0,0,0
76.3,2026-05-16T19:41:38,0016c001f10c2ef6,8.4,2.2,6.1,0.0,7809,703,7106,9.0,0.25,0.35,0.35,339045505,1612053307,4015,42243,1.3,234.3,3.1,2.0,88,48,0,0,0,0,0,0.0,0,0,0,0,0,0
76.8,2026-05-16T19:41:39,0016c001f10c2ef6,8.4,1.2,7.2,0.0,7809,703,7106,9.0,0.25,0.35,0.35,339048591,1612064985,3086,11678,1.3,234.3,3.1,2.0,88,48,0,0,0,0,0,0.0,0,0,0,0,0,0
77.2,2026-05-16T19:41:39,0016c001f10c2ef6,19.8,2.3,17.4,0.0,7809,702,7107,9.0,0.25,0.35,0.35,339051677,1612076663,3086,11678,1.3,234.3,3.1,2.0,88,48,0,0,0,0,0,0.0,0,0,0,0,0,0
77.6,2026-05-16T19:41:40,0016c001f10c2ef6,20.5,3.6,16.9,0.0,7809,703,7106,9.0,0.25,0.35,0.35,339054763,1612088341,3086,11678,1.3,234.3,3.1,2.0,88,48,0,0,0,0,0,0.0,0,0,0,0,0,0
78.1,2026-05-16T19:41:40,0016c001f10c2ef6,19.8,3.0,16.8,0.0,7809,704,7105,9.0,0.25,0.35,0.35,339057897,1612100019,3134,11678,1.3,234.3,3.1,2.0,88,48,0,0,0,0,0,0.0,0,0,0,0,0,0
78.5,2026-05-16T19:41:41,0016c001f10c2ef6,10.9,2.9,8.0,0.0,7809,704,7105,9.0,0.25,0.35,0.35,339061864,1612142262,3967,42243,1.3,234.3,3.1,2.0,88,48,0,0,0,0,0,0.0,0,0,0,0,0,0
79.0,2026-05-16T19:41:41,0016c001f10c2ef6,6.4,1.7,4.7,0.0,7809,703,7106,9.0,0.25,0.35,0.35,339065048,1612154006,3184,11744,1.3,234.3,3.1,2.0,88,48,0,0,0,0,0,0.0,0,0,0,0,0,0
79.4,2026-05-16T19:41:41,0016c001f10c2ef6,6.9,3.5,3.5,0.0,7809,703,7106,9.0,0.25,0.35,0.35,339068186,1612165684,3138,11678,1.3,234.3,3.1,2.0,88,48,0,0,0,0,0,0.0,0,0,0,0,0,0
79.8,2026-05-16T19:41:42,0016c001f10c2ef6,5.9,2.4,3.5,0.0,7809,703,7106,9.0,0.25,0.35,0.35,339071320,1612177362,3134,11678,1.3,234.3,3.1,2.0,88,48,0,0,0,0,0,0.0,0,0,0,0,0,0
80.3,2026-05-16T19:41:42,0016c001f10c2ef6,7.9,2.6,5.2,0.0,7809,704,7105,9.0,0.25,0.35,0.35,339075537,1612219737,4217,42375,1.3,234.3,3.1,2.0,88,48,0,0,0,0,0,0.0,0,0,0,0,0,0
80.8,2026-05-16T19:41:43,0016c001f10c2ef6,13.8,7.7,6.1,0.0,7809,702,7107,9.0,0.25,0.35,0.35,339078845,1612231609,3308,11872,1.3,234.3,3.1,2.0,88,48,0,0,0,0,0,0.0,0,0,0,0,0,0
81.3,2026-05-16T19:41:43,0016c001f10c2ef6,9.6,2.5,7.1,0.0,7809,702,7107,9.0,0.23,0.35,0.35,339082412,1612243353,3567,11744,1.3,234.3,3.1,2.0,88,48,0,0,0,0,0,0.0,0,0,0,0,0,0
81.8,2026-05-16T19:41:44,0016c001f10c2ef6,9.9,3.0,6.9,0.0,7809,702,7107,9.0,0.23,0.35,0.35,339085602,1612255097,3190,11744,1.3,234.3,3.1,2.0,88,48,0,0,0,0,0,0.0,0,0,0,0,0,0
82.3,2026-05-16T19:41:44,0016c001f10c2ef6,10.1,3.0,7.1,0.0,7809,701,7108,9.0,0.23,0.35,0.35,339089617,1612297406,4015,42309,1.3,234.3,3.1,2.0,88,48,0,0,0,0,0,0.0,0,0,0,0,0,0
82.8,2026-05-16T19:41:45,0016c001f10c2ef6,11.3,4.6,6.2,0.5,7809,701,7108,9.0,0.23,0.35,0.35,339092807,1612309150,3190,11744,1.3,234.3,3.1,2.0,88,48,0,0,0,0,0,0.0,0,0,0,0,0,0
83.3,2026-05-16T19:41:45,0016c001f10c2ef6,10.4,4.5,6.0,0.0,7809,701,7108,9.0,0.23,0.35,0.35,339095945,1612320894,3138,11744,1.3,234.3,3.1,2.0,88,48,0,0,0,0,0,0.0,0,0,0,0,0,0
83.8,2026-05-16T19:41:46,0016c001f10c2ef6,9.5,3.0,6.5,0.0,7809,701,7108,9.0,0.23,0.35,0.35,339099083,1612332638,3138,11744,1.3,234.3,3.1,2.0,88,48,0,0,0,0,0,0.0,0,0,0,0,0,0
84.3,2026-05-16T19:41:46,0016c001f10c2ef6,9.9,3.5,6.4,0.0,7809,701,7108,9.0,0.23,0.35,0.35,339103154,1612374947,4071,42309,1.3,234.3,3.1,2.0,88,48,0,0,0,0,0,0.0,0,0,0,0,0,0
84.8,2026-05-16T19:41:47,0016c001f10c2ef6,6.4,2.9,3.5,0.0,7809,701,7108,9.0,0.23,0.35,0.35,339106240,1612386625,3086,11678,1.3,234.3,3.1,2.0,88,48,0,0,0,0,0,0.0,0,0,0,0,0,0
85.2,2026-05-16T19:41:47,0016c001f10c2ef6,6.9,2.3,4.6,0.0,7809,701,7108,9.0,0.23,0.35,0.35,339109326,1612398303,3086,11678,1.3,234.3,3.1,2.0,88,48,0,0,0,0,0,0.0,0,0,0,0,0,0
85.6,2026-05-16T19:41:48,0016c001f10c2ef6,8.8,4.7,4.1,0.0,7809,701,7108,9.0,0.23,0.35,0.35,339112412,1612409981,3086,11678,1.3,234.3,3.1,2.0,88,48,0,0,0,0,0,0.0,0,0,0,0,0,0
86.1,2026-05-16T19:41:48,0016c001f10c2ef6,6.2,1.1,5.1,0.0,7809,701,7108,9.0,0.23,0.35,0.35,339115546,1612421659,3134,11678,1.3,234.3,3.1,2.0,88,48,0,0,0,0,0,0.0,0,0,0,0,0,0
86.5,2026-05-16T19:41:49,0016c001f10c2ef6,8.2,3.5,4.7,0.0,7809,701,7108,9.0,0.21,0.34,0.35,339119409,1612463902,3863,42243,1.3,234.3,3.1,2.0,88,48,0,0,0,0,0,0.0,0,0,0,0,0,0
86.9,2026-05-16T19:41:49,0016c001f10c2ef6,6.9,2.3,4.6,0.0,7809,701,7108,9.0,0.21,0.34,0.35,339122443,1612475580,3034,11678,1.3,234.1,3.1,2.0,88,48,0,0,0,0,0,0.0,0,0,0,0,0,0
87.4,2026-05-16T19:41:49,0016c001f10c2ef6,7.0,2.9,4.1,0.0,7809,701,7108,9.0,0.21,0.34,0.35,339125581,1612487258,3138,11678,1.3,234.1,3.1,2.0,88,48,0,0,0,0,0,0.0,0,0,0,0,0,0
87.8,2026-05-16T19:41:50,0016c001f10c2ef6,6.8,1.7,5.1,0.0,7809,700,7109,9.0,0.21,0.34,0.35,339128615,1612498936,3034,11678,1.3,234.1,3.1,2.0,88,48,0,0,0,0,0,0.0,0,0,0,0,0,0
88.2,2026-05-16T19:41:50,0016c001f10c2ef6,6.4,2.3,4.1,0.0,7809,701,7108,9.0,0.21,0.34,0.35,339131701,1612510614,3086,11678,1.3,234.1,3.1,2.0,88,48,0,0,0,0,0,0.0,0,0,0,0,0,0
88.7,2026-05-16T19:41:51,0016c001f10c2ef6,15.4,3.0,12.4,0.0,7809,701,7108,9.0,0.21,0.34,0.35,339135716,1612552857,4015,42243,1.3,234.1,3.1,2.0,88,48,0,0,0,0,0,0.0,0,0,0,0,0,0
89.1,2026-05-16T19:41:51,0016c001f10c2ef6,18.1,0.6,17.5,0.0,7809,700,7109,9.0,0.21,0.34,0.35,339138850,1612564535,3134,11678,1.3,234.1,3.1,2.0,88,48,0,0,0,0,0,0.0,0,0,0,0,0,0
89.6,2026-05-16T19:41:52,0016c001f10c2ef6,20.8,3.4,17.4,0.0,7809,700,7109,9.0,0.21,0.34,0.35,339141888,1612576279,3038,11744,1.3,234.1,3.1,2.0,88,48,0,0,0,0,0,0.0,0,0,0,0,0,0
90.0,2026-05-16T19:41:52,0016c001f10c2ef6,19.2,2.3,16.9,0.0,7809,701,7108,9.0,0.21,0.34,0.35,339144974,1612587957,3086,11678,1.3,234.1,3.1,2.0,88,48,0,0,0,0,0,0.0,0,0,0,0,0,0
90.5,2026-05-16T19:41:53,0016c001f10c2ef6,6.1,2.0,4.0,0.0,7809,702,7107,9.0,0.21,0.34,0.35,339149037,1612630200,4063,42243,1.3,234.1,3.1,2.0,88,48,0,0,0,0,0,0.0,0,0,0,0,0,0
91.0,2026-05-16T19:41:53,0016c001f10c2ef6,5.9,3.0,3.0,0.0,7809,701,7108,9.0,0.21,0.34,0.35,339152023,1612641878,2986,11678,1.3,234.1,3.1,2.0,88,48,0,0,0,0,0,0.0,0,0,0,0,0,0
91.4,2026-05-16T19:41:53,0016c001f10c2ef6,7.4,2.3,5.1,0.0,7809,701,7108,9.0,0.2,0.34,0.35,339155590,1612653556,3567,11678,1.3,234.1,3.1,2.0,88,48,0,0,0,0,0,0.0,0,0,0,0,0,0
91.8,2026-05-16T19:41:54,0016c001f10c2ef6,6.3,1.7,4.6,0.0,7809,701,7108,9.0,0.2,0.34,0.35,339158748,1612665312,3158,11756,1.3,234.1,3.1,2.0,88,48,0,0,0,0,0,0.0,0,0,0,0,0,0
92.3,2026-05-16T19:41:54,0016c001f10c2ef6,6.9,1.7,5.2,0.0,7809,701,7108,9.0,0.2,0.34,0.35,339161834,1612676990,3086,11678,1.3,234.1,3.1,2.0,88,48,0,0,0,0,0,0.0,0,0,0,0,0,0
92.7,2026-05-16T19:41:55,0016c001f10c2ef6,7.4,4.0,3.4,0.0,7809,700,7109,9.0,0.2,0.34,0.35,339165953,1612719233,4119,42243,1.3,234.1,3.1,2.0,88,48,0,0,0,0,0,0.0,0,0,0,0,0,0
93.1,2026-05-16T19:41:55,0016c001f10c2ef6,5.8,1.7,4.0,0.0,7809,700,7109,9.0,0.2,0.34,0.35,339169091,1612730911,3138,11678,1.3,234.1,3.1,2.0,88,48,0,0,0,0,0,0.0,0,0,0,0,0,0
93.6,2026-05-16T19:41:56,0016c001f10c2ef6,7.4,2.8,4.5,0.0,7809,700,7109,9.0,0.2,0.34,0.35,339172177,1612742589,3086,11678,1.3,234.1,3.1,2.0,88,48,0,0,0,0,0,0.0,0,0,0,0,0,0
94.0,2026-05-16T19:41:56,0016c001f10c2ef6,6.3,2.3,4.0,0.0,7809,700,7109,9.0,0.2,0.34,0.35,339175211,1612754267,3034,11678,1.3,234.1,3.1,2.0,88,48,0,0,0,0,0,0.0,0,0,0,0,0,0
94.4,2026-05-16T19:41:57,0016c001f10c2ef6,7.0,2.9,4.1,0.0,7809,701,7108,9.0,0.2,0.34,0.35,339179430,1612796510,4219,42243,1.3,234.1,3.1,2.0,88,48,0,0,0,0,0,0.0,0,0,0,0,0,0
94.9,2026-05-16T19:41:57,0016c001f10c2ef6,11.2,5.1,6.1,0.0,7809,700,7109,9.0,0.2,0.34,0.35,339182636,1612808496,3206,11986,1.3,234.1,3.1,2.0,88,48,0,0,0,0,0,0.0,0,0,0,0,0,0
95.4,2026-05-16T19:41:57,0016c001f10c2ef6,6.4,2.9,3.5,0.0,7809,700,7109,9.0,0.2,0.34,0.35,339185670,1612820174,3034,11678,1.3,234.1,3.1,2.0,88,48,0,0,0,0,0,0.0,0,0,0,0,0,0
95.8,2026-05-16T19:41:58,0016c001f10c2ef6,6.5,3.6,3.0,0.0,7809,701,7108,9.0,0.2,0.34,0.35,339188756,1612831852,3086,11678,1.3,234.1,3.1,2.0,88,48,0,0,0,0,0,0.0,0,0,0,0,0,0
96.2,2026-05-16T19:41:58,0016c001f10c2ef6,8.2,2.9,5.3,0.0,7809,702,7107,9.0,0.2,0.34,0.35,339191790,1612843530,3034,11678,1.3,234.1,3.1,2.0,88,48,0,0,0,0,0,0.0,0,0,0,0,0,0
96.7,2026-05-16T19:41:59,0016c001f10c2ef6,6.9,2.3,4.6,0.0,7809,701,7108,9.0,0.26,0.35,0.35,339195747,1612885839,3957,42309,1.3,234.1,3.1,2.0,88,48,0,0,0,0,0,0.0,0,0,0,0,0,0
97.1,2026-05-16T19:41:59,0016c001f10c2ef6,6.4,2.9,3.5,0.0,7809,701,7108,9.0,0.26,0.35,0.35,339198781,1612897517,3034,11678,1.3,234.1,3.1,2.0,88,48,0,0,0,0,0,0.0,0,0,0,0,0,0
97.5,2026-05-16T19:42:00,0016c001f10c2ef6,7.6,2.3,5.2,0.0,7809,701,7108,9.0,0.26,0.35,0.35,339201919,1612909195,3138,11678,1.3,234.1,3.1,2.0,88,48,0,0,0,0,0,0.0,0,0,0,0,0,0
98.0,2026-05-16T19:42:00,0016c001f10c2ef6,6.3,3.4,2.9,0.0,7809,701,7108,9.0,0.26,0.35,0.35,339205005,1612920873,3086,11678,1.3,234.1,3.1,2.0,88,48,0,0,0,0,0,0.0,0,0,0,0,0,0
98.4,2026-05-16T19:42:00,0016c001f10c2ef6,6.3,2.9,3.4,0.0,7809,700,7109,9.0,0.26,0.35,0.35,339208195,1612932551,3190,11678,1.3,234.1,3.1,2.0,88,48,0,0,0,0,0,0.0,0,0,0,0,0,0
98.9,2026-05-16T19:42:01,0016c001f10c2ef6,7.5,2.9,4.6,0.0,7809,700,7109,9.0,0.26,0.35,0.35,339212210,1612974794,4015,42243,1.3,234.1,3.1,2.0,88,48,0,0,0,0,0,0.0,0,0,0,0,0,0
99.3,2026-05-16T19:42:01,0016c001f10c2ef6,6.3,1.7,4.6,0.0,7809,700,7109,9.0,0.26,0.35,0.35,339215348,1612986472,3138,11678,1.3,234.1,3.1,2.0,88,48,0,0,0,0,0,0.0,0,0,0,0,0,0
99.7,2026-05-16T19:42:02,0016c001f10c2ef6,7.5,2.3,4.6,0.6,7809,699,7110,9.0,0.26,0.35,0.35,339218534,1612998150,3186,11678,1.3,234.1,3.1,2.0,88,48,0,0,0,0,0,0.0,0,0,0,0,0,0
100.2,2026-05-16T19:42:02,0016c001f10c2ef6,7.9,2.6,5.3,0.0,7809,699,7110,9.0,0.26,0.35,0.35,339221644,1613009972,3110,11822,1.3,234.1,3.1,2.0,88,48,0,0,0,0,0,0.0,0,0,0,0,0,0
100.6,2026-05-16T19:42:03,0016c001f10c2ef6,19.5,2.4,17.2,0.0,7809,701,7108,9.0,0.26,0.35,0.35,339225815,1613052215,4171,42243,1.3,234.1,3.1,2.0,88,48,0,0,0,0,0,0.0,0,0,0,0,0,0
101.1,2026-05-16T19:42:03,0016c001f10c2ef6,19.2,3.5,15.7,0.0,7809,701,7108,9.0,0.26,0.35,0.35,339228953,1613063893,3138,11678,1.3,234.1,3.1,2.0,88,48,0,0,0,0,0,0.0,0,0,0,0,0,0
101.5,2026-05-16T19:42:04,0016c001f10c2ef6,20.0,2.4,17.6,0.0,7809,701,7108,9.0,0.4,0.38,0.36,339232520,1613075571,3567,11678,1.3,234.1,3.1,2.0,88,48,0,0,0,0,0,0.0,0,0,0,0,0,0
102.0,2026-05-16T19:42:04,0016c001f10c2ef6,11.9,2.3,9.6,0.0,7809,701,7108,9.0,0.4,0.38,0.36,339235606,1613087249,3086,11678,1.3,234.1,3.1,2.0,88,48,0,0,0,0,0,0.0,0,0,0,0,0,0
102.4,2026-05-16T19:42:05,0016c001f10c2ef6,6.4,3.5,2.9,0.0,7809,701,7108,9.0,0.4,0.38,0.36,339238844,1613098927,3238,11678,1.3,234.1,3.1,2.0,88,48,0,0,0,0,0,0.0,0,0,0,0,0,0
102.9,2026-05-16T19:42:05,0016c001f10c2ef6,6.8,2.3,4.5,0.0,7809,701,7108,9.0,0.4,0.38,0.36,339242807,1613141170,3963,42243,1.3,234.2,3.1,2.0,88,48,0,0,0,0,0,0.0,0,0,0,0,0,0
103.3,2026-05-16T19:42:05,0016c001f10c2ef6,6.4,2.9,3.5,0.0,7809,701,7108,9.0,0.4,0.38,0.36,339245845,1613152848,3038,11678,1.3,234.2,3.1,2.0,88,48,0,0,0,0,0,0.0,0,0,0,0,0,0
103.7,2026-05-16T19:42:06,0016c001f10c2ef6,5.8,1.2,4.7,0.0,7809,701,7108,9.0,0.4,0.38,0.36,339248879,1613164526,3034,11678,1.3,234.2,3.1,2.0,88,48,0,0,0,0,0,0.0,0,0,0,0,0,0
104.2,2026-05-16T19:42:06,0016c001f10c2ef6,7.1,3.0,4.2,0.0,7809,701,7108,9.0,0.4,0.38,0.36,339251913,1613176204,3034,11678,1.3,234.2,3.1,2.0,88,48,0,0,0,0,0,0.0,0,0,0,0,0,0
104.6,2026-05-16T19:42:07,0016c001f10c2ef6,7.0,1.7,5.2,0.0,7809,701,7108,9.0,0.4,0.38,0.36,339255824,1613218447,3911,42243,1.3,234.2,3.1,2.0,88,48,0,0,0,0,0,0.0,0,0,0,0,0,0
105.0,2026-05-16T19:42:07,0016c001f10c2ef6,7.7,3.6,4.1,0.0,7809,701,7108,9.0,0.4,0.38,0.36,339258858,1613230125,3034,11678,1.3,234.2,3.1,2.0,88,48,0,0,0,0,0,0.0,0,0,0,0,0,0
105.4,2026-05-16T19:42:08,0016c001f10c2ef6,9.9,4.1,4.7,1.2,7809,699,7110,9.0,0.4,0.38,0.36,339262328,1613241959,3470,11834,1.3,234.1,3.1,2.0,88,48,0,0,0,0,0,0.0,0,0,0,0,0,0
106.0,2026-05-16T19:42:08,0016c001f10c2ef6,9.0,3.0,6.0,0.0,7809,700,7109,9.0,0.4,0.38,0.36,339265314,1613253703,2986,11744,1.3,234.1,3.1,2.0,88,48,0,0,0,0,0,0.0,0,0,0,0,0,0
106.4,2026-05-16T19:42:08,0016c001f10c2ef6,6.9,1.7,5.1,0.0,7809,701,7108,9.0,0.45,0.39,0.36,339268400,1613265381,3086,11678,1.3,234.1,3.1,2.0,88,48,0,0,0,0,0,0.0,0,0,0,0,0,0
106.8,2026-05-16T19:42:09,0016c001f10c2ef6,7.6,3.5,4.1,0.0,7809,701,7108,9.0,0.45,0.39,0.36,339272567,1613307624,4167,42243,1.3,234.2,3.1,2.0,88,48,0,0,0,0,0,0.0,0,0,0,0,0,0
107.3,2026-05-16T19:42:09,0016c001f10c2ef6,6.9,1.7,5.1,0.0,7809,700,7109,9.0,0.45,0.39,0.36,339275553,1613319302,2986,11678,1.3,234.2,3.1,2.0,88,48,0,0,0,0,0,0.0,0,0,0,0,0,0
107.7,2026-05-16T19:42:10,0016c001f10c2ef6,5.3,1.8,3.5,0.0,7809,701,7108,9.0,0.45,0.39,0.36,339278639,1613330980,3086,11678,1.3,234.2,3.1,2.0,88,48,0,0,0,0,0,0.0,0,0,0,0,0,0
108.1,2026-05-16T19:42:10,0016c001f10c2ef6,5.3,2.4,3.0,0.0,7809,701,7108,9.0,0.45,0.39,0.36,339281797,1613342736,3158,11756,1.3,234.2,3.1,2.0,88,48,0,0,0,0,0,0.0,0,0,0,0,0,0
108.6,2026-05-16T19:42:11,0016c001f10c2ef6,7.5,2.9,4.6,0.0,7809,700,7109,9.0,0.45,0.39,0.36,339284831,1613354414,3034,11678,1.3,234.2,3.1,2.0,88,48,0,0,0,0,0,0.0,0,0,0,0,0,0
109.0,2026-05-16T19:42:11,0016c001f10c2ef6,6.4,2.3,4.1,0.0,7809,700,7109,9.0,0.45,0.39,0.36,339288794,1613396657,3963,42243,1.3,234.2,3.1,2.0,88,48,0,0,0,0,0,0.0,0,0,0,0,0,0
109.4,2026-05-16T19:42:12,0016c001f10c2ef6,4.5,1.1,3.4,0.0,7809,701,7108,9.0,0.45,0.39,0.36,339291880,1613408335,3086,11678,1.3,234.1,3.1,2.0,88,48,0,0,0,0,0,0.0,0,0,0,0,0,0
109.9,2026-05-16T19:42:12,0016c001f10c2ef6,5.9,3.5,2.4,0.0,7809,701,7108,9.0,0.45,0.39,0.36,339295066,1613420013,3186,11678,1.3,234.1,3.1,2.0,88,48,0,0,0,0,0,0.0,0,0,0,0,0,0
110.3,2026-05-16T19:42:12,0016c001f10c2ef6,5.8,2.3,3.5,0.0,7809,701,7108,9.0,0.45,0.39,0.36,339298052,1613431691,2986,11678,1.3,234.1,3.1,2.0,88,48,0,0,0,0,0,0.0,0,0,0,0,0,0
110.7,2026-05-16T19:42:13,0016c001f10c2ef6,8.4,3.6,4.8,0.0,7809,701,7108,9.0,0.45,0.39,0.36,339302213,1613473976,4161,42285,1.3,234.1,3.1,2.0,88,48,0,0,0,0,0,0.0,0,0,0,0,0,0
111.2,2026-05-16T19:42:13,0016c001f10c2ef6,9.8,4.7,5.2,0.0,7809,701,7108,9.0,0.45,0.39,0.36,339305884,1613485786,3671,11810,1.3,234.1,3.1,2.0,88,48,0,0,0,0,0,0.0,0,0,0,0,0,0
111.7,2026-05-16T19:42:14,0016c001f10c2ef6,10.3,3.1,7.2,0.0,7809,700,7109,9.0,0.41,0.38,0.36,339308974,1613497530,3090,11744,1.3,234.1,3.1,2.0,88,48,0,0,0,0,0,0.0,0,0,0,0,0,0
112.1,2026-05-16T19:42:14,0016c001f10c2ef6,10.1,1.2,8.9,0.0,7809,700,7109,9.0,0.41,0.38,0.36,339312160,1613509208,3186,11678,1.3,234.1,3.1,2.0,88,48,0,0,0,0,0,0.0,0,0,0,0,0,0
112.6,2026-05-16T19:42:15,0016c001f10c2ef6,18.3,1.8,16.6,0.0,7809,700,7109,9.0,0.41,0.38,0.36,339315198,1613520886,3038,11678,1.3,234.1,3.1,2.0,88,48,0,0,0,0,0,0.0,0,0,0,0,0,0
113.0,2026-05-16T19:42:15,0016c001f10c2ef6,20.5,3.5,17.0,0.0,7809,699,7110,9.0,0.41,0.38,0.36,339319109,1613563129,3911,42243,1.3,234.1,3.1,2.0,88,48,0,0,0,0,0,0.0,0,0,0,0,0,0
113.5,2026-05-16T19:42:16,0016c001f10c2ef6,18.9,1.2,17.7,0.0,7809,699,7110,9.0,0.41,0.38,0.36,339322143,1613574807,3034,11678,1.3,234.1,3.1,2.0,88,48,0,0,0,0,0,0.0,0,0,0,0,0,0
113.9,2026-05-16T19:42:16,0016c001f10c2ef6,10.3,2.9,7.4,0.0,7809,700,7109,9.0,0.41,0.38,0.36,339325321,1613586617,3178,11810,1.3,234.1,3.1,2.0,88,48,0,0,0,0,0,0.0,0,0,0,0,0,0
114.3,2026-05-16T19:42:16,0016c001f10c2ef6,6.4,1.7,4.6,0.0,7809,700,7109,9.0,0.41,0.38,0.36,339328355,1613598295,3034,11678,1.3,234.1,3.1,2.0,88,48,0,0,0,0,0,0.0,0,0,0,0,0,0
114.8,2026-05-16T19:42:17,0016c001f10c2ef6,8.0,3.4,4.6,0.0,7809,701,7108,9.0,0.41,0.38,0.36,339332266,1613640538,3911,42243,1.3,234.1,3.1,2.0,88,48,0,0,0,0,0,0.0,0,0,0,0,0,0
115.2,2026-05-16T19:42:17,0016c001f10c2ef6,6.5,3.0,3.6,0.0,7809,701,7108,9.0,0.41,0.38,0.36,339335300,1613652216,3034,11678,1.3,234.1,3.1,2.0,88,48,0,0,0,0,0,0.0,0,0,0,0,0,0
115.6,2026-05-16T19:42:18,0016c001f10c2ef6,7.6,2.9,4.7,0.0,7809,701,7108,9.0,0.41,0.38,0.36,339338386,1613663894,3086,11678,1.3,234.1,3.1,2.0,88,48,0,0,0,0,0,0.0,0,0,0,0,0,0
116.1,2026-05-16T19:42:18,0016c001f10c2ef6,6.4,2.3,3.5,0.6,7809,701,7108,9.0,0.41,0.38,0.36,339341492,1613675650,3106,11756,1.3,234.1,3.1,2.0,88,48,0,0,0,0,0,0.0,0,0,0,0,0,0
116.5,2026-05-16T19:42:19,0016c001f10c2ef6,6.5,2.4,4.1,0.0,7809,702,7107,9.0,0.38,0.37,0.36,339344730,1613687328,3238,11678,1.3,234.1,3.1,2.0,88,48,0,0,0,0,0,0.0,0,0,0,0,0,0
117.0,2026-05-16T19:42:19,0016c001f10c2ef6,9.7,3.1,6.6,0.0,7809,702,7107,9.0,0.38,0.37,0.36,339348749,1613729637,4019,42309,1.3,234.1,3.1,2.0,88,48,0,0,0,0,0,0.0,0,0,0,0,0,0
117.4,2026-05-16T19:42:20,0016c001f10c2ef6,6.4,2.9,3.5,0.0,7809,702,7107,9.0,0.38,0.37,0.36,339351835,1613741315,3086,11678,1.3,234.0,3.1,2.0,88,48,0,0,0,0,0,0.0,0,0,0,0,0,0
117.9,2026-05-16T19:42:20,0016c001f10c2ef6,6.0,1.8,4.2,0.0,7809,701,7108,9.0,0.38,0.37,0.36,339354869,1613752993,3034,11678,1.3,234.2,3.1,2.0,88,48,0,0,0,0,0,0.0,0,0,0,0,0,0
118.3,2026-05-16T19:42:20,0016c001f10c2ef6,6.4,2.3,4.0,0.0,7809,701,7108,9.0,0.38,0.37,0.36,339357955,1613764671,3086,11678,1.3,234.2,3.1,2.0,88,48,0,0,0,0,0,0.0,0,0,0,0,0,0
118.7,2026-05-16T19:42:21,0016c001f10c2ef6,5.7,2.9,2.9,0.0,7809,701,7108,9.0,0.38,0.37,0.36,339360989,1613776349,3034,11678,1.3,234.2,3.1,2.0,88,48,0,0,0,0,0,0.0,0,0,0,0,0,0
119.2,2026-05-16T19:42:21,0016c001f10c2ef6,7.5,2.9,4.6,0.0,7809,701,7108,9.0,0.38,0.37,0.36,339364900,1613818592,3911,42243,1.3,234.2,3.1,2.0,88,48,0,0,0,0,0,0.0,0,0,0,0,0,0
119.6,2026-05-16T19:42:22,0016c001f10c2ef6,6.9,1.1,5.7,0.0,7809,702,7107,9.0,0.38,0.37,0.36,339367934,1613830270,3034,11678,1.3,234.2,3.1,2.0,88,48,0,0,0,0,0,0.0,0,0,0,0,0,0
120.0,2026-05-16T19:42:22,0016c001f10c2ef6,6.4,1.8,4.7,0.0,7809,702,7107,9.0,0.38,0.37,0.36,339370968,1613841948,3034,11678,1.3,234.2,3.1,2.0,88,48,0,0,0,0,0,0.0,0,0,0,0,0,0
120.5,2026-05-16T19:42:23,0016c001f10c2ef6,5.8,1.8,4.1,0.0,7809,702,7107,9.0,0.38,0.37,0.36,339374002,1613853626,3034,11678,1.3,234.2,3.1,2.0,88,48,0,0,0,0,0,0.0,0,0,0,0,0,0
120.9,2026-05-16T19:42:23,0016c001f10c2ef6,5.8,1.2,4.6,0.0,7809,701,7108,9.0,0.38,0.37,0.36,339378017,1613895869,4015,42243,1.3,234.2,3.1,2.0,88,48,0,0,0,0,0,0.0,0,0,0,0,0,0
121.3,2026-05-16T19:42:23,0016c001f10c2ef6,8.5,2.3,5.7,0.6,7809,702,7107,9.0,0.35,0.37,0.36,339381532,1613907547,3515,11678,1.3,234.2,3.1,2.0,88,48,0,0,0,0,0,0.0,0,0,0,0,0,0
121.8,2026-05-16T19:42:24,0016c001f10c2ef6,6.3,2.3,4.0,0.0,7809,702,7107,9.0,0.35,0.37,0.36,339384718,1613919225,3186,11678,1.3,234.2,3.1,2.0,88,48,0,0,0,0,0,0.0,0,0,0,0,0,0
122.3,2026-05-16T19:42:24,0016c001f10c2ef6,8.4,3.1,5.2,0.0,7809,702,7107,9.0,0.35,0.37,0.36,339387804,1613930969,3086,11744,1.3,234.2,3.1,2.0,88,48,0,0,0,0,0,0.0,0,0,0,0,0,0
122.7,2026-05-16T19:42:25,0016c001f10c2ef6,6.7,2.2,4.4,0.0,7809,702,7107,9.0,0.35,0.37,0.36,339390790,1613942647,2986,11678,1.3,234.2,3.1,2.0,88,48,0,0,0,0,0,0.0,0,0,0,0,0,0
123.2,2026-05-16T19:42:25,0016c001f10c2ef6,7.0,3.5,3.5,0.0,7809,701,7108,9.0,0.35,0.37,0.36,339394753,1613984890,3963,42243,1.3,234.2,3.1,2.0,88,48,0,0,0,0,0,0.0,0,0,0,0,0,0
123.6,2026-05-16T19:42:26,0016c001f10c2ef6,5.8,2.3,3.5,0.0,7809,701,7108,9.0,0.35,0.37,0.36,339397839,1613996568,3086,11678,1.3,234.3,3.1,2.0,88,48,0,0,0,0,0,0.0,0,0,0,0,0,0
124.0,2026-05-16T19:42:26,0016c001f10c2ef6,13.2,1.1,12.1,0.0,7809,701,7108,9.0,0.35,0.37,0.36,339401143,1614008390,3304,11822,1.3,234.3,3.1,2.0,88,48,0,0,0,0,0,0.0,0,0,0,0,0,0
124.5,2026-05-16T19:42:27,0016c001f10c2ef6,18.8,2.4,16.5,0.0,7809,702,7107,9.0,0.35,0.37,0.36,339404181,1614020068,3038,11678,1.3,234.3,3.1,2.0,88,48,0,0,0,0,0,0.0,0,0,0,0,0,0
124.9,2026-05-16T19:42:27,0016c001f10c2ef6,19.9,2.9,17.0,0.0,7809,701,7108,9.0,0.35,0.37,0.36,339408294,1614062377,4113,42309,1.3,234.3,3.1,2.0,88,48,0,0,0,0,0,0.0,0,0,0,0,0,0
125.4,2026-05-16T19:42:27,0016c001f10c2ef6,18.2,4.0,14.2,0.0,7809,702,7107,9.0,0.35,0.37,0.36,339411328,1614074055,3034,11678,1.3,234.3,3.1,2.0,88,48,0,0,0,0,0,0.0,0,0,0,0,0,0
125.8,2026-05-16T19:42:28,0016c001f10c2ef6,6.4,1.7,4.7,0.0,7809,701,7108,9.0,0.35,0.37,0.36,339414362,1614085733,3034,11678,1.3,234.3,3.1,2.0,88,48,0,0,0,0,0,0.0,0,0,0,0,0,0
126.3,2026-05-16T19:42:28,0016c001f10c2ef6,6.2,2.3,4.0,0.0,7809,701,7108,9.0,0.35,0.37,0.36,339417396,1614097411,3034,11678,1.3,234.3,3.1,2.0,88,48,0,0,0,0,0,0.0,0,0,0,0,0,0
126.7,2026-05-16T19:42:29,0016c001f10c2ef6,4.7,1.8,3.0,0.0,7809,701,7108,9.0,0.32,0.36,0.35,339420430,1614109089,3034,11678,1.3,234.3,3.1,2.0,88,48,0,0,0,0,0,0.0,0,0,0,0,0,0
127.1,2026-05-16T19:42:29,0016c001f10c2ef6,6.3,2.9,3.4,0.0,7809,701,7108,9.0,0.32,0.36,0.35,339424597,1614151332,4167,42243,1.3,234.3,3.1,2.0,88,48,0,0,0,0,0,0.0,0,0,0,0,0,0
127.6,2026-05-16T19:42:30,0016c001f10c2ef6,8.9,3.4,5.4,0.0,7809,702,7107,9.0,0.32,0.36,0.35,339427839,1614163076,3242,11744,1.3,234.3,3.1,2.0,88,48,0,0,0,0,0,0.0,0,0,0,0,0,0
128.2,2026-05-16T19:42:30,0016c001f10c2ef6,8.4,3.9,4.4,0.0,7809,701,7108,9.0,0.32,0.36,0.35,339431081,1614174820,3242,11744,1.3,234.3,3.1,2.0,88,48,0,0,0,0,0,0.0,0,0,0,0,0,0
128.7,2026-05-16T19:42:31,0016c001f10c2ef6,8.6,2.9,5.7,0.0,7809,701,7108,9.0,0.32,0.36,0.35,339434067,1614186564,2986,11744,1.3,234.3,3.1,2.0,88,48,0,0,0,0,0,0.0,0,0,0,0,0,0
129.1,2026-05-16T19:42:31,0016c001f10c2ef6,6.9,3.5,3.5,0.0,7809,701,7108,9.0,0.32,0.36,0.35,339437998,1614228893,3931,42329,1.3,234.3,3.1,2.0,88,48,0,0,0,0,0,0.0,0,0,0,0,0,0
129.6,2026-05-16T19:42:32,0016c001f10c2ef6,5.9,1.2,4.7,0.0,7809,701,7108,9.0,0.32,0.36,0.35,339441032,1614240571,3034,11678,1.3,234.3,3.1,2.0,88,48,0,0,0,0,0,0.0,0,0,0,0,0,0
130.0,2026-05-16T19:42:32,0016c001f10c2ef6,6.9,1.7,5.2,0.0,7809,701,7108,9.0,0.32,0.36,0.35,339444066,1614252249,3034,11678,1.3,234.3,3.1,2.0,88,48,0,0,0,0,0,0.0,0,0,0,0,0,0
130.4,2026-05-16T19:42:33,0016c001f10c2ef6,6.9,2.9,4.0,0.0,7809,701,7108,9.0,0.32,0.36,0.35,339447152,1614263927,3086,11678,1.3,234.3,3.1,2.0,88,48,0,0,0,0,0,0.0,0,0,0,0,0,0
130.9,2026-05-16T19:42:33,0016c001f10c2ef6,5.2,1.2,4.0,0.0,7809,701,7108,9.0,0.32,0.36,0.35,339450186,1614275605,3034,11678,1.3,234.3,3.1,2.0,88,48,0,0,0,0,0,0.0,0,0,0,0,0,0
131.3,2026-05-16T19:42:33,0016c001f10c2ef6,6.9,2.3,4.6,0.0,7809,702,7107,9.0,0.32,0.36,0.35,339454578,1614317848,4392,42243,1.3,234.3,3.1,2.0,88,48,0,0,0,0,0,0.0,0,0,0,0,0,0
131.7,2026-05-16T19:42:34,0016c001f10c2ef6,5.3,2.4,2.9,0.0,7809,701,7108,9.0,0.29,0.35,0.35,339457612,1614329526,3034,11678,1.3,234.3,3.1,2.0,88,48,0,0,0,0,0,0.0,0,0,0,0,0,0
132.2,2026-05-16T19:42:34,0016c001f10c2ef6,6.8,1.7,5.1,0.0,7809,702,7107,9.0,0.29,0.35,0.35,339460698,1614341887,3086,12361,1.3,234.1,3.1,2.0,88,48,0,0,0,0,0,0.0,0,0,0,0,0,0
132.6,2026-05-16T19:42:35,0016c001f10c2ef6,8.5,2.8,5.1,0.6,7809,701,7108,9.0,0.29,0.35,0.35,339464034,1614355140,3336,13253,1.3,234.1,3.1,2.0,88,48,0,0,0,0,0,0.0,0,0,0,0,0,0
133.1,2026-05-16T19:42:35,0016c001f10c2ef6,5.2,1.2,4.0,0.0,7809,701,7108,9.0,0.29,0.35,0.35,339467949,1614397383,3915,42243,1.3,234.1,3.1,2.0,88,48,0,0,0,0,0,0.0,0,0,0,0,0,0
133.5,2026-05-16T19:42:36,0016c001f10c2ef6,6.4,3.5,2.9,0.0,7809,701,7108,9.0,0.29,0.35,0.35,339471135,1614409061,3186,11678,1.3,234.1,3.1,2.0,88,48,0,0,0,0,0,0.0,0,0,0,0,0,0
134.0,2026-05-16T19:42:36,0016c001f10c2ef6,9.4,3.0,6.4,0.0,7809,701,7108,9.0,0.29,0.35,0.35,339474121,1614420805,2986,11744,1.3,234.1,3.1,2.0,88,48,0,0,0,0,0,0.0,0,0,0,0,0,0
134.5,2026-05-16T19:42:37,0016c001f10c2ef6,7.0,2.9,4.1,0.0,7809,700,7109,9.0,0.29,0.35,0.35,339477155,1614432483,3034,11678,1.3,234.1,3.1,2.0,88,48,0,0,0,0,0,0.0,0,0,0,0,0,0
134.9,2026-05-16T19:42:37,0016c001f10c2ef6,6.8,1.7,5.1,0.0,7809,700,7109,9.0,0.29,0.35,0.35,339480189,1614444161,3034,11678,1.3,234.1,3.1,2.0,88,48,0,0,0,0,0,0.0,0,0,0,0,0,0
135.3,2026-05-16T19:42:37,0016c001f10c2ef6,7.5,2.9,4.6,0.0,7809,700,7109,9.0,0.29,0.35,0.35,339484152,1614486470,3963,42309,1.3,234.1,3.1,2.0,88,48,0,0,0,0,0,0.0,0,0,0,0,0,0
135.8,2026-05-16T19:42:38,0016c001f10c2ef6,13.1,2.3,10.9,0.0,7809,701,7108,9.0,0.29,0.35,0.35,339487314,1614498304,3162,11834,1.3,234.1,3.1,2.0,88,48,0,0,0,0,0,0.0,0,0,0,0,0,0
136.2,2026-05-16T19:42:38,0016c001f10c2ef6,19.8,2.3,17.4,0.0,7809,701,7108,9.0,0.29,0.35,0.35,339490348,1614509982,3034,11678,1.3,234.1,3.1,2.0,88,48,0,0,0,0,0,0.0,0,0,0,0,0,0
136.7,2026-05-16T19:42:39,0016c001f10c2ef6,19.0,3.0,16.1,0.0,7809,701,7108,9.0,0.35,0.37,0.36,339493382,1614521660,3034,11678,1.3,234.1,3.1,2.0,88,48,0,0,0,0,0,0.0,0,0,0,0,0,0
137.1,2026-05-16T19:42:39,0016c001f10c2ef6,19.5,3.6,16.0,0.0,7809,701,7108,9.0,0.35,0.37,0.36,339497397,1614563903,4015,42243,1.3,234.3,3.1,2.0,88,48,0,0,0,0,0,0.0,0,0,0,0,0,0
137.5,2026-05-16T19:42:40,0016c001f10c2ef6,8.4,2.8,5.0,0.6,7809,700,7109,9.0,0.35,0.37,0.36,339500483,1614575581,3086,11678,1.3,234.3,3.1,2.0,88,48,0,0,0,0,0,0.0,0,0,0,0,0,0
138.0,2026-05-16T19:42:40,0016c001f10c2ef6,5.2,1.2,4.1,0.0,7809,700,7109,9.0,0.35,0.37,0.36,339503517,1614587259,3034,11678,1.3,234.3,3.1,2.0,88,48,0,0,0,0,0,0.0,0,0,0,0,0,0
138.4,2026-05-16T19:42:41,0016c001f10c2ef6,6.8,3.4,3.4,0.0,7809,701,7108,9.0,0.35,0.37,0.36,339506655,1614598937,3138,11678,1.3,234.1,3.1,2.0,88,48,0,0,0,0,0,0.0,0,0,0,0,0,0
138.9,2026-05-16T19:42:41,0016c001f10c2ef6,6.3,2.3,4.0,0.0,7809,700,7109,9.0,0.35,0.37,0.36,339509841,1614610615,3186,11678,1.3,234.1,3.1,2.0,88,48,0,0,0,0,0,0.0,0,0,0,0,0,0
139.4,2026-05-16T19:42:41,0016c001f10c2ef6,10.9,4.0,7.0,0.0,7809,700,7109,9.0,0.35,0.37,0.36,339513856,1614652924,4015,42309,1.3,234.1,3.1,2.0,88,48,0,0,0,0,0,0.0,0,0,0,0,0,0
139.9,2026-05-16T19:42:42,0016c001f10c2ef6,9.9,2.5,7.4,0.0,7809,700,7109,9.0,0.35,0.37,0.36,339516914,1614664746,3058,11822,1.3,234.1,3.1,2.0,88,48,0,0,0,0,0,0.0,0,0,0,0,0,0
140.3,2026-05-16T19:42:42,0016c001f10c2ef6,6.3,3.4,2.9,0.0,7809,701,7108,9.0,0.35,0.37,0.36,339520000,1614676424,3086,11678,1.3,234.1,3.1,2.0,88,48,0,0,0,0,0,0.0,0,0,0,0,0,0
140.8,2026-05-16T19:42:43,0016c001f10c2ef6,8.1,4.6,3.5,0.0,7809,701,7108,9.0,0.35,0.37,0.36,339523132,1614688144,3132,11720,1.3,234.1,3.1,2.0,88,48,0,0,0,0,0,0.0,0,0,0,0,0,0
141.2,2026-05-16T19:42:43,0016c001f10c2ef6,5.2,1.7,3.5,0.0,7809,701,7108,9.0,0.35,0.37,0.36,339527147,1614730387,4015,42243,1.3,234.3,3.1,2.0,88,48,0,0,0,0,0,0.0,0,0,0,0,0,0
141.6,2026-05-16T19:42:44,0016c001f10c2ef6,8.0,2.9,5.2,0.0,7809,701,7108,9.0,0.4,0.38,0.36,339530662,1614742065,3515,11678,1.3,234.3,3.1,2.0,88,48,0,0,0,0,0,0.0,0,0,0,0,0,0
142.1,2026-05-16T19:42:44,0016c001f10c2ef6,5.8,1.7,4.1,0.0,7809,701,7108,9.0,0.4,0.38,0.36,339533696,1614753743,3034,11678,1.3,234.3,3.1,2.0,88,48,0,0,0,0,0,0.0,0,0,0,0,0,0
142.5,2026-05-16T19:42:45,0016c001f10c2ef6,9.4,3.5,5.8,0.0,7809,701,7108,9.0,0.4,0.38,0.36,339536834,1614767213,3138,13470,1.3,234.2,3.1,2.0,88,48,0,0,0,0,0,0.0,0,0,0,0,0,0
142.9,2026-05-16T19:42:45,0016c001f10c2ef6,7.6,3.5,4.1,0.0,7809,701,7108,9.0,0.4,0.38,0.36,339539914,1614780850,3080,13637,1.3,234.2,3.1,2.0,88,48,0,0,0,0,0,0.0,0,0,0,0,0,0
143.4,2026-05-16T19:42:45,0016c001f10c2ef6,7.0,2.9,4.1,0.0,7809,700,7109,9.0,0.4,0.38,0.36,339543929,1614823174,4015,42324,1.3,234.2,3.1,2.0,88,48,0,0,0,0,0,0.0,0,0,0,0,0,0
143.8,2026-05-16T19:42:46,0016c001f10c2ef6,5.7,2.9,2.9,0.0,7809,701,7108,9.0,0.4,0.38,0.36,339547067,1614834852,3138,11678,1.3,234.2,3.1,2.0,88,48,0,0,0,0,0,0.0,0,0,0,0,0,0
144.2,2026-05-16T19:42:46,0016c001f10c2ef6,7.3,3.4,3.9,0.0,7809,700,7109,9.0,0.4,0.38,0.36,339550101,1614846530,3034,11678,1.3,234.1,3.1,2.0,88,48,0,0,0,0,0,0.0,0,0,0,0,0,0
144.7,2026-05-16T19:42:47,0016c001f10c2ef6,7.4,3.4,4.0,0.0,7809,701,7108,9.0,0.4,0.38,0.36,339553339,1614858208,3238,11678,1.3,234.1,3.1,2.0,88,48,0,0,0,0,0,0.0,0,0,0,0,0,0
145.2,2026-05-16T19:42:47,0016c001f10c2ef6,8.2,3.1,5.1,0.0,7809,700,7109,9.0,0.4,0.38,0.36,339557510,1614900598,4171,42390,1.3,234.0,3.1,2.0,88,48,0,0,0,0,0,0.0,0,0,0,0,0,0
145.7,2026-05-16T19:42:48,0016c001f10c2ef6,12.4,5.4,6.9,0.0,7809,700,7109,9.0,0.4,0.38,0.36,339560700,1614912342,3190,11744,1.3,234.0,3.1,2.0,90,50,2,2,0,0,0,0.0,0,0,0,0,0,0
146.2,2026-05-16T19:42:48,0016c001f10c2ef6,9.7,3.9,5.8,0.0,7809,701,7108,9.0,0.4,0.38,0.36,339563686,1614924086,2986,11744,1.3,234.0,3.1,2.0,90,50,0,0,0,0,0,0.0,0,0,0,0,0,0
146.6,2026-05-16T19:42:49,0016c001f10c2ef6,6.0,2.4,3.6,0.0,7809,701,7108,9.0,0.37,0.37,0.36,339566720,1614935764,3034,11678,1.3,234.1,3.1,2.0,90,50,0,0,0,0,0,0.0,0,0,0,0,0,0
147.1,2026-05-16T19:42:49,0016c001f10c2ef6,5.2,2.3,2.9,0.0,7809,701,7108,9.0,0.37,0.37,0.36,339569754,1614947442,3034,11678,1.3,234.2,3.1,2.0,90,50,0,0,0,0,0,0.0,0,0,0,0,0,0
147.5,2026-05-16T19:42:50,0016c001f10c2ef6,12.5,4.5,8.0,0.0,7809,700,7109,9.0,0.37,0.37,0.36,339573821,1614989766,4067,42324,1.3,234.2,3.1,2.0,90,50,0,0,0,0,0,0.0,0,0,0,0,0,0
148.0,2026-05-16T19:42:50,0016c001f10c2ef6,18.3,1.8,16.0,0.6,7809,701,7108,9.0,0.37,0.37,0.36,339576927,1615001522,3106,11756,1.3,234.2,3.1,2.0,90,50,0,0,0,0,0,0.0,0,0,0,0,0,0
148.4,2026-05-16T19:42:50,0016c001f10c2ef6,20.3,2.9,17.4,0.0,7809,701,7108,9.0,0.37,0.37,0.36,339579961,1615013200,3034,11678,1.3,234.2,3.1,2.0,90,50,0,0,0,0,0,0.0,0,0,0,0,0,0
148.8,2026-05-16T19:42:51,0016c001f10c2ef6,19.4,2.4,17.1,0.0,7809,701,7108,9.0,0.37,0.37,0.36,339583007,1615025120,3046,11920,1.3,234.2,3.1,2.0,90,50,0,0,0,0,0,0.0,0,0,0,0,0,0
149.3,2026-05-16T19:42:51,0016c001f10c2ef6,6.0,2.0,4.0,0.0,7809,701,7108,9.0,0.37,0.37,0.36,339587074,1615067444,4067,42324,1.3,234.1,3.1,2.0,90,50,0,0,0,0,0,0.0,0,0,0,0,0,0
149.8,2026-05-16T19:42:52,0016c001f10c2ef6,7.3,2.2,5.1,0.0,7809,701,7108,9.0,0.37,0.37,0.36,339590108,1615079122,3034,11678,1.3,234.1,3.1,2.0,90,50,0,0,0,0,0,0.0,0,0,0,0,0,0
150.2,2026-05-16T19:42:52,0016c001f10c2ef6,5.8,2.3,3.5,0.0,7809,701,7108,9.0,0.37,0.37,0.36,339593142,1615090800,3034,11678,1.3,234.1,3.1,2.0,90,50,0,0,0,0,0,0.0,0,0,0,0,0,0
150.7,2026-05-16T19:42:53,0016c001f10c2ef6,4.7,2.4,2.4,0.0,7809,700,7109,9.0,0.37,0.37,0.36,339596276,1615102478,3134,11678,1.3,234.1,3.1,2.0,90,50,0,0,0,0,0,0.0,0,0,0,0,0,0
151.1,2026-05-16T19:42:53,0016c001f10c2ef6,7.3,2.8,4.5,0.0,7809,701,7108,9.0,0.37,0.37,0.36,339599362,1615114156,3086,11678,1.3,234.1,3.1,2.0,90,50,0,0,0,0,0,0.0,0,0,0,0,0,0
151.6,2026-05-16T19:42:54,0016c001f10c2ef6,9.6,3.6,6.1,0.0,7809,701,7108,9.0,0.74,0.45,0.38,339603602,1615156546,4240,42390,1.3,234.1,3.1,2.0,90,50,0,0,0,0,0,0.0,0,0,0,0,0,0
152.1,2026-05-16T19:42:54,0016c001f10c2ef6,6.2,1.7,4.5,0.0,7809,700,7109,9.0,0.74,0.45,0.38,339606688,1615168224,3086,11678,1.3,234.1,3.1,2.0,90,50,0,0,0,0,0,0.0,0,0,0,0,0,0
152.5,2026-05-16T19:42:55,0016c001f10c2ef6,6.4,2.3,4.0,0.0,7809,699,7110,9.0,0.74,0.45,0.38,339609722,1615179902,3034,11678,1.3,234.1,3.1,2.0,90,50,0,0,0,0,0,0.0,0,0,0,0,0,0
152.9,2026-05-16T19:42:55,0016c001f10c2ef6,6.4,1.2,5.2,0.0,7809,699,7110,9.0,0.74,0.45,0.38,339612756,1615191580,3034,11678,1.3,234.1,3.1,2.0,90,50,0,0,0,0,0,0.0,0,0,0,0,0,0
153.4,2026-05-16T19:42:55,0016c001f10c2ef6,5.9,1.8,4.1,0.0,7809,699,7110,9.0,0.74,0.45,0.38,339616615,1615233904,3859,42324,1.3,238.2,3.1,2.0,90,50,0,0,0,0,0,0.0,0,0,0,0,0,0
154.1,2026-05-16T19:42:56,0016c001f10c2ef6,6.4,2.1,4.3,0.0,7809,697,7112,8.9,0.74,0.45,0.38,339643536,1620011236,26921,4777332,1.3,233.9,3.1,2.0,90,50,0,0,0,0,0,0.0,0,0,0,0,0,0
154.6,2026-05-16T19:42:57,0016c001f10c2ef6,9.4,3.6,5.7,0.0,7809,699,7110,9.0,0.74,0.45,0.38,339647842,1620025021,4306,13785,1.3,233.9,3.1,2.0,90,50,0,0,0,0,0,0.0,0,0,0,0,0,0
155.0,2026-05-16T19:42:57,0016c001f10c2ef6,4.7,2.3,2.3,0.0,7809,698,7111,8.9,0.74,0.45,0.38,339650932,1620036699,3090,11678,1.3,233.9,3.1,2.0,90,50,0,0,0,0,0,0.0,0,0,0,0,0,0
155.4,2026-05-16T19:42:58,0016c001f10c2ef6,6.9,1.7,5.2,0.0,7809,698,7111,8.9,0.74,0.45,0.38,339655047,1620079023,4115,42324,1.3,233.9,3.1,2.0,90,50,0,0,0,0,0,0.0,0,0,0,0,0,0
155.9,2026-05-16T19:42:58,0016c001f10c2ef6,7.7,3.0,4.7,0.0,7809,700,7109,9.0,0.74,0.45,0.38,339658261,1620090779,3214,11756,1.3,233.9,3.1,2.0,90,50,0,0,0,0,0,0.0,0,0,0,0,0,0
156.3,2026-05-16T19:42:58,0016c001f10c2ef6,4.7,2.4,2.4,0.0,7809,700,7109,9.0,0.74,0.45,0.38,339661451,1620103140,3190,12361,1.3,233.9,3.1,2.0,90,50,0,0,0,0,0,0.0,0,0,0,0,0,0
156.8,2026-05-16T19:42:59,0016c001f10c2ef6,9.9,4.9,4.9,0.0,7809,700,7109,9.0,0.76,0.46,0.39,339664787,1620116455,3336,13315,1.3,233.9,3.1,2.0,90,50,0,0,0,0,0,0.0,0,0,0,0,0,0
157.3,2026-05-16T19:42:59,0016c001f10c2ef6,11.2,4.6,6.6,0.0,7809,699,7110,9.0,0.76,0.46,0.39,339669809,1620131873,5022,15418,1.3,233.9,3.1,2.0,90,50,0,0,0,0,0,0.0,0,0,0,0,0,0
157.7,2026-05-16T19:43:00,0016c001f10c2ef6,6.4,1.8,4.7,0.0,7809,700,7109,9.0,0.76,0.46,0.39,339673724,1620174197,3915,42324,1.3,233.9,3.1,2.0,90,50,0,0,0,0,0,0.0,0,0,0,0,0,0
158.1,2026-05-16T19:43:00,0016c001f10c2ef6,5.8,1.7,4.1,0.0,7809,701,7108,9.0,0.76,0.46,0.39,339676810,1620185875,3086,11678,1.3,233.9,3.1,2.0,90,50,0,0,0,0,0,0.0,0,0,0,0,0,0
158.6,2026-05-16T19:43:01,0016c001f10c2ef6,5.6,1.7,4.0,0.0,7809,702,7107,9.0,0.76,0.46,0.39,339679948,1620197553,3138,11678,1.3,233.9,3.1,2.0,90,50,0,0,0,0,0,0.0,0,0,0,0,0,0
159.0,2026-05-16T19:43:01,0016c001f10c2ef6,7.0,2.9,3.5,0.6,7809,701,7108,9.0,0.76,0.46,0.39,339682982,1620209297,3034,11744,1.3,233.9,3.1,2.0,90,50,0,0,0,0,0,0.0,0,0,0,0,0,0
159.4,2026-05-16T19:43:02,0016c001f10c2ef6,16.6,1.8,14.8,0.0,7809,700,7109,9.0,0.76,0.46,0.39,339687253,1620251621,4271,42324,1.3,233.8,3.1,2.0,90,50,0,0,0,0,0,0.0,0,0,0,0,0,0
159.9,2026-05-16T19:43:02,0016c001f10c2ef6,19.4,1.8,17.6,0.0,7809,702,7107,9.0,0.76,0.46,0.39,339690291,1620263315,3038,11694,1.3,233.8,3.1,2.0,90,50,0,0,0,0,0,0.0,0,0,0,0,0,0
160.3,2026-05-16T19:43:02,0016c001f10c2ef6,20.6,2.9,17.6,0.0,7809,702,7107,9.0,0.76,0.46,0.39,339693377,1620274993,3086,11678,1.3,233.8,3.1,2.0,90,50,0,0,0,0,0,0.0,0,0,0,0,0,0
160.8,2026-05-16T19:43:03,0016c001f10c2ef6,15.3,2.4,12.9,0.0,7809,702,7107,9.0,0.76,0.46,0.39,339696463,1620286671,3086,11678,1.3,233.8,3.1,2.0,90,50,0,0,0,0,0,0.0,0,0,0,0,0,0
161.2,2026-05-16T19:43:03,0016c001f10c2ef6,6.0,1.2,4.8,0.0,7809,702,7107,9.0,0.76,0.46,0.39,339699705,1620298349,3242,11678,1.3,233.8,3.1,2.0,90,50,0,0,0,0,0,0.0,0,0,0,0,0,0
161.6,2026-05-16T19:43:04,0016c001f10c2ef6,6.0,2.4,3.6,0.0,7809,702,7107,9.0,0.78,0.47,0.39,339704249,1620340673,4544,42324,1.3,233.8,3.1,2.0,90,50,0,0,0,0,0,0.0,0,0,0,0,0,0
162.1,2026-05-16T19:43:04,0016c001f10c2ef6,6.8,2.8,4.0,0.0,7809,702,7107,9.0,0.78,0.47,0.39,339707439,1620352351,3190,11678,1.3,233.8,3.1,2.0,90,50,0,0,0,0,0,0.0,0,0,0,0,0,0
162.6,2026-05-16T19:43:05,0016c001f10c2ef6,9.1,3.6,5.6,0.0,7809,702,7107,9.0,0.78,0.47,0.39,339710425,1620364095,2986,11744,1.3,233.9,3.1,2.0,90,50,0,0,0,0,0,0.0,0,0,0,0,0,0
163.0,2026-05-16T19:43:05,0016c001f10c2ef6,6.4,2.3,4.1,0.0,7809,702,7107,9.0,0.78,0.47,0.39,339713459,1620375773,3034,11678,1.3,233.9,3.1,2.0,90,50,0,0,0,0,0,0.0,0,0,0,0,0,0
163.4,2026-05-16T19:43:06,0016c001f10c2ef6,5.8,1.7,4.1,0.0,7809,701,7108,9.0,0.78,0.47,0.39,339717158,1620387451,3699,11678,1.3,233.9,3.1,2.0,90,50,0,0,0,0,0,0.0,0,0,0,0,0,0
163.9,2026-05-16T19:43:06,0016c001f10c2ef6,6.9,3.5,3.5,0.0,7809,702,7107,9.0,0.78,0.47,0.39,339720836,1620429853,3678,42402,1.3,234.0,3.1,2.0,90,50,0,0,0,0,0,0.0,0,0,0,0,0,0
164.3,2026-05-16T19:43:06,0016c001f10c2ef6,6.9,2.9,4.0,0.0,7809,702,7107,9.0,0.78,0.47,0.39,339723822,1620441531,2986,11678,1.3,234.0,3.1,2.0,90,50,0,0,0,0,0,0.0,0,0,0,0,0,0
164.7,2026-05-16T19:43:07,0016c001f10c2ef6,6.4,1.2,5.3,0.0,7809,701,7108,9.0,0.78,0.47,0.39,339726856,1620453209,3034,11678,1.3,234.0,3.1,2.0,90,50,0,0,0,0,0,0.0,0,0,0,0,0,0
165.2,2026-05-16T19:43:07,0016c001f10c2ef6,6.9,3.4,3.4,0.0,7809,701,7108,9.0,0.78,0.47,0.39,339729994,1620464887,3138,11678,1.3,234.0,3.1,2.0,90,50,0,0,0,0,0,0.0,0,0,0,0,0,0
165.6,2026-05-16T19:43:08,0016c001f10c2ef6,6.3,1.7,4.6,0.0,7809,701,7108,9.0,0.78,0.47,0.39,339734241,1620507367,4247,42480,1.3,234.0,3.1,2.0,90,50,0,0,0,0,0,0.0,0,0,0,0,0,0
166.1,2026-05-16T19:43:08,0016c001f10c2ef6,5.8,2.3,3.5,0.0,7809,700,7109,9.0,0.78,0.47,0.39,339737275,1620519045,3034,11678,1.3,234.0,3.1,2.0,90,50,0,0,0,0,0,0.0,0,0,0,0,0,0
166.5,2026-05-16T19:43:09,0016c001f10c2ef6,8.8,1.8,5.8,1.2,7809,701,7108,9.0,0.72,0.46,0.39,339740465,1620532516,3190,13471,1.3,233.9,3.1,2.0,90,50,0,0,0,0,0,0.0,0,0,0,0,0,0
166.9,2026-05-16T19:43:09,0016c001f10c2ef6,9.8,4.0,5.2,0.6,7809,701,7108,9.0,0.72,0.46,0.39,339743545,1620546180,3080,13664,1.3,233.9,3.1,2.0,90,50,0,0,0,0,0,0.0,0,0,0,0,0,0
167.3,2026-05-16T19:43:09,0016c001f10c2ef6,7.1,2.9,4.1,0.0,7809,701,7108,9.0,0.72,0.46,0.39,339746679,1620557858,3134,11678,1.3,233.9,3.1,2.0,90,50,0,0,0,0,0,0.0,0,0,0,0,0,0
167.8,2026-05-16T19:43:10,0016c001f10c2ef6,10.9,4.1,6.7,0.0,7809,701,7108,9.0,0.72,0.46,0.39,339750646,1620600329,3967,42471,1.3,233.9,3.1,2.0,90,50,0,0,0,0,0,0.0,0,0,0,0,0,0
168.3,2026-05-16T19:43:10,0016c001f10c2ef6,5.8,1.7,4.1,0.0,7809,701,7108,9.0,0.72,0.46,0.39,339753836,1620612007,3190,11678,1.3,233.9,3.1,2.0,90,50,0,0,0,0,0,0.0,0,0,0,0,0,0
168.7,2026-05-16T19:43:11,0016c001f10c2ef6,6.9,2.9,4.0,0.0,7809,701,7108,9.0,0.72,0.46,0.39,339756870,1620623685,3034,11678,1.3,234.1,3.1,2.0,90,50,0,0,0,0,0,0.0,0,0,0,0,0,0
169.1,2026-05-16T19:43:11,0016c001f10c2ef6,6.4,2.9,3.5,0.0,7809,702,7107,9.0,0.72,0.46,0.39,339760002,1620635429,3132,11744,1.3,234.1,3.1,2.0,90,50,0,0,0,0,0,0.0,0,0,0,0,0,0
169.6,2026-05-16T19:43:12,0016c001f10c2ef6,5.2,1.7,3.5,0.0,7809,701,7108,9.0,0.72,0.46,0.39,339764017,1620677834,4015,42405,1.3,234.1,3.1,2.0,90,50,0,0,0,0,0,0.0,0,0,0,0,0,0
170.0,2026-05-16T19:43:12,0016c001f10c2ef6,8.9,3.0,6.0,0.0,7809,701,7108,9.0,0.72,0.46,0.39,339767103,1620689512,3086,11678,1.3,234.1,3.1,2.0,90,50,0,0,0,0,0,0.0,0,0,0,0,0,0
170.4,2026-05-16T19:43:13,0016c001f10c2ef6,5.8,2.3,3.5,0.0,7809,700,7109,9.0,0.72,0.46,0.39,339770293,1620701190,3190,11678,1.3,234.1,3.1,2.0,90,50,0,0,0,0,0,0.0,0,0,0,0,0,0
170.9,2026-05-16T19:43:13,0016c001f10c2ef6,9.5,4.5,5.0,0.0,7809,700,7109,9.0,0.72,0.46,0.39,339773327,1620712868,3034,11678,1.3,234.1,3.1,2.0,90,50,0,0,0,0,0,0.0,0,0,0,0,0,0
171.3,2026-05-16T19:43:13,0016c001f10c2ef6,19.3,1.8,17.5,0.0,7809,701,7108,9.0,0.72,0.46,0.39,339776894,1620724546,3567,11678,1.3,234.1,3.1,2.0,90,50,0,0,0,0,0,0.0,0,0,0,0,0,0
171.7,2026-05-16T19:43:14,0016c001f10c2ef6,20.1,3.0,17.2,0.0,7809,701,7108,9.0,0.74,0.47,0.39,339781013,1620766951,4119,42405,1.3,234.1,3.1,2.0,90,50,0,0,0,0,0,0.0,0,0,0,0,0,0
172.2,2026-05-16T19:43:14,0016c001f10c2ef6,20.7,4.1,16.6,0.0,7809,701,7108,9.0,0.74,0.47,0.39,339784119,1620778707,3106,11756,1.3,234.1,3.1,2.0,90,50,0,0,0,0,0,0.0,0,0,0,0,0,0
172.6,2026-05-16T19:43:15,0016c001f10c2ef6,13.7,1.8,11.9,0.0,7809,701,7108,9.0,0.74,0.47,0.39,339787253,1620790385,3134,11678,1.3,234.1,3.1,2.0,90,50,0,0,0,0,0,0.0,0,0,0,0,0,0
173.1,2026-05-16T19:43:15,0016c001f10c2ef6,8.8,3.6,5.2,0.0,7809,701,7108,9.0,0.74,0.47,0.39,339790291,1620802129,3038,11744,1.3,234.1,3.1,2.0,90,50,0,0,0,0,0,0.0,0,0,0,0,0,0
173.5,2026-05-16T19:43:16,0016c001f10c2ef6,6.9,2.3,4.6,0.0,7809,701,7108,9.0,0.74,0.47,0.39,339793429,1620813807,3138,11678,1.3,233.9,3.1,2.0,90,50,0,0,0,0,0,0.0,0,0,0,0,0,0
174.0,2026-05-16T19:43:16,0016c001f10c2ef6,6.5,4.1,2.4,0.0,7809,701,7108,9.0,0.74,0.47,0.39,339797392,1620856212,3963,42405,1.3,233.9,3.1,2.0,90,50,0,0,0,0,0,0.0,0,0,0,0,0,0
174.4,2026-05-16T19:43:16,0016c001f10c2ef6,6.3,1.7,4.6,0.0,7809,700,7109,9.0,0.74,0.47,0.39,339800478,1620867890,3086,11678,1.3,233.9,3.1,2.0,90,50,0,0,0,0,0,0.0,0,0,0,0,0,0
174.9,2026-05-16T19:43:17,0016c001f10c2ef6,6.2,2.3,4.0,0.0,7809,701,7108,9.0,0.74,0.47,0.39,339803668,1620879568,3190,11678,1.3,233.9,3.1,2.0,90,50,0,0,0,0,0,0.0,0,0,0,0,0,0
175.3,2026-05-16T19:43:17,0016c001f10c2ef6,7.4,2.8,4.5,0.0,7809,701,7108,9.0,0.74,0.47,0.39,339806702,1620891246,3034,11678,1.3,233.9,3.1,2.0,92,52,2,2,0,0,0,0.0,0,0,0,0,0,0
175.7,2026-05-16T19:43:18,0016c001f10c2ef6,9.0,4.0,5.1,0.0,7809,702,7107,9.0,0.74,0.47,0.39,339810769,1620933652,4067,42406,1.3,233.9,3.1,2.0,92,52,0,0,0,0,0,0.0,0,0,0,0,0,0
176.2,2026-05-16T19:43:18,0016c001f10c2ef6,11.1,5.8,4.7,0.6,7809,701,7108,9.0,0.74,0.47,0.39,339813855,1620945331,3086,11679,1.3,233.9,3.1,2.0,92,52,0,0,0,0,0,0.0,0,0,0,0,0,0
176.6,2026-05-16T19:43:19,0016c001f10c2ef6,5.9,1.2,4.7,0.0,7809,701,7108,9.0,0.68,0.46,0.39,339816941,1620957010,3086,11679,1.3,233.9,3.1,2.0,92,52,0,0,0,0,0,0.0,0,0,0,0,0,0
177.0,2026-05-16T19:43:19,0016c001f10c2ef6,5.7,2.3,3.4,0.0,7809,700,7109,9.0,0.68,0.46,0.39,339820099,1620968775,3158,11765,1.3,233.9,3.1,2.0,92,52,0,0,0,0,0,0.0,0,0,0,0,0,0
177.5,2026-05-16T19:43:20,0016c001f10c2ef6,7.0,2.3,4.7,0.0,7809,700,7109,9.0,0.68,0.46,0.39,339823133,1620980454,3034,11679,1.3,233.9,3.1,2.0,92,52,0,0,0,0,0,0.0,0,0,0,0,0,0
177.9,2026-05-16T19:43:20,0016c001f10c2ef6,8.8,4.7,4.1,0.0,7809,700,7109,9.0,0.68,0.46,0.39,339827352,1621022860,4219,42406,1.3,233.9,3.1,2.0,92,52,0,0,0,0,0,0.0,0,0,0,0,0,0
178.4,2026-05-16T19:43:20,0016c001f10c2ef6,9.7,3.6,6.2,0.0,7809,700,7109,9.0,0.68,0.46,0.39,339830542,1621034671,3190,11811,1.3,233.9,3.1,2.0,92,52,0,0,0,0,0,0.0,0,0,0,0,0,0
178.9,2026-05-16T19:43:21,0016c001f10c2ef6,8.7,3.1,5.6,0.0,7809,700,7109,9.0,0.68,0.46,0.39,339833732,1621046416,3190,11745,1.3,233.9,3.1,2.0,92,52,0,0,0,0,0,0.0,0,0,0,0,0,0
179.4,2026-05-16T19:43:21,0016c001f10c2ef6,8.6,4.1,4.6,0.0,7809,699,7110,9.0,0.68,0.46,0.39,339836870,1621058161,3138,11745,1.3,233.9,3.1,2.0,92,52,0,0,0,0,0,0.0,0,0,0,0,0,0
179.9,2026-05-16T19:43:22,0016c001f10c2ef6,10.2,3.6,6.6,0.0,7809,700,7109,9.0,0.68,0.46,0.39,339840837,1621100633,3967,42472,1.3,233.9,3.1,2.0,92,52,0,0,0,0,0,0.0,0,0,0,0,0,0
180.3,2026-05-16T19:43:22,0016c001f10c2ef6,5.4,2.4,3.0,0.0,7809,700,7109,9.0,0.68,0.46,0.39,339843871,1621112312,3034,11679,1.3,233.9,3.1,2.0,92,52,0,0,0,0,0,0.0,0,0,0,0,0,0
180.8,2026-05-16T19:43:23,0016c001f10c2ef6,5.7,1.7,4.0,0.0,7809,700,7109,9.0,0.68,0.46,0.39,339847009,1621123991,3138,11679,1.3,233.9,3.1,2.0,92,52,0,0,0,0,0,0.0,0,0,0,0,0,0
181.2,2026-05-16T19:43:23,0016c001f10c2ef6,6.9,1.2,5.8,0.0,7809,700,7109,9.0,0.68,0.46,0.39,339850095,1621135670,3086,11679,1.3,233.9,3.1,2.0,92,52,0,0,0,0,0,0.0,0,0,0,0,0,0
181.6,2026-05-16T19:43:24,0016c001f10c2ef6,6.4,1.8,4.7,0.0,7809,700,7109,9.0,0.71,0.47,0.39,339853766,1621147349,3671,11679,1.3,233.9,3.1,2.0,92,52,0,0,0,0,0,0.0,0,0,0,0,0,0
182.1,2026-05-16T19:43:24,0016c001f10c2ef6,7.4,2.3,5.1,0.0,7809,700,7109,9.0,0.71,0.47,0.39,339857781,1621189755,4015,42406,1.3,233.9,3.1,2.0,92,52,0,0,0,0,0,0.0,0,0,0,0,0,0
182.5,2026-05-16T19:43:25,0016c001f10c2ef6,6.5,2.4,4.2,0.0,7809,700,7109,9.0,0.71,0.47,0.39,339860867,1621201434,3086,11679,1.3,233.9,3.1,2.0,92,52,0,0,0,0,0,0.0,0,0,0,0,0,0
182.9,2026-05-16T19:43:25,0016c001f10c2ef6,13.6,1.8,11.8,0.0,7809,701,7108,9.0,0.71,0.47,0.39,339863953,1621213113,3086,11679,1.3,233.9,3.1,2.0,92,52,0,0,0,0,0,0.0,0,0,0,0,0,0
183.4,2026-05-16T19:43:25,0016c001f10c2ef6,19.0,1.8,17.3,0.0,7809,703,7106,9.0,0.71,0.47,0.39,339867039,1621224792,3086,11679,1.3,233.9,3.1,2.0,92,52,0,0,0,0,0,0.0,0,0,0,0,0,0
183.8,2026-05-16T19:43:26,0016c001f10c2ef6,20.1,2.4,17.8,0.0,7809,702,7107,9.0,0.71,0.47,0.39,339871054,1621267198,4015,42406,1.3,233.9,3.1,2.0,92,52,0,0,0,0,0,0.0,0,0,0,0,0,0
184.2,2026-05-16T19:43:26,0016c001f10c2ef6,20.7,3.0,17.8,0.0,7809,702,7107,9.0,0.71,0.47,0.39,339874192,1621278877,3138,11679,1.3,233.9,3.1,2.0,92,52,0,0,0,0,0,0.0,0,0,0,0,0,0
184.7,2026-05-16T19:43:27,0016c001f10c2ef6,6.9,2.3,4.6,0.0,7809,703,7106,9.0,0.71,0.47,0.39,339877430,1621290556,3238,11679,1.3,233.9,3.1,2.0,92,52,0,0,0,0,0,0.0,0,0,0,0,0,0
185.2,2026-05-16T19:43:27,0016c001f10c2ef6,9.1,3.5,5.6,0.0,7809,702,7107,9.0,0.71,0.47,0.39,339880468,1621302301,3038,11745,1.3,234.0,3.1,2.0,92,52,0,0,0,0,0,0.0,0,0,0,0,0,0
185.6,2026-05-16T19:43:28,0016c001f10c2ef6,6.3,1.7,4.6,0.0,7809,703,7106,9.0,0.71,0.47,0.39,339883554,1621313980,3086,11679,1.3,234.0,3.1,2.0,92,52,0,0,0,0,0,0.0,0,0,0,0,0,0
186.0,2026-05-16T19:43:28,0016c001f10c2ef6,6.9,2.3,4.6,0.0,7809,702,7107,9.0,0.71,0.47,0.39,339887773,1621356386,4219,42406,1.3,234.0,3.1,2.0,92,52,0,0,0,0,0,0.0,0,0,0,0,0,0
186.5,2026-05-16T19:43:29,0016c001f10c2ef6,6.9,1.7,5.1,0.0,7809,702,7107,9.0,0.81,0.49,0.4,339890759,1621368065,2986,11679,1.3,234.0,3.1,2.0,92,52,0,0,0,0,0,0.0,0,0,0,0,0,0
186.9,2026-05-16T19:43:29,0016c001f10c2ef6,6.4,1.2,5.3,0.0,7809,702,7107,9.0,0.81,0.49,0.4,339907396,1626123071,16637,4755006,1.3,234.1,3.1,2.0,92,52,0,0,0,0,0,0.0,0,0,0,0,0,0
187.6,2026-05-16T19:43:30,0016c001f10c2ef6,6.7,1.5,5.2,0.0,7809,701,7108,9.0,0.81,0.49,0.4,339921804,1626158312,14408,35241,1.3,234.0,3.1,2.0,92,52,0,0,0,0,0,0.0,0,0,0,0,0,0
188.0,2026-05-16T19:43:30,0016c001f10c2ef6,10.5,4.7,5.2,0.6,7809,702,7107,9.0,0.81,0.49,0.4,339925891,1626200796,4087,42484,1.3,234.0,3.1,2.0,92,52,0,0,0,0,0,0.0,0,0,0,0,0,0
188.5,2026-05-16T19:43:31,0016c001f10c2ef6,5.6,1.7,3.9,0.0,7809,701,7108,9.0,0.81,0.49,0.4,339928981,1626212475,3090,11679,1.3,234.0,3.1,2.0,92,52,0,0,0,0,0,0.0,0,0,0,0,0,0
188.9,2026-05-16T19:43:31,0016c001f10c2ef6,5.2,1.7,3.5,0.0,7809,701,7108,9.0,0.81,0.49,0.4,339932119,1626224154,3138,11679,1.3,234.0,3.1,2.0,92,52,0,0,0,0,0,0.0,0,0,0,0,0,0
189.4,2026-05-16T19:43:31,0016c001f10c2ef6,5.4,1.8,3.6,0.0,7809,701,7108,9.0,0.81,0.49,0.4,339935205,1626235833,3086,11679,1.3,234.0,3.1,2.0,92,52,0,0,0,0,0,0.0,0,0,0,0,0,0
189.8,2026-05-16T19:43:32,0016c001f10c2ef6,8.8,2.9,5.8,0.0,7809,701,7108,9.0,0.81,0.49,0.4,339940175,1626251242,4970,15409,1.3,234.0,3.1,2.0,92,52,0,0,0,0,0,0.0,0,0,0,0,0,0
190.2,2026-05-16T19:43:32,0016c001f10c2ef6,9.9,4.4,5.5,0.0,7809,701,7108,9.0,0.81,0.49,0.4,339944394,1626293714,4219,42472,1.3,234.0,3.1,2.0,92,52,0,0,0,0,0,0.0,0,0,0,0,0,0
190.7,2026-05-16T19:43:33,0016c001f10c2ef6,9.3,4.1,5.2,0.0,7809,703,7106,9.0,0.81,0.49,0.4,339947636,1626305459,3242,11745,1.3,234.0,3.1,2.0,92,52,0,0,0,0,0,0.0,0,0,0,0,0,0
191.2,2026-05-16T19:43:33,0016c001f10c2ef6,10.2,4.1,6.1,0.0,7809,702,7107,9.0,0.81,0.49,0.4,339950774,1626317204,3138,11745,1.3,234.0,3.1,2.0,92,52,0,0,0,0,0,0.0,0,0,0,0,0,0
191.7,2026-05-16T19:43:34,0016c001f10c2ef6,6.9,2.3,4.6,0.0,7809,702,7107,9.0,0.99,0.54,0.42,339954341,1626328883,3567,11679,1.3,234.0,3.1,2.0,92,52,0,0,0,0,0,0.0,0,0,0,0,0,0
192.1,2026-05-16T19:43:34,0016c001f10c2ef6,7.1,3.5,3.5,0.0,7809,702,7107,9.0,0.99,0.54,0.42,339958304,1626371289,3963,42406,1.3,233.9,3.1,2.0,92,52,0,0,0,0,0,0.0,0,0,0,0,0,0
192.5,2026-05-16T19:43:35,0016c001f10c2ef6,5.8,2.3,3.5,0.0,7809,702,7107,9.0,0.99,0.54,0.42,339961394,1626382968,3090,11679,1.3,233.9,3.1,2.0,92,52,0,0,0,0,0,0.0,0,0,0,0,0,0
193.0,2026-05-16T19:43:35,0016c001f10c2ef6,7.3,2.8,4.5,0.0,7809,702,7107,9.0,0.99,0.54,0.42,339964532,1626394647,3138,11679,1.3,233.9,3.1,2.0,92,52,0,0,0,0,0,0.0,0,0,0,0,0,0
193.4,2026-05-16T19:43:35,0016c001f10c2ef6,5.2,1.7,3.4,0.0,7809,702,7107,9.0,0.99,0.54,0.42,339967670,1626406326,3138,11679,1.3,233.9,3.1,2.0,92,52,0,0,0,0,0,0.0,0,0,0,0,0,0
193.8,2026-05-16T19:43:36,0016c001f10c2ef6,7.0,2.9,4.1,0.0,7809,702,7107,9.0,0.99,0.54,0.42,339970908,1626418005,3238,11679,1.3,233.9,3.1,2.0,92,52,0,0,0,0,0,0.0,0,0,0,0,0,0
194.3,2026-05-16T19:43:36,0016c001f10c2ef6,7.0,2.3,4.7,0.0,7809,703,7106,9.0,0.99,0.54,0.42,339974823,1626460411,3915,42406,1.3,233.9,3.1,2.0,92,52,0,0,0,0,0,0.0,0,0,0,0,0,0
194.7,2026-05-16T19:43:37,0016c001f10c2ef6,17.0,2.8,14.2,0.0,7809,702,7107,9.0,0.99,0.54,0.42,339977961,1626472090,3138,11679,1.3,233.9,3.1,2.0,92,52,0,0,0,0,0,0.0,0,0,0,0,0,0
195.1,2026-05-16T19:43:37,0016c001f10c2ef6,19.1,2.5,16.7,0.0,7809,703,7106,9.0,0.99,0.54,0.42,339981099,1626483769,3138,11679,1.3,233.9,3.1,2.0,92,52,0,0,0,0,0,0.0,0,0,0,0,0,0
195.6,2026-05-16T19:43:38,0016c001f10c2ef6,18.4,2.5,16.0,0.0,7809,703,7106,9.0,0.99,0.54,0.42,339984313,1626495670,3214,11901,1.3,233.9,3.1,2.0,92,52,0,0,0,0,0,0.0,0,0,0,0,0,0
196.0,2026-05-16T19:43:38,0016c001f10c2ef6,18.8,1.8,17.0,0.0,7809,703,7106,9.0,0.99,0.54,0.42,339988552,1626538154,4239,42484,1.3,233.9,3.1,2.0,92,52,0,0,0,0,0,0.0,0,0,0,0,0,0
196.5,2026-05-16T19:43:39,0016c001f10c2ef6,10.5,4.7,5.8,0.0,7809,702,7107,9.0,0.91,0.53,0.41,339991642,1626549899,3090,11745,1.3,233.9,3.1,2.0,92,52,0,0,0,0,0,0.0,0,0,0,0,0,0
196.9,2026-05-16T19:43:39,0016c001f10c2ef6,7.0,2.9,4.1,0.0,7809,702,7107,9.0,0.91,0.53,0.41,339994780,1626561578,3138,11679,1.3,233.9,3.1,2.0,92,52,0,0,0,0,0,0.0,0,0,0,0,0,0
197.3,2026-05-16T19:43:39,0016c001f10c2ef6,5.9,1.8,4.1,0.0,7809,702,7107,9.0,0.91,0.53,0.41,339997966,1626573257,3186,11679,1.3,233.9,3.1,2.0,92,52,0,0,0,0,0,0.0,0,0,0,0,0,0
197.8,2026-05-16T19:43:40,0016c001f10c2ef6,7.6,2.9,4.7,0.0,7809,701,7108,9.0,0.91,0.53,0.41,340001004,1626584936,3038,11679,1.3,233.9,3.1,2.0,92,52,0,0,0,0,0,0.0,0,0,0,0,0,0
198.2,2026-05-16T19:43:40,0016c001f10c2ef6,6.5,3.0,3.6,0.0,7809,701,7108,9.0,0.91,0.53,0.41,340005123,1626627342,4119,42406,1.3,233.7,3.1,2.0,92,52,0,0,0,0,0,0.0,0,0,0,0,0,0
198.6,2026-05-16T19:43:41,0016c001f10c2ef6,5.8,2.3,3.5,0.0,7809,701,7108,9.0,0.91,0.53,0.41,340008313,1626639021,3190,11679,1.3,233.7,3.1,2.0,92,52,0,0,0,0,0,0.0,0,0,0,0,0,0
199.1,2026-05-16T19:43:41,0016c001f10c2ef6,5.8,2.3,3.5,0.0,7809,700,7109,9.0,0.91,0.53,0.41,340011451,1626650700,3138,11679,1.3,233.7,3.1,2.0,92,52,0,0,0,0,0,0.0,0,0,0,0,0,0
199.5,2026-05-16T19:43:42,0016c001f10c2ef6,7.0,2.9,4.1,0.0,7809,701,7108,9.0,0.91,0.53,0.41,340014589,1626662445,3138,11745,1.3,233.7,3.1,2.0,92,52,0,0,0,0,0,0.0,0,0,0,0,0,0
199.9,2026-05-16T19:43:42,0016c001f10c2ef6,6.5,2.4,4.1,0.0,7809,701,7108,9.0,0.91,0.53,0.41,340017827,1626674124,3238,11679,1.3,233.7,3.1,2.0,92,52,0,0,0,0,0,0.0,0,0,0,0,0,0
200.3,2026-05-16T19:43:42,0016c001f10c2ef6,7.6,2.9,4.7,0.0,7809,702,7107,9.0,0.91,0.53,0.41,340021946,1626716530,4119,42406,1.3,233.7,3.1,2.0,92,52,0,0,0,0,0,0.0,0,0,0,0,0,0
200.8,2026-05-16T19:43:43,0016c001f10c2ef6,8.0,3.4,4.5,0.0,7809,702,7107,9.0,0.91,0.53,0.41,340024984,1626728209,3038,11679,1.3,233.7,3.1,2.0,92,52,0,0,0,0,0,0.0,0,0,0,0,0,0
201.2,2026-05-16T19:43:43,0016c001f10c2ef6,6.4,2.3,4.0,0.0,7809,701,7108,9.0,0.91,0.53,0.41,340028118,1626739888,3134,11679,1.3,233.7,3.1,2.0,92,52,0,0,0,0,0,0.0,0,0,0,0,0,0
201.7,2026-05-16T19:43:44,0016c001f10c2ef6,9.7,4.1,5.6,0.0,7809,701,7108,9.0,1.0,0.55,0.42,340031685,1626751633,3567,11745,1.3,233.7,3.1,2.0,92,52,0,0,0,0,0,0.0,0,0,0,0,0,0
202.1,2026-05-16T19:43:44,0016c001f10c2ef6,7.0,2.3,4.7,0.0,7809,701,7108,9.0,1.0,0.55,0.42,340035600,1626794039,3915,42406,1.3,233.7,3.1,2.0,92,52,0,0,0,0,0,0.0,0,0,0,0,0,0
202.6,2026-05-16T19:43:45,0016c001f10c2ef6,7.1,3.5,3.5,0.0,7809,701,7108,9.0,1.0,0.55,0.42,340038890,1626805718,3290,11679,1.3,233.7,3.1,2.0,92,52,0,0,0,0,0,0.0,0,0,0,0,0,0
203.0,2026-05-16T19:43:45,0016c001f10c2ef6,5.8,2.3,3.5,0.0,7809,701,7108,9.0,1.0,0.55,0.42,340041976,1626817397,3086,11679,1.3,233.7,3.1,2.0,92,52,0,0,0,0,0,0.0,0,0,0,0,0,0
203.4,2026-05-16T19:43:46,0016c001f10c2ef6,5.8,1.8,4.1,0.0,7809,702,7107,9.0,1.0,0.55,0.42,340045166,1626829076,3190,11679,1.3,233.7,3.1,2.0,92,52,0,0,0,0,0,0.0,0,0,0,0,0,0
203.9,2026-05-16T19:43:46,0016c001f10c2ef6,5.7,1.7,4.0,0.0,7809,702,7107,9.0,1.0,0.55,0.42,340048328,1626840833,3162,11757,1.3,233.7,3.1,2.0,92,52,0,0,0,0,0,0.0,0,0,0,0,0,0
204.3,2026-05-16T19:43:46,0016c001f10c2ef6,5.9,1.8,4.1,0.0,7809,702,7107,9.0,1.0,0.55,0.42,340052395,1626883239,4067,42406,1.3,233.9,3.1,2.0,92,52,0,0,0,0,0,0.0,0,0,0,0,0,0
204.8,2026-05-16T19:43:47,0016c001f10c2ef6,5.8,1.7,4.1,0.0,7809,701,7108,9.0,1.0,0.55,0.42,340055481,1626894918,3086,11679,1.3,233.9,3.1,2.0,92,52,0,0,0,0,0,0.0,0,0,0,0,0,0
205.2,2026-05-16T19:43:47,0016c001f10c2ef6,6.5,2.4,4.1,0.0,7809,701,7108,9.0,1.0,0.55,0.42,340058515,1626906597,3034,11679,1.3,233.9,3.1,2.0,92,52,0,0,0,0,0,0.0,0,0,0,0,0,0
205.6,2026-05-16T19:43:48,0016c001f10c2ef6,6.4,1.7,4.6,0.0,7809,701,7108,9.0,1.0,0.55,0.42,340061601,1626918276,3086,11679,1.3,233.9,3.1,2.0,92,52,0,0,0,0,0,0.0,0,0,0,0,0,0
206.1,2026-05-16T19:43:48,0016c001f10c2ef6,8.7,4.0,4.6,0.0,7809,702,7107,9.0,1.0,0.55,0.42,340065148,1626944847,3547,26571,1.3,233.9,3.1,2.0,92,52,0,0,0,0,0,0.0,0,0,0,0,0,0
206.5,2026-05-16T19:43:49,0016c001f10c2ef6,14.2,1.8,12.4,0.0,7809,701,7108,9.0,1.0,0.56,0.43,340068702,1626972427,3554,27580,1.3,233.9,3.1,2.0,92,52,0,0,0,0,0,0.0,0,0,0,0,0,0
206.9,2026-05-16T19:43:49,0016c001f10c2ef6,21.5,2.8,18.6,0.0,7809,701,7108,9.0,1.0,0.56,0.43,340071992,1626984106,3290,11679,1.3,233.9,3.1,2.0,92,52,0,0,0,0,0,0.0,0,0,0,0,0,0
207.4,2026-05-16T19:43:49,0016c001f10c2ef6,18.8,1.2,17.6,0.0,7809,702,7107,9.0,1.0,0.56,0.43,340075130,1626995785,3138,11679,1.3,233.9,3.1,2.0,92,52,0,0,0,0,0,0.0,0,0,0,0,0,0
207.9,2026-05-16T19:43:50,0016c001f10c2ef6,14.9,1.1,13.8,0.0,7809,702,7107,9.0,1.0,0.56,0.43,340078116,1627007530,2986,11745,1.3,233.9,3.1,2.0,92,52,0,0,0,0,0,0.0,0,0,0,0,0,0
208.3,2026-05-16T19:43:50,0016c001f10c2ef6,7.2,3.0,4.2,0.0,7809,701,7108,9.0,1.0,0.56,0.43,340082027,1627049936,3911,42406,1.3,233.9,3.1,2.0,92,52,0,0,0,0,0,0.0,0,0,0,0,0,0
208.7,2026-05-16T19:43:51,0016c001f10c2ef6,5.8,1.7,4.0,0.0,7809,703,7106,9.0,1.0,0.56,0.43,340085061,1627061615,3034,11679,1.3,233.9,3.1,2.0,92,52,0,0,0,0,0,0.0,0,0,0,0,0,0
209.2,2026-05-16T19:43:51,0016c001f10c2ef6,5.2,2.3,2.9,0.0,7809,702,7107,9.0,1.0,0.56,0.43,340088147,1627073294,3086,11679,1.3,233.9,3.1,2.0,92,52,0,0,0,0,0,0.0,0,0,0,0,0,0
209.6,2026-05-16T19:43:52,0016c001f10c2ef6,7.4,2.3,5.1,0.0,7809,702,7107,9.0,1.0,0.56,0.43,340091333,1627084973,3186,11679,1.3,233.9,3.1,2.0,92,52,0,0,0,0,0,0.0,0,0,0,0,0,0
210.0,2026-05-16T19:43:52,0016c001f10c2ef6,6.4,2.3,4.1,0.0,7809,703,7106,9.0,1.0,0.56,0.43,340094319,1627096652,2986,11679,1.3,233.9,3.1,2.0,92,52,0,0,0,0,0,0.0,0,0,0,0,0,0
210.5,2026-05-16T19:43:53,0016c001f10c2ef6,9.0,1.7,6.8,0.6,7809,702,7107,9.0,1.0,0.56,0.43,340098282,1627139058,3963,42406,1.3,233.9,3.1,2.0,92,52,0,0,0,0,0,0.0,0,0,0,0,0,0
210.9,2026-05-16T19:43:53,0016c001f10c2ef6,7.6,2.9,4.7,0.0,7809,702,7107,9.0,1.0,0.56,0.43,340101316,1627150737,3034,11679,1.3,233.9,3.1,2.0,92,52,0,0,0,0,0,0.0,0,0,0,0,0,0
211.3,2026-05-16T19:43:53,0016c001f10c2ef6,7.1,2.4,4.7,0.0,7809,702,7107,9.0,1.0,0.56,0.43,340104831,1627162416,3515,11679,1.3,233.9,3.1,2.0,92,52,0,0,0,0,0,0.0,0,0,0,0,0,0
211.8,2026-05-16T19:43:54,0016c001f10c2ef6,7.3,1.7,5.6,0.0,7809,702,7107,9.0,1.0,0.57,0.43,340108239,1627174239,3408,11823,1.3,233.9,3.1,2.0,92,52,0,0,0,0,0,0.0,0,0,0,0,0,0
212.3,2026-05-16T19:43:54,0016c001f10c2ef6,9.3,3.6,5.7,0.0,7809,702,7107,9.0,1.0,0.57,0.43,340112310,1627216711,4071,42472,1.3,233.6,3.1,2.0,92,52,0,0,0,0,0,0.0,0,0,0,0,0,0
212.7,2026-05-16T19:43:55,0016c001f10c2ef6,7.9,2.8,5.1,0.0,7809,702,7107,9.0,1.0,0.57,0.43,340115396,1627228390,3086,11679,1.3,233.6,3.1,2.0,92,52,0,0,0,0,0,0.0,0,0,0,0,0,0
213.2,2026-05-16T19:43:55,0016c001f10c2ef6,5.3,1.2,4.1,0.0,7809,702,7107,9.0,1.0,0.57,0.43,340118482,1627240069,3086,11679,1.3,233.6,3.1,2.0,92,52,0,0,0,0,0,0.0,0,0,0,0,0,0
213.6,2026-05-16T19:43:56,0016c001f10c2ef6,5.4,2.4,3.0,0.0,7809,702,7107,9.0,1.0,0.57,0.43,340121568,1627251748,3086,11679,1.3,233.6,3.1,2.0,92,52,0,0,0,0,0,0.0,0,0,0,0,0,0
214.0,2026-05-16T19:43:56,0016c001f10c2ef6,6.3,2.9,3.4,0.0,7809,702,7107,9.0,1.0,0.57,0.43,340124700,1627263493,3132,11745,1.3,233.6,3.1,2.0,92,52,0,0,0,0,0,0.0,0,0,0,0,0,0
214.4,2026-05-16T19:43:57,0016c001f10c2ef6,7.4,2.0,5.4,0.0,7809,702,7107,9.0,1.0,0.57,0.43,340128663,1627305899,3963,42406,1.3,233.6,3.1,2.0,92,52,0,0,0,0,0,0.0,0,0,0,0,0,0
214.9,2026-05-16T19:43:57,0016c001f10c2ef6,6.0,2.4,3.6,0.0,7809,701,7108,9.0,1.0,0.57,0.43,340131749,1627317578,3086,11679,1.3,233.6,3.1,2.0,92,52,0,0,0,0,0,0.0,0,0,0,0,0,0
215.4,2026-05-16T19:43:57,0016c001f10c2ef6,6.3,1.7,4.6,0.0,7809,701,7108,9.0,1.0,0.57,0.43,340134783,1627329257,3034,11679,1.3,233.6,3.1,2.0,92,52,0,0,0,0,0,0.0,0,0,0,0,0,0
215.8,2026-05-16T19:43:58,0016c001f10c2ef6,6.3,0.6,5.7,0.0,7809,701,7108,9.0,1.0,0.57,0.43,340137969,1627340936,3186,11679,1.3,233.6,3.1,2.0,92,52,0,0,0,0,0,0.0,0,0,0,0,0,0
216.3,2026-05-16T19:43:58,0016c001f10c2ef6,6.4,2.9,3.5,0.0,7809,701,7108,9.0,1.0,0.57,0.43,340141884,1627383342,3915,42406,1.3,233.6,3.1,2.0,92,52,0,0,0,0,0,0.0,0,0,0,0,0,0
216.7,2026-05-16T19:43:59,0016c001f10c2ef6,9.1,4.0,5.1,0.0,7809,702,7107,9.0,0.92,0.56,0.43,340144970,1627395021,3086,11679,1.3,233.6,3.1,2.0,92,52,0,0,0,0,0,0.0,0,0,0,0,0,0
217.1,2026-05-16T19:43:59,0016c001f10c2ef6,7.0,2.3,4.7,0.0,7809,703,7106,9.0,0.92,0.56,0.43,340148208,1627406700,3238,11679,1.3,233.6,3.1,2.0,92,52,0,0,0,0,0,0.0,0,0,0,0,0,0
217.6,2026-05-16T19:44:00,0016c001f10c2ef6,11.1,4.5,6.5,0.0,7809,701,7108,9.0,0.92,0.56,0.43,340151346,1627418445,3138,11745,1.3,233.6,3.1,2.0,92,52,0,0,0,0,0,0.0,0,0,0,0,0,0
218.1,2026-05-16T19:44:00,0016c001f10c2ef6,13.5,3.0,10.5,0.0,7809,701,7108,9.0,0.92,0.56,0.43,340154436,1627430190,3090,11745,1.3,233.6,3.1,2.0,92,52,0,0,0,0,0,0.0,0,0,0,0,0,0
218.6,2026-05-16T19:44:01,0016c001f10c2ef6,19.3,2.4,16.9,0.0,7809,702,7107,9.0,0.92,0.56,0.43,340158555,1627472596,4119,42406,1.3,233.6,3.1,2.0,92,52,0,0,0,0,0,0.0,0,0,0,0,0,0
219.0,2026-05-16T19:44:01,0016c001f10c2ef6,19.8,3.0,16.8,0.0,7809,702,7107,9.0,0.92,0.56,0.43,340161641,1627484275,3086,11679,1.3,233.6,3.1,2.0,92,52,0,0,0,0,0,0.0,0,0,0,0,0,0
219.5,2026-05-16T19:44:02,0016c001f10c2ef6,18.5,2.3,16.2,0.0,7809,702,7107,9.0,0.92,0.56,0.43,340164727,1627495954,3086,11679,1.3,233.6,3.1,2.0,92,52,0,0,0,0,0,0.0,0,0,0,0,0,0
219.9,2026-05-16T19:44:02,0016c001f10c2ef6,8.5,2.3,6.2,0.0,7809,703,7106,9.0,0.92,0.56,0.43,340167885,1627507711,3158,11757,1.3,233.5,3.1,2.0,92,52,0,0,0,0,0,0.0,0,0,0,0,0,0
220.3,2026-05-16T19:44:02,0016c001f10c2ef6,6.5,3.0,3.6,0.0,7809,703,7106,9.0,0.92,0.56,0.43,340171796,1627550117,3911,42406,1.3,233.5,3.1,2.0,92,52,0,0,0,0,0,0.0,0,0,0,0,0,0
220.8,2026-05-16T19:44:03,0016c001f10c2ef6,6.9,2.3,4.6,0.0,7809,703,7106,9.0,0.92,0.56,0.43,340174882,1627561796,3086,11679,1.3,233.5,3.1,2.0,92,52,0,0,0,0,0,0.0,0,0,0,0,0,0
221.2,2026-05-16T19:44:03,0016c001f10c2ef6,6.4,2.3,4.1,0.0,7809,702,7107,9.0,0.92,0.56,0.43,340178020,1627573475,3138,11679,1.3,233.5,3.1,2.0,92,52,0,0,0,0,0,0.0,0,0,0,0,0,0
221.6,2026-05-16T19:44:04,0016c001f10c2ef6,6.9,2.3,4.6,0.0,7809,701,7108,9.0,1.24,0.63,0.45,340181535,1627585154,3515,11679,1.3,233.5,3.1,2.0,92,52,0,0,0,0,0,0.0,0,0,0,0,0,0
222.1,2026-05-16T19:44:04,0016c001f10c2ef6,5.3,3.0,2.4,0.0,7809,701,7108,9.0,1.24,0.63,0.45,340184777,1627596833,3242,11679,1.3,233.5,3.1,2.0,92,52,0,0,0,0,0,0.0,0,0,0,0,0,0
222.5,2026-05-16T19:44:05,0016c001f10c2ef6,7.0,2.9,4.1,0.0,7809,701,7108,9.0,1.24,0.63,0.45,340188792,1627639239,4015,42406,1.3,233.5,3.1,2.0,92,52,0,0,0,0,0,0.0,0,0,0,0,0,0
222.9,2026-05-16T19:44:05,0016c001f10c2ef6,5.3,2.3,2.9,0.0,7809,701,7108,9.0,1.24,0.63,0.45,340191978,1627650918,3186,11679,1.3,233.5,3.1,2.0,92,52,0,0,0,0,0,0.0,0,0,0,0,0,0
223.4,2026-05-16T19:44:05,0016c001f10c2ef6,10.5,3.7,6.8,0.0,7809,701,7108,9.0,1.24,0.63,0.45,340194964,1627662663,2986,11745,1.3,233.5,3.1,2.0,92,52,0,0,0,0,0,0.0,0,0,0,0,0,0
223.8,2026-05-16T19:44:06,0016c001f10c2ef6,7.0,2.9,4.1,0.0,7809,701,7108,9.0,1.24,0.63,0.45,340198050,1627674342,3086,11679,1.3,233.6,3.1,2.0,92,52,0,0,0,0,0,0.0,0,0,0,0,0,0
224.3,2026-05-16T19:44:06,0016c001f10c2ef6,7.6,1.2,6.5,0.0,7809,701,7108,9.0,1.24,0.63,0.45,340201084,1627686021,3034,11679,1.3,233.6,3.1,2.0,92,52,0,0,0,0,0,0.0,0,0,0,0,0,0
224.7,2026-05-16T19:44:07,0016c001f10c2ef6,6.5,2.4,4.1,0.0,7809,701,7108,9.0,1.24,0.63,0.45,340205203,1627728427,4119,42406,1.3,233.6,3.1,2.0,92,52,0,0,0,0,0,0.0,0,0,0,0,0,0
225.1,2026-05-16T19:44:07,0016c001f10c2ef6,5.8,1.2,4.7,0.0,7809,701,7108,9.0,1.24,0.63,0.45,340208413,1627740192,3210,11765,1.3,233.6,3.1,2.0,92,52,0,0,0,0,0,0.0,0,0,0,0,0,0
225.6,2026-05-16T19:44:08,0016c001f10c2ef6,5.2,2.9,2.3,0.0,7809,702,7107,9.0,1.24,0.63,0.45,340211575,1627752027,3162,11835,1.3,233.6,3.1,2.0,92,52,0,0,0,0,0,0.0,0,0,0,0,0,0
226.0,2026-05-16T19:44:08,0016c001f10c2ef6,6.9,2.9,4.0,0.0,7809,702,7107,9.0,1.24,0.63,0.45,340214765,1627763706,3190,11679,1.3,233.6,3.1,2.0,92,52,0,0,0,0,0,0.0,0,0,0,0,0,0
226.4,2026-05-16T19:44:09,0016c001f10c2ef6,6.9,1.7,5.1,0.0,7809,702,7107,9.0,1.22,0.64,0.45,340218624,1627806112,3859,42406,1.3,233.6,3.1,2.0,92,52,0,0,0,0,0,0.0,0,0,0,0,0,0
226.9,2026-05-16T19:44:09,0016c001f10c2ef6,8.0,2.9,4.6,0.6,7809,701,7108,9.0,1.22,0.64,0.45,340221710,1627817791,3086,11679,1.3,233.6,3.1,2.0,92,52,0,0,0,0,0,0.0,0,0,0,0,0,0
227.3,2026-05-16T19:44:09,0016c001f10c2ef6,7.0,2.9,4.1,0.0,7809,703,7106,9.0,1.22,0.64,0.45,340224796,1627829470,3086,11679,1.3,233.6,3.1,2.0,92,52,0,0,0,0,0,0.0,0,0,0,0,0,0
227.7,2026-05-16T19:44:10,0016c001f10c2ef6,9.2,2.9,5.2,1.2,7809,702,7107,9.0,1.22,0.64,0.45,340227934,1627841149,3138,11679,1.3,233.6,3.1,2.0,92,52,0,0,0,0,0,0.0,0,0,0,0,0,0
228.2,2026-05-16T19:44:10,0016c001f10c2ef6,6.4,1.7,4.6,0.0,7809,702,7107,9.0,1.22,0.64,0.45,340231172,1627852828,3238,11679,1.3,233.6,3.1,2.0,92,52,0,0,0,0,0,0.0,0,0,0,0,0,0
228.7,2026-05-16T19:44:11,0016c001f10c2ef6,10.4,5.2,5.2,0.0,7809,702,7107,9.0,1.22,0.64,0.45,340235083,1627895300,3911,42472,1.3,233.6,3.1,2.0,92,52,0,0,0,0,0,0.0,0,0,0,0,0,0
229.2,2026-05-16T19:44:11,0016c001f10c2ef6,8.7,2.0,6.6,0.0,7809,702,7107,9.0,1.22,0.64,0.45,340238325,1627907045,3242,11745,1.3,233.6,3.1,2.0,92,52,0,0,0,0,0,0.0,0,0,0,0,0,0
229.7,2026-05-16T19:44:12,0016c001f10c2ef6,8.7,3.6,5.1,0.0,7809,702,7107,9.0,1.22,0.64,0.45,340241567,1627918790,3242,11745,1.3,233.6,3.1,2.0,92,52,0,0,0,0,0,0.0,0,0,0,0,0,0
230.1,2026-05-16T19:44:12,0016c001f10c2ef6,16.0,1.7,14.3,0.0,7809,702,7107,9.0,1.22,0.64,0.45,340244605,1627930469,3038,11679,1.3,233.6,3.1,2.0,92,52,0,0,0,0,0,0.0,0,0,0,0,0,0
230.6,2026-05-16T19:44:13,0016c001f10c2ef6,20.0,2.4,17.6,0.0,7809,703,7106,9.0,1.22,0.64,0.45,340248776,1627972875,4171,42406,1.3,233.6,3.1,2.0,92,52,0,0,0,0,0,0.0,0,0,0,0,0,0
231.0,2026-05-16T19:44:13,0016c001f10c2ef6,22.0,3.0,19.0,0.0,7809,703,7106,9.0,1.22,0.64,0.45,340251862,1627984554,3086,11679,1.3,233.6,3.1,2.0,92,52,0,0,0,0,0,0.0,0,0,0,0,0,0
231.4,2026-05-16T19:44:14,0016c001f10c2ef6,16.3,3.0,13.3,0.0,7809,703,7106,9.0,1.13,0.63,0.45,340255325,1627996233,3463,11679,1.3,233.6,3.1,2.0,92,52,0,0,0,0,0,0.0,0,0,0,0,0,0
231.9,2026-05-16T19:44:14,0016c001f10c2ef6,5.7,2.3,3.4,0.0,7809,703,7106,9.0,1.13,0.63,0.45,340258411,1628007912,3086,11679,1.3,233.6,3.1,2.0,92,52,0,0,0,0,0,0.0,0,0,0,0,0,0
232.3,2026-05-16T19:44:14,0016c001f10c2ef6,7.4,2.3,5.1,0.0,7809,704,7105,9.0,1.13,0.63,0.45,340261445,1628019591,3034,11679,1.3,233.6,3.1,2.0,92,52,0,0,0,0,0,0.0,0,0,0,0,0,0
232.7,2026-05-16T19:44:15,0016c001f10c2ef6,8.3,2.4,5.9,0.0,7809,703,7106,9.0,1.13,0.63,0.45,340265344,1628062129,3899,42538,1.3,233.6,3.1,2.0,92,52,0,0,0,0,0,0.0,0,0,0,0,0,0
233.2,2026-05-16T19:44:15,0016c001f10c2ef6,6.4,3.5,2.9,0.0,7809,703,7106,9.0,1.13,0.63,0.45,340268378,1628073808,3034,11679,1.3,233.6,3.1,2.0,92,52,0,0,0,0,0,0.0,0,0,0,0,0,0
233.6,2026-05-16T19:44:16,0016c001f10c2ef6,5.7,2.3,3.4,0.0,7809,703,7106,9.0,1.13,0.63,0.45,340271464,1628085487,3086,11679,1.3,233.6,3.1,2.0,92,52,0,0,0,0,0,0.0,0,0,0,0,0,0
234.0,2026-05-16T19:44:16,0016c001f10c2ef6,7.0,2.3,4.7,0.0,7809,703,7106,9.0,1.13,0.63,0.45,340274602,1628097166,3138,11679,1.3,233.6,3.1,2.0,92,52,0,0,0,0,0,0.0,0,0,0,0,0,0
234.5,2026-05-16T19:44:17,0016c001f10c2ef6,5.7,1.1,4.6,0.0,7809,703,7106,9.0,1.13,0.63,0.45,340278791,1628139728,4189,42562,1.3,233.6,3.1,2.0,92,52,0,0,0,0,0,0.0,0,0,0,0,0,0
234.9,2026-05-16T19:44:17,0016c001f10c2ef6,7.0,3.5,3.5,0.0,7809,702,7107,9.0,1.13,0.63,0.45,340282081,1628151407,3290,11679,1.3,233.6,3.1,2.0,92,52,0,0,0,0,0,0.0,0,0,0,0,0,0
235.4,2026-05-16T19:44:18,0016c001f10c2ef6,10.0,4.5,5.5,0.0,7809,702,7107,9.0,1.13,0.63,0.45,340285171,1628163152,3090,11745,1.3,233.6,3.1,2.0,92,52,0,0,0,0,0,0.0,0,0,0,0,0,0
235.9,2026-05-16T19:44:18,0016c001f10c2ef6,8.5,1.7,6.2,0.6,7809,702,7107,9.0,1.13,0.63,0.45,340288277,1628174909,3106,11757,1.3,233.6,3.1,2.0,92,52,0,0,0,0,0,0.0,0,0,0,0,0,0
236.3,2026-05-16T19:44:18,0016c001f10c2ef6,6.4,2.3,4.1,0.0,7809,702,7107,9.0,1.13,0.63,0.45,340291311,1628186588,3034,11679,1.3,233.6,3.1,2.0,92,52,0,0,0,0,0,0.0,0,0,0,0,0,0
236.7,2026-05-16T19:44:19,0016c001f10c2ef6,6.6,2.4,4.2,0.0,7809,703,7106,9.0,1.04,0.62,0.45,340295274,1628228994,3963,42406,1.3,233.6,3.1,2.0,92,52,0,0,0,0,0,0.0,0,0,0,0,0,0
237.2,2026-05-16T19:44:19,0016c001f10c2ef6,7.3,2.8,4.5,0.0,7809,703,7106,9.0,1.04,0.62,0.45,340298360,1628240673,3086,11679,1.3,233.6,3.1,2.0,92,52,0,0,0,0,0,0.0,0,0,0,0,0,0
237.6,2026-05-16T19:44:20,0016c001f10c2ef6,6.5,2.9,3.5,0.0,7809,702,7107,9.0,1.04,0.62,0.45,340301446,1628252352,3086,11679,1.3,233.6,3.1,2.0,92,52,0,0,0,0,0,0.0,0,0,0,0,0,0
238.0,2026-05-16T19:44:20,0016c001f10c2ef6,5.2,1.2,4.0,0.0,7809,702,7107,9.0,1.04,0.62,0.45,340304480,1628264031,3034,11679,1.3,233.6,3.1,2.0,92,52,0,0,0,0,0,0.0,0,0,0,0,0,0
238.5,2026-05-16T19:44:21,0016c001f10c2ef6,6.4,2.9,3.5,0.0,7809,702,7107,9.0,1.04,0.62,0.45,340307514,1628275710,3034,11679,1.3,233.6,3.1,2.0,92,52,0,0,0,0,0,0.0,0,0,0,0,0,0
238.9,2026-05-16T19:44:21,0016c001f10c2ef6,6.0,1.8,4.2,0.0,7809,702,7107,9.0,1.04,0.62,0.45,340311629,1628318116,4115,42406,1.3,233.6,3.1,2.0,92,52,0,0,0,0,0,0.0,0,0,0,0,0,0
239.3,2026-05-16T19:44:21,0016c001f10c2ef6,6.3,1.7,4.6,0.0,7809,700,7109,9.0,1.04,0.62,0.45,340314615,1628329795,2986,11679,1.3,233.6,3.1,2.0,92,52,0,0,0,0,0,0.0,0,0,0,0,0,0
239.8,2026-05-16T19:44:22,0016c001f10c2ef6,8.2,2.9,5.3,0.0,7809,702,7107,9.0,1.04,0.62,0.45,340317649,1628341474,3034,11679,1.3,233.6,3.1,2.0,92,52,0,0,0,0,0,0.0,0,0,0,0,0,0
240.2,2026-05-16T19:44:22,0016c001f10c2ef6,4.8,1.2,3.6,0.0,7809,702,7107,9.0,1.04,0.62,0.45,340320835,1628353153,3186,11679,1.3,233.6,3.1,2.0,92,52,0,0,0,0,0,0.0,0,0,0,0,0,0
240.7,2026-05-16T19:44:23,0016c001f10c2ef6,9.5,3.2,6.3,0.0,7809,701,7108,9.0,1.04,0.62,0.45,340324802,1628395625,3967,42472,1.3,233.6,3.1,2.0,92,52,0,0,0,0,0,0.0,0,0,0,0,0,0
241.1,2026-05-16T19:44:23,0016c001f10c2ef6,6.5,2.4,4.2,0.0,7809,702,7107,9.0,1.04,0.62,0.45,340328040,1628407304,3238,11679,1.3,233.6,3.1,2.0,92,52,0,0,0,0,0,0.0,0,0,0,0,0,0
241.5,2026-05-16T19:44:24,0016c001f10c2ef6,6.3,2.3,4.0,0.0,7809,702,7107,9.0,1.19,0.66,0.46,340331507,1628418983,3467,11679,1.3,233.6,3.1,2.0,92,52,0,0,0,0,0,0.0,0,0,0,0,0,0
242.0,2026-05-16T19:44:24,0016c001f10c2ef6,19.5,1.8,17.8,0.0,7809,702,7107,9.0,1.19,0.66,0.46,340334645,1628430662,3138,11679,1.3,233.6,3.1,2.0,92,52,0,0,0,0,0,0.0,0,0,0,0,0,0
242.4,2026-05-16T19:44:24,0016c001f10c2ef6,20.1,3.0,17.2,0.0,7809,703,7106,9.0,1.19,0.66,0.46,340337679,1628442341,3034,11679,1.3,233.6,3.1,2.0,92,52,0,0,0,0,0,0.0,0,0,0,0,0,0
242.8,2026-05-16T19:44:25,0016c001f10c2ef6,20.0,2.4,17.6,0.0,7809,702,7107,9.0,1.19,0.66,0.46,340341642,1628484747,3963,42406,1.3,233.6,3.1,2.0,92,52,0,0,0,0,0,0.0,0,0,0,0,0,0
243.3,2026-05-16T19:44:25,0016c001f10c2ef6,13.8,2.4,11.4,0.0,7809,702,7107,9.0,1.19,0.66,0.46,340344880,1628496426,3238,11679,1.3,233.6,3.1,2.0,92,52,0,0,0,0,0,0.0,0,0,0,0,0,0
243.7,2026-05-16T19:44:26,0016c001f10c2ef6,6.4,1.7,4.7,0.0,7809,702,7107,9.0,1.19,0.66,0.46,340347918,1628508105,3038,11679,1.3,233.6,3.1,2.0,92,52,0,0,0,0,0,0.0,0,0,0,0,0,0
244.1,2026-05-16T19:44:26,0016c001f10c2ef6,5.7,1.7,4.0,0.0,7809,702,7107,9.0,1.19,0.66,0.46,340351024,1628519862,3106,11757,1.3,233.6,3.1,2.0,92,52,0,0,0,0,0,0.0,0,0,0,0,0,0
244.6,2026-05-16T19:44:27,0016c001f10c2ef6,5.8,2.3,3.5,0.0,7809,702,7107,9.0,1.19,0.66,0.46,340354110,1628531541,3086,11679,1.3,233.6,3.1,2.0,92,52,0,0,0,0,0,0.0,0,0,0,0,0,0
245.0,2026-05-16T19:44:27,0016c001f10c2ef6,6.4,3.5,2.9,0.0,7809,702,7107,9.0,1.19,0.66,0.46,340358021,1628573947,3911,42406,1.3,233.6,3.1,2.0,92,52,0,0,0,0,0,0.0,0,0,0,0,0,0
245.4,2026-05-16T19:44:28,0016c001f10c2ef6,7.3,4.0,3.4,0.0,7809,701,7108,9.0,1.19,0.66,0.46,340361207,1628585626,3186,11679,1.3,233.6,3.1,2.0,92,52,0,0,0,0,0,0.0,0,0,0,0,0,0
246.0,2026-05-16T19:44:28,0016c001f10c2ef6,9.9,3.0,6.9,0.0,7809,701,7108,9.0,1.19,0.66,0.46,340364193,1628597371,2986,11745,1.3,233.6,3.1,2.0,92,52,0,0,0,0,0,0.0,0,0,0,0,0,0
246.4,2026-05-16T19:44:28,0016c001f10c2ef6,6.6,2.7,3.8,0.0,7809,701,7108,9.0,1.19,0.66,0.46,340367331,1628609050,3138,11679,1.3,233.6,3.1,2.0,92,52,0,0,0,0,0,0.0,0,0,0,0,0,0
246.9,2026-05-16T19:44:29,0016c001f10c2ef6,6.9,2.9,4.0,0.0,7809,703,7106,9.0,1.1,0.64,0.46,340371342,1628651456,4011,42406,1.3,233.6,3.1,2.0,92,52,0,0,0,0,0,0.0,0,0,0,0,0,0
247.3,2026-05-16T19:44:29,0016c001f10c2ef6,6.7,2.8,3.9,0.0,7809,702,7107,9.0,1.1,0.64,0.46,340374692,1628663135,3350,11679,1.3,233.6,3.1,2.0,92,52,0,0,0,0,0,0.0,0,0,0,0,0,0
247.7,2026-05-16T19:44:30,0016c001f10c2ef6,5.8,1.7,4.1,0.0,7809,702,7107,9.0,1.1,0.64,0.46,340377726,1628674814,3034,11679,1.3,233.6,3.1,2.0,92,52,0,0,0,0,0,0.0,0,0,0,0,0,0
248.2,2026-05-16T19:44:30,0016c001f10c2ef6,5.3,1.2,4.1,0.0,7809,702,7107,9.0,1.1,0.64,0.46,340380760,1628686493,3034,11679,1.3,233.6,3.1,2.0,92,52,0,0,0,0,0,0.0,0,0,0,0,0,0
248.6,2026-05-16T19:44:31,0016c001f10c2ef6,5.2,2.3,2.9,0.0,7809,703,7106,9.0,1.1,0.64,0.46,340383794,1628698172,3034,11679,1.3,233.6,3.1,2.0,92,52,0,0,0,0,0,0.0,0,0,0,0,0,0
249.1,2026-05-16T19:44:31,0016c001f10c2ef6,6.9,2.3,4.6,0.0,7809,703,7106,9.0,1.1,0.64,0.46,340387961,1628740578,4167,42406,1.3,233.6,3.1,2.0,92,52,0,0,0,0,0,0.0,0,0,0,0,0,0
249.5,2026-05-16T19:44:32,0016c001f10c2ef6,7.4,2.3,5.1,0.0,7809,703,7106,9.0,1.1,0.64,0.46,340390947,1628752257,2986,11679,1.3,233.6,3.1,2.0,92,52,0,0,0,0,0,0.0,0,0,0,0,0,0
249.9,2026-05-16T19:44:32,0016c001f10c2ef6,5.3,1.2,4.1,0.0,7809,702,7107,9.0,1.1,0.64,0.46,340393981,1628763936,3034,11679,1.3,233.6,3.1,2.0,92,52,0,0,0,0,0,0.0,0,0,0,0,0,0
250.3,2026-05-16T19:44:32,0016c001f10c2ef6,6.5,2.9,3.5,0.0,7809,701,7108,9.0,1.1,0.64,0.46,340397015,1628775615,3034,11679,1.3,233.6,3.1,2.0,92,52,0,0,0,0,0,0.0,0,0,0,0,0,0
250.8,2026-05-16T19:44:33,0016c001f10c2ef6,5.9,1.8,4.1,0.0,7809,701,7108,9.0,1.1,0.64,0.46,340401286,1628818021,4271,42406,1.3,233.6,3.1,2.0,92,52,0,0,0,0,0,0.0,0,0,0,0,0,0
251.3,2026-05-16T19:44:33,0016c001f10c2ef6,10.7,6.1,4.6,0.0,7809,701,7108,9.0,1.1,0.64,0.46,340404476,1628829766,3190,11745,1.3,233.6,3.1,2.0,92,52,0,0,0,0,0,0.0,0,0,0,0,0,0
251.8,2026-05-16T19:44:34,0016c001f10c2ef6,9.8,2.5,7.4,0.0,7809,702,7107,9.0,1.01,0.63,0.46,340408115,1628841589,3639,11823,1.3,233.6,3.1,2.0,92,52,0,0,0,0,0,0.0,0,0,0,0,0,0
252.3,2026-05-16T19:44:34,0016c001f10c2ef6,9.1,3.5,5.6,0.0,7809,702,7107,9.0,1.01,0.63,0.46,340411305,1628853334,3190,11745,1.3,233.6,3.1,2.0,92,52,0,0,0,0,0,0.0,0,0,0,0,0,0
252.8,2026-05-16T19:44:35,0016c001f10c2ef6,9.4,3.9,5.4,0.0,7809,703,7106,9.0,1.01,0.63,0.46,340415320,1628895806,4015,42472,1.3,233.6,3.1,2.0,92,52,0,0,0,0,0,0.0,0,0,0,0,0,0
253.3,2026-05-16T19:44:35,0016c001f10c2ef6,10.1,4.5,5.6,0.0,7809,702,7107,9.0,1.01,0.63,0.46,340418358,1628907551,3038,11745,1.3,233.6,3.1,2.0,92,52,0,0,0,0,0,0.0,0,0,0,0,0,0
253.8,2026-05-16T19:44:36,0016c001f10c2ef6,19.7,2.9,16.8,0.0,7809,702,7107,9.0,1.01,0.63,0.46,340421496,1628919230,3138,11679,1.3,233.6,3.1,2.0,92,52,0,0,0,0,0,0.0,0,0,0,0,0,0
254.2,2026-05-16T19:44:36,0016c001f10c2ef6,18.4,2.3,16.1,0.0,7809,702,7107,9.0,1.01,0.63,0.46,340424582,1628930975,3086,11745,1.3,233.6,3.1,2.0,92,52,0,0,0,0,0,0.0,0,0,0,0,0,0
254.7,2026-05-16T19:44:37,0016c001f10c2ef6,20.3,2.9,16.9,0.6,7809,702,7107,9.0,1.01,0.63,0.46,340427668,1628942654,3086,11679,1.3,233.6,3.1,2.0,92,52,0,0,0,0,0,0.0,0,0,0,0,0,0
255.1,2026-05-16T19:44:37,0016c001f10c2ef6,12.5,3.0,9.5,0.0,7809,702,7107,9.0,1.01,0.63,0.46,340431631,1628985126,3963,42472,1.3,233.6,3.1,2.0,92,52,0,0,0,0,0,0.0,0,0,0,0,0,0
255.5,2026-05-16T19:44:38,0016c001f10c2ef6,6.9,2.3,4.6,0.0,7809,703,7106,9.0,1.01,0.63,0.46,340434741,1628996961,3110,11835,1.3,233.6,3.1,2.0,92,52,0,0,0,0,0,0.0,0,0,0,0,0,0
256.0,2026-05-16T19:44:38,0016c001f10c2ef6,6.3,2.9,3.4,0.0,7809,701,7108,9.0,1.01,0.63,0.46,340437827,1629008640,3086,11679,1.3,233.6,3.1,2.0,92,52,0,0,0,0,0,0.0,0,0,0,0,0,0
256.4,2026-05-16T19:44:38,0016c001f10c2ef6,5.2,1.7,3.5,0.0,7809,701,7108,9.0,1.01,0.63,0.46,340440861,1629020319,3034,11679,1.3,233.6,3.1,2.0,92,52,0,0,0,0,0,0.0,0,0,0,0,0,0
256.8,2026-05-16T19:44:39,0016c001f10c2ef6,6.8,2.8,4.0,0.0,7809,703,7106,9.0,0.93,0.62,0.45,340445026,1629062791,4165,42472,1.3,233.6,3.1,2.0,92,52,0,0,0,0,0,0.0,0,0,0,0,0,0
257.3,2026-05-16T19:44:39,0016c001f10c2ef6,8.4,3.6,4.8,0.0,7809,703,7106,9.0,0.93,0.62,0.45,340448112,1629075153,3086,12362,1.3,233.6,3.1,2.0,92,52,0,0,0,0,0,0.0,0,0,0,0,0,0
257.7,2026-05-16T19:44:40,0016c001f10c2ef6,6.0,1.8,4.2,0.0,7809,703,7106,9.0,0.93,0.62,0.45,340451146,1629086832,3034,11679,1.3,233.6,3.1,2.0,92,52,0,0,0,0,0,0.0,0,0,0,0,0,0
258.1,2026-05-16T19:44:40,0016c001f10c2ef6,6.2,2.8,3.4,0.0,7809,703,7106,9.0,0.93,0.62,0.45,340454226,1629100086,3080,13254,1.3,233.6,3.1,2.0,92,52,0,0,0,0,0,0.0,0,0,0,0,0,0
258.6,2026-05-16T19:44:41,0016c001f10c2ef6,7.3,2.2,5.0,0.0,7809,703,7106,9.0,0.93,0.62,0.45,340457412,1629111765,3186,11679,1.3,233.6,3.1,2.0,92,52,0,0,0,0,0,0.0,0,0,0,0,0,0
259.1,2026-05-16T19:44:41,0016c001f10c2ef6,9.3,2.9,6.3,0.0,7809,702,7107,9.0,0.93,0.62,0.45,340461269,1629154303,3857,42538,1.3,233.6,3.1,2.0,92,52,0,0,0,0,0,0.0,0,0,0,0,0,0
259.5,2026-05-16T19:44:42,0016c001f10c2ef6,7.0,2.3,4.7,0.0,7809,702,7107,9.0,0.93,0.62,0.45,340464303,1629165982,3034,11679,1.3,233.6,3.1,2.0,92,52,0,0,0,0,0,0.0,0,0,0,0,0,0
260.0,2026-05-16T19:44:42,0016c001f10c2ef6,5.3,1.8,3.5,0.0,7809,702,7107,9.0,0.93,0.62,0.45,340467534,1629177739,3231,11757,1.3,233.6,3.1,2.0,92,52,0,0,0,0,0,0.0,0,0,0,0,0,0
260.4,2026-05-16T19:44:43,0016c001f10c2ef6,7.3,2.2,5.1,0.0,7809,702,7107,9.0,0.93,0.62,0.45,340470568,1629189418,3034,11679,1.3,233.6,3.1,2.0,92,52,0,0,0,0,0,0.0,0,0,0,0,0,0
260.9,2026-05-16T19:44:43,0016c001f10c2ef6,8.0,2.9,5.1,0.0,7809,701,7108,9.0,0.93,0.62,0.45,340474115,1629215989,3547,26571,1.3,233.6,3.1,2.0,92,52,0,0,0,0,0,0.0,0,0,0,0,0,0
261.3,2026-05-16T19:44:43,0016c001f10c2ef6,7.6,2.9,4.7,0.0,7809,702,7107,9.0,0.93,0.62,0.45,340477461,1629243503,3346,27514,1.3,233.6,3.1,2.0,92,52,0,0,0,0,0,0.0,0,0,0,0,0,0
261.7,2026-05-16T19:44:44,0016c001f10c2ef6,6.3,1.7,4.6,0.0,7809,702,7107,9.0,0.85,0.61,0.45,340480924,1629255182,3463,11679,1.3,233.6,3.1,2.0,92,52,0,0,0,0,0,0.0,0,0,0,0,0,0
262.2,2026-05-16T19:44:44,0016c001f10c2ef6,5.9,2.4,3.5,0.0,7809,703,7106,9.0,0.85,0.61,0.45,340484004,1629267874,3080,12692,1.3,233.6,3.1,2.0,92,52,0,0,0,0,0,0.0,0,0,0,0,0,0
262.6,2026-05-16T19:44:45,0016c001f10c2ef6,6.5,1.8,4.7,0.0,7809,702,7107,9.0,0.85,0.61,0.45,340487038,1629279553,3034,11679,1.3,233.6,3.1,2.0,92,52,0,0,0,0,0,0.0,0,0,0,0,0,0
263.0,2026-05-16T19:44:45,0016c001f10c2ef6,6.4,2.3,4.0,0.0,7809,703,7106,9.0,0.85,0.61,0.45,340490845,1629321959,3807,42406,1.3,233.6,3.1,2.0,92,52,0,0,0,0,0,0.0,0,0,0,0,0,0
263.5,2026-05-16T19:44:46,0016c001f10c2ef6,7.5,1.7,5.8,0.0,7809,702,7107,9.0,0.85,0.61,0.45,340493931,1629333638,3086,11679,1.3,233.6,3.1,2.0,92,52,0,0,0,0,0,0.0,0,0,0,0,0,0
263.9,2026-05-16T19:44:46,0016c001f10c2ef6,6.2,2.2,3.9,0.0,7809,703,7106,9.0,0.85,0.61,0.45,340497117,1629345317,3186,11679,1.3,233.6,3.1,2.0,92,52,0,0,0,0,0,0.0,0,0,0,0,0,0
264.4,2026-05-16T19:44:47,0016c001f10c2ef6,8.6,4.5,4.0,0.0,7809,703,7106,9.0,0.85,0.61,0.45,340500359,1629357062,3242,11745,1.3,233.6,3.1,2.0,92,52,0,0,0,0,0,0.0,0,0,0,0,0,0
264.9,2026-05-16T19:44:47,0016c001f10c2ef6,9.6,4.5,5.1,0.0,7809,703,7106,9.0,0.85,0.61,0.45,340504524,1629400629,4165,43567,1.3,233.6,3.1,2.0,92,52,0,0,0,0,0,0.0,0,0,0,0,0,0
265.4,2026-05-16T19:44:47,0016c001f10c2ef6,17.4,3.3,14.1,0.0,7809,702,7107,9.0,0.85,0.61,0.45,340507510,1629412308,2986,11679,1.3,233.6,3.1,2.0,95,53,3,1,0,0,0,0.0,0,0,0,0,0,0
265.8,2026-05-16T19:44:48,0016c001f10c2ef6,19.9,1.8,17.5,0.6,7809,703,7106,9.0,0.85,0.61,0.45,340510544,1629423988,3034,11680,1.3,233.6,3.1,2.0,95,53,0,0,0,0,0,0.0,0,0,0,0,0,0
266.3,2026-05-16T19:44:48,0016c001f10c2ef6,19.0,2.4,16.7,0.0,7809,703,7106,9.0,0.85,0.61,0.45,340513578,1629435668,3034,11680,1.3,233.6,3.1,2.0,95,53,0,0,0,0,0,0.0,0,0,0,0,0,0
266.7,2026-05-16T19:44:49,0016c001f10c2ef6,16.0,1.8,14.2,0.0,7809,703,7106,9.0,0.87,0.62,0.45,340516612,1629447348,3034,11680,1.3,233.6,3.1,2.0,95,53,0,0,0,0,0,0.0,0,0,0,0,0,0
267.2,2026-05-16T19:44:49,0016c001f10c2ef6,7.6,3.5,4.1,0.0,7809,703,7106,9.0,0.87,0.62,0.45,340520679,1629489755,4067,42407,1.3,233.6,3.1,2.0,95,53,0,0,0,0,0,0.0,0,0,0,0,0,0
267.6,2026-05-16T19:44:50,0016c001f10c2ef6,7.6,2.3,5.2,0.0,7809,703,7106,9.0,0.87,0.62,0.45,340523817,1629502118,3138,12363,1.3,233.5,3.1,2.0,95,53,0,0,0,0,0,0.0,0,0,0,0,0,0
268.0,2026-05-16T19:44:50,0016c001f10c2ef6,5.2,1.7,3.5,0.0,7809,702,7107,9.0,0.87,0.62,0.45,340527021,1629515474,3204,13356,1.3,233.5,3.1,2.0,95,53,0,0,0,0,0,0.0,0,0,0,0,0,0
268.5,2026-05-16T19:44:51,0016c001f10c2ef6,6.3,1.7,4.6,0.0,7809,702,7107,9.0,0.87,0.62,0.45,340530055,1629527154,3034,11680,1.3,233.5,3.1,2.0,95,53,0,0,0,0,0,0.0,0,0,0,0,0,0
268.9,2026-05-16T19:44:51,0016c001f10c2ef6,6.3,1.7,4.6,0.0,7809,702,7107,9.0,0.87,0.62,0.45,340533089,1629538834,3034,11680,1.3,233.5,3.1,2.0,95,53,0,0,0,0,0,0.0,0,0,0,0,0,0
269.3,2026-05-16T19:44:51,0016c001f10c2ef6,6.6,3.0,3.6,0.0,7809,702,7107,9.0,0.87,0.62,0.45,340537156,1629581241,4067,42407,1.3,233.5,3.1,2.0,95,53,0,0,0,0,0,0.0,0,0,0,0,0,0
269.8,2026-05-16T19:44:52,0016c001f10c2ef6,5.9,2.4,3.5,0.0,7809,702,7107,9.0,0.87,0.62,0.45,340540190,1629592921,3034,11680,1.3,233.5,3.1,2.0,95,53,0,0,0,0,0,0.0,0,0,0,0,0,0
270.2,2026-05-16T19:44:52,0016c001f10c2ef6,6.2,2.2,3.9,0.0,7809,703,7106,9.0,0.87,0.62,0.45,340543480,1629604601,3290,11680,1.3,233.5,3.1,2.0,95,53,0,0,0,0,0,0.0,0,0,0,0,0,0
270.7,2026-05-16T19:44:53,0016c001f10c2ef6,9.8,2.9,6.8,0.0,7809,703,7106,9.0,0.87,0.62,0.45,340546466,1629616347,2986,11746,1.3,233.5,3.1,2.0,95,53,0,0,0,0,0,0.0,0,0,0,0,0,0
271.2,2026-05-16T19:44:53,0016c001f10c2ef6,5.9,2.1,3.7,0.0,7809,702,7107,9.0,0.87,0.62,0.45,340550481,1629658754,4015,42407,1.3,233.5,3.1,2.0,95,53,0,0,0,0,0,0.0,0,0,0,0,0,0
271.7,2026-05-16T19:44:54,0016c001f10c2ef6,5.1,2.8,2.3,0.0,7809,702,7107,9.0,0.8,0.61,0.45,340553944,1629670434,3463,11680,1.3,233.5,3.1,2.0,95,53,0,0,0,0,0,0.0,0,0,0,0,0,0
272.1,2026-05-16T19:44:54,0016c001f10c2ef6,6.4,1.7,4.6,0.0,7809,702,7107,9.0,0.8,0.61,0.45,340556978,1629682114,3034,11680,1.3,233.5,3.1,2.0,95,53,0,0,0,0,0,0.0,0,0,0,0,0,0
272.5,2026-05-16T19:44:55,0016c001f10c2ef6,5.9,3.0,3.0,0.0,7809,703,7106,9.0,0.8,0.61,0.45,340560012,1629693794,3034,11680,1.3,233.5,3.1,2.0,95,53,0,0,0,0,0,0.0,0,0,0,0,0,0
273.0,2026-05-16T19:44:55,0016c001f10c2ef6,4.8,1.2,3.6,0.0,7809,703,7106,9.0,0.8,0.61,0.45,340563118,1629705560,3106,11766,1.3,233.5,3.1,2.0,95,53,0,0,0,0,0,0.0,0,0,0,0,0,0
273.4,2026-05-16T19:44:55,0016c001f10c2ef6,7.0,2.9,4.1,0.0,7809,703,7106,9.0,0.8,0.61,0.45,340567133,1629747967,4015,42407,1.3,233.5,3.1,2.0,95,53,0,0,0,0,0,0.0,0,0,0,0,0,0
273.8,2026-05-16T19:44:56,0016c001f10c2ef6,5.8,1.7,4.0,0.0,7809,703,7106,9.0,0.8,0.61,0.45,340570167,1629759647,3034,11680,1.3,233.5,3.1,2.0,95,53,0,0,0,0,0,0.0,0,0,0,0,0,0
274.3,2026-05-16T19:44:56,0016c001f10c2ef6,7.6,2.9,4.7,0.0,7809,702,7107,9.0,0.8,0.61,0.45,340573201,1629771327,3034,11680,1.3,233.5,3.1,2.0,95,53,0,0,0,0,0,0.0,0,0,0,0,0,0
274.7,2026-05-16T19:44:57,0016c001f10c2ef6,5.9,1.2,4.7,0.0,7809,702,7107,9.0,0.8,0.61,0.45,340576235,1629783007,3034,11680,1.3,233.5,3.1,2.0,95,53,0,0,0,0,0,0.0,0,0,0,0,0,0
275.1,2026-05-16T19:44:57,0016c001f10c2ef6,6.1,1.7,4.5,0.0,7809,702,7107,9.0,0.8,0.61,0.45,340580250,1629825414,4015,42407,1.3,233.5,3.1,2.0,95,53,0,0,0,0,0,0.0,0,0,0,0,0,0
275.6,2026-05-16T19:44:58,0016c001f10c2ef6,8.0,4.5,3.4,0.0,7809,702,7107,9.0,0.8,0.61,0.45,340583592,1629837094,3342,11680,1.3,233.5,3.1,2.0,95,53,0,0,0,0,0,0.0,0,0,0,0,0,0
276.1,2026-05-16T19:44:58,0016c001f10c2ef6,9.9,3.4,6.4,0.0,7809,701,7108,9.0,0.8,0.61,0.45,340586782,1629848840,3190,11746,1.3,233.5,3.1,2.0,95,53,0,0,0,0,0,0.0,0,0,0,0,0,0
276.6,2026-05-16T19:44:59,0016c001f10c2ef6,10.1,3.0,6.5,0.5,7809,701,7108,9.0,0.73,0.6,0.45,340589972,1629860586,3190,11746,1.3,233.5,3.1,2.0,95,53,0,0,0,0,0,0.0,0,0,0,0,0,0
277.1,2026-05-16T19:44:59,0016c001f10c2ef6,14.7,2.6,12.1,0.0,7809,701,7108,9.0,0.73,0.6,0.45,340593471,1629887224,3499,26638,1.3,233.4,3.1,2.0,95,53,0,0,0,0,0,0.0,0,0,0,0,0,0
277.6,2026-05-16T19:45:00,0016c001f10c2ef6,18.9,3.1,15.8,0.0,7809,702,7107,9.0,0.73,0.6,0.45,340597113,1629916730,3642,29506,1.3,233.4,3.1,2.0,95,53,0,0,0,0,0,0.0,0,0,0,0,0,0
278.1,2026-05-16T19:45:00,0016c001f10c2ef6,23.2,4.0,19.2,0.0,7809,702,7107,9.0,0.73,0.6,0.45,340600197,1629930404,3084,13674,1.3,233.4,3.1,2.0,95,53,0,0,0,0,0,0.0,0,0,0,0,0,0
278.5,2026-05-16T19:45:01,0016c001f10c2ef6,17.0,1.8,15.2,0.0,7809,702,7107,9.0,0.73,0.6,0.45,340603283,1629942084,3086,11680,1.3,233.4,3.1,2.0,95,53,0,0,0,0,0,0.0,0,0,0,0,0,0
278.9,2026-05-16T19:45:01,0016c001f10c2ef6,6.2,2.3,4.0,0.0,7809,701,7108,9.0,0.73,0.6,0.45,340606369,1629953764,3086,11680,1.3,233.4,3.1,2.0,95,53,0,0,0,0,0,0.0,0,0,0,0,0,0
279.4,2026-05-16T19:45:01,0016c001f10c2ef6,6.2,2.8,3.4,0.0,7809,701,7108,9.0,0.73,0.6,0.45,340610488,1629996252,4119,42488,1.3,233.5,3.1,2.0,95,53,0,0,0,0,0,0.0,0,0,0,0,0,0
279.8,2026-05-16T19:45:02,0016c001f10c2ef6,6.0,2.4,3.6,0.0,7809,701,7108,9.0,0.73,0.6,0.45,340613568,1630007998,3080,11746,1.3,233.5,3.1,2.0,95,53,0,0,0,0,0,0.0,0,0,0,0,0,0
280.2,2026-05-16T19:45:02,0016c001f10c2ef6,7.0,2.3,4.7,0.0,7809,701,7108,9.0,0.73,0.6,0.45,340616602,1630019678,3034,11680,1.3,233.5,3.1,2.0,95,53,0,0,0,0,0,0.0,0,0,0,0,0,0
280.7,2026-05-16T19:45:03,0016c001f10c2ef6,7.0,2.3,4.7,0.0,7809,701,7108,9.0,0.73,0.6,0.45,340619636,1630031358,3034,11680,1.3,233.7,3.1,2.0,95,53,0,0,0,0,0,0.0,0,0,0,0,0,0
281.1,2026-05-16T19:45:03,0016c001f10c2ef6,5.2,2.3,2.9,0.0,7809,702,7107,9.0,0.73,0.6,0.45,340622795,1630043038,3159,11680,1.3,233.7,3.1,2.0,95,53,0,0,0,0,0,0.0,0,0,0,0,0,0
281.5,2026-05-16T19:45:04,0016c001f10c2ef6,7.5,3.4,4.0,0.0,7809,702,7107,9.0,0.91,0.64,0.46,340627332,1630085526,4537,42488,1.3,233.5,3.1,2.0,95,53,0,0,0,0,0,0.0,0,0,0,0,0,0
282.0,2026-05-16T19:45:04,0016c001f10c2ef6,9.3,3.5,5.2,0.6,7809,702,7107,9.0,0.91,0.64,0.46,340630616,1630099484,3284,13958,1.3,233.5,3.1,2.0,95,53,0,0,0,0,0,0.0,0,0,0,0,0,0
282.5,2026-05-16T19:45:05,0016c001f10c2ef6,10.0,4.0,5.5,0.5,7809,702,7107,9.0,0.91,0.64,0.46,340633754,1630111230,3138,11746,1.3,233.5,3.1,2.0,95,53,0,0,0,0,0,0.0,0,0,0,0,0,0
283.0,2026-05-16T19:45:05,0016c001f10c2ef6,8.6,3.0,5.6,0.0,7809,701,7108,9.0,0.91,0.64,0.46,340636892,1630122976,3138,11746,1.3,233.5,3.1,2.0,95,53,0,0,0,0,0,0.0,0,0,0,0,0,0
283.5,2026-05-16T19:45:06,0016c001f10c2ef6,10.4,3.1,6.7,0.5,7809,702,7107,9.0,0.91,0.64,0.46,340641011,1630165530,4119,42554,1.3,233.5,3.1,2.0,95,53,0,0,0,0,0,0.0,0,0,0,0,0,0
284.0,2026-05-16T19:45:06,0016c001f10c2ef6,9.4,2.5,6.9,0.0,7809,702,7107,9.0,0.91,0.64,0.46,340644273,1630177354,3262,11824,1.3,233.5,3.1,2.0,95,53,0,0,0,0,0,0.0,0,0,0,0,0,0
284.5,2026-05-16T19:45:07,0016c001f10c2ef6,8.8,3.9,4.9,0.0,7809,703,7106,9.0,0.91,0.64,0.46,340647463,1630189100,3190,11746,1.3,233.5,3.1,2.0,95,53,0,0,0,0,0,0.0,0,0,0,0,0,0
285.0,2026-05-16T19:45:07,0016c001f10c2ef6,8.1,2.5,5.6,0.0,7809,702,7107,9.0,0.91,0.64,0.46,340650601,1630200846,3138,11746,1.3,233.5,3.1,2.0,95,53,0,0,0,0,0,0.0,0,0,0,0,0,0
285.5,2026-05-16T19:45:08,0016c001f10c2ef6,10.1,4.0,6.0,0.0,7809,702,7107,9.0,0.91,0.64,0.46,340654796,1630243750,4195,42904,1.3,233.5,3.1,2.0,95,53,0,0,0,0,0,0.0,0,0,0,0,0,0
286.0,2026-05-16T19:45:08,0016c001f10c2ef6,9.0,3.5,5.5,0.0,7809,702,7107,9.0,0.91,0.64,0.46,340657782,1630255496,2986,11746,1.3,233.5,3.1,2.0,95,53,0,0,0,0,0,0.0,0,0,0,0,0,0
286.5,2026-05-16T19:45:09,0016c001f10c2ef6,6.4,1.2,5.2,0.0,7809,702,7107,9.0,0.84,0.63,0.46,340660868,1630267176,3086,11680,1.3,233.5,3.1,2.0,95,53,0,0,0,0,0,0.0,0,0,0,0,0,0
286.9,2026-05-16T19:45:09,0016c001f10c2ef6,5.2,1.7,3.5,0.0,7809,702,7107,9.0,0.84,0.63,0.46,340663954,1630278856,3086,11680,1.3,233.5,3.1,2.0,95,53,0,0,0,0,0,0.0,0,0,0,0,0,0
287.4,2026-05-16T19:45:09,0016c001f10c2ef6,6.7,3.4,3.4,0.0,7809,702,7107,9.0,0.84,0.63,0.46,340668057,1630321398,4103,42542,1.3,233.5,3.1,2.0,95,53,0,0,0,0,0,0.0,0,0,0,0,0,0
287.8,2026-05-16T19:45:10,0016c001f10c2ef6,7.4,2.9,4.6,0.0,7809,701,7108,9.0,0.84,0.63,0.46,340671095,1630333078,3038,11680,1.3,233.5,3.1,2.0,95,53,0,0,0,0,0,0.0,0,0,0,0,0,0
288.3,2026-05-16T19:45:10,0016c001f10c2ef6,6.7,3.9,2.8,0.0,7809,700,7109,9.0,0.84,0.63,0.46,340674181,1630344758,3086,11680,1.3,233.5,3.1,2.0,95,53,0,0,0,0,0,0.0,0,0,0,0,0,0
288.7,2026-05-16T19:45:11,0016c001f10c2ef6,9.9,3.5,5.3,1.2,7809,701,7108,9.0,0.84,0.63,0.46,340677215,1630356438,3034,11680,1.3,233.5,3.1,2.0,95,53,0,0,0,0,0,0.0,0,0,0,0,0,0
289.1,2026-05-16T19:45:11,0016c001f10c2ef6,18.9,1.8,17.2,0.0,7809,701,7108,9.0,0.84,0.63,0.46,340680249,1630368118,3034,11680,1.3,233.5,3.1,2.0,95,53,0,0,0,0,0,0.0,0,0,0,0,0,0
289.6,2026-05-16T19:45:12,0016c001f10c2ef6,19.8,3.6,16.2,0.0,7809,700,7109,9.0,0.84,0.63,0.46,340684108,1630410606,3859,42488,1.3,233.6,3.1,2.0,95,53,0,0,0,0,0,0.0,0,0,0,0,0,0
290.0,2026-05-16T19:45:12,0016c001f10c2ef6,17.9,1.7,16.2,0.0,7809,701,7108,9.0,0.84,0.63,0.46,340687194,1630422286,3086,11680,1.3,233.6,3.1,2.0,95,53,0,0,0,0,0,0.0,0,0,0,0,0,0
290.5,2026-05-16T19:45:13,0016c001f10c2ef6,10.8,2.3,8.5,0.0,7809,701,7108,9.0,0.84,0.63,0.46,340690328,1630434032,3134,11746,1.3,233.6,3.1,2.0,95,53,0,0,0,0,0,0.0,0,0,0,0,0,0
290.9,2026-05-16T19:45:13,0016c001f10c2ef6,9.2,4.6,4.6,0.0,7809,701,7108,9.0,0.84,0.63,0.46,340693518,1630445712,3190,11680,1.3,233.6,3.1,2.0,95,53,0,0,0,0,0,0.0,0,0,0,0,0,0
291.4,2026-05-16T19:45:13,0016c001f10c2ef6,9.6,3.0,6.6,0.0,7809,701,7108,9.0,0.84,0.63,0.46,340697914,1630488266,4396,42554,1.3,233.6,3.1,2.0,95,53,0,0,0,0,0,0.0,0,0,0,0,0,0
291.8,2026-05-16T19:45:14,0016c001f10c2ef6,6.3,2.3,4.0,0.0,7809,702,7107,9.0,0.85,0.63,0.46,340701052,1630499946,3138,11680,1.3,233.7,3.1,2.0,95,53,0,0,0,0,0,0.0,0,0,0,0,0,0
292.3,2026-05-16T19:45:14,0016c001f10c2ef6,9.4,3.5,5.3,0.6,7809,702,7107,9.0,0.85,0.63,0.46,340704238,1630512309,3186,12363,1.3,233.7,3.1,2.0,95,53,0,0,0,0,0,0.0,0,0,0,0,0,0
292.7,2026-05-16T19:45:15,0016c001f10c2ef6,5.7,3.4,2.3,0.0,7809,701,7108,9.0,0.85,0.63,0.46,340707224,1630523989,2986,11680,1.3,233.7,3.1,2.0,95,53,0,0,0,0,0,0.0,0,0,0,0,0,0
293.2,2026-05-16T19:45:15,0016c001f10c2ef6,8.5,4.0,4.0,0.6,7809,702,7107,9.0,0.85,0.63,0.46,340710304,1630537271,3080,13282,1.3,233.7,3.1,2.0,95,53,0,0,0,0,0,0.0,0,0,0,0,0,0
293.6,2026-05-16T19:45:16,0016c001f10c2ef6,6.7,2.8,3.9,0.0,7809,703,7106,9.0,0.85,0.63,0.46,340714319,1630579759,4015,42488,1.3,233.7,3.1,2.0,95,53,0,0,0,0,0,0.0,0,0,0,0,0,0
294.0,2026-05-16T19:45:16,0016c001f10c2ef6,7.0,3.5,3.5,0.0,7809,702,7107,9.0,0.85,0.63,0.46,340717405,1630591439,3086,11680,1.3,233.7,3.1,2.0,95,53,0,0,0,0,0,0.0,0,0,0,0,0,0
294.5,2026-05-16T19:45:17,0016c001f10c2ef6,6.1,2.2,3.9,0.0,7809,702,7107,9.0,0.85,0.63,0.46,340720439,1630603119,3034,11680,1.3,233.7,3.1,2.0,95,53,0,0,0,0,0,0.0,0,0,0,0,0,0
294.9,2026-05-16T19:45:17,0016c001f10c2ef6,5.3,1.8,3.6,0.0,7809,702,7107,9.0,0.85,0.63,0.46,340723525,1630614799,3086,11680,1.3,233.7,3.1,2.0,95,53,0,0,0,0,0,0.0,0,0,0,0,0,0
295.4,2026-05-16T19:45:17,0016c001f10c2ef6,5.7,1.7,4.0,0.0,7809,702,7107,9.0,0.85,0.63,0.46,340726611,1630626479,3086,11680,1.3,233.7,3.1,2.0,100,57,5,4,0,0,0,0.0,0,0,0,0,0,0
295.8,2026-05-16T19:45:18,0016c001f10c2ef6,7.7,3.6,3.0,1.2,7809,702,7107,9.0,0.85,0.63,0.46,340730674,1630668968,4063,42489,1.3,233.7,3.1,2.0,100,57,0,0,0,0,0,0.0,0,0,0,0,0,0
296.2,2026-05-16T19:45:18,0016c001f10c2ef6,8.0,2.3,5.7,0.0,7809,702,7107,9.0,0.85,0.63,0.46,340733812,1630680649,3138,11681,1.3,233.7,3.1,2.0,100,57,0,0,0,0,0,0.0,0,0,0,0,0,0
296.7,2026-05-16T19:45:19,0016c001f10c2ef6,9.0,3.0,6.0,0.0,7809,702,7107,9.0,0.87,0.64,0.47,340737002,1630692396,3190,11747,1.3,233.7,3.1,2.0,100,57,0,0,0,0,0,0.0,0,0,0,0,0,0
297.3,2026-05-16T19:45:19,0016c001f10c2ef6,9.3,2.4,6.8,0.0,7809,702,7107,9.0,0.87,0.64,0.47,340739988,1630704143,2986,11747,1.3,233.7,3.1,2.0,100,57,0,0,0,0,0,0.0,0,0,0,0,0,0
297.7,2026-05-16T19:45:20,0016c001f10c2ef6,6.9,2.3,4.6,0.0,7809,702,7107,9.0,0.87,0.64,0.47,340744003,1630746632,4015,42489,1.3,233.7,3.1,2.0,100,57,0,0,0,0,0,0.0,0,0,0,0,0,0
298.1,2026-05-16T19:45:20,0016c001f10c2ef6,5.2,1.1,4.0,0.0,7809,701,7108,9.0,0.87,0.64,0.47,340747037,1630758313,3034,11681,1.3,233.7,3.1,2.0,100,57,0,0,0,0,0,0.0,0,0,0,0,0,0
298.6,2026-05-16T19:45:21,0016c001f10c2ef6,5.7,2.9,2.9,0.0,7809,702,7107,9.0,0.87,0.64,0.47,340750071,1630769994,3034,11681,1.3,233.7,3.1,2.0,100,57,0,0,0,0,0,0.0,0,0,0,0,0,0
299.0,2026-05-16T19:45:21,0016c001f10c2ef6,6.9,2.3,4.6,0.0,7809,701,7108,9.0,0.87,0.64,0.47,340753105,1630781675,3034,11681,1.3,233.7,3.1,2.0,100,57,0,0,0,0,0,0.0,0,0,0,0,0,0
299.5,2026-05-16T19:45:22,0016c001f10c2ef6,6.8,2.3,4.5,0.0,7809,701,7108,9.0,0.87,0.64,0.47,340756652,1630793356,3547,11681,1.3,233.7,3.1,2.0,100,57,0,0,0,0,0,0.0,0,0,0,0,0,0
299.9,2026-05-16T19:45:22,0016c001f10c2ef6,8.1,4.6,3.5,0.0,7809,701,7108,9.0,0.87,0.64,0.47,340760174,1630835923,3522,42567,1.3,233.7,3.1,2.0,100,57,0,0,0,0,0,0.0,0,0,0,0,0,0
300.3,2026-05-16T19:45:22,0016c001f10c2ef6,5.8,1.7,4.0,0.0,7809,702,7107,9.0,0.87,0.64,0.47,340763208,1630847604,3034,11681,1.3,233.7,3.1,2.0,100,57,0,0,0,0,0,0.0,0,0,0,0,0,0
300.8,2026-05-16T19:45:23,0016c001f10c2ef6,16.1,2.4,13.7,0.0,7809,702,7107,9.0,0.87,0.64,0.47,340766294,1630859285,3086,11681,1.3,233.7,3.1,2.0,100,57,0,0,0,0,0,0.0,0,0,0,0,0,0
301.2,2026-05-16T19:45:23,0016c001f10c2ef6,18.8,1.7,17.0,0.0,7809,703,7106,9.0,0.87,0.64,0.47,340769328,1630870966,3034,11681,1.3,233.7,3.1,2.0,100,57,0,0,0,0,0,0.0,0,0,0,0,0,0
301.7,2026-05-16T19:45:24,0016c001f10c2ef6,19.5,3.0,16.6,0.0,7809,703,7106,9.0,0.88,0.65,0.47,340773564,1630913455,4236,42489,1.3,233.7,3.1,2.0,100,57,0,0,0,0,0,0.0,0,0,0,0,0,0
302.1,2026-05-16T19:45:24,0016c001f10c2ef6,17.3,4.2,13.1,0.0,7809,704,7105,9.0,0.88,0.65,0.47,340776854,1630926929,3290,13474,1.3,233.7,3.1,2.0,100,57,0,0,0,0,0,0.0,0,0,0,0,0,0
302.6,2026-05-16T19:45:25,0016c001f10c2ef6,13.1,5.5,7.0,0.5,7809,701,7108,9.0,0.88,0.65,0.47,340779840,1630938676,2986,11747,1.3,233.7,3.1,2.0,100,57,0,0,0,0,0,0.0,0,0,0,0,0,0
303.0,2026-05-16T19:45:25,0016c001f10c2ef6,6.2,1.7,4.5,0.0,7809,701,7108,9.0,0.88,0.65,0.47,340782972,1630952327,3132,13651,1.3,233.7,3.1,2.0,100,57,0,0,0,0,0,0.0,0,0,0,0,0,0
303.5,2026-05-16T19:45:26,0016c001f10c2ef6,5.3,1.8,3.5,0.0,7809,702,7107,9.0,0.88,0.65,0.47,340786006,1630964008,3034,11681,1.3,233.7,3.1,2.0,100,57,0,0,0,0,0,0.0,0,0,0,0,0,0
303.9,2026-05-16T19:45:26,0016c001f10c2ef6,7.0,2.3,4.7,0.0,7809,702,7107,9.0,0.88,0.65,0.47,340789969,1631006578,3963,42570,1.3,233.7,3.1,2.0,100,57,0,0,0,0,0,0.0,0,0,0,0,0,0
304.4,2026-05-16T19:45:26,0016c001f10c2ef6,6.2,2.8,3.4,0.0,7809,702,7107,9.0,0.88,0.65,0.47,340793003,1631018259,3034,11681,1.3,233.7,3.1,2.0,100,57,0,0,0,0,0,0.0,0,0,0,0,0,0
304.8,2026-05-16T19:45:27,0016c001f10c2ef6,4.8,1.2,3.6,0.0,7809,701,7108,9.0,0.88,0.65,0.47,340796137,1631029940,3134,11681,1.3,233.7,3.1,2.0,100,57,0,0,0,0,0,0.0,0,0,0,0,0,0
305.2,2026-05-16T19:45:27,0016c001f10c2ef6,6.7,3.4,3.4,0.0,7809,700,7109,9.0,0.88,0.65,0.47,340799123,1631041621,2986,11681,1.3,233.7,3.1,2.0,100,57,0,0,0,0,0,0.0,0,0,0,0,0,0
305.7,2026-05-16T19:45:28,0016c001f10c2ef6,6.4,1.7,4.6,0.0,7809,702,7107,9.0,0.88,0.65,0.47,340803086,1631084191,3963,42570,1.3,233.7,3.1,2.0,100,57,0,0,0,0,0,0.0,0,0,0,0,0,0
306.1,2026-05-16T19:45:28,0016c001f10c2ef6,6.7,2.2,4.5,0.0,7809,702,7107,9.0,0.88,0.65,0.47,340806224,1631095872,3138,11681,1.3,233.7,3.1,2.0,100,57,0,0,0,0,0,0.0,0,0,0,0,0,0
306.6,2026-05-16T19:45:29,0016c001f10c2ef6,6.3,2.9,3.4,0.0,7809,702,7107,9.0,0.81,0.64,0.47,340809258,1631107553,3034,11681,1.3,233.7,3.1,2.0,100,57,0,0,0,0,0,0.0,0,0,0,0,0,0
307.0,2026-05-16T19:45:29,0016c001f10c2ef6,5.9,3.6,2.4,0.0,7809,702,7107,9.0,0.81,0.64,0.47,340812344,1631119234,3086,11681,1.3,233.7,3.1,2.0,100,57,0,0,0,0,0,0.0,0,0,0,0,0,0
307.4,2026-05-16T19:45:30,0016c001f10c2ef6,6.2,2.3,4.0,0.0,7809,703,7106,9.0,0.81,0.64,0.47,340815634,1631130915,3290,11681,1.3,233.7,3.1,2.0,100,57,0,0,0,0,0,0.0,0,0,0,0,0,0
307.9,2026-05-16T19:45:30,0016c001f10c2ef6,11.4,4.5,6.9,0.0,7809,703,7106,9.0,0.81,0.64,0.47,340819825,1631173629,4191,42714,1.3,233.7,3.1,2.0,100,57,0,0,0,0,0,0.0,0,0,0,0,0,0
308.5,2026-05-16T19:45:31,0016c001f10c2ef6,9.3,2.9,6.3,0.0,7809,702,7107,9.0,0.81,0.64,0.47,340822811,1631185376,2986,11747,1.3,233.7,3.1,2.0,100,57,0,0,0,0,0,0.0,0,0,0,0,0,0
308.9,2026-05-16T19:45:31,0016c001f10c2ef6,5.4,1.8,3.6,0.0,7809,702,7107,9.0,0.81,0.64,0.47,340825845,1631197057,3034,11681,1.3,233.7,3.1,2.0,100,57,0,0,0,0,0,0.0,0,0,0,0,0,0
309.4,2026-05-16T19:45:31,0016c001f10c2ef6,6.7,2.8,3.9,0.0,7809,703,7106,9.0,0.81,0.64,0.47,340828879,1631208738,3034,11681,1.3,233.7,3.1,2.0,100,57,0,0,0,0,0,0.0,0,0,0,0,0,0
309.8,2026-05-16T19:45:32,0016c001f10c2ef6,5.8,2.3,3.5,0.0,7809,703,7106,9.0,0.81,0.64,0.47,340832894,1631251308,4015,42570,1.3,233.7,3.1,2.0,100,57,0,0,0,0,0,0.0,0,0,0,0,0,0
310.2,2026-05-16T19:45:32,0016c001f10c2ef6,7.4,3.4,4.0,0.0,7809,703,7106,9.0,0.81,0.64,0.47,340835928,1631262989,3034,11681,1.3,233.7,3.1,2.0,100,57,0,0,0,0,0,0.0,0,0,0,0,0,0
310.7,2026-05-16T19:45:33,0016c001f10c2ef6,6.3,1.7,4.6,0.0,7809,703,7106,9.0,0.81,0.64,0.47,340838962,1631274670,3034,11681,1.3,233.7,3.1,2.0,100,57,0,0,0,0,0,0.0,0,0,0,0,0,0
311.1,2026-05-16T19:45:33,0016c001f10c2ef6,6.3,2.3,4.0,0.0,7809,702,7107,9.0,0.81,0.64,0.47,340842048,1631286351,3086,11681,1.3,233.7,3.1,2.0,100,57,0,0,0,0,0,0.0,0,0,0,0,0,0
311.5,2026-05-16T19:45:34,0016c001f10c2ef6,4.7,1.2,3.5,0.0,7809,702,7107,9.0,0.82,0.64,0.47,340845511,1631298032,3463,11681,1.3,233.7,3.1,2.0,100,57,0,0,0,0,0,0.0,0,0,0,0,0,0
312.0,2026-05-16T19:45:34,0016c001f10c2ef6,8.0,3.4,4.6,0.0,7809,702,7107,9.0,0.82,0.64,0.47,340849526,1631340602,4015,42570,1.3,233.7,3.1,2.0,100,57,0,0,0,0,0,0.0,0,0,0,0,0,0
312.4,2026-05-16T19:45:34,0016c001f10c2ef6,13.1,1.8,11.3,0.0,7809,702,7107,9.0,0.82,0.64,0.47,340852560,1631352283,3034,11681,1.3,233.7,3.1,2.0,100,57,0,0,0,0,0,0.0,0,0,0,0,0,0
312.9,2026-05-16T19:45:35,0016c001f10c2ef6,19.1,1.2,17.9,0.0,7809,703,7106,9.0,0.82,0.64,0.47,340855646,1631363964,3086,11681,1.3,233.7,3.1,2.0,100,57,0,0,0,0,0,0.0,0,0,0,0,0,0
313.3,2026-05-16T19:45:35,0016c001f10c2ef6,18.1,2.4,15.7,0.0,7809,703,7106,9.0,0.82,0.64,0.47,340858732,1631375645,3086,11681,1.3,233.7,3.1,2.0,100,57,0,0,0,0,0,0.0,0,0,0,0,0,0
313.8,2026-05-16T19:45:36,0016c001f10c2ef6,17.2,1.1,16.1,0.0,7809,702,7107,9.0,0.82,0.64,0.47,340862799,1631418231,4067,42586,1.3,233.6,3.1,2.0,100,57,0,0,0,0,0,0.0,0,0,0,0,0,0
314.2,2026-05-16T19:45:36,0016c001f10c2ef6,7.0,2.3,4.7,0.0,7809,702,7107,9.0,0.82,0.64,0.47,340865933,1631429912,3134,11681,1.3,233.6,3.1,2.0,100,57,0,0,0,0,0,0.0,0,0,0,0,0,0
314.6,2026-05-16T19:45:37,0016c001f10c2ef6,6.7,2.8,3.9,0.0,7809,701,7108,9.0,0.82,0.64,0.47,340868919,1631441593,2986,11681,1.3,233.6,3.1,2.0,100,57,0,0,0,0,0,0.0,0,0,0,0,0,0
315.1,2026-05-16T19:45:37,0016c001f10c2ef6,6.2,1.1,5.1,0.0,7809,702,7107,9.0,0.82,0.64,0.47,340871953,1631453274,3034,11681,1.3,233.6,3.1,2.0,100,57,0,0,0,0,0,0.0,0,0,0,0,0,0
315.5,2026-05-16T19:45:38,0016c001f10c2ef6,6.5,1.8,4.7,0.0,7809,702,7107,9.0,0.82,0.64,0.47,340875115,1631465111,3162,11837,1.3,233.6,3.1,2.0,100,57,0,0,0,0,0,0.0,0,0,0,0,0,0
316.0,2026-05-16T19:45:38,0016c001f10c2ef6,7.1,4.1,2.9,0.0,7809,702,7107,9.0,0.82,0.64,0.47,340879098,1631507759,3983,42648,1.3,233.6,3.1,2.0,100,57,0,0,0,0,0,0.0,0,0,0,0,0,0
316.4,2026-05-16T19:45:38,0016c001f10c2ef6,7.3,2.3,5.1,0.0,7809,702,7107,9.0,0.82,0.64,0.47,340882132,1631519440,3034,11681,1.3,233.6,3.1,2.0,100,57,0,0,0,0,0,0.0,0,0,0,0,0,0
316.8,2026-05-16T19:45:39,0016c001f10c2ef6,6.7,2.2,4.5,0.0,7809,702,7107,9.0,0.76,0.63,0.47,340885166,1631531121,3034,11681,1.3,233.6,3.1,2.0,100,57,0,0,0,0,0,0.0,0,0,0,0,0,0
317.3,2026-05-16T19:45:39,0016c001f10c2ef6,6.3,3.4,2.9,0.0,7809,702,7107,9.0,0.76,0.63,0.47,340888200,1631542802,3034,11681,1.3,233.6,3.1,2.0,100,57,0,0,0,0,0,0.0,0,0,0,0,0,0
317.7,2026-05-16T19:45:40,0016c001f10c2ef6,6.0,2.4,3.6,0.0,7809,702,7107,9.0,0.76,0.63,0.47,340891286,1631554483,3086,11681,1.3,233.6,3.1,2.0,100,57,0,0,0,0,0,0.0,0,0,0,0,0,0
318.1,2026-05-16T19:45:40,0016c001f10c2ef6,5.8,2.3,3.5,0.0,7809,701,7108,9.0,0.76,0.63,0.47,340895197,1631597053,3911,42570,1.3,233.6,3.1,2.0,100,57,0,0,0,0,0,0.0,0,0,0,0,0,0
318.6,2026-05-16T19:45:41,0016c001f10c2ef6,8.5,2.3,6.2,0.0,7809,701,7108,9.0,0.76,0.63,0.47,340898487,1631608734,3290,11681,1.3,233.6,3.1,2.0,100,57,0,0,0,0,0,0.0,0,0,0,0,0,0
319.1,2026-05-16T19:45:41,0016c001f10c2ef6,10.6,3.8,6.7,0.0,7809,702,7107,9.0,0.76,0.63,0.47,340901519,1631621510,3032,12776,1.3,233.6,3.1,2.0,100,57,0,0,0,0,0,0.0,0,0,0,0,0,0
319.5,2026-05-16T19:45:42,0016c001f10c2ef6,7.6,2.9,4.7,0.0,7809,702,7107,9.0,0.76,0.63,0.47,340904553,1631633191,3034,11681,1.3,233.6,3.1,2.0,100,57,0,0,0,0,0,0.0,0,0,0,0,0,0
320.0,2026-05-16T19:45:42,0016c001f10c2ef6,6.4,2.3,4.1,0.0,7809,703,7106,9.0,0.76,0.63,0.47,340908516,1631675761,3963,42570,1.3,233.6,3.1,2.0,100,57,0,0,0,0,0,0.0,0,0,0,0,0,0
320.4,2026-05-16T19:45:42,0016c001f10c2ef6,6.5,1.8,4.8,0.0,7809,703,7106,9.0,0.76,0.63,0.47,340911550,1631687442,3034,11681,1.3,233.6,3.1,2.0,100,57,0,0,0,0,0,0.0,0,0,0,0,0,0
320.8,2026-05-16T19:45:43,0016c001f10c2ef6,8.1,2.9,5.2,0.0,7809,702,7107,9.0,0.76,0.63,0.47,340914584,1631699123,3034,11681,1.3,233.6,3.1,2.0,100,57,0,0,0,0,0,0.0,0,0,0,0,0,0
321.3,2026-05-16T19:45:43,0016c001f10c2ef6,6.8,3.4,3.4,0.0,7809,703,7106,9.0,0.76,0.63,0.47,340917742,1631710890,3158,11767,1.3,233.6,3.1,2.0,100,57,0,0,0,0,0,0.0,0,0,0,0,0,0
321.7,2026-05-16T19:45:44,0016c001f10c2ef6,6.4,1.8,4.7,0.0,7809,703,7106,9.0,0.78,0.64,0.47,340921205,1631722571,3463,11681,1.3,233.6,3.1,2.0,100,57,0,0,0,0,0,0.0,0,0,0,0,0,0
322.1,2026-05-16T19:45:44,0016c001f10c2ef6,8.1,3.5,4.7,0.0,7809,701,7108,9.0,0.78,0.64,0.47,340925168,1631765141,3963,42570,1.3,233.6,3.1,2.0,100,57,0,0,0,0,0,0.0,0,0,0,0,0,0
322.6,2026-05-16T19:45:45,0016c001f10c2ef6,6.2,1.7,4.5,0.0,7809,700,7109,9.0,0.78,0.64,0.47,340928294,1631776954,3126,11813,1.3,233.6,3.1,2.0,100,57,0,0,0,0,0,0.0,0,0,0,0,0,0
323.0,2026-05-16T19:45:45,0016c001f10c2ef6,6.7,2.2,4.4,0.0,7809,701,7108,9.0,0.78,0.64,0.47,340931328,1631788635,3034,11681,1.3,233.6,3.1,2.0,100,57,0,0,0,0,0,0.0,0,0,0,0,0,0
323.5,2026-05-16T19:45:46,0016c001f10c2ef6,5.8,1.8,4.1,0.0,7809,701,7108,9.0,0.78,0.64,0.47,340934362,1631800316,3034,11681,1.3,233.6,3.1,2.0,100,57,0,0,0,0,0,0.0,0,0,0,0,0,0
323.9,2026-05-16T19:45:46,0016c001f10c2ef6,8.3,3.6,3.6,1.2,7809,701,7108,9.0,0.78,0.64,0.47,340938533,1631842886,4171,42570,1.3,233.7,3.1,2.0,100,57,0,0,0,0,0,0.0,0,0,0,0,0,0
324.3,2026-05-16T19:45:46,0016c001f10c2ef6,20.2,3.9,16.3,0.0,7809,701,7108,9.0,0.78,0.64,0.47,340941667,1631854567,3134,11681,1.3,233.7,3.1,2.0,100,57,0,0,0,0,0,0.0,0,0,0,0,0,0
324.8,2026-05-16T19:45:47,0016c001f10c2ef6,19.3,2.3,17.0,0.0,7809,701,7108,9.0,0.78,0.64,0.47,340944699,1631866314,3032,11747,1.3,233.7,3.1,2.0,100,57,0,0,0,0,0,0.0,0,0,0,0,0,0
325.2,2026-05-16T19:45:47,0016c001f10c2ef6,20.7,3.0,17.8,0.0,7809,701,7108,9.0,0.78,0.64,0.47,340947733,1631877995,3034,11681,1.3,233.7,3.1,2.0,100,57,0,0,0,0,0,0.0,0,0,0,0,0,0
325.7,2026-05-16T19:45:48,0016c001f10c2ef6,14.5,2.3,11.6,0.6,7809,701,7108,9.0,0.78,0.64,0.47,340950767,1631889676,3034,11681,1.3,233.7,3.1,2.0,102,58,2,1,0,0,0,0.0,0,0,0,0,0,0
326.1,2026-05-16T19:45:48,0016c001f10c2ef6,7.7,4.2,3.6,0.0,7809,701,7108,9.0,0.78,0.64,0.47,340954678,1631932246,3911,42570,1.3,233.7,3.1,2.0,102,58,0,0,0,0,0,0.0,0,0,0,0,0,0
326.5,2026-05-16T19:45:49,0016c001f10c2ef6,7.5,2.9,4.6,0.0,7809,702,7107,9.0,0.71,0.63,0.47,340957712,1631943927,3034,11681,1.3,233.7,3.1,2.0,102,58,0,0,0,0,0,0.0,0,0,0,0,0,0
327.0,2026-05-16T19:45:49,0016c001f10c2ef6,6.3,1.7,4.6,0.0,7809,701,7108,9.0,0.71,0.63,0.47,340960746,1631955608,3034,11681,1.3,233.7,3.1,2.0,102,58,0,0,0,0,0,0.0,0,0,0,0,0,0
327.4,2026-05-16T19:45:49,0016c001f10c2ef6,7.0,1.7,5.2,0.0,7809,701,7108,9.0,0.71,0.63,0.47,340963780,1631967289,3034,11681,1.3,233.7,3.1,2.0,102,58,0,0,0,0,0,0.0,0,0,0,0,0,0
327.8,2026-05-16T19:45:50,0016c001f10c2ef6,5.1,2.3,2.9,0.0,7809,701,7108,9.0,0.71,0.63,0.47,340966814,1631978970,3034,11681,1.3,233.6,3.1,2.0,102,58,0,0,0,0,0,0.0,0,0,0,0,0,0
328.3,2026-05-16T19:45:50,0016c001f10c2ef6,8.0,3.4,4.6,0.0,7809,702,7107,9.0,0.71,0.63,0.47,340970725,1632021540,3911,42570,1.3,233.6,3.1,2.0,102,58,0,0,0,0,0,0.0,0,0,0,0,0,0
328.7,2026-05-16T19:45:51,0016c001f10c2ef6,6.3,2.9,3.4,0.0,7809,702,7107,9.0,0.71,0.63,0.47,340973759,1632033221,3034,11681,1.3,233.6,3.1,2.0,102,58,0,0,0,0,0,0.0,0,0,0,0,0,0
329.2,2026-05-16T19:45:51,0016c001f10c2ef6,7.3,2.2,4.5,0.6,7809,702,7107,9.0,0.71,0.63,0.47,340976945,1632044902,3186,11681,1.3,233.6,3.1,2.0,102,58,0,0,0,0,0,0.0,0,0,0,0,0,0
329.7,2026-05-16T19:45:52,0016c001f10c2ef6,9.1,2.5,6.6,0.0,7809,702,7107,9.0,0.71,0.63,0.47,340979983,1632056649,3038,11747,1.3,233.6,3.1,2.0,102,58,0,0,0,0,0,0.0,0,0,0,0,0,0
330.1,2026-05-16T19:45:52,0016c001f10c2ef6,6.4,2.3,4.0,0.0,7809,702,7107,9.0,0.71,0.63,0.47,340983946,1632099219,3963,42570,1.3,233.7,3.1,2.0,102,58,0,0,0,0,0,0.0,0,0,0,0,0,0
330.6,2026-05-16T19:45:53,0016c001f10c2ef6,6.4,3.5,2.9,0.0,7809,702,7107,9.0,0.71,0.63,0.47,340986980,1632110900,3034,11681,1.3,233.7,3.1,2.0,102,58,0,0,0,0,0,0.0,0,0,0,0,0,0
331.0,2026-05-16T19:45:53,0016c001f10c2ef6,6.5,1.8,4.8,0.0,7809,702,7107,9.0,0.71,0.63,0.47,340990014,1632122581,3034,11681,1.3,233.7,3.1,2.0,102,58,0,0,0,0,0,0.0,0,0,0,0,0,0
331.4,2026-05-16T19:45:53,0016c001f10c2ef6,5.3,1.8,3.5,0.0,7809,701,7108,9.0,0.71,0.63,0.47,340993477,1632134262,3463,11681,1.3,233.7,3.1,2.0,102,58,0,0,0,0,0,0.0,0,0,0,0,0,0
331.8,2026-05-16T19:45:54,0016c001f10c2ef6,6.9,1.7,5.2,0.0,7809,701,7108,9.0,0.66,0.62,0.46,340996683,1632146021,3206,11759,1.3,233.7,3.1,2.0,102,58,0,0,0,0,0,0.0,0,0,0,0,0,0
332.3,2026-05-16T19:45:54,0016c001f10c2ef6,7.8,4.4,3.3,0.0,7809,702,7107,9.0,0.66,0.62,0.46,341000650,1632188591,3967,42570,1.3,233.7,3.1,2.0,102,58,0,0,0,0,0,0.0,0,0,0,0,0,0
332.8,2026-05-16T19:45:55,0016c001f10c2ef6,5.0,2.0,3.0,0.0,7809,702,7107,9.0,0.66,0.62,0.46,341003684,1632200272,3034,11681,1.3,233.7,3.1,2.0,102,58,0,0,0,0,0,0.0,0,0,0,0,0,0
333.2,2026-05-16T19:45:55,0016c001f10c2ef6,7.1,2.4,4.7,0.0,7809,702,7107,9.0,0.66,0.62,0.46,341006770,1632211953,3086,11681,1.3,233.7,3.1,2.0,102,58,0,0,0,0,0,0.0,0,0,0,0,0,0
333.7,2026-05-16T19:45:56,0016c001f10c2ef6,7.4,3.4,3.4,0.6,7809,702,7107,9.0,0.66,0.62,0.46,341009804,1632223634,3034,11681,1.3,233.7,3.1,2.0,102,58,0,0,0,0,0,0.0,0,0,0,0,0,0
334.1,2026-05-16T19:45:56,0016c001f10c2ef6,7.9,2.8,5.1,0.0,7809,702,7107,9.0,0.66,0.62,0.46,341013871,1632266270,4067,42636,1.3,233.7,3.1,2.0,102,58,0,0,0,0,0,0.0,0,0,0,0,0,0
334.6,2026-05-16T19:45:57,0016c001f10c2ef6,7.3,2.3,5.1,0.0,7809,702,7107,9.0,0.66,0.62,0.46,341017005,1632277951,3134,11681,1.3,233.7,3.1,2.0,102,58,0,0,0,0,0,0.0,0,0,0,0,0,0
335.1,2026-05-16T19:45:57,0016c001f10c2ef6,8.7,2.6,5.7,0.4,7809,700,7109,9.0,0.66,0.62,0.46,341020195,1632289698,3190,11747,1.3,233.7,3.1,2.0,102,58,0,0,0,0,0,0.0,0,0,0,0,0,0
335.7,2026-05-16T19:45:58,0016c001f10c2ef6,9.7,4.4,5.3,0.0,7809,700,7109,9.0,0.66,0.62,0.46,341023181,1632301445,2986,11747,1.3,233.7,3.1,2.0,102,58,0,0,0,0,0,0.0,0,0,0,0,0,0
336.1,2026-05-16T19:45:58,0016c001f10c2ef6,17.9,2.2,15.6,0.0,7809,700,7109,9.0,0.66,0.62,0.46,341027196,1632344015,4015,42570,1.3,233.7,3.1,2.0,102,58,0,0,0,0,0,0.0,0,0,0,0,0,0
336.6,2026-05-16T19:45:59,0016c001f10c2ef6,19.4,2.4,17.0,0.0,7809,700,7109,9.0,0.68,0.62,0.47,341030230,1632355696,3034,11681,1.3,233.7,3.1,2.0,102,58,0,0,0,0,0,0.0,0,0,0,0,0,0
337.0,2026-05-16T19:45:59,0016c001f10c2ef6,18.8,2.4,16.4,0.0,7809,702,7107,9.0,0.68,0.62,0.47,341033264,1632367377,3034,11681,1.3,233.7,3.1,2.0,102,58,0,0,0,0,0,0.0,0,0,0,0,0,0
337.4,2026-05-16T19:46:00,0016c001f10c2ef6,13.5,1.8,11.7,0.0,7809,701,7108,9.0,0.68,0.62,0.47,341036350,1632379058,3086,11681,1.3,233.7,3.1,2.0,102,58,0,0,0,0,0,0.0,0,0,0,0,0,0
337.9,2026-05-16T19:46:00,0016c001f10c2ef6,7.0,3.5,3.5,0.0,7809,702,7107,9.0,0.68,0.62,0.47,341039384,1632390739,3034,11681,1.3,233.7,3.1,2.0,102,58,0,0,0,0,0,0.0,0,0,0,0,0,0
338.3,2026-05-16T19:46:00,0016c001f10c2ef6,8.2,2.4,5.9,0.0,7809,701,7108,9.0,0.68,0.62,0.47,341043295,1632433309,3911,42570,1.3,233.7,3.1,2.0,102,58,0,0,0,0,0,0.0,0,0,0,0,0,0
338.7,2026-05-16T19:46:01,0016c001f10c2ef6,5.9,2.4,3.5,0.0,7809,701,7108,9.0,0.68,0.62,0.47,341046329,1632444990,3034,11681,1.3,233.7,3.1,2.0,102,58,0,0,0,0,0,0.0,0,0,0,0,0,0
339.2,2026-05-16T19:46:01,0016c001f10c2ef6,6.4,2.9,3.5,0.0,7809,700,7109,9.0,0.68,0.62,0.47,341049363,1632456671,3034,11681,1.3,233.7,3.1,2.0,102,58,0,0,0,0,0,0.0,0,0,0,0,0,0
339.6,2026-05-16T19:46:02,0016c001f10c2ef6,5.6,1.7,4.0,0.0,7809,700,7109,9.0,0.68,0.62,0.47,341052397,1632468352,3034,11681,1.3,233.7,3.1,2.0,102,58,0,0,0,0,0,0.0,0,0,0,0,0,0
340.0,2026-05-16T19:46:02,0016c001f10c2ef6,6.4,2.3,4.1,0.0,7809,700,7109,9.0,0.68,0.62,0.47,341055503,1632480111,3106,11759,1.3,233.8,3.1,2.0,102,58,0,0,0,0,0,0.0,0,0,0,0,0,0
340.5,2026-05-16T19:46:03,0016c001f10c2ef6,7.5,2.9,3.5,1.2,7809,700,7109,9.0,0.68,0.62,0.47,341059414,1632522681,3911,42570,1.3,233.8,3.1,2.0,102,58,0,0,0,0,0,0.0,0,0,0,0,0,0
340.9,2026-05-16T19:46:03,0016c001f10c2ef6,6.4,1.7,4.6,0.0,7809,700,7109,9.0,0.68,0.62,0.47,341062604,1632534362,3190,11681,1.3,233.8,3.1,2.0,102,58,0,0,0,0,0,0.0,0,0,0,0,0,0
341.4,2026-05-16T19:46:04,0016c001f10c2ef6,9.0,3.0,6.0,0.0,7809,700,7109,9.0,0.68,0.62,0.47,341066067,1632546109,3463,11747,1.3,233.8,3.1,2.0,102,58,0,0,0,0,0,0.0,0,0,0,0,0,0
341.9,2026-05-16T19:46:04,0016c001f10c2ef6,5.7,1.7,4.0,0.0,7809,700,7109,9.0,0.63,0.61,0.46,341069153,1632557790,3086,11681,1.3,233.8,3.1,2.0,102,58,0,0,0,0,0,0.0,0,0,0,0,0,0
342.3,2026-05-16T19:46:04,0016c001f10c2ef6,8.6,2.9,5.7,0.0,7809,700,7109,9.0,0.63,0.61,0.46,341073272,1632600360,4119,42570,1.3,233.8,3.1,2.0,102,58,0,0,0,0,0,0.0,0,0,0,0,0,0
342.8,2026-05-16T19:46:05,0016c001f10c2ef6,6.3,1.7,4.6,0.0,7809,699,7110,9.0,0.63,0.61,0.46,341076306,1632612041,3034,11681,1.3,233.8,3.1,2.0,102,58,0,0,0,0,0,0.0,0,0,0,0,0,0
343.2,2026-05-16T19:46:05,0016c001f10c2ef6,6.5,1.2,5.3,0.0,7809,699,7110,9.0,0.63,0.61,0.46,341079340,1632623722,3034,11681,1.3,233.8,3.1,2.0,102,58,0,0,0,0,0,0.0,0,0,0,0,0,0
343.6,2026-05-16T19:46:06,0016c001f10c2ef6,5.3,2.4,2.9,0.0,7809,700,7109,9.0,0.63,0.61,0.46,341082374,1632635403,3034,11681,1.3,233.8,3.1,2.0,102,58,0,0,0,0,0,0.0,0,0,0,0,0,0
344.0,2026-05-16T19:46:06,0016c001f10c2ef6,6.9,2.3,4.6,0.0,7809,700,7109,9.0,0.63,0.61,0.46,341085408,1632647084,3034,11681,1.3,233.9,3.1,2.0,102,58,0,0,0,0,0,0.0,0,0,0,0,0,0
344.5,2026-05-16T19:46:07,0016c001f10c2ef6,7.6,4.7,2.9,0.0,7809,700,7109,9.0,0.63,0.61,0.46,341089527,1632689654,4119,42570,1.3,233.9,3.1,2.0,102,58,0,0,0,0,0,0.0,0,0,0,0,0,0
344.9,2026-05-16T19:46:07,0016c001f10c2ef6,6.8,1.7,5.1,0.0,7809,700,7109,9.0,0.63,0.61,0.46,341092561,1632701335,3034,11681,1.3,233.9,3.1,2.0,102,58,0,0,0,0,0,0.0,0,0,0,0,0,0
345.3,2026-05-16T19:46:07,0016c001f10c2ef6,7.5,3.5,4.0,0.0,7809,701,7108,9.0,0.63,0.61,0.46,341095595,1632713016,3034,11681,1.3,233.8,3.1,2.0,102,58,0,0,0,0,0,0.0,0,0,0,0,0,0
345.8,2026-05-16T19:46:08,0016c001f10c2ef6,7.7,3.0,3.6,1.2,7809,700,7109,9.0,0.63,0.61,0.46,341098705,1632724853,3110,11837,1.3,233.8,3.1,2.0,102,58,0,0,0,0,0,0.0,0,0,0,0,0,0
346.2,2026-05-16T19:46:08,0016c001f10c2ef6,6.9,2.3,4.6,0.0,7809,700,7109,9.0,0.63,0.61,0.46,341102924,1632767423,4219,42570,1.3,233.8,3.1,2.0,102,58,0,0,0,0,0,0.0,0,0,0,0,0,0
346.7,2026-05-16T19:46:09,0016c001f10c2ef6,10.4,5.2,5.2,0.0,7809,701,7108,9.0,0.58,0.6,0.46,341105910,1632779170,2986,11747,1.3,233.8,3.1,2.0,102,58,0,0,0,0,0,0.0,0,0,0,0,0,0
347.1,2026-05-16T19:46:09,0016c001f10c2ef6,6.4,1.8,4.7,0.0,7809,700,7109,9.0,0.58,0.6,0.46,341108944,1632790851,3034,11681,1.3,233.8,3.1,2.0,102,58,0,0,0,0,0,0.0,0,0,0,0,0,0
347.6,2026-05-16T19:46:10,0016c001f10c2ef6,8.7,2.9,5.8,0.0,7809,700,7109,9.0,0.58,0.6,0.46,341111978,1632802532,3034,11681,1.3,233.8,3.1,2.0,102,58,0,0,0,0,0,0.0,0,0,0,0,0,0
348.0,2026-05-16T19:46:10,0016c001f10c2ef6,19.3,1.9,17.4,0.0,7809,702,7107,9.0,0.58,0.6,0.46,341115084,1632814291,3106,11759,1.3,233.8,3.1,2.0,102,58,0,0,0,0,0,0.0,0,0,0,0,0,0
348.4,2026-05-16T19:46:11,0016c001f10c2ef6,21.4,3.5,17.9,0.0,7809,702,7107,9.0,0.58,0.6,0.46,341119099,1632856927,4015,42636,1.3,233.8,3.1,2.0,102,58,0,0,0,0,0,0.0,0,0,0,0,0,0
348.9,2026-05-16T19:46:11,0016c001f10c2ef6,19.9,2.3,17.5,0.0,7809,703,7106,9.0,0.58,0.6,0.46,341122133,1632868608,3034,11681,1.3,233.8,3.1,2.0,102,58,0,0,0,0,0,0.0,0,0,0,0,0,0
349.3,2026-05-16T19:46:11,0016c001f10c2ef6,11.8,1.2,10.6,0.0,7809,702,7107,9.0,0.58,0.6,0.46,341125167,1632880289,3034,11681,1.3,233.8,3.1,2.0,102,58,0,0,0,0,0,0.0,0,0,0,0,0,0
349.7,2026-05-16T19:46:12,0016c001f10c2ef6,10.3,1.7,5.7,2.9,7809,702,7107,9.0,0.58,0.6,0.46,341128253,1632891970,3086,11681,1.3,233.8,3.1,2.0,102,58,0,0,0,0,0,0.0,0,0,0,0,0,0
350.2,2026-05-16T19:46:12,0016c001f10c2ef6,6.3,2.3,4.0,0.0,7809,702,7107,9.0,0.58,0.6,0.46,341131287,1632903651,3034,11681,1.3,233.8,3.1,2.0,102,58,0,0,0,0,0,0.0,0,0,0,0,0,0
350.6,2026-05-16T19:46:13,0016c001f10c2ef6,7.0,4.1,2.9,0.0,7809,702,7107,9.0,0.58,0.6,0.46,341135402,1632946221,4115,42570,1.3,233.8,3.1,2.0,102,58,0,0,0,0,0,0.0,0,0,0,0,0,0
351.1,2026-05-16T19:46:13,0016c001f10c2ef6,7.6,2.3,5.2,0.0,7809,701,7108,9.0,0.58,0.6,0.46,341138388,1632957902,2986,11681,1.3,233.8,3.1,2.0,102,58,0,0,0,0,0,0.0,0,0,0,0,0,0
351.5,2026-05-16T19:46:14,0016c001f10c2ef6,7.0,3.5,3.5,0.0,7809,701,7108,9.0,0.58,0.6,0.46,341141951,1632969583,3563,11681,1.3,233.8,3.1,2.0,102,58,0,0,0,0,0,0.0,0,0,0,0,0,0
352.0,2026-05-16T19:46:14,0016c001f10c2ef6,9.0,3.2,5.9,0.0,7809,701,7108,9.0,0.53,0.59,0.46,341145193,1632981330,3242,11747,1.3,233.8,3.1,2.0,102,58,0,0,0,0,0,0.0,0,0,0,0,0,0
352.5,2026-05-16T19:46:15,0016c001f10c2ef6,11.4,4.0,7.5,0.0,7809,702,7107,9.0,0.53,0.59,0.46,341149416,1633023966,4223,42636,1.3,233.8,3.1,2.0,102,58,0,0,0,0,0,0.0,0,0,0,0,0,0
353.0,2026-05-16T19:46:15,0016c001f10c2ef6,8.3,3.1,5.2,0.0,7809,702,7107,9.0,0.53,0.59,0.46,341152402,1633035713,2986,11747,1.3,233.8,3.1,2.0,102,58,0,0,0,0,0,0.0,0,0,0,0,0,0
353.4,2026-05-16T19:46:15,0016c001f10c2ef6,8.0,2.8,5.1,0.0,7809,702,7107,9.0,0.53,0.59,0.46,341155436,1633047394,3034,11681,1.3,233.8,3.1,2.0,102,58,0,0,0,0,0,0.0,0,0,0,0,0,0
353.8,2026-05-16T19:46:16,0016c001f10c2ef6,5.1,1.7,3.4,0.0,7809,701,7108,9.0,0.53,0.59,0.46,341158470,1633059075,3034,11681,1.3,233.8,3.1,2.0,102,58,0,0,0,0,0,0.0,0,0,0,0,0,0
354.3,2026-05-16T19:46:16,0016c001f10c2ef6,7.0,2.9,4.1,0.0,7809,701,7108,9.0,0.53,0.59,0.46,341161504,1633070756,3034,11681,1.3,233.8,3.1,2.0,102,58,0,0,0,0,0,0.0,0,0,0,0,0,0
354.7,2026-05-16T19:46:17,0016c001f10c2ef6,8.7,4.0,3.5,1.2,7809,701,7108,9.0,0.53,0.59,0.46,341165567,1633113326,4063,42570,1.3,233.8,3.1,2.0,102,58,0,0,0,0,0,0.0,0,0,0,0,0,0
355.2,2026-05-16T19:46:17,0016c001f10c2ef6,6.7,2.2,4.5,0.0,7809,701,7108,9.0,0.53,0.59,0.46,341168553,1633125007,2986,11681,1.3,233.8,3.1,2.0,102,58,0,0,0,0,0,0.0,0,0,0,0,0,0
355.6,2026-05-16T19:46:18,0016c001f10c2ef6,7.3,3.4,4.0,0.0,7809,702,7107,9.0,0.53,0.59,0.46,341171687,1633136688,3134,11681,1.3,233.8,3.1,2.0,102,58,0,0,0,0,0,0.0,0,0,0,0,0,0
356.0,2026-05-16T19:46:18,0016c001f10c2ef6,6.9,2.9,4.0,0.0,7809,701,7108,9.0,0.53,0.59,0.46,341174745,1633148447,3058,11759,1.3,233.8,3.1,2.0,102,58,0,0,0,0,0,0.0,0,0,0,0,0,0
356.5,2026-05-16T19:46:19,0016c001f10c2ef6,6.9,2.3,4.6,0.0,7809,701,7108,9.0,0.53,0.59,0.46,341178860,1633191083,4115,42636,1.3,233.8,3.1,2.0,102,58,0,0,0,0,0,0.0,0,0,0,0,0,0
356.9,2026-05-16T19:46:19,0016c001f10c2ef6,7.5,2.9,4.6,0.0,7809,701,7108,9.0,0.49,0.58,0.45,341181846,1633202764,2986,11681,1.3,233.8,3.1,2.0,102,58,0,0,0,0,0,0.0,0,0,0,0,0,0
357.3,2026-05-16T19:46:19,0016c001f10c2ef6,6.9,1.1,5.7,0.0,7809,701,7108,9.0,0.49,0.58,0.45,341184932,1633214445,3086,11681,1.3,233.8,3.1,2.0,102,58,0,0,0,0,0,0.0,0,0,0,0,0,0
357.8,2026-05-16T19:46:20,0016c001f10c2ef6,6.3,3.4,2.9,0.0,7809,702,7107,9.0,0.49,0.58,0.45,341188118,1633226126,3186,11681,1.3,233.8,3.1,2.0,102,58,0,0,0,0,0,0.0,0,0,0,0,0,0
358.3,2026-05-16T19:46:20,0016c001f10c2ef6,9.5,2.5,7.0,0.0,7809,702,7107,9.0,0.49,0.58,0.45,341191308,1633237873,3190,11747,1.3,233.8,3.1,2.0,102,58,0,0,0,0,0,0.0,0,0,0,0,0,0
358.8,2026-05-16T19:46:21,0016c001f10c2ef6,9.1,4.1,5.1,0.0,7809,702,7107,9.0,0.49,0.58,0.45,341195479,1633280509,4171,42636,1.3,233.8,3.1,2.0,102,58,0,0,0,0,0,0.0,0,0,0,0,0,0
359.3,2026-05-16T19:46:21,0016c001f10c2ef6,10.6,3.0,7.6,0.0,7809,701,7108,9.0,0.49,0.58,0.45,341198569,1633292256,3090,11747,1.3,233.8,3.1,2.0,102,58,0,0,0,0,0,0.0,0,0,0,0,0,0
359.8,2026-05-16T19:46:22,0016c001f10c2ef6,19.4,2.3,16.6,0.6,7809,701,7108,9.0,0.49,0.58,0.45,341201603,1633303937,3034,11681,1.3,233.8,3.1,2.0,102,58,0,0,0,0,0,0.0,0,0,0,0,0,0
360.2,2026-05-16T19:46:22,0016c001f10c2ef6,19.8,1.8,18.0,0.0,7809,701,7108,9.0,0.49,0.58,0.45,341204637,1633315618,3034,11681,1.3,233.8,3.1,2.0,102,58,0,0,0,0,0,0.0,0,0,0,0,0,0
360.6,2026-05-16T19:46:23,0016c001f10c2ef6,20.1,2.4,17.8,0.0,7809,701,7108,9.0,0.49,0.58,0.45,341208548,1633358188,3911,42570,1.3,233.8,3.1,2.0,102,58,0,0,0,0,0,0.0,0,0,0,0,0,0
361.1,2026-05-16T19:46:23,0016c001f10c2ef6,11.8,1.8,10.0,0.0,7809,702,7107,9.0,0.49,0.58,0.45,341211634,1633369869,3086,11681,1.3,233.8,3.1,2.0,102,58,0,0,0,0,0,0.0,0,0,0,0,0,0
361.5,2026-05-16T19:46:24,0016c001f10c2ef6,5.8,2.3,3.5,0.0,7809,702,7107,9.0,0.49,0.58,0.45,341215097,1633381550,3463,11681,1.3,233.8,3.1,2.0,102,58,0,0,0,0,0,0.0,0,0,0,0,0,0
361.9,2026-05-16T19:46:24,0016c001f10c2ef6,6.5,2.4,4.1,0.0,7809,702,7107,9.0,0.53,0.59,0.46,341218183,1633393231,3086,11681,1.3,233.8,3.1,2.0,102,58,0,0,0,0,0,0.0,0,0,0,0,0,0
362.4,2026-05-16T19:46:24,0016c001f10c2ef6,8.0,2.9,5.1,0.0,7809,701,7108,9.0,0.53,0.59,0.46,341221217,1633404912,3034,11681,1.3,233.8,3.1,2.0,102,58,0,0,0,0,0,0.0,0,0,0,0,0,0
362.8,2026-05-16T19:46:25,0016c001f10c2ef6,6.4,2.3,4.0,0.0,7809,701,7108,9.0,0.53,0.59,0.46,341225284,1633447482,4067,42570,1.3,233.8,3.1,2.0,102,58,0,0,0,0,0,0.0,0,0,0,0,0,0
363.2,2026-05-16T19:46:25,0016c001f10c2ef6,5.8,2.3,3.5,0.0,7809,702,7107,9.0,0.53,0.59,0.46,341228370,1633459163,3086,11681,1.3,233.8,3.1,2.0,102,58,0,0,0,0,0,0.0,0,0,0,0,0,0
363.7,2026-05-16T19:46:26,0016c001f10c2ef6,5.5,1.1,4.4,0.0,7809,702,7107,9.0,0.53,0.59,0.46,341231404,1633470844,3034,11681,1.3,233.8,3.1,2.0,102,58,0,0,0,0,0,0.0,0,0,0,0,0,0
364.1,2026-05-16T19:46:26,0016c001f10c2ef6,5.7,2.3,2.9,0.6,7809,701,7108,9.0,0.53,0.59,0.46,341234556,1633482669,3152,11825,1.3,233.8,3.1,2.0,102,58,0,0,0,0,0,0.0,0,0,0,0,0,0
364.6,2026-05-16T19:46:27,0016c001f10c2ef6,7.7,2.2,5.5,0.0,7809,701,7108,9.0,0.53,0.59,0.46,341238723,1633525239,4167,42570,1.3,233.8,3.1,2.0,102,58,0,0,0,0,0,0.0,0,0,0,0,0,0
365.1,2026-05-16T19:46:27,0016c001f10c2ef6,11.0,4.0,7.0,0.0,7809,702,7107,9.0,0.53,0.59,0.46,341241709,1633536986,2986,11747,1.3,233.8,3.1,2.0,102,58,0,0,0,0,0,0.0,0,0,0,0,0,0
365.5,2026-05-16T19:46:28,0016c001f10c2ef6,7.0,1.2,5.2,0.6,7809,702,7107,9.0,0.53,0.59,0.46,341244847,1633548667,3138,11681,1.3,233.8,3.1,2.0,102,58,0,0,0,0,0,0.0,0,0,0,0,0,0
366.0,2026-05-16T19:46:28,0016c001f10c2ef6,7.3,2.8,4.5,0.0,7809,702,7107,9.0,0.53,0.59,0.46,341247881,1633560348,3034,11681,1.3,233.8,3.1,2.0,102,58,0,0,0,0,0,0.0,0,0,0,0,0,0
366.4,2026-05-16T19:46:28,0016c001f10c2ef6,6.2,1.7,4.5,0.0,7809,702,7107,9.0,0.53,0.59,0.46,341250967,1633572029,3086,11681,1.3,233.8,3.1,2.0,102,58,0,0,0,0,0,0.0,0,0,0,0,0,0
366.9,2026-05-16T19:46:29,0016c001f10c2ef6,6.9,2.9,4.0,0.0,7809,701,7108,9.0,0.49,0.58,0.45,341254930,1633614599,3963,42570,1.3,233.8,3.1,2.0,102,58,0,0,0,0,0,0.0,0,0,0,0,0,0
367.3,2026-05-16T19:46:29,0016c001f10c2ef6,5.8,1.7,4.1,0.0,7809,701,7108,9.0,0.49,0.58,0.45,341257964,1633626280,3034,11681,1.3,233.8,3.1,2.0,102,58,0,0,0,0,0,0.0,0,0,0,0,0,0
367.7,2026-05-16T19:46:30,0016c001f10c2ef6,5.8,2.9,2.9,0.0,7809,702,7107,9.0,0.49,0.58,0.45,341261090,1633638093,3126,11813,1.3,233.8,3.1,2.0,102,58,0,0,0,0,0,0.0,0,0,0,0,0,0
368.2,2026-05-16T19:46:30,0016c001f10c2ef6,6.9,2.3,4.6,0.0,7809,702,7107,9.0,0.49,0.58,0.45,341264124,1633649774,3034,11681,1.3,233.8,3.1,2.0,102,58,0,0,0,0,0,0.0,0,0,0,0,0,0
368.6,2026-05-16T19:46:31,0016c001f10c2ef6,5.8,2.3,3.5,0.0,7809,702,7107,9.0,0.49,0.58,0.45,341268139,1633692344,4015,42570,1.3,233.8,3.1,2.0,102,58,0,0,0,0,0,0.0,0,0,0,0,0,0
369.0,2026-05-16T19:46:31,0016c001f10c2ef6,7.1,2.4,4.7,0.0,7809,702,7107,9.0,0.49,0.58,0.45,341271245,1633704111,3106,11767,1.3,233.8,3.1,2.0,102,58,0,0,0,0,0,0.0,0,0,0,0,0,0
369.5,2026-05-16T19:46:32,0016c001f10c2ef6,5.7,1.7,4.0,0.0,7809,702,7107,9.0,0.49,0.58,0.45,341274325,1633715858,3080,11747,1.3,233.8,3.1,2.0,102,58,0,0,0,0,0,0.0,0,0,0,0,0,0
369.9,2026-05-16T19:46:32,0016c001f10c2ef6,5.7,2.8,2.8,0.0,7809,702,7107,9.0,0.49,0.58,0.45,341277511,1633727539,3186,11681,1.3,233.8,3.1,2.0,102,58,0,0,0,0,0,0.0,0,0,0,0,0,0
370.4,2026-05-16T19:46:32,0016c001f10c2ef6,10.6,3.0,7.5,0.0,7809,702,7107,9.0,0.49,0.58,0.45,341280701,1633739286,3190,11747,1.3,233.8,3.1,2.0,102,58,0,0,0,0,0,0.0,0,0,0,0,0,0
370.9,2026-05-16T19:46:33,0016c001f10c2ef6,10.2,3.4,6.8,0.0,7809,702,7107,9.0,0.49,0.58,0.45,341284668,1633781922,3967,42636,1.3,233.8,3.1,2.0,102,58,0,0,0,0,0,0.0,0,0,0,0,0,0
371.4,2026-05-16T19:46:33,0016c001f10c2ef6,17.8,3.3,13.3,1.1,7809,701,7108,9.0,0.49,0.58,0.45,341287702,1633793603,3034,11681,1.3,233.8,3.1,2.0,102,58,0,0,0,0,0,0.0,0,0,0,0,0,0
371.9,2026-05-16T19:46:34,0016c001f10c2ef6,18.3,2.3,16.0,0.0,7809,701,7108,9.0,0.53,0.59,0.46,341291165,1633805284,3463,11681,1.3,233.8,3.1,2.0,102,58,0,0,0,0,0,0.0,0,0,0,0,0,0
372.3,2026-05-16T19:46:34,0016c001f10c2ef6,17.9,2.2,15.6,0.0,7809,701,7108,9.0,0.53,0.59,0.46,341294199,1633816965,3034,11681,1.3,233.8,3.1,2.0,102,58,0,0,0,0,0,0.0,0,0,0,0,0,0
372.8,2026-05-16T19:46:35,0016c001f10c2ef6,13.6,0.6,13.0,0.0,7809,701,7108,9.0,0.53,0.59,0.46,341298110,1633859535,3911,42570,1.3,233.9,3.1,2.0,102,58,0,0,0,0,0,0.0,0,0,0,0,0,0
373.2,2026-05-16T19:46:35,0016c001f10c2ef6,8.0,3.4,4.6,0.0,7809,701,7108,9.0,0.53,0.59,0.46,341301144,1633871216,3034,11681,1.3,233.9,3.1,2.0,102,58,0,0,0,0,0,0.0,0,0,0,0,0,0
373.6,2026-05-16T19:46:36,0016c001f10c2ef6,5.7,2.3,3.4,0.0,7809,700,7109,9.0,0.53,0.59,0.46,341304178,1633882897,3034,11681,1.3,233.9,3.1,2.0,102,58,0,0,0,0,0,0.0,0,0,0,0,0,0
374.1,2026-05-16T19:46:36,0016c001f10c2ef6,6.9,2.9,4.0,0.0,7809,700,7109,9.0,0.53,0.59,0.46,341307212,1633894578,3034,11681,1.3,233.8,3.1,2.0,102,58,0,0,0,0,0,0.0,0,0,0,0,0,0
374.5,2026-05-16T19:46:37,0016c001f10c2ef6,6.3,2.3,4.0,0.0,7809,700,7109,9.0,0.53,0.59,0.46,341310246,1633906259,3034,11681,1.3,233.8,3.1,2.0,102,58,0,0,0,0,0,0.0,0,0,0,0,0,0
375.0,2026-05-16T19:46:37,0016c001f10c2ef6,6.8,3.4,3.4,0.0,7809,702,7107,9.0,0.53,0.59,0.46,341314209,1633948829,3963,42570,1.3,233.8,3.1,2.0,102,58,0,0,0,0,0,0.0,0,0,0,0,0,0
375.4,2026-05-16T19:46:37,0016c001f10c2ef6,6.9,2.3,4.6,0.0,7809,702,7107,9.0,0.53,0.59,0.46,341317319,1633960666,3110,11837,1.3,233.8,3.1,2.0,102,58,0,0,0,0,0,0.0,0,0,0,0,0,0
375.8,2026-05-16T19:46:38,0016c001f10c2ef6,4.6,2.9,1.7,0.0,7809,702,7107,9.0,0.53,0.59,0.46,341320353,1633972347,3034,11681,1.3,233.8,3.1,2.0,102,58,0,0,0,0,0,0.0,0,0,0,0,0,0
376.3,2026-05-16T19:46:38,0016c001f10c2ef6,7.9,2.8,5.1,0.0,7809,701,7108,9.0,0.53,0.59,0.46,341323591,1633984028,3238,11681,1.3,233.9,3.1,2.0,102,58,0,0,0,0,0,0.0,0,0,0,0,0,0
376.8,2026-05-16T19:46:39,0016c001f10c2ef6,9.3,3.4,5.9,0.0,7809,701,7108,9.0,0.57,0.59,0.46,341327454,1634026664,3863,42636,1.3,233.9,3.1,2.0,102,58,0,0,0,0,0,0.0,0,0,0,0,0,0
377.3,2026-05-16T19:46:39,0016c001f10c2ef6,10.9,2.9,4.6,3.4,7809,701,7108,9.0,0.57,0.59,0.46,341330488,1634038345,3034,11681,1.3,233.9,3.1,2.0,102,58,0,0,0,0,0,0.0,0,0,0,0,0,0
377.7,2026-05-16T19:46:40,0016c001f10c2ef6,4.7,1.2,3.5,0.0,7809,701,7108,9.0,0.57,0.59,0.46,341333522,1634050026,3034,11681,1.3,233.9,3.1,2.0,102,58,0,0,0,0,0,0.0,0,0,0,0,0,0
378.1,2026-05-16T19:46:40,0016c001f10c2ef6,5.8,1.7,4.0,0.0,7809,702,7107,9.0,0.57,0.59,0.46,341336556,1634061707,3034,11681,1.3,233.9,3.1,2.0,102,58,0,0,0,0,0,0.0,0,0,0,0,0,0
378.6,2026-05-16T19:46:41,0016c001f10c2ef6,5.8,1.7,4.0,0.0,7809,702,7107,9.0,0.57,0.59,0.46,341339590,1634073388,3034,11681,1.3,233.9,3.1,2.0,102,58,0,0,0,0,0,0.0,0,0,0,0,0,0
379.0,2026-05-16T19:46:41,0016c001f10c2ef6,7.0,2.9,4.1,0.0,7809,702,7107,9.0,0.57,0.59,0.46,341343709,1634115958,4119,42570,1.3,233.9,3.1,2.0,102,58,0,0,0,0,0,0.0,0,0,0,0,0,0
379.4,2026-05-16T19:46:42,0016c001f10c2ef6,6.7,1.7,5.0,0.0,7809,701,7108,9.0,0.57,0.59,0.46,341346743,1634127639,3034,11681,1.3,233.6,3.1,2.0,102,58,0,0,0,0,0,0.0,0,0,0,0,0,0
379.9,2026-05-16T19:46:42,0016c001f10c2ef6,6.4,2.3,4.0,0.0,7809,701,7108,9.0,0.57,0.59,0.46,341349849,1634139398,3106,11759,1.3,233.6,3.1,2.0,102,58,0,0,0,0,0,0.0,0,0,0,0,0,0
380.3,2026-05-16T19:46:42,0016c001f10c2ef6,5.7,2.9,2.9,0.0,7809,701,7108,9.0,0.57,0.59,0.46,341352883,1634151079,3034,11681,1.3,233.6,3.1,2.0,102,58,0,0,0,0,0,0.0,0,0,0,0,0,0
380.8,2026-05-16T19:46:43,0016c001f10c2ef6,8.3,4.4,3.9,0.0,7809,701,7108,9.0,0.57,0.59,0.46,341356898,1634193649,4015,42570,1.3,233.6,3.1,2.0,102,58,0,0,0,0,0,0.0,0,0,0,0,0,0
381.2,2026-05-16T19:46:43,0016c001f10c2ef6,6.8,2.8,4.0,0.0,7809,701,7108,9.0,0.57,0.59,0.46,341359932,1634205330,3034,11681,1.3,233.6,3.1,2.0,102,58,0,0,0,0,0,0.0,0,0,0,0,0,0
381.7,2026-05-16T19:46:44,0016c001f10c2ef6,7.1,2.7,4.4,0.0,7809,702,7107,9.0,0.52,0.58,0.46,341363651,1634217011,3719,11681,1.3,233.6,3.1,2.0,102,58,0,0,0,0,0,0.0,0,0,0,0,0,0
382.2,2026-05-16T19:46:44,0016c001f10c2ef6,9.7,3.4,6.3,0.0,7809,701,7108,9.0,0.52,0.58,0.46,341366637,1634228758,2986,11747,1.3,233.6,3.1,2.0,102,58,0,0,0,0,0,0.0,0,0,0,0,0,0
382.6,2026-05-16T19:46:45,0016c001f10c2ef6,9.7,1.1,4.0,4.6,7809,702,7107,9.0,0.52,0.58,0.46,341369671,1634240439,3034,11681,1.3,233.6,3.1,2.0,102,58,0,0,0,0,0,0.0,0,0,0,0,0,0
383.1,2026-05-16T19:46:45,0016c001f10c2ef6,14.5,3.5,11.0,0.0,7809,701,7108,9.0,0.52,0.58,0.46,341373686,1634283009,4015,42570,1.3,233.6,3.1,2.0,102,58,0,0,0,0,0,0.0,0,0,0,0,0,0
383.5,2026-05-16T19:46:46,0016c001f10c2ef6,20.8,2.9,17.9,0.0,7809,702,7107,9.0,0.52,0.58,0.46,341376720,1634294690,3034,11681,1.3,233.6,3.1,2.0,102,58,0,0,0,0,0,0.0,0,0,0,0,0,0
384.0,2026-05-16T19:46:46,0016c001f10c2ef6,23.1,4.1,17.2,1.8,7809,700,7109,9.0,0.52,0.58,0.46,341379806,1634307054,3086,12364,1.3,233.6,3.1,2.0,102,58,0,0,0,0,0,0.0,0,0,0,0,0,0
384.4,2026-05-16T19:46:46,0016c001f10c2ef6,19.5,3.0,16.5,0.0,7809,701,7108,9.0,0.52,0.58,0.46,341382886,1634320247,3080,13193,1.3,233.6,3.1,2.0,102,58,0,0,0,0,0,0.0,0,0,0,0,0,0
384.8,2026-05-16T19:46:47,0016c001f10c2ef6,6.4,2.9,3.5,0.0,7809,701,7108,9.0,0.52,0.58,0.46,341386693,1634362817,3807,42570,1.3,233.6,3.1,2.0,102,58,0,0,0,0,0,0.0,0,0,0,0,0,0
385.3,2026-05-16T19:46:47,0016c001f10c2ef6,5.7,2.3,3.4,0.0,7809,701,7108,9.0,0.52,0.58,0.46,341389727,1634374498,3034,11681,1.3,233.6,3.1,2.0,102,58,0,0,0,0,0,0.0,0,0,0,0,0,0
385.7,2026-05-16T19:46:48,0016c001f10c2ef6,8.7,2.3,4.0,2.3,7809,701,7108,9.0,0.52,0.58,0.46,341392761,1634386179,3034,11681,1.3,233.6,3.1,2.0,103,59,1,1,0,0,0,0.0,0,0,0,0,0,0
386.2,2026-05-16T19:46:48,0016c001f10c2ef6,6.2,3.4,2.8,0.0,7809,701,7108,9.0,0.52,0.58,0.46,341395795,1634397860,3034,11681,1.3,233.6,3.1,2.0,103,59,0,0,0,0,0,0.0,0,0,0,0,0,0
386.6,2026-05-16T19:46:49,0016c001f10c2ef6,5.7,2.3,3.4,0.0,7809,701,7108,9.0,0.48,0.57,0.45,341398881,1634409541,3086,11681,1.3,233.6,3.1,2.0,103,59,0,0,0,0,0,0.0,0,0,0,0,0,0
387.1,2026-05-16T19:46:49,0016c001f10c2ef6,6.9,1.7,5.2,0.0,7809,699,7110,9.0,0.48,0.57,0.45,341403048,1634452111,4167,42570,1.3,233.6,3.1,2.0,103,59,0,0,0,0,0,0.0,0,0,0,0,0,0
387.6,2026-05-16T19:46:50,0016c001f10c2ef6,9.3,3.4,5.9,0.0,7809,700,7109,9.0,0.48,0.57,0.45,341406034,1634463858,2986,11747,1.3,233.7,3.1,2.0,103,59,0,0,0,0,0,0.0,0,0,0,0,0,0
388.0,2026-05-16T19:46:50,0016c001f10c2ef6,10.2,2.3,3.4,4.5,7809,700,7109,9.0,0.48,0.57,0.45,341409192,1634475617,3158,11759,1.3,233.7,3.1,2.0,103,59,0,0,0,0,0,0.0,0,0,0,0,0,0
388.5,2026-05-16T19:46:51,0016c001f10c2ef6,6.3,2.9,3.4,0.0,7809,701,7108,9.0,0.48,0.57,0.45,341412226,1634487298,3034,11681,1.3,233.7,3.1,2.0,103,59,0,0,0,0,0,0.0,0,0,0,0,0,0
388.9,2026-05-16T19:46:51,0016c001f10c2ef6,5.8,1.7,4.0,0.0,7809,700,7109,9.0,0.48,0.57,0.45,341416137,1634529868,3911,42570,1.3,233.6,3.1,2.0,103,59,0,0,0,0,0,0.0,0,0,0,0,0,0
389.3,2026-05-16T19:46:51,0016c001f10c2ef6,9.6,3.4,6.2,0.0,7809,700,7109,9.0,0.48,0.57,0.45,341419171,1634541549,3034,11681,1.3,233.6,3.1,2.0,103,59,0,0,0,0,0,0.0,0,0,0,0,0,0
389.8,2026-05-16T19:46:52,0016c001f10c2ef6,7.5,2.9,4.6,0.0,7809,700,7109,9.0,0.48,0.57,0.45,341422205,1634553230,3034,11681,1.3,233.6,3.1,2.0,103,59,0,0,0,0,0,0.0,0,0,0,0,0,0
390.2,2026-05-16T19:46:52,0016c001f10c2ef6,6.3,3.4,2.9,0.0,7809,701,7108,9.0,0.48,0.57,0.45,341425291,1634564911,3086,11681,1.3,233.6,3.1,2.0,103,59,0,0,0,0,0,0.0,0,0,0,0,0,0
390.7,2026-05-16T19:46:53,0016c001f10c2ef6,5.1,2.0,3.0,0.0,7809,701,7108,9.0,0.48,0.57,0.45,341428325,1634576592,3034,11681,1.3,233.6,3.1,2.0,103,59,0,0,0,0,0,0.0,0,0,0,0,0,0
391.1,2026-05-16T19:46:53,0016c001f10c2ef6,6.9,2.9,4.0,0.0,7809,701,7108,9.0,0.48,0.57,0.45,341432340,1634619162,4015,42570,1.3,233.6,3.1,2.0,103,59,0,0,0,0,0,0.0,0,0,0,0,0,0
391.6,2026-05-16T19:46:54,0016c001f10c2ef6,6.3,2.3,4.0,0.0,7809,701,7108,9.0,0.44,0.56,0.45,341435803,1634630843,3463,11681,1.3,233.6,3.1,2.0,103,59,0,0,0,0,0,0.0,0,0,0,0,0,0
392.0,2026-05-16T19:46:54,0016c001f10c2ef6,4.8,1.2,3.6,0.0,7809,702,7107,9.0,0.44,0.56,0.45,341438889,1634642524,3086,11681,1.3,233.6,3.1,2.0,103,59,0,0,0,0,0,0.0,0,0,0,0,0,0
392.5,2026-05-16T19:46:55,0016c001f10c2ef6,7.5,2.3,5.2,0.0,7809,701,7108,9.0,0.44,0.56,0.45,341442075,1634654205,3186,11681,1.3,233.6,3.1,2.0,103,59,0,0,0,0,0,0.0,0,0,0,0,0,0
393.0,2026-05-16T19:46:55,0016c001f10c2ef6,9.0,3.5,5.5,0.0,7809,702,7107,9.0,0.44,0.56,0.45,341445990,1634696841,3915,42636,1.3,233.6,3.1,2.0,103,59,0,0,0,0,0,0.0,0,0,0,0,0,0
393.4,2026-05-16T19:46:55,0016c001f10c2ef6,7.6,4.1,3.5,0.0,7809,701,7108,9.0,0.44,0.56,0.45,341449076,1634708522,3086,11681,1.3,233.6,3.1,2.0,103,59,0,0,0,0,0,0.0,0,0,0,0,0,0
393.8,2026-05-16T19:46:56,0016c001f10c2ef6,6.4,2.3,4.0,0.0,7809,702,7107,9.0,0.44,0.56,0.45,341452214,1634721996,3138,13474,1.3,233.6,3.1,2.0,103,59,0,0,0,0,0,0.0,0,0,0,0,0,0
394.3,2026-05-16T19:46:56,0016c001f10c2ef6,9.8,4.6,4.6,0.6,7809,701,7108,9.0,0.44,0.56,0.45,341455398,1634735651,3184,13655,1.3,233.6,3.1,2.0,103,59,0,0,0,0,0,0.0,0,0,0,0,0,0
394.7,2026-05-16T19:46:57,0016c001f10c2ef6,10.3,2.9,7.5,0.0,7809,701,7108,9.0,0.44,0.56,0.45,341458432,1634747332,3034,11681,1.3,233.6,3.1,2.0,103,59,0,0,0,0,0,0.0,0,0,0,0,0,0
395.1,2026-05-16T19:46:57,0016c001f10c2ef6,19.4,2.9,16.5,0.0,7809,700,7109,9.0,0.44,0.56,0.45,341462395,1634789983,3963,42651,1.3,233.6,3.1,2.0,103,59,0,0,0,0,0,0.0,0,0,0,0,0,0
395.6,2026-05-16T19:46:58,0016c001f10c2ef6,18.3,2.4,15.9,0.0,7809,701,7108,9.0,0.44,0.56,0.45,341465481,1634801664,3086,11681,1.3,233.6,3.1,2.0,103,59,0,0,0,0,0,0.0,0,0,0,0,0,0
396.0,2026-05-16T19:46:58,0016c001f10c2ef6,19.4,2.4,17.1,0.0,7809,701,7108,9.0,0.44,0.56,0.45,341468587,1634813423,3106,11759,1.3,233.6,3.1,2.0,103,59,0,0,0,0,0,0.0,0,0,0,0,0,0
396.5,2026-05-16T19:46:59,0016c001f10c2ef6,11.7,1.2,10.5,0.0,7809,701,7108,9.0,0.44,0.56,0.45,341471673,1634825104,3086,11681,1.3,233.6,3.1,2.0,103,59,0,0,0,0,0,0.0,0,0,0,0,0,0
396.9,2026-05-16T19:46:59,0016c001f10c2ef6,6.2,2.3,4.0,0.0,7809,701,7108,9.0,0.57,0.59,0.46,341474759,1634836785,3086,11681,1.3,233.6,3.1,2.0,103,59,0,0,0,0,0,0.0,0,0,0,0,0,0
397.3,2026-05-16T19:46:59,0016c001f10c2ef6,8.5,4.0,4.5,0.0,7809,700,7109,9.0,0.57,0.59,0.46,341478618,1634879436,3859,42651,1.3,233.6,3.1,2.0,103,59,0,0,0,0,0,0.0,0,0,0,0,0,0
397.8,2026-05-16T19:47:00,0016c001f10c2ef6,6.3,2.3,4.0,0.0,7809,701,7108,9.0,0.57,0.59,0.46,341481856,1634891117,3238,11681,1.3,233.6,3.1,2.0,103,59,0,0,0,0,0,0.0,0,0,0,0,0,0
398.3,2026-05-16T19:47:00,0016c001f10c2ef6,9.3,3.6,5.7,0.0,7809,702,7107,9.0,0.57,0.59,0.46,341484842,1634902864,2986,11747,1.3,233.6,3.1,2.0,103,59,0,0,0,0,0,0.0,0,0,0,0,0,0
398.7,2026-05-16T19:47:01,0016c001f10c2ef6,6.2,2.2,3.9,0.0,7809,700,7109,9.0,0.57,0.59,0.46,341487876,1634914545,3034,11681,1.3,233.6,3.1,2.0,103,59,0,0,0,0,0,0.0,0,0,0,0,0,0
399.2,2026-05-16T19:47:01,0016c001f10c2ef6,6.1,2.0,4.1,0.0,7809,701,7108,9.0,0.57,0.59,0.46,341491747,1634957438,3871,42893,1.3,233.6,3.1,2.0,103,59,0,0,0,0,0,0.0,0,0,0,0,0,0
399.6,2026-05-16T19:47:02,0016c001f10c2ef6,6.9,2.3,4.6,0.0,7809,701,7108,9.0,0.57,0.59,0.46,341494781,1634969119,3034,11681,1.3,233.6,3.1,2.0,103,59,0,0,0,0,0,0.0,0,0,0,0,0,0
400.1,2026-05-16T19:47:02,0016c001f10c2ef6,5.3,1.8,3.5,0.0,7809,701,7108,9.0,0.57,0.59,0.46,341497815,1634980800,3034,11681,1.3,233.6,3.1,2.0,103,59,0,0,0,0,0,0.0,0,0,0,0,0,0
400.5,2026-05-16T19:47:03,0016c001f10c2ef6,5.9,1.8,4.1,0.0,7809,701,7108,9.0,0.57,0.59,0.46,341500849,1634992481,3034,11681,1.3,233.6,3.1,2.0,103,59,0,0,0,0,0,0.0,0,0,0,0,0,0
400.9,2026-05-16T19:47:03,0016c001f10c2ef6,5.8,2.3,3.5,0.0,7809,701,7108,9.0,0.57,0.59,0.46,341503935,1635004162,3086,11681,1.3,233.7,3.1,2.0,103,59,0,0,0,0,0,0.0,0,0,0,0,0,0
401.4,2026-05-16T19:47:03,0016c001f10c2ef6,8.1,3.5,4.6,0.0,7809,700,7109,9.0,0.57,0.59,0.46,341507998,1635046813,4063,42651,1.3,233.7,3.1,2.0,103,59,0,0,0,0,0,0.0,0,0,0,0,0,0
401.8,2026-05-16T19:47:04,0016c001f10c2ef6,6.3,1.7,4.6,0.0,7809,700,7109,9.0,0.76,0.63,0.47,341511465,1635058494,3467,11681,1.3,233.7,3.1,2.0,103,59,0,0,0,0,0,0.0,0,0,0,0,0,0
402.3,2026-05-16T19:47:04,0016c001f10c2ef6,5.8,1.7,4.0,0.0,7809,700,7109,9.0,0.76,0.63,0.47,341514499,1635070175,3034,11681,1.3,233.7,3.1,2.0,103,59,0,0,0,0,0,0.0,0,0,0,0,0,0
402.7,2026-05-16T19:47:05,0016c001f10c2ef6,6.4,2.3,4.1,0.0,7809,700,7109,9.0,0.76,0.63,0.47,341517533,1635081856,3034,11681,1.3,233.7,3.1,2.0,103,59,0,0,0,0,0,0.0,0,0,0,0,0,0
403.1,2026-05-16T19:47:05,0016c001f10c2ef6,4.7,1.8,3.0,0.0,7809,700,7109,9.0,0.76,0.63,0.47,341521596,1635124507,4063,42651,1.3,233.7,3.1,2.0,103,59,0,0,0,0,0,0.0,0,0,0,0,0,0
403.6,2026-05-16T19:47:06,0016c001f10c2ef6,11.9,3.5,8.5,0.0,7809,700,7109,9.0,0.76,0.63,0.47,341524582,1635136254,2986,11747,1.3,233.7,3.1,2.0,103,59,0,0,0,0,0,0.0,0,0,0,0,0,0
404.1,2026-05-16T19:47:06,0016c001f10c2ef6,5.8,1.2,4.7,0.0,7809,700,7109,9.0,0.76,0.63,0.47,341527688,1635148013,3106,11759,1.3,233.7,3.1,2.0,103,59,0,0,0,0,0,0.0,0,0,0,0,0,0
404.5,2026-05-16T19:47:07,0016c001f10c2ef6,6.4,3.5,2.9,0.0,7809,700,7109,9.0,0.76,0.63,0.47,341530722,1635159694,3034,11681,1.3,233.7,3.1,2.0,103,59,0,0,0,0,0,0.0,0,0,0,0,0,0
404.9,2026-05-16T19:47:07,0016c001f10c2ef6,6.8,1.1,5.7,0.0,7809,700,7109,9.0,0.76,0.63,0.47,341533808,1635171375,3086,11681,1.3,233.7,3.1,2.0,103,59,0,0,0,0,0,0.0,0,0,0,0,0,0
405.4,2026-05-16T19:47:07,0016c001f10c2ef6,7.1,3.0,4.2,0.0,7809,700,7109,9.0,0.76,0.63,0.47,341538003,1635214182,4195,42807,1.3,233.7,3.1,2.0,103,59,0,0,0,0,0,0.0,0,0,0,0,0,0
405.8,2026-05-16T19:47:08,0016c001f10c2ef6,5.2,2.9,2.3,0.0,7809,702,7107,9.0,0.76,0.63,0.47,341541037,1635225863,3034,11681,1.3,233.7,3.1,2.0,103,59,0,0,0,0,0,0.0,0,0,0,0,0,0
406.2,2026-05-16T19:47:08,0016c001f10c2ef6,6.3,1.7,4.6,0.0,7809,702,7107,9.0,0.76,0.63,0.47,341544123,1635237544,3086,11681,1.3,233.7,3.1,2.0,103,59,0,0,0,0,0,0.0,0,0,0,0,0,0
406.7,2026-05-16T19:47:09,0016c001f10c2ef6,15.3,2.8,12.4,0.0,7809,701,7108,9.0,0.78,0.63,0.48,341547261,1635249908,3138,12364,1.3,233.7,3.1,2.0,103,59,0,0,0,0,0,0.0,0,0,0,0,0,0
407.2,2026-05-16T19:47:09,0016c001f10c2ef6,22.5,3.4,18.5,0.6,7809,702,7107,9.0,0.78,0.63,0.48,341551322,1635294150,4061,44242,1.3,233.7,3.1,2.0,103,59,0,0,0,0,0,0.0,0,0,0,0,0,0
407.6,2026-05-16T19:47:10,0016c001f10c2ef6,21.1,4.6,16.6,0.0,7809,701,7108,9.0,0.78,0.63,0.48,341554408,1635305897,3086,11747,1.3,233.7,3.1,2.0,103,59,0,0,0,0,0,0.0,0,0,0,0,0,0
408.0,2026-05-16T19:47:10,0016c001f10c2ef6,14.8,1.8,13.0,0.0,7809,701,7108,9.0,0.78,0.63,0.48,341557442,1635317578,3034,11681,1.3,233.7,3.1,2.0,103,59,0,0,0,0,0,0.0,0,0,0,0,0,0
408.5,2026-05-16T19:47:11,0016c001f10c2ef6,7.0,2.3,4.7,0.0,7809,702,7107,9.0,0.78,0.63,0.48,341560680,1635329259,3238,11681,1.3,233.7,3.1,2.0,103,59,0,0,0,0,0,0.0,0,0,0,0,0,0
409.0,2026-05-16T19:47:11,0016c001f10c2ef6,9.0,4.0,5.0,0.0,7809,702,7107,9.0,0.78,0.63,0.48,341563666,1635341006,2986,11747,1.3,233.7,3.1,2.0,103,59,0,0,0,0,0,0.0,0,0,0,0,0,0
409.4,2026-05-16T19:47:12,0016c001f10c2ef6,8.2,4.1,4.1,0.0,7809,702,7107,9.0,0.78,0.63,0.48,341567831,1635384670,4165,43664,1.3,233.7,3.1,2.0,103,59,0,0,0,0,0,0.0,0,0,0,0,0,0
409.9,2026-05-16T19:47:12,0016c001f10c2ef6,6.9,2.9,4.0,0.0,7809,702,7107,9.0,0.78,0.63,0.48,341570965,1635396351,3134,11681,1.3,233.7,3.1,2.0,103,59,0,0,0,0,0,0.0,0,0,0,0,0,0
410.3,2026-05-16T19:47:12,0016c001f10c2ef6,6.9,4.0,2.9,0.0,7809,701,7108,9.0,0.78,0.63,0.48,341573951,1635408032,2986,11681,1.3,233.7,3.1,2.0,103,59,0,0,0,0,0,0.0,0,0,0,0,0,0
410.7,2026-05-16T19:47:13,0016c001f10c2ef6,9.6,3.4,5.1,1.1,7809,701,7108,9.0,0.78,0.63,0.48,341577037,1635419713,3086,11681,1.3,233.7,3.1,2.0,103,59,0,0,0,0,0,0.0,0,0,0,0,0,0
411.2,2026-05-16T19:47:13,0016c001f10c2ef6,6.5,2.4,4.1,0.0,7809,701,7108,9.0,0.78,0.63,0.48,341580740,1635462364,3703,42651,1.3,233.7,3.1,2.0,103,59,0,0,0,0,0,0.0,0,0,0,0,0,0
411.6,2026-05-16T19:47:14,0016c001f10c2ef6,8.2,3.5,4.7,0.0,7809,702,7107,9.0,0.72,0.62,0.47,341584359,1635474045,3619,11681,1.3,233.7,3.1,2.0,103,59,0,0,0,0,0,0.0,0,0,0,0,0,0
412.0,2026-05-16T19:47:14,0016c001f10c2ef6,6.9,2.3,4.6,0.0,7809,701,7108,9.0,0.72,0.62,0.47,341587465,1635485804,3106,11759,1.3,233.7,3.1,2.0,103,59,0,0,0,0,0,0.0,0,0,0,0,0,0
412.5,2026-05-16T19:47:15,0016c001f10c2ef6,5.8,1.2,4.7,0.0,7809,701,7108,9.0,0.72,0.62,0.47,341590651,1635497485,3186,11681,1.3,233.7,3.1,2.0,103,59,0,0,0,0,0,0.0,0,0,0,0,0,0
412.9,2026-05-16T19:47:15,0016c001f10c2ef6,6.3,1.7,4.6,0.0,7809,701,7108,9.0,0.72,0.62,0.47,341593881,1635509298,3230,11813,1.3,233.7,3.1,2.0,103,59,0,0,0,0,0,0.0,0,0,0,0,0,0
413.3,2026-05-16T19:47:15,0016c001f10c2ef6,6.4,2.3,4.1,0.0,7809,700,7109,9.0,0.72,0.62,0.47,341597796,1635551949,3915,42651,1.3,233.7,3.1,2.0,103,59,0,0,0,0,0,0.0,0,0,0,0,0,0
413.8,2026-05-16T19:47:16,0016c001f10c2ef6,6.4,2.3,4.1,0.0,7809,701,7108,9.0,0.72,0.62,0.47,341600930,1635563630,3134,11681,1.3,233.7,3.1,2.0,103,59,0,0,0,0,0,0.0,0,0,0,0,0,0
414.3,2026-05-16T19:47:16,0016c001f10c2ef6,10.2,3.6,6.6,0.0,7809,701,7108,9.0,0.72,0.62,0.47,341603968,1635575377,3038,11747,1.3,233.7,3.1,2.0,103,59,0,0,0,0,0,0.0,0,0,0,0,0,0
414.7,2026-05-16T19:47:17,0016c001f10c2ef6,5.7,1.7,4.0,0.0,7809,701,7108,9.0,0.72,0.62,0.47,341607100,1635587124,3132,11747,1.3,233.7,3.1,2.0,103,59,0,0,0,0,0,0.0,0,0,0,0,0,0
415.2,2026-05-16T19:47:17,0016c001f10c2ef6,5.2,1.7,3.5,0.0,7809,700,7109,9.0,0.72,0.62,0.47,341610134,1635598805,3034,11681,1.3,233.7,3.1,2.0,103,59,0,0,0,0,0,0.0,0,0,0,0,0,0
415.6,2026-05-16T19:47:18,0016c001f10c2ef6,8.0,3.4,4.0,0.6,7809,700,7109,9.0,0.72,0.62,0.47,341614149,1635641456,4015,42651,1.3,233.7,3.1,2.0,106,61,3,2,0,0,0,0.0,0,0,0,0,0,0
416.0,2026-05-16T19:47:18,0016c001f10c2ef6,6.4,1.8,4.7,0.0,7809,701,7108,9.0,0.72,0.62,0.47,341617183,1635653137,3034,11681,1.3,233.7,3.1,2.0,106,61,0,0,0,0,0,0.0,0,0,0,0,0,0
416.5,2026-05-16T19:47:19,0016c001f10c2ef6,6.3,1.7,4.6,0.0,7809,701,7108,9.0,0.72,0.62,0.47,341620269,1635664818,3086,11681,1.3,233.7,3.1,2.0,106,61,0,0,0,0,0,0.0,0,0,0,0,0,0
416.9,2026-05-16T19:47:19,0016c001f10c2ef6,6.9,2.9,4.0,0.0,7809,701,7108,9.0,0.74,0.63,0.48,341623459,1635678358,3190,13540,1.3,233.7,3.1,2.0,106,61,0,0,0,0,0,0.0,0,0,0,0,0,0
417.3,2026-05-16T19:47:19,0016c001f10c2ef6,10.0,5.3,4.7,0.0,7809,701,7108,9.0,0.74,0.63,0.48,341627696,1635723166,4237,44808,1.3,233.7,3.1,2.0,106,61,0,0,0,0,0,0.0,0,0,0,0,0,0
417.8,2026-05-16T19:47:20,0016c001f10c2ef6,7.0,2.9,4.1,0.0,7809,700,7109,9.0,0.74,0.63,0.48,341630730,1635734847,3034,11681,1.3,233.7,3.1,2.0,106,61,0,0,0,0,0,0.0,0,0,0,0,0,0
418.2,2026-05-16T19:47:20,0016c001f10c2ef6,7.8,1.7,6.1,0.0,7809,701,7108,9.0,0.74,0.63,0.48,341633764,1635746528,3034,11681,1.3,233.7,3.1,2.0,106,61,0,0,0,0,0,0.0,0,0,0,0,0,0
418.7,2026-05-16T19:47:21,0016c001f10c2ef6,19.1,2.3,16.8,0.0,7809,701,7108,9.0,0.74,0.63,0.48,341636798,1635758209,3034,11681,1.3,233.7,3.1,2.0,106,61,0,0,0,0,0,0.0,0,0,0,0,0,0
419.1,2026-05-16T19:47:21,0016c001f10c2ef6,19.1,2.3,16.8,0.0,7809,701,7108,9.0,0.74,0.63,0.48,341639936,1635769890,3138,11681,1.3,233.5,3.1,2.0,106,61,0,0,0,0,0,0.0,0,0,0,0,0,0
419.6,2026-05-16T19:47:22,0016c001f10c2ef6,20.7,3.4,17.2,0.0,7809,701,7108,9.0,0.74,0.63,0.48,341643899,1635812622,3963,42732,1.3,233.5,3.1,2.0,106,61,0,0,0,0,0,0.0,0,0,0,0,0,0
420.0,2026-05-16T19:47:22,0016c001f10c2ef6,10.0,2.4,7.6,0.0,7809,700,7109,9.0,0.74,0.63,0.48,341646933,1635824303,3034,11681,1.3,233.5,3.1,2.0,106,61,0,0,0,0,0,0.0,0,0,0,0,0,0
420.4,2026-05-16T19:47:23,0016c001f10c2ef6,7.5,1.7,5.7,0.0,7809,702,7107,9.0,0.74,0.63,0.48,341650071,1635835984,3138,11681,1.3,233.5,3.1,2.0,106,61,0,0,0,0,0,0.0,0,0,0,0,0,0
420.9,2026-05-16T19:47:23,0016c001f10c2ef6,6.8,2.8,3.4,0.6,7809,702,7107,9.0,0.74,0.63,0.48,341653157,1635847665,3086,11681,1.3,233.5,3.1,2.0,106,61,0,0,0,0,0,0.0,0,0,0,0,0,0
421.3,2026-05-16T19:47:23,0016c001f10c2ef6,5.2,2.3,2.9,0.0,7809,702,7107,9.0,0.74,0.63,0.48,341657062,1635891462,3905,43797,1.3,233.5,3.1,2.0,106,61,0,0,0,0,0,0.0,0,0,0,0,0,0
421.8,2026-05-16T19:47:24,0016c001f10c2ef6,8.8,3.5,5.3,0.0,7809,701,7108,9.0,0.68,0.62,0.47,341660577,1635903143,3515,11681,1.3,233.5,3.1,2.0,106,61,0,0,0,0,0,0.0,0,0,0,0,0,0
422.2,2026-05-16T19:47:24,0016c001f10c2ef6,5.7,2.3,3.4,0.0,7809,701,7108,9.0,0.68,0.62,0.47,341663663,1635914824,3086,11681,1.3,233.5,3.1,2.0,106,61,0,0,0,0,0,0.0,0,0,0,0,0,0
422.6,2026-05-16T19:47:25,0016c001f10c2ef6,5.8,2.3,3.5,0.0,7809,701,7108,9.0,0.68,0.62,0.47,341666697,1635926505,3034,11681,1.3,233.5,3.1,2.0,106,61,0,0,0,0,0,0.0,0,0,0,0,0,0
423.1,2026-05-16T19:47:25,0016c001f10c2ef6,5.8,1.2,4.7,0.0,7809,701,7108,9.0,0.68,0.62,0.47,341669731,1635938186,3034,11681,1.3,233.5,3.1,2.0,106,61,0,0,0,0,0,0.0,0,0,0,0,0,0
423.5,2026-05-16T19:47:26,0016c001f10c2ef6,5.7,2.3,3.4,0.0,7809,701,7108,9.0,0.68,0.62,0.47,341673642,1635980918,3911,42732,1.3,233.5,3.1,2.0,106,61,0,0,0,0,0,0.0,0,0,0,0,0,0
424.0,2026-05-16T19:47:26,0016c001f10c2ef6,7.5,2.9,4.6,0.0,7809,701,7108,9.0,0.68,0.62,0.47,341676676,1635992599,3034,11681,1.3,233.5,3.1,2.0,106,61,0,0,0,0,0,0.0,0,0,0,0,0,0
424.4,2026-05-16T19:47:26,0016c001f10c2ef6,6.8,2.8,4.0,0.0,7809,701,7108,9.0,0.68,0.62,0.47,341679914,1636004280,3238,11681,1.3,233.5,3.1,2.0,106,61,0,0,0,0,0,0.0,0,0,0,0,0,0
424.9,2026-05-16T19:47:27,0016c001f10c2ef6,8.9,2.5,6.4,0.0,7809,701,7108,9.0,0.68,0.62,0.47,341682952,1636016027,3038,11747,1.3,233.5,3.1,2.0,106,61,0,0,0,0,0,0.0,0,0,0,0,0,0
425.3,2026-05-16T19:47:27,0016c001f10c2ef6,7.0,2.9,4.1,0.0,7809,701,7108,9.0,0.68,0.62,0.47,341685986,1636027708,3034,11681,1.3,233.5,3.1,2.0,106,61,0,0,0,0,0,0.0,0,0,0,0,0,0
425.8,2026-05-16T19:47:28,0016c001f10c2ef6,7.1,1.8,5.4,0.0,7809,701,7108,9.0,0.68,0.62,0.47,341690053,1636070440,4067,42732,1.3,233.5,3.1,2.0,106,61,0,0,0,0,0,0.0,0,0,0,0,0,0
426.2,2026-05-16T19:47:28,0016c001f10c2ef6,5.8,2.9,2.9,0.0,7809,701,7108,9.0,0.68,0.62,0.47,341693087,1636082121,3034,11681,1.3,233.5,3.1,2.0,106,61,0,0,0,0,0,0.0,0,0,0,0,0,0
426.6,2026-05-16T19:47:29,0016c001f10c2ef6,7.4,4.0,3.4,0.0,7809,701,7108,9.0,0.71,0.63,0.48,341696121,1636093802,3034,11681,1.3,233.5,3.1,2.0,106,61,0,0,0,0,0,0.0,0,0,0,0,0,0
427.1,2026-05-16T19:47:29,0016c001f10c2ef6,4.7,0.6,4.1,0.0,7809,702,7107,9.0,0.71,0.63,0.48,341699155,1636105483,3034,11681,1.3,233.5,3.1,2.0,106,61,0,0,0,0,0,0.0,0,0,0,0,0,0
427.5,2026-05-16T19:47:30,0016c001f10c2ef6,6.9,2.3,4.6,0.0,7809,701,7108,9.0,0.71,0.63,0.48,341702962,1636148215,3807,42732,1.3,233.5,3.1,2.0,106,61,0,0,0,0,0,0.0,0,0,0,0,0,0
427.9,2026-05-16T19:47:30,0016c001f10c2ef6,6.5,2.4,4.1,0.0,7809,701,7108,9.0,0.71,0.63,0.48,341706068,1636159974,3106,11759,1.3,233.5,3.1,2.0,106,61,0,0,0,0,0,0.0,0,0,0,0,0,0
428.4,2026-05-16T19:47:30,0016c001f10c2ef6,7.5,2.9,4.6,0.0,7809,702,7107,9.0,0.71,0.63,0.48,341709206,1636171655,3138,11681,1.3,233.5,3.1,2.0,106,61,0,0,0,0,0,0.0,0,0,0,0,0,0
428.8,2026-05-16T19:47:31,0016c001f10c2ef6,5.7,2.8,2.8,0.0,7809,702,7107,9.0,0.71,0.63,0.48,341712340,1636183336,3134,11681,1.3,233.5,3.1,2.0,106,61,0,0,0,0,0,0.0,0,0,0,0,0,0
429.3,2026-05-16T19:47:31,0016c001f10c2ef6,5.2,1.7,3.5,0.0,7809,701,7108,9.0,0.71,0.63,0.48,341715326,1636195017,2986,11681,1.3,233.5,3.1,2.0,106,61,0,0,0,0,0,0.0,0,0,0,0,0,0
429.7,2026-05-16T19:47:32,0016c001f10c2ef6,5.9,2.4,3.5,0.0,7809,701,7108,9.0,0.71,0.63,0.48,341719389,1636237749,4063,42732,1.3,233.5,3.1,2.0,106,61,0,0,0,0,0,0.0,0,0,0,0,0,0
430.2,2026-05-16T19:47:32,0016c001f10c2ef6,14.4,3.1,11.3,0.0,7809,701,7108,9.0,0.71,0.63,0.48,341722375,1636249496,2986,11747,1.3,233.5,3.1,2.0,106,61,0,0,0,0,0,0.0,0,0,0,0,0,0
430.6,2026-05-16T19:47:33,0016c001f10c2ef6,18.3,2.4,16.0,0.0,7809,701,7108,9.0,0.71,0.63,0.48,341725409,1636261177,3034,11681,1.3,233.5,3.1,2.0,106,61,0,0,0,0,0,0.0,0,0,0,0,0,0
431.1,2026-05-16T19:47:33,0016c001f10c2ef6,19.1,1.7,17.3,0.0,7809,701,7108,9.0,0.71,0.63,0.48,341728547,1636272858,3138,11681,1.3,233.5,3.1,2.0,106,61,0,0,0,0,0,0.0,0,0,0,0,0,0
431.5,2026-05-16T19:47:34,0016c001f10c2ef6,17.9,1.7,16.2,0.0,7809,701,7108,9.0,0.71,0.63,0.48,341732835,1636315590,4288,42732,1.3,233.5,3.1,2.0,106,61,0,0,0,0,0,0.0,0,0,0,0,0,0
432.0,2026-05-16T19:47:34,0016c001f10c2ef6,7.9,3.4,4.5,0.0,7809,701,7108,9.0,0.65,0.62,0.47,341735921,1636327271,3086,11681,1.3,233.5,3.1,2.0,106,61,0,0,0,0,0,0.0,0,0,0,0,0,0
432.4,2026-05-16T19:47:35,0016c001f10c2ef6,6.9,1.2,5.8,0.0,7809,701,7108,9.0,0.65,0.62,0.47,341738955,1636338952,3034,11681,1.3,233.5,3.1,2.0,106,61,0,0,0,0,0,0.0,0,0,0,0,0,0
432.9,2026-05-16T19:47:35,0016c001f10c2ef6,5.9,2.4,3.5,0.0,7809,700,7109,9.0,0.65,0.62,0.47,341741989,1636350633,3034,11681,1.3,233.5,3.1,2.0,106,61,0,0,0,0,0,0.0,0,0,0,0,0,0
433.3,2026-05-16T19:47:35,0016c001f10c2ef6,6.4,2.3,4.1,0.0,7809,701,7108,9.0,0.65,0.62,0.47,341745123,1636362314,3134,11681,1.3,233.5,3.1,2.0,106,61,0,0,0,0,0,0.0,0,0,0,0,0,0
433.7,2026-05-16T19:47:36,0016c001f10c2ef6,7.5,2.9,4.6,0.0,7809,701,7108,9.0,0.65,0.62,0.47,341749142,1636405046,4019,42732,1.3,233.5,3.1,2.0,106,61,0,0,0,0,0,0.0,0,0,0,0,0,0
434.2,2026-05-16T19:47:36,0016c001f10c2ef6,6.3,2.3,4.0,0.0,7809,701,7108,9.0,0.65,0.62,0.47,341752176,1636416727,3034,11681,1.3,233.5,3.1,2.0,106,61,0,0,0,0,0,0.0,0,0,0,0,0,0
434.6,2026-05-16T19:47:37,0016c001f10c2ef6,6.5,1.8,4.7,0.0,7809,702,7107,9.0,0.65,0.62,0.47,341755210,1636428408,3034,11681,1.3,233.5,3.1,2.0,106,61,0,0,0,0,0,0.0,0,0,0,0,0,0
435.0,2026-05-16T19:47:37,0016c001f10c2ef6,5.7,2.9,2.9,0.0,7809,700,7109,9.0,0.65,0.62,0.47,341758448,1636440155,3238,11747,1.3,233.5,3.1,2.0,106,61,0,0,0,0,0,0.0,0,0,0,0,0,0
435.5,2026-05-16T19:47:38,0016c001f10c2ef6,9.0,4.0,5.0,0.0,7809,700,7109,9.0,0.65,0.62,0.47,341762647,1636483109,4199,42954,1.3,233.5,3.1,2.0,106,61,0,0,0,0,0,0.0,0,0,0,0,0,0
436.0,2026-05-16T19:47:38,0016c001f10c2ef6,6.5,2.4,4.1,0.0,7809,702,7107,9.0,0.65,0.62,0.47,341765805,1636494868,3158,11759,1.3,233.5,3.1,2.0,106,61,0,0,0,0,0,0.0,0,0,0,0,0,0
436.4,2026-05-16T19:47:38,0016c001f10c2ef6,6.9,1.7,5.2,0.0,7809,701,7108,9.0,0.65,0.62,0.47,341768839,1636506549,3034,11681,1.3,233.5,3.1,2.0,106,61,0,0,0,0,0,0.0,0,0,0,0,0,0
436.9,2026-05-16T19:47:39,0016c001f10c2ef6,7.3,2.3,4.5,0.6,7809,701,7108,9.0,0.6,0.6,0.47,341771873,1636518230,3034,11681,1.3,233.5,3.1,2.0,106,61,0,0,0,0,0,0.0,0,0,0,0,0,0
437.3,2026-05-16T19:47:39,0016c001f10c2ef6,6.2,2.8,3.4,0.0,7809,701,7108,9.0,0.6,0.6,0.47,341775007,1636529911,3134,11681,1.3,233.5,3.1,2.0,106,61,0,0,0,0,0,0.0,0,0,0,0,0,0
437.7,2026-05-16T19:47:40,0016c001f10c2ef6,7.0,1.7,5.2,0.0,7809,701,7108,9.0,0.6,0.6,0.47,341778818,1636572643,3811,42732,1.3,233.5,3.1,2.0,106,61,0,0,0,0,0,0.0,0,0,0,0,0,0
438.2,2026-05-16T19:47:40,0016c001f10c2ef6,6.2,2.3,4.0,0.0,7809,701,7108,9.0,0.6,0.6,0.47,341781852,1636584324,3034,11681,1.3,233.5,3.1,2.0,106,61,0,0,0,0,0,0.0,0,0,0,0,0,0
438.6,2026-05-16T19:47:41,0016c001f10c2ef6,6.4,2.9,3.5,0.0,7809,701,7108,9.0,0.6,0.6,0.47,341784886,1636596005,3034,11681,1.3,233.5,3.1,2.0,106,61,0,0,0,0,0,0.0,0,0,0,0,0,0
439.0,2026-05-16T19:47:41,0016c001f10c2ef6,6.4,1.7,4.7,0.0,7809,701,7108,9.0,0.6,0.6,0.47,341787920,1636607686,3034,11681,1.3,233.5,3.1,2.0,106,61,0,0,0,0,0,0.0,0,0,0,0,0,0
439.5,2026-05-16T19:47:42,0016c001f10c2ef6,6.3,2.9,3.4,0.0,7809,701,7108,9.0,0.6,0.6,0.47,341790954,1636619367,3034,11681,1.3,233.5,3.1,2.0,106,61,0,0,0,0,0,0.0,0,0,0,0,0,0
439.9,2026-05-16T19:47:42,0016c001f10c2ef6,6.9,2.9,4.0,0.0,7809,701,7108,9.0,0.6,0.6,0.47,341794913,1636662099,3959,42732,1.3,233.5,3.1,2.0,106,61,0,0,0,0,0,0.0,0,0,0,0,0,0
440.4,2026-05-16T19:47:42,0016c001f10c2ef6,6.2,1.1,5.1,0.0,7809,702,7107,9.0,0.6,0.6,0.47,341798103,1636673780,3190,11681,1.3,233.5,3.1,2.0,106,61,0,0,0,0,0,0.0,0,0,0,0,0,0
440.9,2026-05-16T19:47:43,0016c001f10c2ef6,12.9,5.5,7.5,0.0,7809,701,7108,9.0,0.6,0.6,0.47,341801293,1636685527,3190,11747,1.3,233.5,3.1,2.0,106,61,0,0,0,0,0,0.0,0,0,0,0,0,0
441.4,2026-05-16T19:47:43,0016c001f10c2ef6,8.5,2.5,6.0,0.0,7809,701,7108,9.0,0.6,0.6,0.47,341804331,1636697274,3038,11747,1.3,233.5,3.1,2.0,106,61,0,0,0,0,0,0.0,0,0,0,0,0,0
441.8,2026-05-16T19:47:44,0016c001f10c2ef6,9.9,2.9,7.0,0.0,7809,701,7108,9.0,0.63,0.61,0.47,341808619,1636740006,4288,42732,1.3,233.5,3.1,2.0,106,61,0,0,0,0,0,0.0,0,0,0,0,0,0
442.3,2026-05-16T19:47:44,0016c001f10c2ef6,18.8,3.4,15.3,0.0,7809,700,7109,9.0,0.63,0.61,0.47,341811705,1636751687,3086,11681,1.3,233.5,3.1,2.0,106,61,0,0,0,0,0,0.0,0,0,0,0,0,0
442.7,2026-05-16T19:47:45,0016c001f10c2ef6,18.9,2.3,16.6,0.0,7809,700,7109,9.0,0.63,0.61,0.47,341814739,1636763368,3034,11681,1.3,233.5,3.1,2.0,106,61,0,0,0,0,0,0.0,0,0,0,0,0,0
443.2,2026-05-16T19:47:45,0016c001f10c2ef6,19.0,3.0,16.1,0.0,7809,701,7108,9.0,0.63,0.61,0.47,341817773,1636775049,3034,11681,1.3,233.5,3.1,2.0,106,61,0,0,0,0,0,0.0,0,0,0,0,0,0
443.6,2026-05-16T19:47:46,0016c001f10c2ef6,8.6,1.7,6.9,0.0,7809,701,7108,9.0,0.63,0.61,0.47,341820807,1636786730,3034,11681,1.3,233.5,3.1,2.0,106,61,0,0,0,0,0,0.0,0,0,0,0,0,0
444.1,2026-05-16T19:47:46,0016c001f10c2ef6,6.4,3.5,2.9,0.0,7809,701,7108,9.0,0.63,0.61,0.47,341824842,1636829540,4035,42810,1.3,233.5,3.1,2.0,106,61,0,0,0,0,0,0.0,0,0,0,0,0,0
444.5,2026-05-16T19:47:47,0016c001f10c2ef6,6.2,2.8,3.4,0.0,7809,702,7107,9.0,0.63,0.61,0.47,341827980,1636841221,3138,11681,1.3,233.5,3.1,2.0,106,61,0,0,0,0,0,0.0,0,0,0,0,0,0
445.0,2026-05-16T19:47:47,0016c001f10c2ef6,5.1,1.7,3.4,0.0,7809,702,7107,9.0,0.63,0.61,0.47,341831014,1636852902,3034,11681,1.3,233.5,3.1,2.0,106,61,0,0,0,0,0,0.0,0,0,0,0,0,0
445.4,2026-05-16T19:47:47,0016c001f10c2ef6,7.4,2.3,5.1,0.0,7809,702,7107,9.0,0.63,0.61,0.47,341834048,1636864583,3034,11681,1.3,233.5,3.1,2.0,109,62,3,1,0,0,0,0.0,0,0,0,0,0,0
445.8,2026-05-16T19:47:48,0016c001f10c2ef6,6.7,1.7,5.0,0.0,7809,702,7107,9.0,0.63,0.61,0.47,341837907,1636907315,3859,42732,1.3,233.6,3.1,2.0,109,62,0,0,0,0,0,0.0,0,0,0,0,0,0
446.3,2026-05-16T19:47:48,0016c001f10c2ef6,7.6,1.7,5.8,0.0,7809,701,7108,9.0,0.63,0.61,0.47,341841145,1636918996,3238,11681,1.3,233.6,3.1,2.0,109,62,0,0,0,0,0,0.0,0,0,0,0,0,0
446.8,2026-05-16T19:47:49,0016c001f10c2ef6,9.5,4.5,5.0,0.0,7809,702,7107,9.0,0.58,0.6,0.47,341844283,1636930743,3138,11747,1.3,233.6,3.1,2.0,109,62,0,0,0,0,0,0.0,0,0,0,0,0,0
447.3,2026-05-16T19:47:49,0016c001f10c2ef6,8.7,3.1,5.6,0.0,7809,702,7107,9.0,0.58,0.6,0.47,341847473,1636942490,3190,11747,1.3,233.6,3.1,2.0,109,62,0,0,0,0,0,0.0,0,0,0,0,0,0
447.8,2026-05-16T19:47:50,0016c001f10c2ef6,8.9,4.5,4.5,0.0,7809,702,7107,9.0,0.58,0.6,0.47,341851488,1636985288,4015,42798,1.3,233.6,3.1,2.0,109,62,0,0,0,0,0,0.0,0,0,0,0,0,0
448.3,2026-05-16T19:47:50,0016c001f10c2ef6,10.6,3.5,7.1,0.0,7809,701,7108,9.0,0.58,0.6,0.47,341854730,1636997035,3242,11747,1.3,233.6,3.1,2.0,109,62,0,0,0,0,0,0.0,0,0,0,0,0,0
448.8,2026-05-16T19:47:51,0016c001f10c2ef6,10.3,3.9,6.4,0.0,7809,701,7108,9.0,0.58,0.6,0.47,341857868,1637008782,3138,11747,1.3,233.6,3.1,2.0,109,62,0,0,0,0,0,0.0,0,0,0,0,0,0
449.3,2026-05-16T19:47:51,0016c001f10c2ef6,9.4,2.5,6.9,0.0,7809,701,7108,9.0,0.58,0.6,0.47,341861006,1637020529,3138,11747,1.3,233.6,3.1,2.0,109,62,0,0,0,0,0,0.0,0,0,0,0,0,0
449.8,2026-05-16T19:47:52,0016c001f10c2ef6,9.6,5.1,4.5,0.0,7809,700,7109,9.0,0.58,0.6,0.47,341864869,1637063327,3863,42798,1.3,233.6,3.1,2.0,109,62,0,0,0,0,0,0.0,0,0,0,0,0,0
450.3,2026-05-16T19:47:52,0016c001f10c2ef6,5.8,3.5,2.3,0.0,7809,700,7109,9.0,0.58,0.6,0.47,341868059,1637075008,3190,11681,1.3,233.6,3.1,2.0,109,62,0,0,0,0,0,0.0,0,0,0,0,0,0
450.7,2026-05-16T19:47:53,0016c001f10c2ef6,9.7,5.1,4.5,0.0,7809,700,7109,9.0,0.58,0.6,0.47,341871093,1637086689,3034,11681,1.3,233.6,3.1,2.0,109,62,0,0,0,0,0,0.0,0,0,0,0,0,0
451.2,2026-05-16T19:47:53,0016c001f10c2ef6,4.9,1.6,3.3,0.0,7809,700,7109,9.0,0.58,0.6,0.47,341874231,1637098370,3138,11681,1.3,233.6,3.1,2.0,109,62,0,0,0,0,0,0.0,0,0,0,0,0,0
451.6,2026-05-16T19:47:54,0016c001f10c2ef6,6.3,1.1,5.1,0.0,7809,700,7109,9.0,0.53,0.59,0.47,341877694,1637110051,3463,11681,1.3,233.6,3.1,2.0,109,62,0,0,0,0,0,0.0,0,0,0,0,0,0
452.0,2026-05-16T19:47:54,0016c001f10c2ef6,8.1,2.9,5.2,0.0,7809,700,7109,9.0,0.53,0.59,0.47,341881677,1637152861,3983,42810,1.3,233.6,3.1,2.0,109,62,0,0,0,0,0,0.0,0,0,0,0,0,0
452.5,2026-05-16T19:47:55,0016c001f10c2ef6,6.7,2.2,4.5,0.0,7809,701,7108,9.0,0.53,0.59,0.47,341884711,1637164542,3034,11681,1.3,233.6,3.1,2.0,109,62,0,0,0,0,0,0.0,0,0,0,0,0,0
452.9,2026-05-16T19:47:55,0016c001f10c2ef6,5.8,2.3,3.5,0.0,7809,702,7107,9.0,0.53,0.59,0.47,341887745,1637176223,3034,11681,1.3,233.6,3.1,2.0,109,62,0,0,0,0,0,0.0,0,0,0,0,0,0
453.4,2026-05-16T19:47:55,0016c001f10c2ef6,6.2,2.3,3.4,0.6,7809,702,7107,9.0,0.53,0.59,0.47,341890831,1637187904,3086,11681,1.3,233.6,3.1,2.0,109,62,0,0,0,0,0,0.0,0,0,0,0,0,0
453.8,2026-05-16T19:47:56,0016c001f10c2ef6,16.6,3.6,13.0,0.0,7809,701,7108,9.0,0.53,0.59,0.47,341894378,1637214477,3547,26573,1.3,233.6,3.1,2.0,109,62,0,0,0,0,0,0.0,0,0,0,0,0,0
454.2,2026-05-16T19:47:56,0016c001f10c2ef6,20.3,4.1,16.3,0.0,7809,702,7107,9.0,0.53,0.59,0.47,341897880,1637242317,3502,27840,1.3,233.6,3.1,2.0,109,62,0,0,0,0,0,0.0,0,0,0,0,0,0
454.7,2026-05-16T19:47:57,0016c001f10c2ef6,20.5,3.5,17.0,0.0,7809,702,7107,9.0,0.53,0.59,0.47,341901018,1637253998,3138,11681,1.3,233.6,3.1,2.0,109,62,0,0,0,0,0,0.0,0,0,0,0,0,0
455.2,2026-05-16T19:47:57,0016c001f10c2ef6,17.4,3.3,14.1,0.0,7809,698,7111,8.9,0.53,0.59,0.47,341918683,1642009028,17665,4755030,1.3,233.7,3.1,2.0,109,62,0,0,0,0,0,0.0,0,0,0,0,0,0
455.9,2026-05-16T19:47:58,0016c001f10c2ef6,7.5,2.4,5.1,0.0,7809,699,7110,9.0,0.53,0.59,0.47,341933352,1642075198,14669,66170,1.3,233.7,3.1,2.0,109,62,0,0,0,0,0,0.0,0,0,0,0,0,0
456.3,2026-05-16T19:47:58,0016c001f10c2ef6,7.4,3.4,4.0,0.0,7809,701,7108,9.0,0.53,0.59,0.47,341936542,1642086879,3190,11681,1.3,233.7,3.1,2.0,109,62,0,0,0,0,0,0.0,0,0,0,0,0,0
456.8,2026-05-16T19:47:59,0016c001f10c2ef6,4.7,1.8,2.9,0.0,7809,701,7108,9.0,0.49,0.58,0.47,341939780,1642098560,3238,11681,1.3,233.7,3.1,2.0,109,62,0,0,0,0,0,0.0,0,0,0,0,0,0
457.2,2026-05-16T19:47:59,0016c001f10c2ef6,7.0,2.3,4.7,0.0,7809,702,7107,9.0,0.49,0.58,0.47,341943034,1642110483,3254,11923,1.3,233.7,3.1,2.0,109,62,0,0,0,0,0,0.0,0,0,0,0,0,0
457.7,2026-05-16T19:48:00,0016c001f10c2ef6,5.7,3.6,2.1,0.0,7809,701,7108,9.0,0.49,0.58,0.47,341946120,1642122164,3086,11681,1.3,233.7,3.1,2.0,109,62,0,0,0,0,0,0.0,0,0,0,0,0,0
458.1,2026-05-16T19:48:00,0016c001f10c2ef6,6.6,2.4,4.2,0.0,7809,701,7108,9.0,0.49,0.58,0.47,341950187,1642164896,4067,42732,1.3,233.7,3.1,2.0,109,62,0,0,0,0,0,0.0,0,0,0,0,0,0
458.5,2026-05-16T19:48:01,0016c001f10c2ef6,6.1,3.1,3.1,0.0,7809,701,7108,9.0,0.49,0.58,0.47,341953329,1642176577,3142,11681,1.3,233.8,3.1,2.0,109,62,0,0,0,0,0,0.0,0,0,0,0,0,0
459.0,2026-05-16T19:48:01,0016c001f10c2ef6,6.4,2.3,4.1,0.0,7809,702,7107,9.0,0.49,0.58,0.47,341956567,1642188258,3238,11681,1.3,233.8,3.1,2.0,109,62,0,0,0,0,0,0.0,0,0,0,0,0,0
459.4,2026-05-16T19:48:01,0016c001f10c2ef6,5.4,2.4,3.0,0.0,7809,702,7107,9.0,0.49,0.58,0.47,341959653,1642199939,3086,11681,1.3,233.8,3.1,2.0,109,62,0,0,0,0,0,0.0,0,0,0,0,0,0
459.8,2026-05-16T19:48:02,0016c001f10c2ef6,6.0,2.4,3.6,0.0,7809,701,7108,9.0,0.49,0.58,0.47,341962915,1642211698,3262,11759,1.3,233.8,3.1,2.0,109,62,0,0,0,0,0,0.0,0,0,0,0,0,0
460.3,2026-05-16T19:48:02,0016c001f10c2ef6,10.1,3.7,6.4,0.0,7809,701,7108,9.0,0.49,0.58,0.47,341967086,1642254496,4171,42798,1.3,233.8,3.1,2.0,109,62,0,0,0,0,0,0.0,0,0,0,0,0,0
460.8,2026-05-16T19:48:03,0016c001f10c2ef6,9.7,3.6,6.2,0.0,7809,701,7108,9.0,0.49,0.58,0.47,341970224,1642266243,3138,11747,1.3,233.8,3.1,2.0,109,62,0,0,0,0,0,0.0,0,0,0,0,0,0
461.2,2026-05-16T19:48:03,0016c001f10c2ef6,6.5,3.0,3.6,0.0,7809,701,7108,9.0,0.49,0.58,0.47,341973310,1642277924,3086,11681,1.3,233.8,3.1,2.0,109,62,0,0,0,0,0,0.0,0,0,0,0,0,0
461.6,2026-05-16T19:48:04,0016c001f10c2ef6,6.0,1.8,4.2,0.0,7809,701,7108,9.0,0.61,0.6,0.47,341976825,1642289605,3515,11681,1.3,233.8,3.1,2.0,109,62,0,0,0,0,0,0.0,0,0,0,0,0,0
462.1,2026-05-16T19:48:04,0016c001f10c2ef6,6.1,1.8,4.3,0.0,7809,701,7108,9.0,0.61,0.6,0.47,341980896,1642332337,4071,42732,1.3,233.9,3.1,2.0,109,62,0,0,0,0,0,0.0,0,0,0,0,0,0
462.5,2026-05-16T19:48:05,0016c001f10c2ef6,7.2,3.6,3.6,0.0,7809,701,7108,9.0,0.61,0.6,0.47,341984034,1642344018,3138,11681,1.3,233.9,3.1,2.0,109,62,0,0,0,0,0,0.0,0,0,0,0,0,0
462.9,2026-05-16T19:48:05,0016c001f10c2ef6,6.6,2.4,4.2,0.0,7809,700,7109,9.0,0.61,0.6,0.47,341987120,1642355699,3086,11681,1.3,233.9,3.1,2.0,109,62,0,0,0,0,0,0.0,0,0,0,0,0,0
463.3,2026-05-16T19:48:05,0016c001f10c2ef6,5.5,2.4,3.0,0.0,7809,701,7108,9.0,0.61,0.6,0.47,341990410,1642367380,3290,11681,1.3,233.9,3.1,2.0,109,62,0,0,0,0,0,0.0,0,0,0,0,0,0
463.7,2026-05-16T19:48:06,0016c001f10c2ef6,5.9,1.8,4.1,0.0,7809,701,7108,9.0,0.61,0.6,0.47,341993448,1642379061,3038,11681,1.3,233.9,3.1,2.0,109,62,0,0,0,0,0,0.0,0,0,0,0,0,0
464.2,2026-05-16T19:48:06,0016c001f10c2ef6,7.7,3.0,4.7,0.0,7809,701,7108,9.0,0.61,0.6,0.47,341997771,1642421793,4323,42732,1.3,233.9,3.1,2.0,109,62,0,0,0,0,0,0.0,0,0,0,0,0,0
464.6,2026-05-16T19:48:07,0016c001f10c2ef6,5.8,2.3,3.5,0.0,7809,700,7109,9.0,0.61,0.6,0.47,342000909,1642433474,3138,11681,1.3,233.9,3.1,2.0,109,62,0,0,0,0,0,0.0,0,0,0,0,0,0
465.0,2026-05-16T19:48:07,0016c001f10c2ef6,5.9,2.4,3.6,0.0,7809,701,7108,9.0,0.61,0.6,0.47,342004099,1642445155,3190,11681,1.3,233.9,3.1,2.0,109,62,0,0,0,0,0,0.0,0,0,0,0,0,0
465.5,2026-05-16T19:48:08,0016c001f10c2ef6,11.6,1.2,10.4,0.0,7809,701,7108,9.0,0.61,0.6,0.47,342007265,1642456992,3166,11837,1.3,233.9,3.1,2.0,109,62,0,0,0,0,0,0.0,0,0,0,0,0,0
465.9,2026-05-16T19:48:08,0016c001f10c2ef6,21.8,3.4,18.4,0.0,7809,701,7108,9.0,0.61,0.6,0.47,342010607,1642468739,3342,11747,1.3,233.9,3.1,2.0,109,62,0,0,0,0,0,0.0,0,0,0,0,0,0
466.4,2026-05-16T19:48:08,0016c001f10c2ef6,20.3,4.1,16.3,0.0,7809,701,7108,9.0,0.61,0.6,0.47,342014616,1642511537,4009,42798,1.3,233.9,3.1,2.0,109,62,0,0,0,0,0,0.0,0,0,0,0,0,0
466.8,2026-05-16T19:48:09,0016c001f10c2ef6,19.4,3.0,16.4,0.0,7809,701,7108,9.0,0.64,0.61,0.48,342017754,1642523218,3138,11681,1.3,233.9,3.1,2.0,109,62,0,0,0,0,0,0.0,0,0,0,0,0,0
467.2,2026-05-16T19:48:09,0016c001f10c2ef6,7.6,2.9,4.7,0.0,7809,701,7108,9.0,0.64,0.61,0.48,342020892,1642534899,3138,11681,1.3,233.9,3.1,2.0,109,62,0,0,0,0,0,0.0,0,0,0,0,0,0
467.7,2026-05-16T19:48:10,0016c001f10c2ef6,6.0,1.8,4.2,0.0,7809,702,7107,9.0,0.64,0.61,0.48,342024082,1642546580,3190,11681,1.3,233.9,3.1,2.0,109,62,0,0,0,0,0,0.0,0,0,0,0,0,0
468.1,2026-05-16T19:48:10,0016c001f10c2ef6,5.9,1.8,4.1,0.0,7809,702,7107,9.0,0.64,0.61,0.48,342028169,1642589390,4087,42810,1.3,233.9,3.1,2.0,109,62,0,0,0,0,0,0.0,0,0,0,0,0,0
468.5,2026-05-16T19:48:11,0016c001f10c2ef6,7.2,2.4,4.8,0.0,7809,702,7107,9.0,0.64,0.61,0.48,342031311,1642601071,3142,11681,1.3,233.9,3.1,2.0,109,62,0,0,0,0,0,0.0,0,0,0,0,0,0
468.9,2026-05-16T19:48:11,0016c001f10c2ef6,6.5,2.4,4.1,0.0,7809,702,7107,9.0,0.64,0.61,0.48,342034549,1642612752,3238,11681,1.3,233.9,3.1,2.0,109,62,0,0,0,0,0,0.0,0,0,0,0,0,0
469.3,2026-05-16T19:48:11,0016c001f10c2ef6,6.0,3.0,2.4,0.6,7809,702,7107,9.0,0.64,0.61,0.48,342037639,1642624433,3090,11681,1.3,233.9,3.1,2.0,109,62,0,0,0,0,0,0.0,0,0,0,0,0,0
469.8,2026-05-16T19:48:12,0016c001f10c2ef6,6.0,1.8,4.2,0.0,7809,701,7108,9.0,0.64,0.61,0.48,342040777,1642636114,3138,11681,1.3,233.8,3.1,2.0,109,62,0,0,0,0,0,0.0,0,0,0,0,0,0
470.2,2026-05-16T19:48:12,0016c001f10c2ef6,6.5,1.8,4.7,0.0,7809,701,7108,9.0,0.64,0.61,0.48,342044996,1642678846,4219,42732,1.3,233.8,3.1,2.0,109,62,0,0,0,0,0,0.0,0,0,0,0,0,0
470.6,2026-05-16T19:48:13,0016c001f10c2ef6,6.0,3.0,3.0,0.0,7809,701,7108,9.0,0.64,0.61,0.48,342048080,1642690569,3084,11723,1.3,233.8,3.1,2.0,109,62,0,0,0,0,0,0.0,0,0,0,0,0,0
471.1,2026-05-16T19:48:13,0016c001f10c2ef6,8.0,2.3,5.7,0.0,7809,701,7108,9.0,0.64,0.61,0.48,342051370,1642702250,3290,11681,1.3,233.8,3.1,2.0,109,62,0,0,0,0,0,0.0,0,0,0,0,0,0
471.6,2026-05-16T19:48:14,0016c001f10c2ef6,14.6,5.2,7.3,2.1,7809,700,7109,9.0,0.64,0.61,0.48,342054989,1642713997,3619,11747,1.3,233.8,3.1,2.0,109,62,0,0,0,0,0,0.0,0,0,0,0,0,0
472.0,2026-05-16T19:48:14,0016c001f10c2ef6,9.0,2.1,6.9,0.0,7809,699,7110,9.0,0.59,0.6,0.47,342058744,1642740636,3755,26639,1.3,233.8,3.1,2.0,109,62,0,0,0,0,0,0.0,0,0,0,0,0,0
472.5,2026-05-16T19:48:15,0016c001f10c2ef6,9.6,3.2,6.4,0.0,7809,700,7109,9.0,0.59,0.6,0.47,342062558,1642768542,3814,27906,1.3,233.8,3.1,2.0,109,62,0,0,0,0,0,0.0,0,0,0,0,0,0
473.0,2026-05-16T19:48:15,0016c001f10c2ef6,12.7,5.4,7.3,0.0,7809,700,7109,9.0,0.59,0.6,0.47,342065872,1642780375,3314,11833,1.3,233.8,3.1,2.0,109,62,0,0,0,0,0,0.0,0,0,0,0,0,0
473.5,2026-05-16T19:48:16,0016c001f10c2ef6,10.2,3.6,6.6,0.0,7809,701,7108,9.0,0.59,0.6,0.47,342069062,1642792122,3190,11747,1.3,233.8,3.1,2.0,109,62,0,0,0,0,0,0.0,0,0,0,0,0,0
474.0,2026-05-16T19:48:16,0016c001f10c2ef6,8.1,3.5,4.6,0.0,7809,701,7108,9.0,0.59,0.6,0.47,342072100,1642803803,3038,11681,1.3,233.8,3.1,2.0,109,62,0,0,0,0,0,0.0,0,0,0,0,0,0
474.4,2026-05-16T19:48:16,0016c001f10c2ef6,6.1,1.8,4.3,0.0,7809,701,7108,9.0,0.59,0.6,0.47,342076215,1642846535,4115,42732,1.3,233.9,3.1,2.0,109,62,0,0,0,0,0,0.0,0,0,0,0,0,0
474.8,2026-05-16T19:48:17,0016c001f10c2ef6,6.0,1.8,4.2,0.0,7809,701,7108,9.0,0.59,0.6,0.47,342079405,1642858216,3190,11681,1.3,233.9,3.1,2.0,109,62,0,0,0,0,0,0.0,0,0,0,0,0,0
475.2,2026-05-16T19:48:17,0016c001f10c2ef6,6.9,3.5,3.5,0.0,7809,700,7109,9.0,0.59,0.6,0.47,342082595,1642869897,3190,11681,1.3,233.9,3.1,2.0,109,62,0,0,0,0,0,0.0,0,0,0,0,0,0
475.7,2026-05-16T19:48:18,0016c001f10c2ef6,6.0,2.4,3.6,0.0,7809,700,7109,9.0,0.59,0.6,0.47,342085785,1642881578,3190,11681,1.3,234.0,3.1,2.0,109,62,0,0,0,0,0,0.0,0,0,0,0,0,0
476.1,2026-05-16T19:48:18,0016c001f10c2ef6,11.7,5.8,5.3,0.6,7809,699,7110,9.0,0.59,0.6,0.47,342089384,1642893259,3599,11681,1.3,234.0,3.1,2.0,109,62,0,0,0,0,0,0.0,0,0,0,0,0,0
476.5,2026-05-16T19:48:19,0016c001f10c2ef6,6.5,1.2,5.3,0.0,7809,699,7110,9.0,0.59,0.6,0.47,342092786,1642935991,3402,42732,1.3,234.0,3.1,2.0,109,62,0,0,0,0,0,0.0,0,0,0,0,0,0
476.9,2026-05-16T19:48:19,0016c001f10c2ef6,5.0,2.5,2.5,0.0,7809,699,7110,9.0,0.54,0.59,0.47,342095872,1642947672,3086,11681,1.3,234.0,3.1,2.0,109,62,0,0,0,0,0,0.0,0,0,0,0,0,0
477.4,2026-05-16T19:48:19,0016c001f10c2ef6,16.1,2.4,13.7,0.0,7809,699,7110,9.0,0.54,0.59,0.47,342099162,1642959353,3290,11681,1.3,234.0,3.1,2.0,109,62,0,0,0,0,0,0.0,0,0,0,0,0,0
477.8,2026-05-16T19:48:20,0016c001f10c2ef6,19.5,3.0,16.5,0.0,7809,700,7109,9.0,0.54,0.59,0.47,342102300,1642971034,3138,11681,1.3,234.0,3.1,2.0,109,62,0,0,0,0,0,0.0,0,0,0,0,0,0
478.2,2026-05-16T19:48:20,0016c001f10c2ef6,19.0,1.8,17.3,0.0,7809,702,7107,9.0,0.54,0.59,0.47,342106315,1643013766,4015,42732,1.3,234.0,3.1,2.0,109,62,0,0,0,0,0,0.0,0,0,0,0,0,0
478.7,2026-05-16T19:48:21,0016c001f10c2ef6,19.4,2.9,16.5,0.0,7809,702,7107,9.0,0.54,0.59,0.47,342109301,1643025447,2986,11681,1.3,234.0,3.1,2.0,109,62,0,0,0,0,0,0.0,0,0,0,0,0,0
479.1,2026-05-16T19:48:21,0016c001f10c2ef6,5.3,1.8,3.6,0.0,7809,701,7108,9.0,0.54,0.59,0.47,342112439,1643037128,3138,11681,1.3,234.0,3.1,2.0,109,62,0,0,0,0,0,0.0,0,0,0,0,0,0
479.5,2026-05-16T19:48:22,0016c001f10c2ef6,5.8,1.2,4.7,0.0,7809,701,7108,9.0,0.54,0.59,0.47,342115625,1643048809,3186,11681,1.3,234.0,3.1,2.0,109,62,0,0,0,0,0,0.0,0,0,0,0,0,0
480.0,2026-05-16T19:48:22,0016c001f10c2ef6,6.4,1.8,4.7,0.0,7809,700,7109,9.0,0.54,0.59,0.47,342118763,1643060490,3138,11681,1.3,234.0,3.1,2.0,109,62,0,0,0,0,0,0.0,0,0,0,0,0,0
480.4,2026-05-16T19:48:22,0016c001f10c2ef6,6.0,1.8,4.2,0.0,7809,700,7109,9.0,0.54,0.59,0.47,342122678,1643103222,3915,42732,1.3,234.0,3.1,2.0,109,62,0,0,0,0,0,0.0,0,0,0,0,0,0
480.8,2026-05-16T19:48:23,0016c001f10c2ef6,5.7,3.4,2.3,0.0,7809,700,7109,9.0,0.54,0.59,0.47,342125864,1643114903,3186,11681,1.3,234.0,3.1,2.0,109,62,0,0,0,0,0,0.0,0,0,0,0,0,0
481.3,2026-05-16T19:48:23,0016c001f10c2ef6,6.3,1.7,4.6,0.0,7809,700,7109,9.0,0.54,0.59,0.47,342128950,1643126584,3086,11681,1.3,234.0,3.1,2.0,109,62,0,0,0,0,0,0.0,0,0,0,0,0,0
481.7,2026-05-16T19:48:24,0016c001f10c2ef6,4.8,1.8,3.0,0.0,7809,700,7109,9.0,0.5,0.58,0.47,342132417,1643138265,3467,11681,1.3,234.0,3.1,2.0,109,62,0,0,0,0,0,0.0,0,0,0,0,0,0
482.1,2026-05-16T19:48:24,0016c001f10c2ef6,5.9,1.8,4.1,0.0,7809,700,7109,9.0,0.5,0.58,0.47,342135451,1643149946,3034,11681,1.3,234.0,3.1,2.0,109,62,0,0,0,0,0,0.0,0,0,0,0,0,0
482.6,2026-05-16T19:48:25,0016c001f10c2ef6,8.1,3.5,3.5,1.2,7809,700,7109,9.0,0.5,0.58,0.47,342139414,1643192678,3963,42732,1.3,234.0,3.1,2.0,109,62,0,0,0,0,0,0.0,0,0,0,0,0,0
483.0,2026-05-16T19:48:25,0016c001f10c2ef6,8.4,2.8,5.6,0.0,7809,700,7109,9.0,0.5,0.58,0.47,342142500,1643204359,3086,11681,1.3,234.0,3.1,2.0,109,62,0,0,0,0,0,0.0,0,0,0,0,0,0
483.4,2026-05-16T19:48:26,0016c001f10c2ef6,7.0,3.5,3.5,0.0,7809,700,7109,9.0,0.5,0.58,0.47,342145842,1643216040,3342,11681,1.3,234.0,3.1,2.0,109,62,0,0,0,0,0,0.0,0,0,0,0,0,0
483.9,2026-05-16T19:48:26,0016c001f10c2ef6,9.3,3.6,5.7,0.0,7809,700,7109,9.0,0.5,0.58,0.47,342149104,1643227865,3262,11825,1.3,234.0,3.1,2.0,109,62,0,0,0,0,0,0.0,0,0,0,0,0,0
484.4,2026-05-16T19:48:26,0016c001f10c2ef6,6.4,2.3,4.1,0.0,7809,700,7109,9.0,0.5,0.58,0.47,342153071,1643270597,3967,42732,1.3,234.0,3.1,2.0,109,62,0,0,0,0,0,0.0,0,0,0,0,0,0
484.8,2026-05-16T19:48:27,0016c001f10c2ef6,8.6,4.0,4.6,0.0,7809,700,7109,9.0,0.5,0.58,0.47,342156209,1643282278,3138,11681,1.3,234.0,3.1,2.0,109,62,0,0,0,0,0,0.0,0,0,0,0,0,0
485.2,2026-05-16T19:48:27,0016c001f10c2ef6,8.0,3.4,4.6,0.0,7809,701,7108,9.0,0.5,0.58,0.47,342159395,1643294820,3186,12542,1.3,234.0,3.1,2.0,109,62,0,0,0,0,0,0.0,0,0,0,0,0,0
485.7,2026-05-16T19:48:28,0016c001f10c2ef6,6.4,2.9,3.5,0.0,7809,701,7108,9.0,0.5,0.58,0.47,342162631,1643306501,3236,11681,1.3,234.0,3.1,2.0,109,62,0,0,0,0,0,0.0,0,0,0,0,0,0
486.1,2026-05-16T19:48:28,0016c001f10c2ef6,7.3,2.3,5.1,0.0,7809,701,7108,9.0,0.5,0.58,0.47,342165873,1643318182,3242,11681,1.3,234.0,3.1,2.0,109,62,0,0,0,0,0,0.0,0,0,0,0,0,0
486.6,2026-05-16T19:48:29,0016c001f10c2ef6,6.1,3.4,2.8,0.0,7809,701,7108,9.0,0.5,0.58,0.47,342169892,1643360914,4019,42732,1.3,234.0,3.1,2.0,109,62,0,0,0,0,0,0.0,0,0,0,0,0,0
487.0,2026-05-16T19:48:29,0016c001f10c2ef6,6.0,1.8,4.2,0.0,7809,701,7108,9.0,0.46,0.57,0.47,342173130,1643372595,3238,11681,1.3,234.0,3.1,2.0,109,62,0,0,0,0,0,0.0,0,0,0,0,0,0
487.4,2026-05-16T19:48:30,0016c001f10c2ef6,6.5,2.4,4.1,0.0,7809,702,7107,9.0,0.46,0.57,0.47,342176268,1643384276,3138,11681,1.3,234.0,3.1,2.0,109,62,0,0,0,0,0,0.0,0,0,0,0,0,0
487.8,2026-05-16T19:48:30,0016c001f10c2ef6,7.6,2.3,4.7,0.6,7809,702,7107,9.0,0.46,0.57,0.47,342179406,1643395957,3138,11681,1.3,234.0,3.1,2.0,109,62,0,0,0,0,0,0.0,0,0,0,0,0,0
488.3,2026-05-16T19:48:30,0016c001f10c2ef6,5.2,2.3,2.9,0.0,7809,702,7107,9.0,0.46,0.57,0.47,342183477,1643438689,4071,42732,1.3,234.0,3.1,2.0,109,62,0,0,0,0,0,0.0,0,0,0,0,0,0
488.7,2026-05-16T19:48:31,0016c001f10c2ef6,7.1,2.4,4.8,0.0,7809,702,7107,9.0,0.46,0.57,0.47,342186615,1643450370,3138,11681,1.3,234.0,3.1,2.0,109,62,0,0,0,0,0,0.0,0,0,0,0,0,0
489.2,2026-05-16T19:48:31,0016c001f10c2ef6,16.9,1.7,15.3,0.0,7809,702,7107,9.0,0.46,0.57,0.47,342189753,1643462051,3138,11681,1.3,234.0,3.1,2.0,109,62,0,0,0,0,0,0.0,0,0,0,0,0,0
489.6,2026-05-16T19:48:32,0016c001f10c2ef6,18.4,2.3,16.1,0.0,7809,701,7108,9.0,0.46,0.57,0.47,342192943,1643473732,3190,11681,1.3,234.0,3.1,2.0,109,62,0,0,0,0,0,0.0,0,0,0,0,0,0
490.1,2026-05-16T19:48:32,0016c001f10c2ef6,17.8,1.8,16.0,0.0,7809,700,7109,9.0,0.46,0.57,0.47,342196081,1643485413,3138,11681,1.3,234.0,3.1,2.0,109,62,0,0,0,0,0,0.0,0,0,0,0,0,0
490.5,2026-05-16T19:48:33,0016c001f10c2ef6,18.2,3.5,14.7,0.0,7809,700,7109,9.0,0.46,0.57,0.47,342200148,1643528145,4067,42732,1.3,234.1,3.1,2.0,109,62,0,0,0,0,0,0.0,0,0,0,0,0,0
490.9,2026-05-16T19:48:33,0016c001f10c2ef6,5.8,2.3,3.5,0.0,7809,701,7108,9.0,0.46,0.57,0.47,342203234,1643539826,3086,11681,1.3,234.1,3.1,2.0,109,62,0,0,0,0,0,0.0,0,0,0,0,0,0
491.4,2026-05-16T19:48:33,0016c001f10c2ef6,5.8,1.2,4.7,0.0,7809,701,7108,9.0,0.46,0.57,0.47,342206424,1643551507,3190,11681,1.3,234.1,3.1,2.0,109,62,0,0,0,0,0,0.0,0,0,0,0,0,0
491.8,2026-05-16T19:48:34,0016c001f10c2ef6,7.0,2.9,4.1,0.0,7809,701,7108,9.0,0.42,0.56,0.46,342210063,1643563266,3639,11759,1.3,234.1,3.1,2.0,109,62,0,0,0,0,0,0.0,0,0,0,0,0,0
492.2,2026-05-16T19:48:34,0016c001f10c2ef6,6.5,2.4,4.2,0.0,7809,702,7107,9.0,0.42,0.56,0.46,342213149,1643574947,3086,11681,1.3,234.1,3.1,2.0,109,62,0,0,0,0,0,0.0,0,0,0,0,0,0
492.7,2026-05-16T19:48:35,0016c001f10c2ef6,7.4,2.3,4.6,0.6,7809,701,7108,9.0,0.42,0.56,0.46,342217362,1643618544,4213,43597,1.3,234.1,3.1,2.0,109,62,0,0,0,0,0,0.0,0,0,0,0,0,0
493.1,2026-05-16T19:48:35,0016c001f10c2ef6,5.2,1.7,3.5,0.0,7809,702,7107,9.0,0.42,0.56,0.46,342220448,1643630225,3086,11681,1.3,234.1,3.1,2.0,109,62,0,0,0,0,0,0.0,0,0,0,0,0,0
493.5,2026-05-16T19:48:36,0016c001f10c2ef6,7.0,3.5,3.5,0.0,7809,702,7107,9.0,0.42,0.56,0.46,342223534,1643641906,3086,11681,1.3,234.1,3.1,2.0,109,62,0,0,0,0,0,0.0,0,0,0,0,0,0
494.0,2026-05-16T19:48:36,0016c001f10c2ef6,5.8,1.8,4.1,0.0,7809,702,7107,9.0,0.42,0.56,0.46,342226724,1643653587,3190,11681,1.3,234.1,3.1,2.0,109,62,0,0,0,0,0,0.0,0,0,0,0,0,0
494.5,2026-05-16T19:48:37,0016c001f10c2ef6,10.2,3.6,6.6,0.0,7809,700,7109,9.0,0.42,0.56,0.46,342230843,1643696385,4119,42798,1.3,234.1,3.1,2.0,109,62,0,0,0,0,0,0.0,0,0,0,0,0,0
495.0,2026-05-16T19:48:37,0016c001f10c2ef6,11.2,4.6,6.6,0.0,7809,701,7108,9.0,0.42,0.56,0.46,342234085,1643708132,3242,11747,1.3,234.1,3.1,2.0,109,62,0,0,0,0,0,0.0,0,0,0,0,0,0
495.5,2026-05-16T19:48:38,0016c001f10c2ef6,9.5,4.0,5.5,0.0,7809,702,7107,9.0,0.42,0.56,0.46,342237299,1643720035,3214,11903,1.3,234.1,3.1,2.0,109,62,0,0,0,0,0,0.0,0,0,0,0,0,0
495.9,2026-05-16T19:48:38,0016c001f10c2ef6,6.4,2.9,3.5,0.0,7809,702,7107,9.0,0.42,0.56,0.46,342240285,1643731716,2986,11681,1.3,234.1,3.1,2.0,109,62,0,0,0,0,0,0.0,0,0,0,0,0,0
496.3,2026-05-16T19:48:38,0016c001f10c2ef6,6.5,1.8,4.7,0.0,7809,702,7107,9.0,0.42,0.56,0.46,342243471,1643743397,3186,11681,1.3,234.1,3.1,2.0,109,62,0,0,0,0,0,0.0,0,0,0,0,0,0
496.8,2026-05-16T19:48:39,0016c001f10c2ef6,6.4,1.7,4.7,0.0,7809,702,7107,9.0,0.39,0.55,0.46,342247490,1643786129,4019,42732,1.3,234.1,3.1,2.0,109,62,0,0,0,0,0,0.0,0,0,0,0,0,0
497.2,2026-05-16T19:48:39,0016c001f10c2ef6,6.7,2.2,4.5,0.0,7809,701,7108,9.0,0.39,0.55,0.46,342250680,1643797810,3190,11681,1.3,234.1,3.1,2.0,109,62,0,0,0,0,0,0.0,0,0,0,0,0,0
497.7,2026-05-16T19:48:40,0016c001f10c2ef6,7.3,2.3,5.1,0.0,7809,700,7109,9.0,0.39,0.55,0.46,342253866,1643809491,3186,11681,1.3,234.1,3.1,2.0,109,62,0,0,0,0,0,0.0,0,0,0,0,0,0
498.1,2026-05-16T19:48:40,0016c001f10c2ef6,6.9,1.7,5.2,0.0,7809,701,7108,9.0,0.39,0.55,0.46,342256904,1643821172,3038,11681,1.3,234.1,3.1,2.0,109,62,0,0,0,0,0,0.0,0,0,0,0,0,0
498.5,2026-05-16T19:48:41,0016c001f10c2ef6,6.3,1.7,4.6,0.0,7809,701,7108,9.0,0.39,0.55,0.46,342261123,1643863904,4219,42732,1.3,234.1,3.1,2.0,109,62,0,0,0,0,0,0.0,0,0,0,0,0,0
499.0,2026-05-16T19:48:41,0016c001f10c2ef6,8.6,3.4,5.2,0.0,7809,701,7108,9.0,0.39,0.55,0.46,342264161,1643875585,3038,11681,1.3,234.1,3.1,2.0,109,62,0,0,0,0,0,0.0,0,0,0,0,0,0
499.4,2026-05-16T19:48:41,0016c001f10c2ef6,6.4,1.2,5.2,0.0,7809,700,7109,9.0,0.39,0.55,0.46,342267445,1643888147,3284,12562,1.3,234.1,3.1,2.0,109,62,0,0,0,0,0,0.0,0,0,0,0,0,0
499.8,2026-05-16T19:48:42,0016c001f10c2ef6,5.9,1.2,4.7,0.0,7809,700,7109,9.0,0.39,0.55,0.46,342270607,1643899906,3162,11759,1.3,234.1,3.1,2.0,109,62,0,0,0,0,0,0.0,0,0,0,0,0,0
500.3,2026-05-16T19:48:42,0016c001f10c2ef6,7.0,3.5,3.5,0.0,7809,700,7109,9.0,0.39,0.55,0.46,342273793,1643911587,3186,11681,1.3,234.1,3.1,2.0,109,62,0,0,0,0,0,0.0,0,0,0,0,0,0
500.8,2026-05-16T19:48:43,0016c001f10c2ef6,17.3,6.1,11.2,0.0,7809,700,7109,9.0,0.39,0.55,0.46,342277684,1643954625,3891,43038,1.3,234.1,3.1,2.0,109,62,0,0,0,0,0,0.0,0,0,0,0,0,0
501.2,2026-05-16T19:48:43,0016c001f10c2ef6,19.9,2.4,17.5,0.0,7809,702,7107,9.0,0.39,0.55,0.46,342280922,1643966306,3238,11681,1.3,234.1,3.1,2.0,109,62,0,0,0,0,0,0.0,0,0,0,0,0,0
501.6,2026-05-16T19:48:44,0016c001f10c2ef6,19.7,1.7,17.9,0.0,7809,702,7107,9.0,0.52,0.58,0.47,342284337,1643977987,3415,11681,1.3,234.1,3.1,2.0,109,62,0,0,0,0,0,0.0,0,0,0,0,0,0
502.1,2026-05-16T19:48:44,0016c001f10c2ef6,19.3,3.0,16.3,0.0,7809,702,7107,9.0,0.52,0.58,0.47,342287527,1643989668,3190,11681,1.3,234.1,3.1,2.0,109,62,0,0,0,0,0,0.0,0,0,0,0,0,0
502.5,2026-05-16T19:48:45,0016c001f10c2ef6,8.6,1.7,6.9,0.0,7809,702,7107,9.0,0.52,0.58,0.47,342291590,1644032400,4063,42732,1.3,234.1,3.1,2.0,109,62,0,0,0,0,0,0.0,0,0,0,0,0,0
503.0,2026-05-16T19:48:45,0016c001f10c2ef6,7.5,4.6,2.9,0.0,7809,702,7107,9.0,0.52,0.58,0.47,342294728,1644044081,3138,11681,1.3,234.1,3.1,2.0,109,62,0,0,0,0,0,0.0,0,0,0,0,0,0
503.4,2026-05-16T19:48:45,0016c001f10c2ef6,6.5,2.9,3.5,0.0,7809,703,7106,9.0,0.52,0.58,0.47,342297866,1644055762,3138,11681,1.3,234.1,3.1,2.0,109,62,0,0,0,0,0,0.0,0,0,0,0,0,0
503.8,2026-05-16T19:48:46,0016c001f10c2ef6,7.1,2.9,2.9,1.2,7809,703,7106,9.0,0.52,0.58,0.47,342301056,1644067443,3190,11681,1.3,234.1,3.1,2.0,109,62,0,0,0,0,0,0.0,0,0,0,0,0,0
504.3,2026-05-16T19:48:46,0016c001f10c2ef6,6.3,2.3,4.0,0.0,7809,702,7107,9.0,0.52,0.58,0.47,342304146,1644079124,3090,11681,1.3,234.1,3.1,2.0,109,62,0,0,0,0,0,0.0,0,0,0,0,0,0
504.7,2026-05-16T19:48:47,0016c001f10c2ef6,8.1,2.9,5.2,0.0,7809,702,7107,9.0,0.52,0.58,0.47,342308313,1644121856,4167,42732,1.3,234.1,3.1,2.0,109,62,0,0,0,0,0,0.0,0,0,0,0,0,0
505.1,2026-05-16T19:48:47,0016c001f10c2ef6,7.6,2.3,5.2,0.0,7809,702,7107,9.0,0.52,0.58,0.47,342311403,1644133537,3090,11681,1.3,234.1,3.1,2.0,109,62,0,0,0,0,0,0.0,0,0,0,0,0,0
505.6,2026-05-16T19:48:48,0016c001f10c2ef6,6.4,1.2,5.2,0.0,7809,702,7107,9.0,0.52,0.58,0.47,342314589,1644145218,3186,11681,1.3,234.1,3.1,2.0,112,62,3,0,0,0,0,0.0,0,0,0,0,0,0
506.0,2026-05-16T19:48:48,0016c001f10c2ef6,9.4,4.7,4.7,0.0,7809,702,7107,9.0,0.52,0.58,0.47,342317627,1644156965,3038,11747,1.3,234.1,3.1,2.0,112,62,0,0,0,0,0,0.0,0,0,0,0,0,0
506.5,2026-05-16T19:48:49,0016c001f10c2ef6,6.4,2.9,3.5,0.0,7809,703,7106,9.0,0.52,0.58,0.47,342320661,1644168646,3034,11681,1.3,234.1,3.1,2.0,112,62,0,0,0,0,0,0.0,0,0,0,0,0,0
506.9,2026-05-16T19:48:49,0016c001f10c2ef6,7.2,3.0,4.2,0.0,7809,702,7107,9.0,0.56,0.58,0.47,342324676,1644211378,4015,42732,1.3,234.1,3.1,2.0,112,62,0,0,0,0,0,0.0,0,0,0,0,0,0
507.3,2026-05-16T19:48:49,0016c001f10c2ef6,6.4,1.2,5.3,0.0,7809,702,7107,9.0,0.56,0.58,0.47,342327810,1644223059,3134,11681,1.3,234.1,3.1,2.0,112,62,0,0,0,0,0,0.0,0,0,0,0,0,0
507.8,2026-05-16T19:48:50,0016c001f10c2ef6,6.4,2.3,4.1,0.0,7809,702,7107,9.0,0.56,0.58,0.47,342330900,1644234740,3090,11681,1.3,234.1,3.1,2.0,112,62,0,0,0,0,0,0.0,0,0,0,0,0,0
508.2,2026-05-16T19:48:50,0016c001f10c2ef6,6.9,1.7,5.2,0.0,7809,702,7107,9.0,0.56,0.58,0.47,342334058,1644246499,3158,11759,1.3,234.1,3.1,2.0,112,62,0,0,0,0,0,0.0,0,0,0,0,0,0
508.6,2026-05-16T19:48:51,0016c001f10c2ef6,5.8,1.7,4.1,0.0,7809,702,7107,9.0,0.56,0.58,0.47,342338225,1644289231,4167,42732,1.3,234.1,3.1,2.0,112,62,0,0,0,0,0,0.0,0,0,0,0,0,0
509.1,2026-05-16T19:48:51,0016c001f10c2ef6,10.5,3.5,7.0,0.0,7809,701,7108,9.0,0.56,0.58,0.47,342341263,1644300912,3038,11681,1.3,234.1,3.1,2.0,112,62,0,0,0,0,0,0.0,0,0,0,0,0,0
509.5,2026-05-16T19:48:52,0016c001f10c2ef6,6.5,3.0,3.6,0.0,7809,701,7108,9.0,0.56,0.58,0.47,342344401,1644312593,3138,11681,1.3,234.2,3.1,2.0,112,62,0,0,0,0,0,0.0,0,0,0,0,0,0
509.9,2026-05-16T19:48:52,0016c001f10c2ef6,6.9,2.3,4.6,0.0,7809,701,7108,9.0,0.56,0.58,0.47,342347587,1644324274,3186,11681,1.3,234.2,3.1,2.0,112,62,0,0,0,0,0,0.0,0,0,0,0,0,0
510.3,2026-05-16T19:48:52,0016c001f10c2ef6,6.4,2.3,4.0,0.0,7809,702,7107,9.0,0.56,0.58,0.47,342350573,1644335955,2986,11681,1.3,234.2,3.1,2.0,112,62,0,0,0,0,0,0.0,0,0,0,0,0,0
510.8,2026-05-16T19:48:53,0016c001f10c2ef6,7.6,3.5,4.1,0.0,7809,701,7108,9.0,0.56,0.58,0.47,342354792,1644378687,4219,42732,1.3,234.2,3.1,2.0,112,62,0,0,0,0,0,0.0,0,0,0,0,0,0
511.2,2026-05-16T19:48:53,0016c001f10c2ef6,10.9,4.9,5.5,0.5,7809,702,7107,9.0,0.56,0.58,0.47,342357982,1644391117,3190,12430,1.3,234.2,3.1,2.0,112,62,0,0,0,0,0,0.0,0,0,0,0,0,0
511.7,2026-05-16T19:48:54,0016c001f10c2ef6,6.4,2.3,4.0,0.0,7809,702,7107,9.0,0.59,0.59,0.47,342361443,1644404400,3461,13283,1.3,234.2,3.1,2.0,112,62,0,0,0,0,0,0.0,0,0,0,0,0,0
512.1,2026-05-16T19:48:54,0016c001f10c2ef6,6.6,3.6,3.0,0.0,7809,702,7107,9.0,0.59,0.59,0.47,342364633,1644416081,3190,11681,1.3,234.2,3.1,2.0,112,62,0,0,0,0,0,0.0,0,0,0,0,0,0
512.5,2026-05-16T19:48:55,0016c001f10c2ef6,10.5,2.9,7.6,0.0,7809,702,7107,9.0,0.59,0.59,0.47,342367719,1644427762,3086,11681,1.3,234.4,3.1,2.0,112,62,0,0,0,0,0,0.0,0,0,0,0,0,0
513.0,2026-05-16T19:48:55,0016c001f10c2ef6,20.0,2.4,17.6,0.0,7809,702,7107,9.0,0.59,0.59,0.47,342371682,1644470494,3963,42732,1.3,234.4,3.1,2.0,112,62,0,0,0,0,0,0.0,0,0,0,0,0,0
513.4,2026-05-16T19:48:56,0016c001f10c2ef6,18.5,1.8,16.7,0.0,7809,702,7107,9.0,0.59,0.59,0.47,342374920,1644482175,3238,11681,1.3,234.4,3.1,2.0,112,62,0,0,0,0,0,0.0,0,0,0,0,0,0
513.9,2026-05-16T19:48:56,0016c001f10c2ef6,19.2,2.4,16.8,0.0,7809,702,7107,9.0,0.59,0.59,0.47,342378058,1644493856,3138,11681,1.3,234.4,3.1,2.0,112,62,0,0,0,0,0,0.0,0,0,0,0,0,0
514.3,2026-05-16T19:48:56,0016c001f10c2ef6,7.6,2.9,4.7,0.0,7809,703,7106,9.0,0.59,0.59,0.47,342381248,1644505537,3190,11681,1.3,234.4,3.1,2.0,112,62,0,0,0,0,0,0.0,0,0,0,0,0,0
514.7,2026-05-16T19:48:57,0016c001f10c2ef6,5.9,2.4,3.5,0.0,7809,702,7107,9.0,0.59,0.59,0.47,342385263,1644548269,4015,42732,1.3,234.4,3.1,2.0,112,62,0,0,0,0,0,0.0,0,0,0,0,0,0
515.2,2026-05-16T19:48:57,0016c001f10c2ef6,7.6,2.9,4.7,0.0,7809,702,7107,9.0,0.59,0.59,0.47,342388353,1644559950,3090,11681,1.3,234.4,3.1,2.0,112,62,0,0,0,0,0,0.0,0,0,0,0,0,0
515.6,2026-05-16T19:48:58,0016c001f10c2ef6,6.9,2.3,4.6,0.0,7809,702,7107,9.0,0.59,0.59,0.47,342391439,1644571631,3086,11681,1.3,234.4,3.1,2.0,112,62,0,0,0,0,0,0.0,0,0,0,0,0,0
516.0,2026-05-16T19:48:58,0016c001f10c2ef6,7.4,1.7,5.7,0.0,7809,702,7107,9.0,0.59,0.59,0.47,342394749,1644583390,3310,11759,1.3,234.4,3.1,2.0,112,62,0,0,0,0,0,0.0,0,0,0,0,0,0
516.5,2026-05-16T19:48:59,0016c001f10c2ef6,8.1,2.2,5.9,0.0,7809,701,7108,9.0,0.59,0.59,0.47,342397939,1644595137,3190,11747,1.3,234.4,3.1,2.0,112,62,0,0,0,0,0,0.0,0,0,0,0,0,0
517.0,2026-05-16T19:48:59,0016c001f10c2ef6,9.5,5.0,4.5,0.0,7809,701,7108,9.0,0.62,0.6,0.48,342402006,1644637935,4067,42798,1.3,234.4,3.1,2.0,112,62,0,0,0,0,0,0.0,0,0,0,0,0,0
517.5,2026-05-16T19:49:00,0016c001f10c2ef6,10.2,3.1,7.1,0.0,7809,701,7108,9.0,0.62,0.6,0.48,342405144,1644649682,3138,11747,1.3,234.4,3.1,2.0,112,62,0,0,0,0,0,0.0,0,0,0,0,0,0
518.0,2026-05-16T19:49:00,0016c001f10c2ef6,9.6,4.1,5.6,0.0,7809,701,7108,9.0,0.62,0.6,0.48,342408386,1644661429,3242,11747,1.3,234.4,3.1,2.0,112,62,0,0,0,0,0,0.0,0,0,0,0,0,0
518.5,2026-05-16T19:49:01,0016c001f10c2ef6,10.0,3.5,6.5,0.0,7809,701,7108,9.0,0.62,0.6,0.48,342411576,1644673176,3190,11747,1.3,234.4,3.1,2.0,112,62,0,0,0,0,0,0.0,0,0,0,0,0,0
519.1,2026-05-16T19:49:01,0016c001f10c2ef6,9.7,4.2,5.6,0.0,7809,702,7107,9.0,0.62,0.6,0.48,342415491,1644715974,3915,42798,1.3,234.4,3.1,2.0,112,62,0,0,0,0,0,0.0,0,0,0,0,0,0
519.5,2026-05-16T19:49:02,0016c001f10c2ef6,8.0,2.3,5.7,0.0,7809,702,7107,9.0,0.62,0.6,0.48,342418781,1644727655,3290,11681,1.3,234.4,3.1,2.0,112,62,0,0,0,0,0,0.0,0,0,0,0,0,0
519.9,2026-05-16T19:49:02,0016c001f10c2ef6,5.8,1.2,4.1,0.6,7809,703,7106,9.0,0.62,0.6,0.48,342421819,1644739336,3038,11681,1.3,234.4,3.1,2.0,112,62,0,0,0,0,0,0.0,0,0,0,0,0,0
520.4,2026-05-16T19:49:02,0016c001f10c2ef6,6.4,2.3,4.1,0.0,7809,702,7107,9.0,0.62,0.6,0.48,342425057,1644751017,3238,11681,1.3,234.4,3.1,2.0,112,62,0,0,0,0,0,0.0,0,0,0,0,0,0
520.8,2026-05-16T19:49:03,0016c001f10c2ef6,7.0,3.5,3.5,0.0,7809,702,7107,9.0,0.62,0.6,0.48,342428868,1644793749,3811,42732,1.3,234.4,3.1,2.0,112,62,0,0,0,0,0,0.0,0,0,0,0,0,0
521.2,2026-05-16T19:49:03,0016c001f10c2ef6,7.7,4.8,3.0,0.0,7809,702,7107,9.0,0.62,0.6,0.48,342432182,1644806199,3314,12450,1.3,234.4,3.1,2.0,112,62,0,0,0,0,0,0.0,0,0,0,0,0,0
521.7,2026-05-16T19:49:04,0016c001f10c2ef6,6.5,3.2,3.2,0.0,7809,702,7107,9.0,0.57,0.59,0.47,342435795,1644819486,3613,13287,1.3,234.4,3.1,2.0,112,62,0,0,0,0,0,0.0,0,0,0,0,0,0
522.1,2026-05-16T19:49:04,0016c001f10c2ef6,6.9,2.3,4.6,0.0,7809,702,7107,9.0,0.57,0.59,0.47,342438881,1644831167,3086,11681,1.3,234.4,3.1,2.0,112,62,0,0,0,0,0,0.0,0,0,0,0,0,0
522.6,2026-05-16T19:49:05,0016c001f10c2ef6,5.7,2.3,3.4,0.0,7809,702,7107,9.0,0.57,0.59,0.47,342442119,1644842848,3238,11681,1.3,234.4,3.1,2.0,112,62,0,0,0,0,0,0.0,0,0,0,0,0,0
523.0,2026-05-16T19:49:05,0016c001f10c2ef6,7.7,3.6,4.2,0.0,7809,701,7108,9.0,0.57,0.59,0.47,342446082,1644885580,3963,42732,1.3,234.4,3.1,2.0,112,62,0,0,0,0,0,0.0,0,0,0,0,0,0
523.4,2026-05-16T19:49:06,0016c001f10c2ef6,7.1,2.4,4.8,0.0,7809,702,7107,9.0,0.57,0.59,0.47,342449220,1644897261,3138,11681,1.3,234.4,3.1,2.0,112,62,0,0,0,0,0,0.0,0,0,0,0,0,0
523.9,2026-05-16T19:49:06,0016c001f10c2ef6,5.8,2.3,3.5,0.0,7809,702,7107,9.0,0.57,0.59,0.47,342452410,1644908942,3190,11681,1.3,234.4,3.1,2.0,112,62,0,0,0,0,0,0.0,0,0,0,0,0,0
524.3,2026-05-16T19:49:06,0016c001f10c2ef6,14.2,2.6,11.6,0.0,7809,701,7108,9.0,0.57,0.59,0.47,342455496,1644920689,3086,11747,1.3,234.4,3.1,2.0,112,62,0,0,0,0,0,0.0,0,0,0,0,0,0
524.8,2026-05-16T19:49:07,0016c001f10c2ef6,19.3,1.2,18.1,0.0,7809,700,7109,9.0,0.57,0.59,0.47,342458582,1644932370,3086,11681,1.3,234.4,3.1,2.0,112,62,0,0,0,0,0,0.0,0,0,0,0,0,0
525.2,2026-05-16T19:49:07,0016c001f10c2ef6,21.4,3.6,17.9,0.0,7809,701,7108,9.0,0.57,0.59,0.47,342462601,1644975102,4019,42732,1.3,234.4,3.1,2.0,112,62,0,0,0,0,0,0.0,0,0,0,0,0,0
525.6,2026-05-16T19:49:08,0016c001f10c2ef6,18.7,1.8,16.9,0.0,7809,701,7108,9.0,0.57,0.59,0.47,342465815,1644986939,3214,11837,1.3,234.4,3.1,2.0,112,62,0,0,0,0,0,0.0,0,0,0,0,0,0
526.1,2026-05-16T19:49:08,0016c001f10c2ef6,9.4,2.3,7.0,0.0,7809,701,7108,9.0,0.57,0.59,0.47,342468953,1644998620,3138,11681,1.3,234.4,3.1,2.0,112,62,0,0,0,0,0,0.0,0,0,0,0,0,0
526.5,2026-05-16T19:49:09,0016c001f10c2ef6,6.5,2.4,4.1,0.0,7809,701,7108,9.0,0.57,0.59,0.47,342472243,1645010301,3290,11681,1.3,234.4,3.1,2.0,112,62,0,0,0,0,0,0.0,0,0,0,0,0,0
526.9,2026-05-16T19:49:09,0016c001f10c2ef6,5.8,1.7,4.1,0.0,7809,701,7108,9.0,0.53,0.58,0.47,342476258,1645053033,4015,42732,1.3,234.1,3.1,2.0,112,62,0,0,0,0,0,0.0,0,0,0,0,0,0
527.4,2026-05-16T19:49:09,0016c001f10c2ef6,7.3,2.8,4.5,0.0,7809,702,7107,9.0,0.53,0.58,0.47,342479244,1645064714,2986,11681,1.3,234.1,3.1,2.0,112,62,0,0,0,0,0,0.0,0,0,0,0,0,0
527.8,2026-05-16T19:49:10,0016c001f10c2ef6,5.8,1.2,4.7,0.0,7809,702,7107,9.0,0.53,0.58,0.47,342482382,1645076395,3138,11681,1.3,234.1,3.1,2.0,112,62,0,0,0,0,0,0.0,0,0,0,0,0,0
528.2,2026-05-16T19:49:10,0016c001f10c2ef6,6.5,2.4,4.1,0.0,7809,701,7108,9.0,0.53,0.58,0.47,342485620,1645088076,3238,11681,1.3,234.1,3.1,2.0,112,62,0,0,0,0,0,0.0,0,0,0,0,0,0
528.7,2026-05-16T19:49:11,0016c001f10c2ef6,5.8,2.3,3.5,0.0,7809,701,7108,9.0,0.53,0.58,0.47,342488606,1645099757,2986,11681,1.3,234.1,3.1,2.0,112,62,0,0,0,0,0,0.0,0,0,0,0,0,0
529.1,2026-05-16T19:49:11,0016c001f10c2ef6,7.0,2.3,4.7,0.0,7809,701,7108,9.0,0.53,0.58,0.47,342492673,1645142489,4067,42732,1.3,234.1,3.1,2.0,112,62,0,0,0,0,0,0.0,0,0,0,0,0,0
529.6,2026-05-16T19:49:12,0016c001f10c2ef6,8.1,3.8,4.3,0.0,7809,702,7107,9.0,0.53,0.58,0.47,342495811,1645154236,3138,11747,1.3,234.1,3.1,2.0,112,62,0,0,0,0,0,0.0,0,0,0,0,0,0
530.0,2026-05-16T19:49:12,0016c001f10c2ef6,6.7,2.8,3.9,0.0,7809,701,7108,9.0,0.53,0.58,0.47,342498897,1645165917,3086,11681,1.3,234.1,3.1,2.0,112,62,0,0,0,0,0,0.0,0,0,0,0,0,0
530.5,2026-05-16T19:49:13,0016c001f10c2ef6,4.7,1.2,3.5,0.0,7809,701,7108,9.0,0.53,0.58,0.47,342502083,1645177598,3186,11681,1.3,234.1,3.1,2.0,112,62,0,0,0,0,0,0.0,0,0,0,0,0,0
530.9,2026-05-16T19:49:13,0016c001f10c2ef6,8.8,5.3,3.5,0.0,7809,701,7108,9.0,0.53,0.58,0.47,342505998,1645220330,3915,42732,1.3,234.1,3.1,2.0,112,62,0,0,0,0,0,0.0,0,0,0,0,0,0
531.3,2026-05-16T19:49:13,0016c001f10c2ef6,8.3,3.0,4.8,0.6,7809,702,7107,9.0,0.53,0.58,0.47,342509032,1645232739,3034,12409,1.3,234.0,3.1,2.0,112,62,0,0,0,0,0,0.0,0,0,0,0,0,0
531.7,2026-05-16T19:49:14,0016c001f10c2ef6,9.7,4.6,5.1,0.0,7809,700,7109,9.0,0.49,0.57,0.47,342512749,1645246526,3717,13787,1.3,234.0,3.1,2.0,112,62,0,0,0,0,0,0.0,0,0,0,0,0,0
532.2,2026-05-16T19:49:14,0016c001f10c2ef6,6.5,2.4,4.2,0.0,7809,701,7108,9.0,0.49,0.57,0.47,342516007,1645258285,3258,11759,1.3,234.0,3.1,2.0,112,62,0,0,0,0,0,0.0,0,0,0,0,0,0
532.6,2026-05-16T19:49:15,0016c001f10c2ef6,9.3,3.5,4.7,1.2,7809,701,7108,9.0,0.49,0.57,0.47,342519243,1645270915,3236,12630,1.3,234.0,3.1,2.0,112,62,0,0,0,0,0,0.0,0,0,0,0,0,0
533.0,2026-05-16T19:49:15,0016c001f10c2ef6,7.0,4.1,2.9,0.0,7809,702,7107,9.0,0.49,0.57,0.47,342523362,1645313728,4119,42813,1.3,234.0,3.1,2.0,112,62,0,0,0,0,0,0.0,0,0,0,0,0,0
533.5,2026-05-16T19:49:16,0016c001f10c2ef6,6.9,2.9,4.0,0.0,7809,701,7108,9.0,0.49,0.57,0.47,342526448,1645325409,3086,11681,1.3,234.0,3.1,2.0,112,62,0,0,0,0,0,0.0,0,0,0,0,0,0
533.9,2026-05-16T19:49:16,0016c001f10c2ef6,5.8,1.8,4.1,0.0,7809,701,7108,9.0,0.49,0.57,0.47,342545279,1650079527,18831,4754118,1.3,234.0,3.1,2.0,112,62,0,0,0,0,0,0.0,0,0,0,0,0,0
534.6,2026-05-16T19:49:17,0016c001f10c2ef6,10.4,3.1,7.3,0.0,7809,699,7110,9.0,0.49,0.57,0.47,342560611,1650117097,15332,37570,1.3,234.1,3.1,2.0,112,62,0,0,0,0,0,0.0,0,0,0,0,0,0
535.1,2026-05-16T19:49:17,0016c001f10c2ef6,16.9,7.2,9.2,0.5,7809,700,7109,9.0,0.49,0.57,0.47,342564782,1650160659,4171,43562,1.3,234.1,3.1,2.0,112,62,0,0,0,0,0,0.0,0,0,0,0,0,0
535.6,2026-05-16T19:49:18,0016c001f10c2ef6,10.5,4.7,5.8,0.0,7809,700,7109,9.0,0.49,0.57,0.47,342568018,1650173972,3236,13313,1.3,234.1,3.1,2.0,116,66,4,4,0,0,0,0.0,0,0,0,0,0,0
536.1,2026-05-16T19:49:18,0016c001f10c2ef6,14.3,2.1,12.2,0.0,7809,701,7108,9.0,0.49,0.57,0.47,342571156,1650185719,3138,11747,1.3,234.1,3.1,2.0,116,66,0,0,0,0,0,0.0,0,0,0,0,0,0
536.5,2026-05-16T19:49:19,0016c001f10c2ef6,19.4,3.0,16.4,0.0,7809,701,7108,9.0,0.49,0.57,0.47,342574294,1650197400,3138,11681,1.3,234.1,3.1,2.0,116,66,0,0,0,0,0,0.0,0,0,0,0,0,0
537.0,2026-05-16T19:49:19,0016c001f10c2ef6,19.5,3.7,15.9,0.0,7809,703,7106,9.0,0.53,0.58,0.47,342578313,1650240213,4019,42813,1.3,234.1,3.1,2.0,116,66,0,0,0,0,0,0.0,0,0,0,0,0,0
537.4,2026-05-16T19:49:19,0016c001f10c2ef6,21.3,3.7,17.7,0.0,7809,702,7107,9.0,0.53,0.58,0.47,342581499,1650251894,3186,11681,1.3,234.1,3.1,2.0,116,66,0,0,0,0,0,0.0,0,0,0,0,0,0
537.8,2026-05-16T19:49:20,0016c001f10c2ef6,8.5,1.8,6.7,0.0,7809,702,7107,9.0,0.53,0.58,0.47,342584637,1650263575,3138,11681,1.3,234.1,3.1,2.0,116,66,0,0,0,0,0,0.0,0,0,0,0,0,0
538.2,2026-05-16T19:49:20,0016c001f10c2ef6,6.6,3.0,3.6,0.0,7809,702,7107,9.0,0.53,0.58,0.47,342587827,1650275256,3190,11681,1.3,234.1,3.1,2.0,116,66,0,0,0,0,0,0.0,0,0,0,0,0,0
538.6,2026-05-16T19:49:21,0016c001f10c2ef6,6.5,2.4,4.2,0.0,7809,703,7106,9.0,0.53,0.58,0.47,342590917,1650286937,3090,11681,1.3,234.1,3.1,2.0,116,66,0,0,0,0,0,0.0,0,0,0,0,0,0
539.1,2026-05-16T19:49:21,0016c001f10c2ef6,6.0,1.8,4.2,0.0,7809,703,7106,9.0,0.53,0.58,0.47,342594932,1650329750,4015,42813,1.3,234.1,3.1,2.0,116,66,0,0,0,0,0,0.0,0,0,0,0,0,0
539.5,2026-05-16T19:49:22,0016c001f10c2ef6,6.7,3.0,3.7,0.0,7809,702,7107,9.0,0.53,0.58,0.47,342598222,1650341431,3290,11681,1.3,234.1,3.1,2.0,116,66,0,0,0,0,0,0.0,0,0,0,0,0,0
539.9,2026-05-16T19:49:22,0016c001f10c2ef6,5.4,1.8,3.6,0.0,7809,702,7107,9.0,0.53,0.58,0.47,342601484,1650353190,3262,11759,1.3,234.1,3.1,2.0,116,66,0,0,0,0,0,0.0,0,0,0,0,0,0
540.3,2026-05-16T19:49:22,0016c001f10c2ef6,5.4,1.8,3.6,0.0,7809,702,7107,9.0,0.53,0.58,0.47,342604674,1650364871,3190,11681,1.3,234.1,3.1,2.0,116,66,0,0,0,0,0,0.0,0,0,0,0,0,0
540.8,2026-05-16T19:49:23,0016c001f10c2ef6,5.9,2.4,3.6,0.0,7809,702,7107,9.0,0.53,0.58,0.47,342607764,1650376552,3090,11681,1.3,234.1,3.1,2.0,116,66,0,0,0,0,0,0.0,0,0,0,0,0,0
541.2,2026-05-16T19:49:23,0016c001f10c2ef6,9.4,3.9,5.5,0.0,7809,702,7107,9.0,0.53,0.58,0.47,342611879,1650419431,4115,42879,1.3,234.1,3.1,2.0,116,66,0,0,0,0,0,0.0,0,0,0,0,0,0
541.7,2026-05-16T19:49:24,0016c001f10c2ef6,10.8,3.0,7.9,0.0,7809,700,7109,9.0,0.48,0.57,0.47,342615550,1650431178,3671,11747,1.3,234.1,3.1,2.0,116,66,0,0,0,0,0,0.0,0,0,0,0,0,0
542.2,2026-05-16T19:49:24,0016c001f10c2ef6,9.7,3.1,6.7,0.0,7809,701,7108,9.0,0.48,0.57,0.47,342618752,1650443974,3202,12796,1.3,234.1,3.1,2.0,116,66,0,0,0,0,0,0.0,0,0,0,0,0,0
542.7,2026-05-16T19:49:25,0016c001f10c2ef6,6.3,2.9,3.4,0.0,7809,701,7108,9.0,0.48,0.57,0.47,342621790,1650455655,3038,11681,1.3,234.1,3.1,2.0,116,66,0,0,0,0,0,0.0,0,0,0,0,0,0
543.1,2026-05-16T19:49:25,0016c001f10c2ef6,6.1,2.2,3.9,0.0,7809,701,7108,9.0,0.48,0.57,0.47,342625857,1650498468,4067,42813,1.3,234.1,3.1,2.0,116,66,0,0,0,0,0,0.0,0,0,0,0,0,0
543.5,2026-05-16T19:49:26,0016c001f10c2ef6,7.6,2.4,5.3,0.0,7809,701,7108,9.0,0.48,0.57,0.47,342629147,1650510149,3290,11681,1.3,234.1,3.1,2.0,116,66,0,0,0,0,0,0.0,0,0,0,0,0,0
544.0,2026-05-16T19:49:26,0016c001f10c2ef6,5.2,1.7,3.5,0.0,7809,701,7108,9.0,0.48,0.57,0.47,342632133,1650521830,2986,11681,1.3,234.1,3.1,2.0,116,66,0,0,0,0,0,0.0,0,0,0,0,0,0
544.4,2026-05-16T19:49:27,0016c001f10c2ef6,7.0,2.3,4.7,0.0,7809,701,7108,9.0,0.48,0.57,0.47,342635271,1650533511,3138,11681,1.3,234.1,3.1,2.0,116,66,0,0,0,0,0,0.0,0,0,0,0,0,0
544.8,2026-05-16T19:49:27,0016c001f10c2ef6,6.1,3.7,2.4,0.0,7809,701,7108,9.0,0.48,0.57,0.47,342638357,1650545192,3086,11681,1.3,234.1,3.1,2.0,116,66,0,0,0,0,0,0.0,0,0,0,0,0,0
545.3,2026-05-16T19:49:27,0016c001f10c2ef6,8.2,2.9,5.3,0.0,7809,703,7106,9.0,0.48,0.57,0.47,342642424,1650588688,4067,43496,1.3,234.1,3.1,2.0,116,66,0,0,0,0,0,0.0,0,0,0,0,0,0
545.7,2026-05-16T19:49:28,0016c001f10c2ef6,8.7,2.9,5.8,0.0,7809,702,7107,9.0,0.48,0.57,0.47,342645504,1650601951,3080,13263,1.3,234.1,3.1,2.0,116,66,0,0,0,0,0,0.0,0,0,0,0,0,0
546.1,2026-05-16T19:49:28,0016c001f10c2ef6,5.9,1.8,4.1,0.0,7809,702,7107,9.0,0.48,0.57,0.47,342648590,1650613632,3086,11681,1.3,234.1,3.1,2.0,116,66,0,0,0,0,0,0.0,0,0,0,0,0,0
546.6,2026-05-16T19:49:29,0016c001f10c2ef6,5.8,1.7,4.0,0.0,7809,702,7107,9.0,0.48,0.57,0.47,342651624,1650625313,3034,11681,1.3,234.1,3.1,2.0,116,66,0,0,0,0,0,0.0,0,0,0,0,0,0
547.0,2026-05-16T19:49:29,0016c001f10c2ef6,6.0,1.2,4.8,0.0,7809,702,7107,9.0,0.45,0.56,0.46,342654810,1650636994,3186,11681,1.3,233.9,3.1,2.0,116,66,0,0,0,0,0,0.0,0,0,0,0,0,0
547.5,2026-05-16T19:49:30,0016c001f10c2ef6,10.4,4.7,5.7,0.0,7809,702,7107,9.0,0.45,0.56,0.46,342658929,1650679873,4119,42879,1.3,233.9,3.1,2.0,116,66,0,0,0,0,0,0.0,0,0,0,0,0,0
548.0,2026-05-16T19:49:30,0016c001f10c2ef6,15.3,2.6,12.2,0.5,7809,702,7107,9.0,0.45,0.56,0.46,342661987,1650691632,3058,11759,1.3,233.9,3.1,2.0,116,66,0,0,0,0,0,0.0,0,0,0,0,0,0
548.4,2026-05-16T19:49:30,0016c001f10c2ef6,19.2,2.4,16.8,0.0,7809,702,7107,9.0,0.45,0.56,0.46,342665073,1650703313,3086,11681,1.3,233.9,3.1,2.0,116,66,0,0,0,0,0,0.0,0,0,0,0,0,0
548.9,2026-05-16T19:49:31,0016c001f10c2ef6,17.6,1.2,16.5,0.0,7809,701,7108,9.0,0.45,0.56,0.46,342668107,1650714994,3034,11681,1.3,233.9,3.1,2.0,116,66,0,0,0,0,0,0.0,0,0,0,0,0,0
549.3,2026-05-16T19:49:31,0016c001f10c2ef6,17.3,1.8,15.5,0.0,7809,701,7108,9.0,0.45,0.56,0.46,342672070,1650757807,3963,42813,1.3,233.9,3.1,2.0,116,66,0,0,0,0,0,0.0,0,0,0,0,0,0
549.7,2026-05-16T19:49:32,0016c001f10c2ef6,6.6,2.4,4.2,0.0,7809,701,7108,9.0,0.45,0.56,0.46,342675104,1650769488,3034,11681,1.3,233.9,3.1,2.0,116,66,0,0,0,0,0,0.0,0,0,0,0,0,0
550.1,2026-05-16T19:49:32,0016c001f10c2ef6,6.9,2.9,4.0,0.0,7809,701,7108,9.0,0.45,0.56,0.46,342678138,1650781169,3034,11681,1.3,233.9,3.1,2.0,116,66,0,0,0,0,0,0.0,0,0,0,0,0,0
550.6,2026-05-16T19:49:33,0016c001f10c2ef6,6.8,2.8,4.0,0.0,7809,701,7108,9.0,0.45,0.56,0.46,342681224,1650792850,3086,11681,1.3,233.9,3.1,2.0,116,66,0,0,0,0,0,0.0,0,0,0,0,0,0
551.0,2026-05-16T19:49:33,0016c001f10c2ef6,5.7,2.3,3.4,0.0,7809,702,7107,9.0,0.45,0.56,0.46,342684362,1650804531,3138,11681,1.3,233.9,3.1,2.0,116,66,0,0,0,0,0,0.0,0,0,0,0,0,0
551.5,2026-05-16T19:49:34,0016c001f10c2ef6,7.3,1.7,5.6,0.0,7809,702,7107,9.0,0.45,0.56,0.46,342688377,1650847344,4015,42813,1.3,233.9,3.1,2.0,116,66,0,0,0,0,0,0.0,0,0,0,0,0,0
551.9,2026-05-16T19:49:34,0016c001f10c2ef6,6.3,1.7,4.6,0.0,7809,701,7108,9.0,0.49,0.56,0.47,342691840,1650859025,3463,11681,1.3,233.9,3.1,2.0,116,66,0,0,0,0,0,0.0,0,0,0,0,0,0
552.4,2026-05-16T19:49:34,0016c001f10c2ef6,7.5,2.3,5.2,0.0,7809,702,7107,9.0,0.49,0.56,0.47,342694874,1650870706,3034,11681,1.3,233.8,3.1,2.0,116,66,0,0,0,0,0,0.0,0,0,0,0,0,0
552.8,2026-05-16T19:49:35,0016c001f10c2ef6,4.7,1.7,2.9,0.0,7809,702,7107,9.0,0.49,0.56,0.47,342698060,1650882387,3186,11681,1.3,233.8,3.1,2.0,116,66,0,0,0,0,0,0.0,0,0,0,0,0,0
553.3,2026-05-16T19:49:35,0016c001f10c2ef6,9.0,3.5,5.5,0.0,7809,702,7107,9.0,0.49,0.56,0.47,342701923,1650925266,3863,42879,1.3,233.8,3.1,2.0,116,66,0,0,0,0,0,0.0,0,0,0,0,0,0
553.7,2026-05-16T19:49:36,0016c001f10c2ef6,6.5,2.4,4.1,0.0,7809,702,7107,9.0,0.49,0.56,0.47,342704957,1650936947,3034,11681,1.3,233.8,3.1,2.0,116,66,0,0,0,0,0,0.0,0,0,0,0,0,0
554.2,2026-05-16T19:49:36,0016c001f10c2ef6,8.0,2.8,5.1,0.0,7809,702,7107,9.0,0.49,0.56,0.47,342708043,1650948628,3086,11681,1.3,233.8,3.1,2.0,116,66,0,0,0,0,0,0.0,0,0,0,0,0,0
554.6,2026-05-16T19:49:37,0016c001f10c2ef6,6.8,2.3,4.5,0.0,7809,702,7107,9.0,0.49,0.56,0.47,342711077,1650960309,3034,11681,1.3,233.8,3.1,2.0,116,66,0,0,0,0,0,0.0,0,0,0,0,0,0
555.0,2026-05-16T19:49:37,0016c001f10c2ef6,6.3,1.1,5.2,0.0,7809,702,7107,9.0,0.49,0.56,0.47,342714111,1650971990,3034,11681,1.3,233.8,3.1,2.0,116,66,0,0,0,0,0,0.0,0,0,0,0,0,0
555.5,2026-05-16T19:49:38,0016c001f10c2ef6,6.5,2.4,4.1,0.0,7809,702,7107,9.0,0.49,0.56,0.47,342718352,1651017805,4241,45815,1.3,233.8,3.1,2.0,116,66,0,0,0,0,0,0.0,0,0,0,0,0,0
555.9,2026-05-16T19:49:38,0016c001f10c2ef6,7.0,2.3,4.1,0.6,7809,702,7107,9.0,0.49,0.56,0.47,342721562,1651029564,3210,11759,1.3,233.8,3.1,2.0,116,66,0,0,0,0,0,0.0,0,0,0,0,0,0
556.4,2026-05-16T19:49:38,0016c001f10c2ef6,6.7,1.7,5.1,0.0,7809,702,7107,9.0,0.49,0.56,0.47,342724748,1651042190,3186,12626,1.3,233.8,3.1,2.0,116,66,0,0,0,0,0,0.0,0,0,0,0,0,0
556.8,2026-05-16T19:49:39,0016c001f10c2ef6,5.7,1.7,4.0,0.0,7809,702,7107,9.0,0.45,0.55,0.46,342727832,1651053871,3084,11681,1.3,233.8,3.1,2.0,116,66,0,0,0,0,0,0.0,0,0,0,0,0,0
557.3,2026-05-16T19:49:39,0016c001f10c2ef6,5.6,1.1,4.5,0.0,7809,702,7107,9.0,0.45,0.55,0.46,342731743,1651096765,3911,42894,1.3,233.8,3.1,2.0,116,66,0,0,0,0,0,0.0,0,0,0,0,0,0
557.7,2026-05-16T19:49:40,0016c001f10c2ef6,7.0,2.9,4.1,0.0,7809,702,7107,9.0,0.45,0.55,0.46,342734829,1651108446,3086,11681,1.3,233.8,3.1,2.0,116,66,0,0,0,0,0,0.0,0,0,0,0,0,0
558.1,2026-05-16T19:49:40,0016c001f10c2ef6,6.8,2.8,4.0,0.0,7809,702,7107,9.0,0.45,0.55,0.46,342738067,1651120127,3238,11681,1.3,233.8,3.1,2.0,116,66,0,0,0,0,0,0.0,0,0,0,0,0,0
558.7,2026-05-16T19:49:41,0016c001f10c2ef6,8.8,2.5,6.4,0.0,7809,702,7107,9.0,0.45,0.55,0.46,342741205,1651131874,3138,11747,1.3,233.8,3.1,2.0,116,66,0,0,0,0,0,0.0,0,0,0,0,0,0
559.2,2026-05-16T19:49:41,0016c001f10c2ef6,9.9,4.4,5.4,0.0,7809,702,7107,9.0,0.45,0.55,0.46,342744395,1651143637,3190,11763,1.3,233.6,3.1,2.0,116,66,0,0,0,0,0,0.0,0,0,0,0,0,0
559.7,2026-05-16T19:49:42,0016c001f10c2ef6,14.5,4.7,9.8,0.0,7809,701,7108,9.0,0.45,0.55,0.46,342748258,1651186597,3863,42960,1.3,233.6,3.1,2.0,116,66,0,0,0,0,0,0.0,0,0,0,0,0,0
560.1,2026-05-16T19:49:42,0016c001f10c2ef6,17.8,1.8,16.0,0.0,7809,702,7107,9.0,0.45,0.55,0.46,342751396,1651198278,3138,11681,1.3,233.6,3.1,2.0,116,66,0,0,0,0,0,0.0,0,0,0,0,0,0
560.6,2026-05-16T19:49:43,0016c001f10c2ef6,18.9,2.4,16.6,0.0,7809,702,7107,9.0,0.45,0.55,0.46,342754430,1651210025,3034,11747,1.3,233.6,3.1,2.0,116,66,0,0,0,0,0,0.0,0,0,0,0,0,0
561.0,2026-05-16T19:49:43,0016c001f10c2ef6,21.1,4.0,17.1,0.0,7809,702,7107,9.0,0.45,0.55,0.46,342757568,1651221706,3138,11681,1.3,233.6,3.1,2.0,116,66,0,0,0,0,0,0.0,0,0,0,0,0,0
561.5,2026-05-16T19:49:44,0016c001f10c2ef6,6.9,2.3,4.6,0.0,7809,702,7107,9.0,0.45,0.55,0.46,342761531,1651264600,3963,42894,1.3,233.6,3.1,2.0,116,66,0,0,0,0,0,0.0,0,0,0,0,0,0
561.9,2026-05-16T19:49:44,0016c001f10c2ef6,6.8,2.3,4.5,0.0,7809,702,7107,9.0,0.49,0.56,0.47,342764994,1651276281,3463,11681,1.3,233.6,3.1,2.0,116,66,0,0,0,0,0,0.0,0,0,0,0,0,0
562.3,2026-05-16T19:49:44,0016c001f10c2ef6,7.3,2.8,4.5,0.0,7809,702,7107,9.0,0.49,0.56,0.47,342768028,1651287962,3034,11681,1.3,233.6,3.1,2.0,116,66,0,0,0,0,0,0.0,0,0,0,0,0,0
562.8,2026-05-16T19:49:45,0016c001f10c2ef6,6.2,1.1,5.1,0.0,7809,701,7108,9.0,0.49,0.56,0.47,342771266,1651299643,3238,11681,1.3,233.6,3.1,2.0,116,66,0,0,0,0,0,0.0,0,0,0,0,0,0
563.2,2026-05-16T19:49:45,0016c001f10c2ef6,5.1,1.7,3.4,0.0,7809,701,7108,9.0,0.49,0.56,0.47,342774252,1651311324,2986,11681,1.3,233.6,3.1,2.0,116,66,0,0,0,0,0,0.0,0,0,0,0,0,0
563.7,2026-05-16T19:49:46,0016c001f10c2ef6,6.5,3.0,3.6,0.0,7809,702,7107,9.0,0.49,0.56,0.47,342778215,1651354218,3963,42894,1.3,233.6,3.1,2.0,116,66,0,0,0,0,0,0.0,0,0,0,0,0,0
564.1,2026-05-16T19:49:46,0016c001f10c2ef6,6.9,1.7,5.2,0.0,7809,700,7109,9.0,0.49,0.56,0.47,342781321,1651365977,3106,11759,1.3,233.6,3.1,2.0,116,66,0,0,0,0,0,0.0,0,0,0,0,0,0
564.6,2026-05-16T19:49:47,0016c001f10c2ef6,5.6,2.2,3.4,0.0,7809,699,7110,9.0,0.49,0.56,0.47,342784559,1651377658,3238,11681,1.3,233.6,3.1,2.0,116,66,0,0,0,0,0,0.0,0,0,0,0,0,0
565.1,2026-05-16T19:49:47,0016c001f10c2ef6,8.5,2.5,6.0,0.0,7809,700,7109,9.0,0.49,0.56,0.47,342787597,1651389405,3038,11747,1.3,233.6,3.1,2.0,116,66,0,0,0,0,0,0.0,0,0,0,0,0,0
565.5,2026-05-16T19:49:48,0016c001f10c2ef6,13.8,1.7,5.5,6.6,7809,699,7110,9.0,0.49,0.56,0.47,342791560,1651432299,3963,42894,1.3,233.6,3.1,2.0,118,68,2,2,0,0,0,0.0,0,0,0,0,0,0
566.0,2026-05-16T19:49:48,0016c001f10c2ef6,6.9,2.9,4.0,0.0,7809,700,7109,9.0,0.49,0.56,0.47,342794594,1651443980,3034,11681,1.3,233.6,3.1,2.0,118,68,0,0,0,0,0,0.0,0,0,0,0,0,0
566.4,2026-05-16T19:49:48,0016c001f10c2ef6,7.5,2.9,4.6,0.0,7809,701,7108,9.0,0.49,0.56,0.47,342797628,1651455661,3034,11681,1.3,233.6,3.1,2.0,118,68,0,0,0,0,0,0.0,0,0,0,0,0,0
566.8,2026-05-16T19:49:49,0016c001f10c2ef6,6.2,2.8,3.4,0.0,7809,701,7108,9.0,0.45,0.55,0.46,342800714,1651467342,3086,11681,1.3,233.6,3.1,2.0,118,68,0,0,0,0,0,0.0,0,0,0,0,0,0
567.3,2026-05-16T19:49:49,0016c001f10c2ef6,6.9,2.3,4.6,0.0,7809,701,7108,9.0,0.45,0.55,0.46,342803748,1651479023,3034,11681,1.3,233.6,3.1,2.0,118,68,0,0,0,0,0,0.0,0,0,0,0,0,0
567.7,2026-05-16T19:49:50,0016c001f10c2ef6,7.4,4.0,3.4,0.0,7809,702,7107,9.0,0.45,0.55,0.46,342807659,1651521917,3911,42894,1.3,233.6,3.1,2.0,118,68,0,0,0,0,0,0.0,0,0,0,0,0,0
568.2,2026-05-16T19:49:50,0016c001f10c2ef6,6.4,1.2,5.2,0.0,7809,701,7108,9.0,0.45,0.55,0.46,342810693,1651533598,3034,11681,1.3,233.6,3.1,2.0,118,68,0,0,0,0,0,0.0,0,0,0,0,0,0
568.6,2026-05-16T19:49:51,0016c001f10c2ef6,5.2,2.3,2.9,0.0,7809,702,7107,9.0,0.45,0.55,0.46,342813727,1651545279,3034,11681,1.3,233.6,3.1,2.0,118,68,0,0,0,0,0,0.0,0,0,0,0,0,0
569.0,2026-05-16T19:49:51,0016c001f10c2ef6,5.7,1.7,4.0,0.0,7809,702,7107,9.0,0.45,0.55,0.46,342816761,1651556960,3034,11681,1.3,233.6,3.1,2.0,118,68,0,0,0,0,0,0.0,0,0,0,0,0,0
569.5,2026-05-16T19:49:52,0016c001f10c2ef6,6.9,1.7,5.2,0.0,7809,700,7109,9.0,0.45,0.55,0.46,342820776,1651599854,4015,42894,1.3,233.6,3.1,2.0,118,68,0,0,0,0,0,0.0,0,0,0,0,0,0
569.9,2026-05-16T19:49:52,0016c001f10c2ef6,5.2,1.1,4.0,0.0,7809,702,7107,9.0,0.45,0.55,0.46,342823910,1651611535,3134,11681,1.3,233.6,3.1,2.0,118,68,0,0,0,0,0,0.0,0,0,0,0,0,0
570.4,2026-05-16T19:49:53,0016c001f10c2ef6,10.3,3.9,6.4,0.0,7809,702,7107,9.0,0.45,0.55,0.46,342826896,1651623282,2986,11747,1.3,233.6,3.1,2.0,118,68,0,0,0,0,0,0.0,0,0,0,0,0,0
570.9,2026-05-16T19:49:53,0016c001f10c2ef6,5.4,1.2,4.2,0.0,7809,701,7108,9.0,0.45,0.55,0.46,342829982,1651634963,3086,11681,1.3,233.6,3.1,2.0,118,68,0,0,0,0,0,0.0,0,0,0,0,0,0
571.3,2026-05-16T19:49:53,0016c001f10c2ef6,7.4,2.3,5.1,0.0,7809,702,7107,9.0,0.45,0.55,0.46,342833068,1651646644,3086,11681,1.3,233.6,3.1,2.0,118,68,0,0,0,0,0,0.0,0,0,0,0,0,0
571.8,2026-05-16T19:49:54,0016c001f10c2ef6,19.1,2.9,16.2,0.0,7809,701,7108,9.0,0.66,0.59,0.48,342837356,1651689538,4288,42894,1.3,233.6,3.1,2.0,118,68,0,0,0,0,0,0.0,0,0,0,0,0,0
572.2,2026-05-16T19:49:54,0016c001f10c2ef6,19.2,3.5,15.7,0.0,7809,702,7107,9.0,0.66,0.59,0.48,342840614,1651701297,3258,11759,1.3,233.7,3.1,2.0,118,68,0,0,0,0,0,0.0,0,0,0,0,0,0
572.7,2026-05-16T19:49:55,0016c001f10c2ef6,20.1,2.3,17.8,0.0,7809,701,7108,9.0,0.66,0.59,0.48,342843600,1651712978,2986,11681,1.3,233.7,3.1,2.0,118,68,0,0,0,0,0,0.0,0,0,0,0,0,0
573.1,2026-05-16T19:49:55,0016c001f10c2ef6,9.5,1.8,7.7,0.0,7809,701,7108,9.0,0.66,0.59,0.48,342846634,1651724659,3034,11681,1.3,233.7,3.1,2.0,118,68,0,0,0,0,0,0.0,0,0,0,0,0,0
573.5,2026-05-16T19:49:56,0016c001f10c2ef6,7.4,2.8,4.5,0.0,7809,702,7107,9.0,0.66,0.59,0.48,342850493,1651767553,3859,42894,1.3,233.7,3.1,2.0,118,68,0,0,0,0,0,0.0,0,0,0,0,0,0
574.0,2026-05-16T19:49:56,0016c001f10c2ef6,7.4,2.9,4.6,0.0,7809,702,7107,9.0,0.66,0.59,0.48,342853527,1651779234,3034,11681,1.3,233.7,3.1,2.0,118,68,0,0,0,0,0,0.0,0,0,0,0,0,0
574.4,2026-05-16T19:49:56,0016c001f10c2ef6,5.9,2.4,3.6,0.0,7809,702,7107,9.0,0.66,0.59,0.48,342856561,1651790915,3034,11681,1.3,233.7,3.1,2.0,118,68,0,0,0,0,0,0.0,0,0,0,0,0,0
574.8,2026-05-16T19:49:57,0016c001f10c2ef6,5.2,1.7,3.5,0.0,7809,702,7107,9.0,0.66,0.59,0.48,342859595,1651802596,3034,11681,1.3,233.7,3.1,2.0,118,68,0,0,0,0,0,0.0,0,0,0,0,0,0
575.3,2026-05-16T19:49:57,0016c001f10c2ef6,6.8,1.1,5.7,0.0,7809,702,7107,9.0,0.66,0.59,0.48,342862681,1651814277,3086,11681,1.3,233.7,3.1,2.0,118,68,0,0,0,0,0,0.0,0,0,0,0,0,0
575.7,2026-05-16T19:49:58,0016c001f10c2ef6,11.5,6.3,5.2,0.0,7809,701,7108,9.0,0.66,0.59,0.48,342866644,1651857171,3963,42894,1.3,233.7,3.1,2.0,118,68,0,0,0,0,0,0.0,0,0,0,0,0,0
576.2,2026-05-16T19:49:58,0016c001f10c2ef6,5.2,1.7,3.5,0.0,7809,701,7108,9.0,0.66,0.59,0.48,342869678,1651868852,3034,11681,1.3,233.7,3.1,2.0,118,68,0,0,0,0,0,0.0,0,0,0,0,0,0
576.6,2026-05-16T19:49:59,0016c001f10c2ef6,7.2,1.7,5.6,0.0,7809,702,7107,9.0,0.66,0.59,0.48,342872816,1651880533,3138,11681,1.3,233.7,3.1,2.0,118,68,0,0,0,0,0,0.0,0,0,0,0,0,0
577.0,2026-05-16T19:49:59,0016c001f10c2ef6,5.2,2.3,2.9,0.0,7809,701,7108,9.0,0.61,0.58,0.48,342875922,1651892300,3106,11767,1.3,233.7,3.1,2.0,118,68,0,0,0,0,0,0.0,0,0,0,0,0,0
577.5,2026-05-16T19:50:00,0016c001f10c2ef6,7.5,1.7,5.8,0.0,7809,701,7108,9.0,0.61,0.58,0.48,342879008,1651903981,3086,11681,1.3,233.7,3.1,2.0,118,68,0,0,0,0,0,0.0,0,0,0,0,0,0
577.9,2026-05-16T19:50:00,0016c001f10c2ef6,7.6,2.9,4.7,0.0,7809,701,7108,9.0,0.61,0.58,0.48,342883023,1651946875,4015,42894,1.3,233.7,3.1,2.0,118,68,0,0,0,0,0,0.0,0,0,0,0,0,0
578.3,2026-05-16T19:50:00,0016c001f10c2ef6,6.5,2.4,4.1,0.0,7809,701,7108,9.0,0.61,0.58,0.48,342886057,1651958556,3034,11681,1.3,233.7,3.1,2.0,118,68,0,0,0,0,0,0.0,0,0,0,0,0,0
578.8,2026-05-16T19:50:01,0016c001f10c2ef6,7.0,2.3,4.7,0.0,7809,701,7108,9.0,0.61,0.58,0.48,342889155,1651970479,3098,11923,1.3,233.7,3.1,2.0,118,68,0,0,0,0,0,0.0,0,0,0,0,0,0
579.3,2026-05-16T19:50:01,0016c001f10c2ef6,5.5,1.5,4.0,0.0,7809,702,7107,9.0,0.61,0.58,0.48,342892189,1651982160,3034,11681,1.3,233.7,3.1,2.0,118,68,0,0,0,0,0,0.0,0,0,0,0,0,0
579.7,2026-05-16T19:50:02,0016c001f10c2ef6,6.9,2.3,4.6,0.0,7809,701,7108,9.0,0.61,0.58,0.48,342896232,1652025318,4043,43158,1.3,233.7,3.1,2.0,118,68,0,0,0,0,0,0.0,0,0,0,0,0,0
580.2,2026-05-16T19:50:02,0016c001f10c2ef6,6.2,2.8,3.4,0.0,7809,701,7108,9.0,0.61,0.58,0.48,342899266,1652036999,3034,11681,1.3,233.7,3.1,2.0,118,68,0,0,0,0,0,0.0,0,0,0,0,0,0
580.6,2026-05-16T19:50:03,0016c001f10c2ef6,8.8,2.2,6.6,0.0,7809,702,7107,9.0,0.61,0.58,0.48,342902452,1652048680,3186,11681,1.3,233.7,3.1,2.0,118,68,0,0,0,0,0,0.0,0,0,0,0,0,0
581.1,2026-05-16T19:50:03,0016c001f10c2ef6,9.8,3.9,5.4,0.5,7809,700,7109,9.0,0.61,0.58,0.48,342905590,1652060427,3138,11747,1.3,233.7,3.1,2.0,118,68,0,0,0,0,0,0.0,0,0,0,0,0,0
581.6,2026-05-16T19:50:04,0016c001f10c2ef6,9.1,4.0,5.1,0.0,7809,701,7108,9.0,0.61,0.58,0.48,342909982,1652103387,4392,42960,1.3,233.6,3.1,2.0,118,68,0,0,0,0,0,0.0,0,0,0,0,0,0
582.1,2026-05-16T19:50:04,0016c001f10c2ef6,10.7,4.1,6.6,0.0,7809,701,7108,9.0,0.56,0.57,0.47,342913120,1652115134,3138,11747,1.3,233.6,3.1,2.0,118,68,0,0,0,0,0,0.0,0,0,0,0,0,0
582.6,2026-05-16T19:50:05,0016c001f10c2ef6,9.9,4.9,4.9,0.0,7809,702,7107,9.0,0.56,0.57,0.47,342916362,1652126881,3242,11747,1.3,233.6,3.1,2.0,118,68,0,0,0,0,0,0.0,0,0,0,0,0,0
583.1,2026-05-16T19:50:05,0016c001f10c2ef6,11.2,1.5,9.6,0.0,7809,701,7108,9.0,0.56,0.57,0.47,342919348,1652138628,2986,11747,1.3,233.6,3.1,2.0,118,68,0,0,0,0,0,0.0,0,0,0,0,0,0
583.6,2026-05-16T19:50:06,0016c001f10c2ef6,20.2,2.4,17.9,0.0,7809,701,7108,9.0,0.56,0.57,0.47,342923311,1652181522,3963,42894,1.3,233.6,3.1,2.0,118,68,0,0,0,0,0,0.0,0,0,0,0,0,0
584.1,2026-05-16T19:50:06,0016c001f10c2ef6,19.8,2.5,17.3,0.0,7809,701,7108,9.0,0.56,0.57,0.47,342926445,1652193203,3134,11681,1.3,233.6,3.1,2.0,118,68,0,0,0,0,0,0.0,0,0,0,0,0,0
584.5,2026-05-16T19:50:07,0016c001f10c2ef6,18.8,2.4,16.5,0.0,7809,701,7108,9.0,0.56,0.57,0.47,342929431,1652204884,2986,11681,1.3,233.6,3.1,2.0,118,68,0,0,0,0,0,0.0,0,0,0,0,0,0
585.0,2026-05-16T19:50:07,0016c001f10c2ef6,6.7,2.2,4.5,0.0,7809,701,7108,9.0,0.56,0.57,0.47,342932465,1652216565,3034,11681,1.3,233.6,3.1,2.0,118,68,0,0,0,0,0,0.0,0,0,0,0,0,0
585.4,2026-05-16T19:50:07,0016c001f10c2ef6,6.4,1.7,4.6,0.0,7809,701,7108,9.0,0.56,0.57,0.47,342935627,1652228402,3162,11837,1.3,233.6,3.1,2.0,118,68,0,0,0,0,0,0.0,0,0,0,0,0,0
585.8,2026-05-16T19:50:08,0016c001f10c2ef6,7.6,3.5,4.1,0.0,7809,701,7108,9.0,0.56,0.57,0.47,342939850,1652271362,4223,42960,1.3,233.7,3.1,2.0,118,68,0,0,0,0,0,0.0,0,0,0,0,0,0
586.7,2026-05-16T19:50:09,0016c001f10c2ef6,3.7,1.1,2.6,0.0,7809,702,7107,9.0,0.59,0.58,0.48,342943180,1652283835,3330,12473,1.3,233.7,3.1,2.0,118,68,0,0,0,0,0,0.0,0,0,0,0,0,0
587.6,2026-05-16T19:50:10,0016c001f10c2ef6,3.3,1.7,1.7,0.0,7809,702,7107,9.0,0.59,0.58,0.48,342947149,1652328066,3969,44231,1.3,233.7,3.1,2.0,118,68,0,0,0,0,0,0.0,0,0,0,0,0,0
588.4,2026-05-16T19:50:10,0016c001f10c2ef6,6.4,2.4,4.0,0.0,7809,702,7107,9.0,0.59,0.58,0.48,342950331,1652340375,3182,12309,1.3,233.7,3.1,2.0,118,68,0,0,0,0,0,0.0,0,0,0,0,0,0
589.2,2026-05-16T19:50:11,0016c001f10c2ef6,3.6,1.4,2.2,0.0,7809,702,7107,9.0,0.59,0.58,0.48,342953453,1652352782,3122,12407,1.3,233.7,3.1,2.0,118,68,0,0,0,0,0,0.0,0,0,0,0,0,0
589.9,2026-05-16T19:50:12,0016c001f10c2ef6,5.6,1.3,4.3,0.0,7809,702,7107,9.0,0.59,0.58,0.48,342957468,1652395676,4015,42894,1.3,233.7,3.1,2.0,118,68,0,0,0,0,0,0.0,0,0,0,0,0,0
590.3,2026-05-16T19:50:12,0016c001f10c2ef6,6.9,3.5,3.5,0.0,7809,701,7108,9.0,0.59,0.58,0.48,342960502,1652407357,3034,11681,1.3,233.7,3.1,2.0,118,68,0,0,0,0,0,0.0,0,0,0,0,0,0
590.7,2026-05-16T19:50:13,0016c001f10c2ef6,7.5,3.4,4.0,0.0,7809,701,7108,9.0,0.59,0.58,0.48,342963634,1652419080,3132,11723,1.3,233.7,3.1,2.0,118,68,0,0,0,0,0,0.0,0,0,0,0,0,0
591.2,2026-05-16T19:50:13,0016c001f10c2ef6,6.6,2.8,3.9,0.0,7809,701,7108,9.0,0.59,0.58,0.48,342966720,1652430761,3086,11681,1.3,233.7,3.1,2.0,118,68,0,0,0,0,0,0.0,0,0,0,0,0,0
591.6,2026-05-16T19:50:14,0016c001f10c2ef6,7.9,4.0,4.0,0.0,7809,702,7107,9.0,0.59,0.58,0.48,342969754,1652442442,3034,11681,1.3,233.7,3.1,2.0,118,68,0,0,0,0,0,0.0,0,0,0,0,0,0
592.1,2026-05-16T19:50:14,0016c001f10c2ef6,10.4,4.9,3.8,1.6,7809,701,7108,9.0,0.54,0.57,0.47,342974094,1652485336,4340,42894,1.3,233.7,3.1,2.0,118,68,0,0,0,0,0,0.0,0,0,0,0,0,0
592.5,2026-05-16T19:50:15,0016c001f10c2ef6,7.5,2.9,4.6,0.0,7809,701,7108,9.0,0.54,0.57,0.47,342977128,1652497017,3034,11681,1.3,233.7,3.1,2.0,118,68,0,0,0,0,0,0.0,0,0,0,0,0,0
593.0,2026-05-16T19:50:15,0016c001f10c2ef6,7.9,2.3,4.5,1.1,7809,701,7108,9.0,0.54,0.57,0.47,342980162,1652508698,3034,11681,1.3,233.7,3.1,2.0,118,68,0,0,0,0,0,0.0,0,0,0,0,0,0
593.5,2026-05-16T19:50:16,0016c001f10c2ef6,11.2,4.1,7.1,0.0,7809,701,7108,9.0,0.54,0.57,0.47,342983348,1652520445,3186,11747,1.3,233.7,3.1,2.0,118,68,0,0,0,0,0,0.0,0,0,0,0,0,0
594.0,2026-05-16T19:50:16,0016c001f10c2ef6,11.1,3.0,7.1,1.0,7809,701,7108,9.0,0.54,0.57,0.47,342987467,1652563405,4119,42960,1.3,233.7,3.1,2.0,118,68,0,0,0,0,0,0.0,0,0,0,0,0,0
594.5,2026-05-16T19:50:17,0016c001f10c2ef6,9.1,3.5,5.6,0.0,7809,701,7108,9.0,0.54,0.57,0.47,342990453,1652575152,2986,11747,1.3,233.7,3.1,2.0,118,68,0,0,0,0,0,0.0,0,0,0,0,0,0
594.9,2026-05-16T19:50:17,0016c001f10c2ef6,9.2,1.7,7.5,0.0,7809,701,7108,9.0,0.54,0.57,0.47,342993487,1652586833,3034,11681,1.3,233.7,3.1,2.0,118,68,0,0,0,0,0,0.0,0,0,0,0,0,0
595.4,2026-05-16T19:50:17,0016c001f10c2ef6,20.2,2.3,17.9,0.0,7809,701,7108,9.0,0.54,0.57,0.47,342996521,1652598514,3034,11681,1.3,233.7,3.1,2.0,119,68,1,0,0,0,0,0.0,0,0,0,0,0,0
595.8,2026-05-16T19:50:18,0016c001f10c2ef6,19.8,2.4,17.4,0.0,7809,702,7107,9.0,0.54,0.57,0.47,343000088,1652610273,3567,11759,1.3,233.7,3.1,2.0,119,68,0,0,0,0,0,0.0,0,0,0,0,0,0
596.2,2026-05-16T19:50:18,0016c001f10c2ef6,20.2,2.9,17.3,0.0,7809,702,7107,9.0,0.54,0.57,0.47,343003590,1652653167,3502,42894,1.3,233.7,3.1,2.0,119,68,0,0,0,0,0,0.0,0,0,0,0,0,0
596.7,2026-05-16T19:50:19,0016c001f10c2ef6,9.7,1.7,8.0,0.0,7809,702,7107,9.0,0.54,0.57,0.47,343006676,1652664848,3086,11681,1.3,233.7,3.1,2.0,119,68,0,0,0,0,0,0.0,0,0,0,0,0,0
597.1,2026-05-16T19:50:19,0016c001f10c2ef6,6.4,1.8,4.7,0.0,7809,701,7108,9.0,0.58,0.58,0.48,343009710,1652676529,3034,11681,1.3,233.7,3.1,2.0,119,68,0,0,0,0,0,0.0,0,0,0,0,0,0
597.5,2026-05-16T19:50:20,0016c001f10c2ef6,6.5,3.0,3.6,0.0,7809,701,7108,9.0,0.58,0.58,0.48,343012744,1652688210,3034,11681,1.3,233.7,3.1,2.0,119,68,0,0,0,0,0,0.0,0,0,0,0,0,0
598.0,2026-05-16T19:50:20,0016c001f10c2ef6,4.7,2.4,2.4,0.0,7809,701,7108,9.0,0.58,0.58,0.48,343016707,1652731104,3963,42894,1.3,233.7,3.1,2.0,119,68,0,0,0,0,0,0.0,0,0,0,0,0,0
598.4,2026-05-16T19:50:20,0016c001f10c2ef6,7.0,3.5,3.5,0.0,7809,702,7107,9.0,0.58,0.58,0.48,343019793,1652742785,3086,11681,1.3,233.7,3.1,2.0,119,68,0,0,0,0,0,0.0,0,0,0,0,0,0
598.9,2026-05-16T19:50:21,0016c001f10c2ef6,7.4,2.3,4.6,0.6,7809,702,7107,9.0,0.58,0.58,0.48,343022827,1652754466,3034,11681,1.3,233.7,3.1,2.0,119,68,0,0,0,0,0,0.0,0,0,0,0,0,0
599.3,2026-05-16T19:50:21,0016c001f10c2ef6,7.1,1.8,4.7,0.6,7809,702,7107,9.0,0.58,0.58,0.48,343025861,1652766147,3034,11681,1.3,233.7,3.1,2.0,119,68,0,0,0,0,0,0.0,0,0,0,0,0,0
599.8,2026-05-16T19:50:22,0016c001f10c2ef6,9.3,4.1,5.2,0.0,7809,702,7107,9.0,0.58,0.58,0.48,343029151,1652777894,3290,11747,1.3,233.7,3.1,2.0,119,68,0,0,0,0,0,0.0,0,0,0,0,0,0
600.3,2026-05-16T19:50:22,0016c001f10c2ef6,10.9,4.0,7.0,0.0,7809,702,7107,9.0,0.58,0.58,0.48,343033270,1652820854,4119,42960,1.3,233.7,3.1,2.0,119,68,0,0,0,0,0,0.0,0,0,0,0,0,0
600.8,2026-05-16T19:50:23,0016c001f10c2ef6,9.9,3.8,6.1,0.0,7809,700,7109,9.0,0.58,0.58,0.48,343036256,1652832601,2986,11747,1.3,233.7,3.1,2.0,119,68,0,0,0,0,0,0.0,0,0,0,0,0,0
601.3,2026-05-16T19:50:23,0016c001f10c2ef6,5.3,2.3,2.9,0.0,7809,700,7109,9.0,0.58,0.58,0.48,343039290,1652844282,3034,11681,1.3,233.7,3.1,2.0,119,68,0,0,0,0,0,0.0,0,0,0,0,0,0
601.7,2026-05-16T19:50:24,0016c001f10c2ef6,6.0,1.8,4.2,0.0,7809,701,7108,9.0,0.58,0.58,0.48,343042324,1652855963,3034,11681,1.3,233.7,3.1,2.0,119,68,0,0,0,0,0,0.0,0,0,0,0,0,0
602.1,2026-05-16T19:50:24,0016c001f10c2ef6,6.5,1.8,4.1,0.6,7809,700,7109,9.0,0.69,0.6,0.48,343046443,1652898857,4119,42894,1.3,233.7,3.1,2.0,119,68,0,0,0,0,0,0.0,0,0,0,0,0,0
602.5,2026-05-16T19:50:25,0016c001f10c2ef6,7.0,2.9,4.1,0.0,7809,701,7108,9.0,0.69,0.6,0.48,343049477,1652910538,3034,11681,1.3,233.7,3.1,2.0,119,68,0,0,0,0,0,0.0,0,0,0,0,0,0
603.0,2026-05-16T19:50:25,0016c001f10c2ef6,6.5,2.4,4.1,0.0,7809,701,7108,9.0,0.69,0.6,0.48,343052563,1652922219,3086,11681,1.3,233.7,3.1,2.0,119,68,0,0,0,0,0,0.0,0,0,0,0,0,0
603.4,2026-05-16T19:50:25,0016c001f10c2ef6,5.8,2.3,3.5,0.0,7809,700,7109,9.0,0.69,0.6,0.48,343055597,1652933900,3034,11681,1.3,233.8,3.1,2.0,119,68,0,0,0,0,0,0.0,0,0,0,0,0,0
603.9,2026-05-16T19:50:26,0016c001f10c2ef6,7.4,2.8,4.5,0.0,7809,701,7108,9.0,0.69,0.6,0.48,343058703,1652945659,3106,11759,1.3,233.8,3.1,2.0,119,68,0,0,0,0,0,0.0,0,0,0,0,0,0
604.3,2026-05-16T19:50:26,0016c001f10c2ef6,8.1,4.0,4.0,0.0,7809,701,7108,9.0,0.69,0.6,0.48,343062770,1652988553,4067,42894,1.3,233.8,3.1,2.0,119,68,0,0,0,0,0,0.0,0,0,0,0,0,0
604.7,2026-05-16T19:50:27,0016c001f10c2ef6,6.9,1.7,5.1,0.0,7809,700,7109,9.0,0.69,0.6,0.48,343065908,1653000234,3138,11681,1.3,233.8,3.1,2.0,119,68,0,0,0,0,0,0.0,0,0,0,0,0,0
605.2,2026-05-16T19:50:27,0016c001f10c2ef6,5.9,3.0,3.0,0.0,7809,700,7109,9.0,0.69,0.6,0.48,343068942,1653011915,3034,11681,1.3,233.8,3.1,2.0,119,68,0,0,0,0,0,0.0,0,0,0,0,0,0
605.6,2026-05-16T19:50:28,0016c001f10c2ef6,7.9,2.2,5.6,0.0,7809,700,7109,9.0,0.69,0.6,0.48,343072028,1653023596,3086,11681,1.3,233.8,3.1,2.0,119,68,0,0,0,0,0,0.0,0,0,0,0,0,0
606.1,2026-05-16T19:50:28,0016c001f10c2ef6,8.9,3.2,5.8,0.0,7809,700,7109,9.0,0.69,0.6,0.48,343076299,1653066556,4271,42960,1.3,233.8,3.1,2.0,119,68,0,0,0,0,0,0.0,0,0,0,0,0,0
606.6,2026-05-16T19:50:29,0016c001f10c2ef6,11.6,4.0,7.5,0.0,7809,702,7107,9.0,0.69,0.6,0.48,343079285,1653078303,2986,11747,1.3,233.8,3.1,2.0,119,68,0,0,0,0,0,0.0,0,0,0,0,0,0
607.0,2026-05-16T19:50:29,0016c001f10c2ef6,19.8,2.4,17.4,0.0,7809,701,7108,9.0,0.72,0.61,0.49,343082371,1653089984,3086,11681,1.3,233.8,3.1,2.0,119,68,0,0,0,0,0,0.0,0,0,0,0,0,0
607.5,2026-05-16T19:50:30,0016c001f10c2ef6,19.8,2.3,17.4,0.0,7809,702,7107,9.0,0.72,0.61,0.49,343085405,1653101681,3034,11697,1.3,233.8,3.1,2.0,119,68,0,0,0,0,0,0.0,0,0,0,0,0,0
607.9,2026-05-16T19:50:30,0016c001f10c2ef6,19.4,2.4,17.1,0.0,7809,702,7107,9.0,0.72,0.61,0.49,343088491,1653113362,3086,11681,1.3,233.8,3.1,2.0,119,68,0,0,0,0,0,0.0,0,0,0,0,0,0
608.3,2026-05-16T19:50:30,0016c001f10c2ef6,14.0,4.1,9.9,0.0,7809,702,7107,9.0,0.72,0.61,0.49,343092662,1653156256,4171,42894,1.3,233.9,3.1,2.0,119,68,0,0,0,0,0,0.0,0,0,0,0,0,0
608.8,2026-05-16T19:50:31,0016c001f10c2ef6,6.3,1.7,4.6,0.0,7809,702,7107,9.0,0.72,0.61,0.49,343095696,1653167937,3034,11681,1.3,233.9,3.1,2.0,119,68,0,0,0,0,0,0.0,0,0,0,0,0,0
609.2,2026-05-16T19:50:31,0016c001f10c2ef6,5.2,1.2,4.1,0.0,7809,702,7107,9.0,0.72,0.61,0.49,343098782,1653179618,3086,11681,1.3,233.9,3.1,2.0,119,68,0,0,0,0,0,0.0,0,0,0,0,0,0
609.6,2026-05-16T19:50:32,0016c001f10c2ef6,6.4,2.3,4.0,0.0,7809,702,7107,9.0,0.72,0.61,0.49,343101816,1653191299,3034,11681,1.3,233.9,3.1,2.0,119,68,0,0,0,0,0,0.0,0,0,0,0,0,0
610.1,2026-05-16T19:50:32,0016c001f10c2ef6,6.0,2.4,3.6,0.0,7809,702,7107,9.0,0.72,0.61,0.49,343105675,1653234193,3859,42894,1.3,233.9,3.1,2.0,119,68,0,0,0,0,0,0.0,0,0,0,0,0,0
610.5,2026-05-16T19:50:33,0016c001f10c2ef6,7.7,3.0,4.7,0.0,7809,701,7108,9.0,0.72,0.61,0.49,343108865,1653245874,3190,11681,1.3,234.1,3.1,2.0,119,68,0,0,0,0,0,0.0,0,0,0,0,0,0
610.9,2026-05-16T19:50:33,0016c001f10c2ef6,5.3,2.3,2.9,0.0,7809,701,7108,9.0,0.72,0.61,0.49,343111999,1653257555,3134,11681,1.3,234.1,3.1,2.0,119,68,0,0,0,0,0,0.0,0,0,0,0,0,0
611.4,2026-05-16T19:50:33,0016c001f10c2ef6,7.0,2.9,4.1,0.0,7809,701,7108,9.0,0.72,0.61,0.49,343115085,1653269236,3086,11681,1.3,234.1,3.1,2.0,119,68,0,0,0,0,0,0.0,0,0,0,0,0,0
611.9,2026-05-16T19:50:34,0016c001f10c2ef6,7.3,3.1,4.1,0.0,7809,701,7108,9.0,0.66,0.6,0.48,343118776,1653281061,3691,11825,1.3,234.1,3.1,2.0,119,68,0,0,0,0,0,0.0,0,0,0,0,0,0
612.4,2026-05-16T19:50:34,0016c001f10c2ef6,9.7,4.1,5.6,0.0,7809,701,7108,9.0,0.66,0.6,0.48,343122843,1653324021,4067,42960,1.3,234.1,3.1,2.0,119,68,0,0,0,0,0,0.0,0,0,0,0,0,0
612.9,2026-05-16T19:50:35,0016c001f10c2ef6,9.5,2.0,7.5,0.0,7809,700,7109,9.0,0.66,0.6,0.48,343126085,1653335768,3242,11747,1.3,234.1,3.1,2.0,119,68,0,0,0,0,0,0.0,0,0,0,0,0,0
613.4,2026-05-16T19:50:35,0016c001f10c2ef6,9.4,4.4,4.9,0.0,7809,700,7109,9.0,0.66,0.6,0.48,343129227,1653347515,3142,11747,1.3,234.1,3.1,2.0,119,68,0,0,0,0,0,0.0,0,0,0,0,0,0
613.9,2026-05-16T19:50:36,0016c001f10c2ef6,8.7,2.4,6.3,0.0,7809,701,7108,9.0,0.66,0.6,0.48,343132365,1653359262,3138,11747,1.3,234.1,3.1,2.0,119,68,0,0,0,0,0,0.0,0,0,0,0,0,0
614.3,2026-05-16T19:50:36,0016c001f10c2ef6,6.4,2.9,3.5,0.0,7809,702,7107,9.0,0.66,0.6,0.48,343136432,1653402156,4067,42894,1.3,234.1,3.1,2.0,119,68,0,0,0,0,0,0.0,0,0,0,0,0,0
614.8,2026-05-16T19:50:37,0016c001f10c2ef6,6.8,2.8,4.0,0.0,7809,702,7107,9.0,0.66,0.6,0.48,343139466,1653413837,3034,11681,1.3,234.1,3.1,2.0,119,68,0,0,0,0,0,0.0,0,0,0,0,0,0
615.2,2026-05-16T19:50:37,0016c001f10c2ef6,5.3,1.2,4.1,0.0,7809,701,7108,9.0,0.66,0.6,0.48,343142500,1653425518,3034,11681,1.3,234.1,3.1,2.0,119,68,0,0,0,0,0,0.0,0,0,0,0,0,0
615.7,2026-05-16T19:50:38,0016c001f10c2ef6,7.3,3.4,3.9,0.0,7809,701,7108,9.0,0.66,0.6,0.48,343145662,1653437355,3162,11837,1.3,234.1,3.1,2.0,119,68,0,0,0,0,0,0.0,0,0,0,0,0,0
616.1,2026-05-16T19:50:38,0016c001f10c2ef6,5.9,2.4,3.6,0.0,7809,701,7108,9.0,0.66,0.6,0.48,343148696,1653449036,3034,11681,1.3,234.2,3.1,2.0,119,68,0,0,0,0,0,0.0,0,0,0,0,0,0
616.5,2026-05-16T19:50:39,0016c001f10c2ef6,7.0,2.3,4.7,0.0,7809,701,7108,9.0,0.66,0.6,0.48,343152659,1653491930,3963,42894,1.3,234.2,3.1,2.0,119,68,0,0,0,0,0,0.0,0,0,0,0,0,0
617.0,2026-05-16T19:50:39,0016c001f10c2ef6,7.3,2.2,5.0,0.0,7809,701,7108,9.0,0.69,0.6,0.49,343155745,1653503611,3086,11681,1.3,234.2,3.1,2.0,119,68,0,0,0,0,0,0.0,0,0,0,0,0,0
617.4,2026-05-16T19:50:39,0016c001f10c2ef6,7.0,2.3,4.7,0.0,7809,701,7108,9.0,0.69,0.6,0.49,343158831,1653515292,3086,11681,1.3,234.1,3.1,2.0,119,68,0,0,0,0,0,0.0,0,0,0,0,0,0
617.9,2026-05-16T19:50:40,0016c001f10c2ef6,6.2,2.3,4.0,0.0,7809,700,7109,9.0,0.69,0.6,0.49,343161865,1653526973,3034,11681,1.3,234.1,3.1,2.0,119,68,0,0,0,0,0,0.0,0,0,0,0,0,0
618.3,2026-05-16T19:50:40,0016c001f10c2ef6,7.4,3.4,4.0,0.0,7809,700,7109,9.0,0.69,0.6,0.49,343165776,1653569867,3911,42894,1.3,234.1,3.1,2.0,119,68,0,0,0,0,0,0.0,0,0,0,0,0,0
618.7,2026-05-16T19:50:41,0016c001f10c2ef6,19.3,3.5,15.2,0.6,7809,702,7107,9.0,0.69,0.6,0.49,343168810,1653581548,3034,11681,1.3,234.1,3.1,2.0,119,68,0,0,0,0,0,0.0,0,0,0,0,0,0
619.2,2026-05-16T19:50:41,0016c001f10c2ef6,19.7,1.7,17.9,0.0,7809,702,7107,9.0,0.69,0.6,0.49,343171896,1653593229,3086,11681,1.3,234.1,3.1,2.0,119,68,0,0,0,0,0,0.0,0,0,0,0,0,0
619.6,2026-05-16T19:50:42,0016c001f10c2ef6,19.7,1.7,17.9,0.0,7809,702,7107,9.0,0.69,0.6,0.49,343174930,1653604910,3034,11681,1.3,234.1,3.1,2.0,119,68,0,0,0,0,0,0.0,0,0,0,0,0,0
620.1,2026-05-16T19:50:42,0016c001f10c2ef6,15.9,2.8,13.1,0.0,7809,701,7108,9.0,0.69,0.6,0.49,343178036,1653616669,3106,11759,1.3,234.1,3.1,2.0,119,68,0,0,0,0,0,0.0,0,0,0,0,0,0
620.5,2026-05-16T19:50:43,0016c001f10c2ef6,7.5,2.9,4.6,0.0,7809,703,7106,9.0,0.69,0.6,0.49,343182201,1653659605,4165,42936,1.3,234.1,3.1,2.0,119,68,0,0,0,0,0,0.0,0,0,0,0,0,0
620.9,2026-05-16T19:50:43,0016c001f10c2ef6,9.6,2.8,6.7,0.0,7809,703,7106,9.0,0.69,0.6,0.49,343185235,1653671286,3034,11681,1.3,234.1,3.1,2.0,119,68,0,0,0,0,0,0.0,0,0,0,0,0,0
621.4,2026-05-16T19:50:43,0016c001f10c2ef6,5.8,2.3,3.5,0.0,7809,703,7106,9.0,0.69,0.6,0.49,343188269,1653682967,3034,11681,1.3,234.1,3.1,2.0,119,68,0,0,0,0,0,0.0,0,0,0,0,0,0
621.8,2026-05-16T19:50:44,0016c001f10c2ef6,7.3,3.4,4.0,0.0,7809,701,7108,9.0,0.71,0.61,0.49,343191832,1653694648,3563,11681,1.3,234.1,3.1,2.0,119,68,0,0,0,0,0,0.0,0,0,0,0,0,0
622.3,2026-05-16T19:50:44,0016c001f10c2ef6,6.4,2.9,3.5,0.0,7809,701,7108,9.0,0.71,0.61,0.49,343195747,1653737542,3915,42894,1.3,234.1,3.1,2.0,119,68,0,0,0,0,0,0.0,0,0,0,0,0,0
622.7,2026-05-16T19:50:45,0016c001f10c2ef6,8.7,4.6,4.0,0.0,7809,702,7107,9.0,0.71,0.61,0.49,343198781,1653749223,3034,11681,1.3,234.1,3.1,2.0,119,68,0,0,0,0,0,0.0,0,0,0,0,0,0
623.1,2026-05-16T19:50:45,0016c001f10c2ef6,5.9,1.2,4.7,0.0,7809,701,7108,9.0,0.71,0.61,0.49,343201915,1653760904,3134,11681,1.3,234.1,3.1,2.0,119,68,0,0,0,0,0,0.0,0,0,0,0,0,0
623.6,2026-05-16T19:50:46,0016c001f10c2ef6,6.4,2.3,4.0,0.0,7809,700,7109,9.0,0.71,0.61,0.49,343204953,1653772585,3038,11681,1.3,234.1,3.1,2.0,119,68,0,0,0,0,0,0.0,0,0,0,0,0,0
624.0,2026-05-16T19:50:46,0016c001f10c2ef6,7.3,2.2,4.5,0.6,7809,701,7108,9.0,0.71,0.61,0.49,343208087,1653784266,3134,11681,1.3,234.1,3.1,2.0,119,68,0,0,0,0,0,0.0,0,0,0,0,0,0
624.5,2026-05-16T19:50:47,0016c001f10c2ef6,10.0,2.5,7.5,0.0,7809,701,7108,9.0,0.71,0.61,0.49,343212140,1653827424,4053,43158,1.3,234.1,3.1,2.0,119,68,0,0,0,0,0,0.0,0,0,0,0,0,0
624.9,2026-05-16T19:50:47,0016c001f10c2ef6,6.5,1.8,4.7,0.0,7809,700,7109,9.0,0.71,0.61,0.49,343215220,1653839171,3080,11747,1.3,234.1,3.1,2.0,119,68,0,0,0,0,0,0.0,0,0,0,0,0,0
625.4,2026-05-16T19:50:47,0016c001f10c2ef6,5.6,1.1,4.5,0.0,7809,700,7109,9.0,0.71,0.61,0.49,343218306,1653850852,3086,11681,1.3,234.1,3.1,2.0,119,68,0,0,0,0,0,0.0,0,0,0,0,0,0
625.8,2026-05-16T19:50:48,0016c001f10c2ef6,6.5,3.0,3.6,0.0,7809,700,7109,9.0,0.71,0.61,0.49,343221340,1653862533,3034,11681,1.3,234.1,3.1,2.0,119,68,0,0,0,0,0,0.0,0,0,0,0,0,0
626.3,2026-05-16T19:50:48,0016c001f10c2ef6,5.3,1.8,3.5,0.0,7809,700,7109,9.0,0.71,0.61,0.49,343224478,1653874214,3138,11681,1.3,234.1,3.1,2.0,119,68,0,0,0,0,0,0.0,0,0,0,0,0,0
626.7,2026-05-16T19:50:49,0016c001f10c2ef6,6.9,2.3,4.6,0.0,7809,700,7109,9.0,0.71,0.61,0.49,343228493,1653917108,4015,42894,1.3,234.1,3.1,2.0,119,68,0,0,0,0,0,0.0,0,0,0,0,0,0
627.1,2026-05-16T19:50:49,0016c001f10c2ef6,6.3,1.7,4.6,0.0,7809,700,7109,9.0,0.66,0.6,0.49,343231579,1653928789,3086,11681,1.3,234.1,3.1,2.0,119,68,0,0,0,0,0,0.0,0,0,0,0,0,0
627.6,2026-05-16T19:50:50,0016c001f10c2ef6,7.8,2.8,5.0,0.0,7809,702,7107,9.0,0.66,0.6,0.49,343234717,1653940470,3138,11681,1.3,234.1,3.1,2.0,119,68,0,0,0,0,0,0.0,0,0,0,0,0,0
628.0,2026-05-16T19:50:50,0016c001f10c2ef6,5.9,0.6,5.3,0.0,7809,702,7107,9.0,0.66,0.6,0.49,343237823,1653952229,3106,11759,1.3,234.1,3.1,2.0,119,68,0,0,0,0,0,0.0,0,0,0,0,0,0
628.4,2026-05-16T19:50:51,0016c001f10c2ef6,6.4,2.9,3.5,0.0,7809,701,7108,9.0,0.66,0.6,0.49,343241890,1653995123,4067,42894,1.3,234.1,3.1,2.0,119,68,0,0,0,0,0,0.0,0,0,0,0,0,0
628.9,2026-05-16T19:50:51,0016c001f10c2ef6,7.5,4.0,3.5,0.0,7809,702,7107,9.0,0.66,0.6,0.49,343244924,1654006804,3034,11681,1.3,234.1,3.1,2.0,119,68,0,0,0,0,0,0.0,0,0,0,0,0,0
629.3,2026-05-16T19:50:51,0016c001f10c2ef6,5.8,2.3,3.5,0.0,7809,702,7107,9.0,0.66,0.6,0.49,343248110,1654018485,3186,11681,1.3,234.1,3.1,2.0,119,68,0,0,0,0,0,0.0,0,0,0,0,0,0
629.8,2026-05-16T19:50:52,0016c001f10c2ef6,9.1,4.5,4.5,0.0,7809,701,7108,9.0,0.66,0.6,0.49,343251096,1654030232,2986,11747,1.3,234.1,3.1,2.0,119,68,0,0,0,0,0,0.0,0,0,0,0,0,0
630.3,2026-05-16T19:50:52,0016c001f10c2ef6,10.0,1.2,8.8,0.0,7809,702,7107,9.0,0.66,0.6,0.49,343254130,1654041913,3034,11681,1.3,234.2,3.1,2.0,119,68,0,0,0,0,0,0.0,0,0,0,0,0,0
630.7,2026-05-16T19:50:53,0016c001f10c2ef6,20.9,2.3,18.6,0.0,7809,700,7109,9.0,0.66,0.6,0.49,343258041,1654084807,3911,42894,1.3,234.2,3.1,2.0,119,68,0,0,0,0,0,0.0,0,0,0,0,0,0
631.1,2026-05-16T19:50:53,0016c001f10c2ef6,18.5,2.3,16.2,0.0,7809,701,7108,9.0,0.66,0.6,0.49,343261127,1654096488,3086,11681,1.3,234.2,3.1,2.0,119,68,0,0,0,0,0,0.0,0,0,0,0,0,0
631.6,2026-05-16T19:50:54,0016c001f10c2ef6,18.9,2.4,16.6,0.0,7809,701,7108,9.0,0.66,0.6,0.49,343264161,1654108169,3034,11681,1.3,234.2,3.1,2.0,119,68,0,0,0,0,0,0.0,0,0,0,0,0,0
632.0,2026-05-16T19:50:54,0016c001f10c2ef6,8.1,2.3,5.8,0.0,7809,701,7108,9.0,0.6,0.59,0.48,343267624,1654119850,3463,11681,1.3,234.2,3.1,2.0,119,68,0,0,0,0,0,0.0,0,0,0,0,0,0
632.5,2026-05-16T19:50:55,0016c001f10c2ef6,5.3,1.8,3.5,0.0,7809,701,7108,9.0,0.6,0.59,0.48,343271633,1654162810,4009,42960,1.3,234.2,3.1,2.0,119,68,0,0,0,0,0,0.0,0,0,0,0,0,0
632.9,2026-05-16T19:50:55,0016c001f10c2ef6,8.0,3.4,4.6,0.0,7809,701,7108,9.0,0.6,0.59,0.48,343274667,1654174491,3034,11681,1.3,234.2,3.1,2.0,119,68,0,0,0,0,0,0.0,0,0,0,0,0,0
633.3,2026-05-16T19:50:55,0016c001f10c2ef6,5.3,1.8,3.6,0.0,7809,701,7108,9.0,0.6,0.59,0.48,343277773,1654186258,3106,11767,1.3,234.2,3.1,2.0,119,68,0,0,0,0,0,0.0,0,0,0,0,0,0
633.8,2026-05-16T19:50:56,0016c001f10c2ef6,6.3,2.3,4.0,0.0,7809,702,7107,9.0,0.6,0.59,0.48,343280807,1654197939,3034,11681,1.3,234.2,3.1,2.0,119,68,0,0,0,0,0,0.0,0,0,0,0,0,0
634.2,2026-05-16T19:50:56,0016c001f10c2ef6,6.3,1.7,4.6,0.0,7809,702,7107,9.0,0.6,0.59,0.48,343283841,1654209620,3034,11681,1.3,234.2,3.1,2.0,119,68,0,0,0,0,0,0.0,0,0,0,0,0,0
634.6,2026-05-16T19:50:57,0016c001f10c2ef6,7.6,4.1,3.5,0.0,7809,701,7108,9.0,0.6,0.59,0.48,343287956,1654252514,4115,42894,1.3,234.2,3.1,2.0,119,68,0,0,0,0,0,0.0,0,0,0,0,0,0
635.1,2026-05-16T19:50:57,0016c001f10c2ef6,10.4,4.0,6.5,0.0,7809,700,7109,9.0,0.6,0.59,0.48,343290942,1654264261,2986,11747,1.3,234.2,3.1,2.0,119,68,0,0,0,0,0,0.0,0,0,0,0,0,0
635.6,2026-05-16T19:50:58,0016c001f10c2ef6,6.9,2.3,4.6,0.0,7809,700,7109,9.0,0.6,0.59,0.48,343293976,1654275942,3034,11681,1.3,234.2,3.1,2.0,119,68,0,0,0,0,0,0.0,0,0,0,0,0,0
636.0,2026-05-16T19:50:58,0016c001f10c2ef6,6.9,2.9,4.0,0.0,7809,700,7109,9.0,0.6,0.59,0.48,343297022,1654287865,3046,11923,1.3,234.2,3.1,2.0,119,68,0,0,0,0,0,0.0,0,0,0,0,0,0
636.5,2026-05-16T19:50:59,0016c001f10c2ef6,5.0,2.0,3.0,0.0,7809,700,7109,9.0,0.6,0.59,0.48,343301037,1654330759,4015,42894,1.3,234.2,3.1,2.0,119,68,0,0,0,0,0,0.0,0,0,0,0,0,0
637.0,2026-05-16T19:50:59,0016c001f10c2ef6,6.5,2.4,4.2,0.0,7809,700,7109,9.0,0.56,0.58,0.48,343304123,1654343123,3086,12364,1.3,234.2,3.1,2.0,119,68,0,0,0,0,0,0.0,0,0,0,0,0,0
637.4,2026-05-16T19:50:59,0016c001f10c2ef6,8.6,4.0,4.6,0.0,7809,701,7108,9.0,0.56,0.58,0.48,343307261,1654354804,3138,11681,1.3,234.2,3.1,2.0,119,68,0,0,0,0,0,0.0,0,0,0,0,0,0
637.8,2026-05-16T19:51:00,0016c001f10c2ef6,5.8,4.1,1.8,0.0,7809,701,7108,9.0,0.56,0.58,0.48,343310341,1654368067,3080,13263,1.3,234.2,3.1,2.0,119,68,0,0,0,0,0,0.0,0,0,0,0,0,0
638.3,2026-05-16T19:51:00,0016c001f10c2ef6,6.1,1.1,5.0,0.0,7809,701,7108,9.0,0.56,0.58,0.48,343313375,1654379748,3034,11681,1.3,234.2,3.1,2.0,119,68,0,0,0,0,0,0.0,0,0,0,0,0,0
638.7,2026-05-16T19:51:01,0016c001f10c2ef6,7.5,2.9,4.6,0.0,7809,701,7108,9.0,0.56,0.58,0.48,343317338,1654422642,3963,42894,1.3,234.2,3.1,2.0,119,68,0,0,0,0,0,0.0,0,0,0,0,0,0
639.2,2026-05-16T19:51:01,0016c001f10c2ef6,5.8,2.3,3.5,0.0,7809,700,7109,9.0,0.56,0.58,0.48,343320372,1654434323,3034,11681,1.3,234.2,3.1,2.0,119,68,0,0,0,0,0,0.0,0,0,0,0,0,0
639.6,2026-05-16T19:51:02,0016c001f10c2ef6,5.9,1.6,4.3,0.0,7809,701,7108,9.0,0.56,0.58,0.48,343323418,1654446312,3046,11989,1.3,234.0,3.1,2.0,119,68,0,0,0,0,0,0.0,0,0,0,0,0,0
640.1,2026-05-16T19:51:02,0016c001f10c2ef6,6.7,2.2,4.5,0.0,7809,701,7108,9.0,0.56,0.58,0.48,343326656,1654457993,3238,11681,1.3,234.0,3.1,2.0,119,68,0,0,0,0,0,0.0,0,0,0,0,0,0
640.6,2026-05-16T19:51:03,0016c001f10c2ef6,8.5,2.5,5.5,0.5,7809,700,7109,9.0,0.56,0.58,0.48,343330723,1654500953,4067,42960,1.3,234.0,3.1,2.0,119,68,0,0,0,0,0,0.0,0,0,0,0,0,0
641.1,2026-05-16T19:51:03,0016c001f10c2ef6,12.4,5.7,6.7,0.0,7809,701,7108,9.0,0.56,0.58,0.48,343333913,1654512700,3190,11747,1.3,234.0,3.1,2.0,119,68,0,0,0,0,0,0.0,0,0,0,0,0,0
641.6,2026-05-16T19:51:04,0016c001f10c2ef6,9.0,3.0,6.0,0.0,7809,701,7108,9.0,0.56,0.58,0.48,343337051,1654524447,3138,11747,1.3,234.2,3.1,2.0,119,68,0,0,0,0,0,0.0,0,0,0,0,0,0
642.1,2026-05-16T19:51:04,0016c001f10c2ef6,14.4,4.0,10.4,0.0,7809,701,7108,9.0,0.59,0.59,0.48,343340466,1654536194,3415,11747,1.3,234.2,3.1,2.0,119,68,0,0,0,0,0,0.0,0,0,0,0,0,0
642.6,2026-05-16T19:51:05,0016c001f10c2ef6,18.9,1.8,17.2,0.0,7809,701,7108,9.0,0.59,0.59,0.48,343344533,1654579088,4067,42894,1.3,234.2,3.1,2.0,119,68,0,0,0,0,0,0.0,0,0,0,0,0,0
643.0,2026-05-16T19:51:05,0016c001f10c2ef6,19.4,2.9,16.5,0.0,7809,701,7108,9.0,0.59,0.59,0.48,343347567,1654590769,3034,11681,1.3,234.2,3.1,2.0,119,68,0,0,0,0,0,0.0,0,0,0,0,0,0
643.5,2026-05-16T19:51:06,0016c001f10c2ef6,17.8,1.8,16.0,0.0,7809,701,7108,9.0,0.59,0.59,0.48,343350653,1654602450,3086,11681,1.3,234.2,3.1,2.0,119,68,0,0,0,0,0,0.0,0,0,0,0,0,0
643.9,2026-05-16T19:51:06,0016c001f10c2ef6,7.0,2.9,4.1,0.0,7809,700,7109,9.0,0.59,0.59,0.48,343353811,1654614209,3158,11759,1.3,234.2,3.1,2.0,119,68,0,0,0,0,0,0.0,0,0,0,0,0,0
644.3,2026-05-16T19:51:06,0016c001f10c2ef6,5.2,1.7,3.4,0.0,7809,700,7109,9.0,0.59,0.59,0.48,343356845,1654625890,3034,11681,1.3,234.2,3.1,2.0,119,68,0,0,0,0,0,0.0,0,0,0,0,0,0
644.8,2026-05-16T19:51:07,0016c001f10c2ef6,8.0,4.0,4.0,0.0,7809,701,7108,9.0,0.59,0.59,0.48,343360860,1654668784,4015,42894,1.3,234.2,3.1,2.0,119,68,0,0,0,0,0,0.0,0,0,0,0,0,0
645.2,2026-05-16T19:51:07,0016c001f10c2ef6,5.2,1.7,3.5,0.0,7809,701,7108,9.0,0.59,0.59,0.48,343363894,1654680465,3034,11681,1.3,234.2,3.1,2.0,119,68,0,0,0,0,0,0.0,0,0,0,0,0,0
645.6,2026-05-16T19:51:08,0016c001f10c2ef6,5.7,1.7,4.0,0.0,7809,701,7108,9.0,0.59,0.59,0.48,343367108,1654692302,3214,11837,1.3,234.2,3.1,2.0,119,68,0,0,0,0,0,0.0,0,0,0,0,0,0
646.1,2026-05-16T19:51:08,0016c001f10c2ef6,6.8,2.3,4.5,0.0,7809,701,7108,9.0,0.59,0.59,0.48,343370142,1654703983,3034,11681,1.3,234.2,3.1,2.0,119,68,0,0,0,0,0,0.0,0,0,0,0,0,0
646.5,2026-05-16T19:51:09,0016c001f10c2ef6,6.3,1.7,4.6,0.0,7809,701,7108,9.0,0.59,0.59,0.48,343373176,1654715664,3034,11681,1.3,234.2,3.1,2.0,119,68,0,0,0,0,0,0.0,0,0,0,0,0,0
647.0,2026-05-16T19:51:09,0016c001f10c2ef6,8.1,2.9,5.2,0.0,7809,701,7108,9.0,0.54,0.58,0.48,343377239,1654758558,4063,42894,1.3,234.1,3.1,2.0,119,68,0,0,0,0,0,0.0,0,0,0,0,0,0
647.5,2026-05-16T19:51:10,0016c001f10c2ef6,13.1,5.1,8.1,0.0,7809,701,7108,9.0,0.54,0.58,0.48,343380329,1654772163,3090,13605,1.3,234.1,3.1,2.0,119,68,0,0,0,0,0,0.0,0,0,0,0,0,0
647.9,2026-05-16T19:51:10,0016c001f10c2ef6,7.4,2.9,4.6,0.0,7809,701,7108,9.0,0.54,0.58,0.48,343383409,1654785834,3080,13671,1.3,234.1,3.1,2.0,119,68,0,0,0,0,0,0.0,0,0,0,0,0,0
648.3,2026-05-16T19:51:10,0016c001f10c2ef6,6.9,1.7,5.1,0.0,7809,701,7108,9.0,0.54,0.58,0.48,343386443,1654797515,3034,11681,1.3,234.1,3.1,2.0,119,68,0,0,0,0,0,0.0,0,0,0,0,0,0
648.8,2026-05-16T19:51:11,0016c001f10c2ef6,7.5,3.5,4.0,0.0,7809,701,7108,9.0,0.54,0.58,0.48,343390458,1654840490,4015,42975,1.3,234.1,3.1,2.0,119,68,0,0,0,0,0,0.0,0,0,0,0,0,0
649.2,2026-05-16T19:51:11,0016c001f10c2ef6,6.2,2.8,3.4,0.0,7809,701,7108,9.0,0.54,0.58,0.48,343393492,1654852171,3034,11681,1.3,234.1,3.1,2.0,119,68,0,0,0,0,0,0.0,0,0,0,0,0,0
649.7,2026-05-16T19:51:12,0016c001f10c2ef6,7.6,2.4,5.3,0.0,7809,701,7108,9.0,0.54,0.58,0.48,343396526,1654863852,3034,11681,1.3,234.1,3.1,2.0,119,68,0,0,0,0,0,0.0,0,0,0,0,0,0
650.1,2026-05-16T19:51:12,0016c001f10c2ef6,6.9,2.9,4.0,0.0,7809,699,7110,9.0,0.54,0.58,0.48,343399560,1654875533,3034,11681,1.3,234.1,3.1,2.0,119,68,0,0,0,0,0,0.0,0,0,0,0,0,0
650.5,2026-05-16T19:51:13,0016c001f10c2ef6,6.2,1.1,5.1,0.0,7809,700,7109,9.0,0.54,0.58,0.48,343402594,1654887214,3034,11681,1.3,234.1,3.1,2.0,119,68,0,0,0,0,0,0.0,0,0,0,0,0,0
651.0,2026-05-16T19:51:13,0016c001f10c2ef6,10.3,4.0,6.3,0.0,7809,700,7109,9.0,0.54,0.58,0.48,343406557,1654930189,3963,42975,1.3,234.1,3.1,2.0,119,68,0,0,0,0,0,0.0,0,0,0,0,0,0
651.4,2026-05-16T19:51:13,0016c001f10c2ef6,6.5,1.8,4.7,0.0,7809,700,7109,9.0,0.54,0.58,0.48,343409591,1654941870,3034,11681,1.3,234.1,3.1,2.0,119,68,0,0,0,0,0,0.0,0,0,0,0,0,0
651.8,2026-05-16T19:51:14,0016c001f10c2ef6,9.1,2.8,5.7,0.6,7809,700,7109,9.0,0.5,0.57,0.48,343413224,1654954638,3633,12768,1.3,234.1,3.1,2.0,119,68,0,0,0,0,0,0.0,0,0,0,0,0,0
652.3,2026-05-16T19:51:14,0016c001f10c2ef6,4.8,1.8,3.0,0.0,7809,700,7109,9.0,0.5,0.57,0.48,343416410,1654966319,3186,11681,1.3,234.1,3.1,2.0,119,68,0,0,0,0,0,0.0,0,0,0,0,0,0
652.8,2026-05-16T19:51:15,0016c001f10c2ef6,10.2,2.9,7.3,0.0,7809,700,7109,9.0,0.5,0.57,0.48,343420481,1655009360,4071,43041,1.3,234.1,3.1,2.0,119,68,0,0,0,0,0,0.0,0,0,0,0,0,0
653.2,2026-05-16T19:51:15,0016c001f10c2ef6,8.1,2.3,5.8,0.0,7809,701,7108,9.0,0.5,0.57,0.48,343423515,1655021041,3034,11681,1.3,234.1,3.1,2.0,119,68,0,0,0,0,0,0.0,0,0,0,0,0,0
653.6,2026-05-16T19:51:16,0016c001f10c2ef6,6.4,2.3,4.1,0.0,7809,700,7109,9.0,0.5,0.57,0.48,343426701,1655032722,3186,11681,1.3,234.1,3.1,2.0,119,68,0,0,0,0,0,0.0,0,0,0,0,0,0
654.1,2026-05-16T19:51:16,0016c001f10c2ef6,15.8,1.2,14.6,0.0,7809,700,7109,9.0,0.5,0.57,0.48,343429687,1655044403,2986,11681,1.3,234.1,3.1,2.0,119,68,0,0,0,0,0,0.0,0,0,0,0,0,0
654.5,2026-05-16T19:51:17,0016c001f10c2ef6,23.3,2.9,19.2,1.2,7809,701,7108,9.0,0.5,0.57,0.48,343432721,1655056084,3034,11681,1.3,234.1,3.1,2.0,119,68,0,0,0,0,0,0.0,0,0,0,0,0,0
655.0,2026-05-16T19:51:17,0016c001f10c2ef6,20.4,3.1,17.3,0.0,7809,701,7108,9.0,0.5,0.57,0.48,343436678,1655100088,3957,44004,1.3,234.1,3.1,2.0,119,68,0,0,0,0,0,0.0,0,0,0,0,0,0
655.4,2026-05-16T19:51:17,0016c001f10c2ef6,14.7,2.3,12.4,0.0,7809,701,7108,9.0,0.5,0.57,0.48,343439712,1655111769,3034,11681,1.3,234.1,3.1,2.0,123,70,4,2,0,0,0,0.0,0,0,0,0,0,0
655.8,2026-05-16T19:51:18,0016c001f10c2ef6,7.1,2.4,4.7,0.0,7809,702,7107,9.0,0.5,0.57,0.48,343442746,1655123451,3034,11682,1.3,234.1,3.1,2.0,123,70,0,0,0,0,0,0.0,0,0,0,0,0,0
656.3,2026-05-16T19:51:18,0016c001f10c2ef6,4.2,1.2,3.0,0.0,7809,702,7107,9.0,0.5,0.57,0.48,343445780,1655135133,3034,11682,1.3,234.1,3.1,2.0,123,70,0,0,0,0,0,0.0,0,0,0,0,0,0
656.7,2026-05-16T19:51:19,0016c001f10c2ef6,5.9,1.8,4.1,0.0,7809,702,7107,9.0,0.5,0.57,0.48,343448866,1655146815,3086,11682,1.3,234.1,3.1,2.0,123,70,0,0,0,0,0,0.0,0,0,0,0,0,0
657.1,2026-05-16T19:51:19,0016c001f10c2ef6,5.7,2.9,2.9,0.0,7809,702,7107,9.0,0.46,0.56,0.47,343452777,1655189791,3911,42976,1.3,234.1,3.1,2.0,123,70,0,0,0,0,0,0.0,0,0,0,0,0,0
657.6,2026-05-16T19:51:20,0016c001f10c2ef6,5.8,1.7,4.1,0.0,7809,702,7107,9.0,0.46,0.56,0.47,343455963,1655201473,3186,11682,1.3,234.1,3.1,2.0,123,70,0,0,0,0,0,0.0,0,0,0,0,0,0
658.1,2026-05-16T19:51:20,0016c001f10c2ef6,10.3,3.6,6.7,0.0,7809,703,7106,9.0,0.46,0.56,0.47,343459001,1655213221,3038,11748,1.3,234.1,3.1,2.0,123,70,0,0,0,0,0,0.0,0,0,0,0,0,0
658.5,2026-05-16T19:51:21,0016c001f10c2ef6,5.2,1.1,4.0,0.0,7809,702,7107,9.0,0.46,0.56,0.47,343462139,1655224903,3138,11682,1.3,234.1,3.1,2.0,123,70,0,0,0,0,0,0.0,0,0,0,0,0,0
658.9,2026-05-16T19:51:21,0016c001f10c2ef6,6.9,1.1,5.7,0.0,7809,701,7108,9.0,0.46,0.56,0.47,343466206,1655267879,4067,42976,1.3,234.1,3.1,2.0,123,70,0,0,0,0,0,0.0,0,0,0,0,0,0
659.4,2026-05-16T19:51:21,0016c001f10c2ef6,6.5,3.5,2.9,0.0,7809,701,7108,9.0,0.46,0.56,0.47,343469240,1655279561,3034,11682,1.3,234.1,3.1,2.0,123,70,0,0,0,0,0,0.0,0,0,0,0,0,0
659.8,2026-05-16T19:51:22,0016c001f10c2ef6,6.4,2.3,3.5,0.6,7809,701,7108,9.0,0.46,0.56,0.47,343472346,1655291321,3106,11760,1.3,234.1,3.1,2.0,123,70,0,0,0,0,0,0.0,0,0,0,0,0,0
660.2,2026-05-16T19:51:22,0016c001f10c2ef6,6.9,2.3,4.6,0.0,7809,701,7108,9.0,0.46,0.56,0.47,343475380,1655303003,3034,11682,1.3,234.1,3.1,2.0,123,70,0,0,0,0,0,0.0,0,0,0,0,0,0
660.7,2026-05-16T19:51:23,0016c001f10c2ef6,5.3,1.8,3.5,0.0,7809,701,7108,9.0,0.46,0.56,0.47,343478414,1655314685,3034,11682,1.3,234.1,3.1,2.0,123,70,0,0,0,0,0,0.0,0,0,0,0,0,0
661.1,2026-05-16T19:51:23,0016c001f10c2ef6,7.7,4.1,3.6,0.0,7809,701,7108,9.0,0.46,0.56,0.47,343482325,1655358344,3911,43659,1.3,234.0,3.1,2.0,123,70,0,0,0,0,0,0.0,0,0,0,0,0,0
661.6,2026-05-16T19:51:24,0016c001f10c2ef6,7.3,2.8,4.5,0.0,7809,700,7109,9.0,0.46,0.56,0.47,343485359,1655370026,3034,11682,1.3,234.0,3.1,2.0,123,70,0,0,0,0,0,0.0,0,0,0,0,0,0
662.0,2026-05-16T19:51:24,0016c001f10c2ef6,6.4,2.9,3.5,0.0,7809,700,7109,9.0,0.42,0.55,0.47,343488868,1655383290,3509,13264,1.3,234.0,3.1,2.0,123,70,0,0,0,0,0,0.0,0,0,0,0,0,0
662.4,2026-05-16T19:51:25,0016c001f10c2ef6,5.6,1.1,4.5,0.0,7809,700,7109,9.0,0.42,0.55,0.47,343491902,1655394972,3034,11682,1.3,234.0,3.1,2.0,123,70,0,0,0,0,0,0.0,0,0,0,0,0,0
662.9,2026-05-16T19:51:25,0016c001f10c2ef6,6.8,1.7,5.1,0.0,7809,700,7109,9.0,0.42,0.55,0.47,343496069,1655437948,4167,42976,1.3,234.0,3.1,2.0,123,70,0,0,0,0,0,0.0,0,0,0,0,0,0
663.4,2026-05-16T19:51:25,0016c001f10c2ef6,11.4,5.5,6.0,0.0,7809,700,7109,9.0,0.42,0.55,0.47,343499055,1655449696,2986,11748,1.3,234.0,3.1,2.0,123,70,0,0,0,0,0,0.0,0,0,0,0,0,0
663.8,2026-05-16T19:51:26,0016c001f10c2ef6,7.5,2.9,4.6,0.0,7809,700,7109,9.0,0.42,0.55,0.47,343502141,1655461378,3086,11682,1.3,234.0,3.1,2.0,123,70,0,0,0,0,0,0.0,0,0,0,0,0,0
664.3,2026-05-16T19:51:26,0016c001f10c2ef6,4.7,1.8,2.9,0.0,7809,700,7109,9.0,0.42,0.55,0.47,343505175,1655473060,3034,11682,1.3,234.0,3.1,2.0,123,70,0,0,0,0,0,0.0,0,0,0,0,0,0
664.7,2026-05-16T19:51:27,0016c001f10c2ef6,6.9,3.4,3.4,0.0,7809,700,7109,9.0,0.42,0.55,0.47,343508209,1655484742,3034,11682,1.3,234.0,3.1,2.0,123,70,0,0,0,0,0,0.0,0,0,0,0,0,0
665.1,2026-05-16T19:51:27,0016c001f10c2ef6,7.6,2.3,5.2,0.0,7809,701,7108,9.0,0.42,0.55,0.47,343512224,1655527718,4015,42976,1.3,234.0,3.1,2.0,123,70,0,0,0,0,0,0.0,0,0,0,0,0,0
665.6,2026-05-16T19:51:28,0016c001f10c2ef6,8.1,2.3,5.2,0.6,7809,701,7108,9.0,0.42,0.55,0.47,343515258,1655539400,3034,11682,1.3,234.0,3.1,2.0,123,70,0,0,0,0,0,0.0,0,0,0,0,0,0
666.0,2026-05-16T19:51:28,0016c001f10c2ef6,20.4,2.4,18.0,0.0,7809,703,7106,9.0,0.42,0.55,0.47,343518344,1655551082,3086,11682,1.3,234.0,3.1,2.0,123,70,0,0,0,0,0,0.0,0,0,0,0,0,0
666.4,2026-05-16T19:51:29,0016c001f10c2ef6,17.5,2.4,15.1,0.0,7809,701,7108,9.0,0.42,0.55,0.47,343521378,1655562764,3034,11682,1.3,234.0,3.1,2.0,123,70,0,0,0,0,0,0.0,0,0,0,0,0,0
666.9,2026-05-16T19:51:29,0016c001f10c2ef6,18.7,1.8,17.0,0.0,7809,702,7107,9.0,0.47,0.56,0.47,343524464,1655574446,3086,11682,1.3,234.0,3.1,2.0,123,70,0,0,0,0,0,0.0,0,0,0,0,0,0
667.3,2026-05-16T19:51:29,0016c001f10c2ef6,12.9,3.5,9.4,0.0,7809,702,7107,9.0,0.47,0.56,0.47,343528479,1655617422,4015,42976,1.3,234.0,3.1,2.0,123,70,0,0,0,0,0,0.0,0,0,0,0,0,0
667.7,2026-05-16T19:51:30,0016c001f10c2ef6,5.8,1.7,4.0,0.0,7809,702,7107,9.0,0.47,0.56,0.47,343531513,1655629104,3034,11682,1.3,234.0,3.1,2.0,123,70,0,0,0,0,0,0.0,0,0,0,0,0,0
668.2,2026-05-16T19:51:30,0016c001f10c2ef6,7.4,1.7,5.7,0.0,7809,701,7108,9.0,0.47,0.56,0.47,343534771,1655640864,3258,11760,1.3,234.0,3.1,2.0,123,70,0,0,0,0,0,0.0,0,0,0,0,0,0
668.7,2026-05-16T19:51:31,0016c001f10c2ef6,10.3,4.9,5.4,0.0,7809,700,7109,9.0,0.47,0.56,0.47,343537757,1655652612,2986,11748,1.3,234.0,3.1,2.0,123,70,0,0,0,0,0,0.0,0,0,0,0,0,0
669.1,2026-05-16T19:51:31,0016c001f10c2ef6,5.8,2.9,2.9,0.0,7809,700,7109,9.0,0.47,0.56,0.47,343541720,1655695588,3963,42976,1.3,234.0,3.1,2.0,123,70,0,0,0,0,0,0.0,0,0,0,0,0,0
669.6,2026-05-16T19:51:32,0016c001f10c2ef6,6.5,1.8,4.7,0.0,7809,700,7109,9.0,0.47,0.56,0.47,343544892,1655707468,3172,11880,1.3,234.0,3.1,2.0,123,70,0,0,0,0,0,0.0,0,0,0,0,0,0
670.0,2026-05-16T19:51:32,0016c001f10c2ef6,6.4,2.9,3.5,0.0,7809,701,7108,9.0,0.47,0.56,0.47,343547972,1655719216,3080,11748,1.3,234.0,3.1,2.0,123,70,0,0,0,0,0,0.0,0,0,0,0,0,0
670.4,2026-05-16T19:51:33,0016c001f10c2ef6,5.3,2.3,2.9,0.0,7809,701,7108,9.0,0.47,0.56,0.47,343551006,1655730898,3034,11682,1.3,234.0,3.1,2.0,123,70,0,0,0,0,0,0.0,0,0,0,0,0,0
670.9,2026-05-16T19:51:33,0016c001f10c2ef6,6.9,2.3,4.6,0.0,7809,701,7108,9.0,0.47,0.56,0.47,343554040,1655742580,3034,11682,1.3,234.0,3.1,2.0,123,70,0,0,0,0,0,0.0,0,0,0,0,0,0
671.3,2026-05-16T19:51:33,0016c001f10c2ef6,8.7,2.9,5.8,0.0,7809,701,7108,9.0,0.47,0.56,0.47,343558107,1655787415,4067,44835,1.3,233.9,3.1,2.0,123,70,0,0,0,0,0,0.0,0,0,0,0,0,0
671.7,2026-05-16T19:51:34,0016c001f10c2ef6,6.9,2.9,4.0,0.0,7809,701,7108,9.0,0.47,0.56,0.47,343561668,1655801087,3561,13672,1.3,233.9,3.1,2.0,123,70,0,0,0,0,0,0.0,0,0,0,0,0,0
672.2,2026-05-16T19:51:34,0016c001f10c2ef6,8.0,2.3,5.7,0.0,7809,701,7108,9.0,0.43,0.55,0.47,343564754,1655812769,3086,11682,1.3,233.9,3.1,2.0,123,70,0,0,0,0,0,0.0,0,0,0,0,0,0
672.6,2026-05-16T19:51:35,0016c001f10c2ef6,5.6,2.2,3.4,0.0,7809,701,7108,9.0,0.43,0.55,0.47,343567788,1655824451,3034,11682,1.3,233.9,3.1,2.0,123,70,0,0,0,0,0,0.0,0,0,0,0,0,0
673.1,2026-05-16T19:51:35,0016c001f10c2ef6,8.0,4.0,4.0,0.0,7809,701,7108,9.0,0.43,0.55,0.47,343571751,1655867508,3963,43057,1.3,233.9,3.1,2.0,123,70,0,0,0,0,0,0.0,0,0,0,0,0,0
673.5,2026-05-16T19:51:36,0016c001f10c2ef6,6.9,1.2,5.8,0.0,7809,700,7109,9.0,0.43,0.55,0.47,343575041,1655879190,3290,11682,1.3,233.9,3.1,2.0,123,70,0,0,0,0,0,0.0,0,0,0,0,0,0
674.0,2026-05-16T19:51:36,0016c001f10c2ef6,8.9,4.5,4.5,0.0,7809,700,7109,9.0,0.43,0.55,0.47,343578231,1655890938,3190,11748,1.3,233.9,3.1,2.0,123,70,0,0,0,0,0,0.0,0,0,0,0,0,0
674.5,2026-05-16T19:51:37,0016c001f10c2ef6,9.8,3.9,5.9,0.0,7809,702,7107,9.0,0.43,0.55,0.47,343581473,1655902686,3242,11748,1.3,233.9,3.1,2.0,123,70,0,0,0,0,0,0.0,0,0,0,0,0,0
675.0,2026-05-16T19:51:37,0016c001f10c2ef6,9.0,3.0,6.0,0.0,7809,702,7107,9.0,0.43,0.55,0.47,343585696,1655945809,4223,43123,1.3,233.9,3.1,2.0,123,70,0,0,0,0,0,0.0,0,0,0,0,0,0
675.6,2026-05-16T19:51:38,0016c001f10c2ef6,10.7,3.9,6.8,0.0,7809,702,7107,9.0,0.43,0.55,0.47,343589066,1655957713,3370,11904,1.3,233.9,3.1,2.0,123,70,0,0,0,0,0,0.0,0,0,0,0,0,0
676.1,2026-05-16T19:51:38,0016c001f10c2ef6,10.3,3.4,6.9,0.0,7809,701,7108,9.0,0.43,0.55,0.47,343592328,1655969539,3262,11826,1.3,233.9,3.1,2.0,123,70,0,0,0,0,0,0.0,0,0,0,0,0,0
676.6,2026-05-16T19:51:39,0016c001f10c2ef6,9.5,3.5,5.5,0.5,7809,700,7109,9.0,0.43,0.55,0.47,343595466,1655981287,3138,11748,1.3,233.9,3.1,2.0,123,70,0,0,0,0,0,0.0,0,0,0,0,0,0
677.1,2026-05-16T19:51:39,0016c001f10c2ef6,9.6,4.6,5.1,0.0,7809,700,7109,9.0,0.48,0.56,0.47,343599433,1656024410,3967,43123,1.3,233.9,3.1,2.0,123,70,0,0,0,0,0,0.0,0,0,0,0,0,0
677.6,2026-05-16T19:51:40,0016c001f10c2ef6,17.2,3.2,14.0,0.0,7809,701,7108,9.0,0.48,0.56,0.47,343602663,1656036146,3230,11736,1.3,233.9,3.1,2.0,123,70,0,0,0,0,0,0.0,0,0,0,0,0,0
678.0,2026-05-16T19:51:40,0016c001f10c2ef6,19.4,2.9,16.5,0.0,7809,702,7107,9.0,0.48,0.56,0.47,343605697,1656047828,3034,11682,1.3,233.9,3.1,2.0,123,70,0,0,0,0,0,0.0,0,0,0,0,0,0
678.4,2026-05-16T19:51:41,0016c001f10c2ef6,19.4,2.4,17.1,0.0,7809,701,7108,9.0,0.48,0.56,0.47,343608731,1656059510,3034,11682,1.3,233.9,3.1,2.0,123,70,0,0,0,0,0,0.0,0,0,0,0,0,0
678.9,2026-05-16T19:51:41,0016c001f10c2ef6,18.4,2.3,16.1,0.0,7809,701,7108,9.0,0.48,0.56,0.47,343611765,1656071192,3034,11682,1.3,233.9,3.1,2.0,123,70,0,0,0,0,0,0.0,0,0,0,0,0,0
679.3,2026-05-16T19:51:41,0016c001f10c2ef6,6.5,2.4,4.1,0.0,7809,702,7107,9.0,0.48,0.56,0.47,343615832,1656114249,4067,43057,1.3,233.9,3.1,2.0,123,70,0,0,0,0,0,0.0,0,0,0,0,0,0
679.8,2026-05-16T19:51:42,0016c001f10c2ef6,6.2,2.3,4.0,0.0,7809,702,7107,9.0,0.48,0.56,0.47,343618866,1656125931,3034,11682,1.3,233.9,3.1,2.0,123,70,0,0,0,0,0,0.0,0,0,0,0,0,0
680.2,2026-05-16T19:51:42,0016c001f10c2ef6,6.8,1.1,5.7,0.0,7809,702,7107,9.0,0.48,0.56,0.47,343637891,1660882326,19025,4756395,1.3,233.8,3.1,2.0,123,70,0,0,0,0,0,0.0,0,0,0,0,0,0
680.9,2026-05-16T19:51:43,0016c001f10c2ef6,9.6,4.6,5.0,0.0,7809,702,7107,9.0,0.48,0.56,0.47,343651657,1660917718,13766,35392,1.3,233.8,3.1,2.0,123,70,0,0,0,0,0,0.0,0,0,0,0,0,0
681.3,2026-05-16T19:51:43,0016c001f10c2ef6,5.9,1.8,4.1,0.0,7809,702,7107,9.0,0.48,0.56,0.47,343655772,1660960775,4115,43057,1.3,233.8,3.1,2.0,123,70,0,0,0,0,0,0.0,0,0,0,0,0,0
681.7,2026-05-16T19:51:44,0016c001f10c2ef6,5.4,2.4,3.0,0.0,7809,702,7107,9.0,0.48,0.56,0.47,343658862,1660972457,3090,11682,1.3,233.8,3.1,2.0,123,70,0,0,0,0,0,0.0,0,0,0,0,0,0
682.2,2026-05-16T19:51:44,0016c001f10c2ef6,7.1,4.1,3.0,0.0,7809,703,7106,9.0,0.44,0.55,0.47,343662529,1660984139,3667,11682,1.3,233.8,3.1,2.0,123,70,0,0,0,0,0,0.0,0,0,0,0,0,0
682.6,2026-05-16T19:51:45,0016c001f10c2ef6,7.3,2.2,5.1,0.0,7809,703,7106,9.0,0.44,0.55,0.47,343665771,1660995887,3242,11748,1.3,233.8,3.1,2.0,123,70,0,0,0,0,0,0.0,0,0,0,0,0,0
683.0,2026-05-16T19:51:45,0016c001f10c2ef6,7.0,2.3,4.7,0.0,7809,702,7107,9.0,0.44,0.55,0.47,343668961,1661007569,3190,11682,1.3,233.8,3.1,2.0,123,70,0,0,0,0,0,0.0,0,0,0,0,0,0
683.5,2026-05-16T19:51:46,0016c001f10c2ef6,7.7,3.0,4.8,0.0,7809,703,7106,9.0,0.44,0.55,0.47,343673132,1661050626,4171,43057,1.3,233.8,3.1,2.0,123,70,0,0,0,0,0,0.0,0,0,0,0,0,0
683.9,2026-05-16T19:51:46,0016c001f10c2ef6,6.0,2.4,3.6,0.0,7809,703,7106,9.0,0.44,0.55,0.47,343676270,1661062308,3138,11682,1.3,233.8,3.1,2.0,123,70,0,0,0,0,0,0.0,0,0,0,0,0,0
684.3,2026-05-16T19:51:46,0016c001f10c2ef6,6.5,1.8,4.8,0.0,7809,703,7106,9.0,0.44,0.55,0.47,343679512,1661073990,3242,11682,1.3,233.8,3.1,2.0,123,70,0,0,0,0,0,0.0,0,0,0,0,0,0
684.7,2026-05-16T19:51:47,0016c001f10c2ef6,5.4,1.8,3.6,0.0,7809,702,7107,9.0,0.44,0.55,0.47,343682650,1661085672,3138,11682,1.3,233.8,3.1,2.0,123,70,0,0,0,0,0,0.0,0,0,0,0,0,0
685.2,2026-05-16T19:51:47,0016c001f10c2ef6,7.1,1.8,5.3,0.0,7809,702,7107,9.0,0.44,0.55,0.47,343686353,1661112246,3703,26574,1.3,233.8,3.1,2.0,123,70,0,0,0,0,0,0.0,0,0,0,0,0,0
685.6,2026-05-16T19:51:48,0016c001f10c2ef6,7.5,4.6,2.9,0.0,7809,703,7106,9.0,0.44,0.55,0.47,343689911,1661140411,3558,28165,1.3,233.8,3.1,2.0,125,72,2,2,0,0,0,0.0,0,0,0,0,0,0
686.0,2026-05-16T19:51:48,0016c001f10c2ef6,6.4,2.3,4.1,0.0,7809,702,7107,9.0,0.44,0.55,0.47,343693101,1661152093,3190,11682,1.3,233.8,3.1,2.0,125,72,0,0,0,0,0,0.0,0,0,0,0,0,0
686.5,2026-05-16T19:51:49,0016c001f10c2ef6,6.1,0.6,5.5,0.0,7809,702,7107,9.0,0.44,0.55,0.47,343696339,1661163775,3238,11682,1.3,233.8,3.1,2.0,125,72,0,0,0,0,0,0.0,0,0,0,0,0,0
686.9,2026-05-16T19:51:49,0016c001f10c2ef6,6.9,2.3,4.6,0.0,7809,703,7106,9.0,0.4,0.54,0.47,343699529,1661175457,3190,11682,1.3,233.8,3.1,2.0,125,72,0,0,0,0,0,0.0,0,0,0,0,0,0
687.3,2026-05-16T19:51:49,0016c001f10c2ef6,6.5,1.8,4.2,0.6,7809,703,7106,9.0,0.4,0.54,0.47,343703596,1661218514,4067,43057,1.3,233.8,3.1,2.0,125,72,0,0,0,0,0,0.0,0,0,0,0,0,0
687.8,2026-05-16T19:51:50,0016c001f10c2ef6,9.7,3.2,6.5,0.0,7809,703,7106,9.0,0.4,0.54,0.47,343706786,1661230262,3190,11748,1.3,233.8,3.1,2.0,125,72,0,0,0,0,0,0.0,0,0,0,0,0,0
688.3,2026-05-16T19:51:50,0016c001f10c2ef6,10.3,3.1,7.2,0.0,7809,703,7106,9.0,0.4,0.54,0.47,343709976,1661242010,3190,11748,1.3,233.8,3.1,2.0,125,72,0,0,0,0,0,0.0,0,0,0,0,0,0
688.8,2026-05-16T19:51:51,0016c001f10c2ef6,8.7,4.1,4.6,0.0,7809,702,7107,9.0,0.4,0.54,0.47,343713218,1661253758,3242,11748,1.3,233.8,3.1,2.0,125,72,0,0,0,0,0,0.0,0,0,0,0,0,0
689.3,2026-05-16T19:51:51,0016c001f10c2ef6,17.5,3.6,13.9,0.0,7809,702,7107,9.0,0.4,0.54,0.47,343717285,1661296881,4067,43123,1.3,233.8,3.1,2.0,125,72,0,0,0,0,0,0.0,0,0,0,0,0,0
689.7,2026-05-16T19:51:52,0016c001f10c2ef6,19.2,1.8,17.4,0.0,7809,703,7106,9.0,0.4,0.54,0.47,343720475,1661308563,3190,11682,1.3,233.8,3.1,2.0,125,72,0,0,0,0,0,0.0,0,0,0,0,0,0
690.1,2026-05-16T19:51:52,0016c001f10c2ef6,19.3,2.4,16.9,0.0,7809,703,7106,9.0,0.4,0.54,0.47,343723565,1661320245,3090,11682,1.3,233.8,3.1,2.0,125,72,0,0,0,0,0,0.0,0,0,0,0,0,0
690.6,2026-05-16T19:51:53,0016c001f10c2ef6,19.2,2.4,16.8,0.0,7809,702,7107,9.0,0.4,0.54,0.47,343726751,1661331927,3186,11682,1.3,233.8,3.1,2.0,125,72,0,0,0,0,0,0.0,0,0,0,0,0,0
691.0,2026-05-16T19:51:53,0016c001f10c2ef6,7.8,3.0,4.8,0.0,7809,702,7107,9.0,0.4,0.54,0.47,343729837,1661343609,3086,11682,1.3,233.8,3.1,2.0,125,72,0,0,0,0,0,0.0,0,0,0,0,0,0
691.4,2026-05-16T19:51:54,0016c001f10c2ef6,5.9,2.4,3.5,0.0,7809,702,7107,9.0,0.4,0.54,0.47,343733904,1661386666,4067,43057,1.3,233.8,3.1,2.0,125,72,0,0,0,0,0,0.0,0,0,0,0,0,0
691.8,2026-05-16T19:51:54,0016c001f10c2ef6,7.2,4.2,3.0,0.0,7809,702,7107,9.0,0.37,0.53,0.47,343737595,1661398426,3691,11760,1.3,233.8,3.1,2.0,125,72,0,0,0,0,0,0.0,0,0,0,0,0,0
692.3,2026-05-16T19:51:54,0016c001f10c2ef6,6.6,2.4,4.2,0.0,7809,701,7108,9.0,0.37,0.53,0.47,343740685,1661410108,3090,11682,1.3,233.8,3.1,2.0,125,72,0,0,0,0,0,0.0,0,0,0,0,0,0
692.7,2026-05-16T19:51:55,0016c001f10c2ef6,5.6,2.3,3.4,0.0,7809,703,7106,9.0,0.37,0.53,0.47,343743923,1661421790,3238,11682,1.3,233.8,3.1,2.0,125,72,0,0,0,0,0,0.0,0,0,0,0,0,0
693.1,2026-05-16T19:51:55,0016c001f10c2ef6,5.8,2.3,3.5,0.0,7809,703,7106,9.0,0.37,0.53,0.47,343746909,1661433472,2986,11682,1.3,233.8,3.1,2.0,125,72,0,0,0,0,0,0.0,0,0,0,0,0,0
693.6,2026-05-16T19:51:56,0016c001f10c2ef6,7.1,2.4,4.7,0.0,7809,703,7106,9.0,0.37,0.53,0.47,343751024,1661476529,4115,43057,1.3,233.8,3.1,2.0,125,72,0,0,0,0,0,0.0,0,0,0,0,0,0
694.0,2026-05-16T19:51:56,0016c001f10c2ef6,6.0,1.8,4.2,0.0,7809,703,7106,9.0,0.37,0.53,0.47,343754266,1661488211,3242,11682,1.3,233.8,3.1,2.0,125,72,0,0,0,0,0,0.0,0,0,0,0,0,0
694.5,2026-05-16T19:51:57,0016c001f10c2ef6,9.7,3.1,6.6,0.0,7809,701,7108,9.0,0.37,0.53,0.47,343757508,1661499959,3242,11748,1.3,233.8,3.1,2.0,125,72,0,0,0,0,0,0.0,0,0,0,0,0,0
695.0,2026-05-16T19:51:57,0016c001f10c2ef6,9.6,4.1,5.6,0.0,7809,701,7108,9.0,0.37,0.53,0.47,343760750,1661511707,3242,11748,1.3,233.8,3.1,2.0,125,72,0,0,0,0,0,0.0,0,0,0,0,0,0
695.5,2026-05-16T19:51:58,0016c001f10c2ef6,9.6,3.5,6.1,0.0,7809,700,7109,9.0,0.37,0.53,0.47,343764921,1661554830,4171,43123,1.3,233.8,3.1,2.0,125,72,0,0,0,0,0,0.0,0,0,0,0,0,0
696.0,2026-05-16T19:51:58,0016c001f10c2ef6,14.4,8.2,6.2,0.0,7809,701,7108,9.0,0.37,0.53,0.47,343768007,1661566578,3086,11748,1.3,233.8,3.1,2.0,125,72,0,0,0,0,0,0.0,0,0,0,0,0,0
696.4,2026-05-16T19:51:58,0016c001f10c2ef6,6.5,2.4,4.1,0.0,7809,701,7108,9.0,0.37,0.53,0.47,343770993,1661578260,2986,11682,1.3,233.8,3.1,2.0,125,72,0,0,0,0,0,0.0,0,0,0,0,0,0
696.8,2026-05-16T19:51:59,0016c001f10c2ef6,6.0,1.2,4.8,0.0,7809,701,7108,9.0,0.34,0.52,0.46,343774283,1661589942,3290,11682,1.3,233.8,3.1,2.0,125,72,0,0,0,0,0,0.0,0,0,0,0,0,0
697.3,2026-05-16T19:51:59,0016c001f10c2ef6,6.4,2.9,3.5,0.0,7809,700,7109,9.0,0.34,0.52,0.46,343777269,1661601624,2986,11682,1.3,233.8,3.1,2.0,125,72,0,0,0,0,0,0.0,0,0,0,0,0,0
697.7,2026-05-16T19:52:00,0016c001f10c2ef6,7.6,2.9,4.7,0.0,7809,700,7109,9.0,0.34,0.52,0.46,343781336,1661644681,4067,43057,1.3,233.8,3.1,2.0,125,72,0,0,0,0,0,0.0,0,0,0,0,0,0
698.2,2026-05-16T19:52:00,0016c001f10c2ef6,5.4,2.2,3.3,0.0,7809,700,7109,9.0,0.34,0.52,0.46,343784574,1661656363,3238,11682,1.3,233.8,3.1,2.0,125,72,0,0,0,0,0,0.0,0,0,0,0,0,0
698.6,2026-05-16T19:52:01,0016c001f10c2ef6,6.4,2.9,3.5,0.0,7809,700,7109,9.0,0.34,0.52,0.46,343787712,1661668045,3138,11682,1.3,233.8,3.1,2.0,125,72,0,0,0,0,0,0.0,0,0,0,0,0,0
699.0,2026-05-16T19:52:01,0016c001f10c2ef6,6.5,1.8,4.7,0.0,7809,700,7109,9.0,0.34,0.52,0.46,343790750,1661679727,3038,11682,1.3,233.8,3.1,2.0,125,72,0,0,0,0,0,0.0,0,0,0,0,0,0
699.5,2026-05-16T19:52:02,0016c001f10c2ef6,5.3,1.8,3.6,0.0,7809,699,7110,9.0,0.34,0.52,0.46,343794765,1661722784,4015,43057,1.3,233.8,3.1,2.0,125,72,0,0,0,0,0,0.0,0,0,0,0,0,0
699.9,2026-05-16T19:52:02,0016c001f10c2ef6,7.6,2.9,4.7,0.0,7809,699,7110,9.0,0.34,0.52,0.46,343797923,1661734544,3158,11760,1.3,233.8,3.1,2.0,125,72,0,0,0,0,0,0.0,0,0,0,0,0,0
700.3,2026-05-16T19:52:02,0016c001f10c2ef6,7.4,1.7,5.7,0.0,7809,699,7110,9.0,0.34,0.52,0.46,343801061,1661746226,3138,11682,1.3,233.8,3.1,2.0,125,72,0,0,0,0,0,0.0,0,0,0,0,0,0
700.8,2026-05-16T19:52:03,0016c001f10c2ef6,5.3,1.8,3.6,0.0,7809,700,7109,9.0,0.34,0.52,0.46,343804299,1661757908,3238,11682,1.3,233.7,3.1,2.0,125,72,0,0,0,0,0,0.0,0,0,0,0,0,0
701.2,2026-05-16T19:52:03,0016c001f10c2ef6,19.9,2.8,17.0,0.0,7809,701,7108,9.0,0.34,0.52,0.46,343807385,1661769656,3086,11748,1.3,233.7,3.1,2.0,125,72,0,0,0,0,0,0.0,0,0,0,0,0,0
701.7,2026-05-16T19:52:04,0016c001f10c2ef6,21.0,3.6,17.4,0.0,7809,701,7108,9.0,0.34,0.52,0.46,343811608,1661812713,4223,43057,1.3,233.7,3.1,2.0,125,72,0,0,0,0,0,0.0,0,0,0,0,0,0
702.1,2026-05-16T19:52:04,0016c001f10c2ef6,18.2,0.6,17.6,0.0,7809,701,7108,9.0,0.39,0.53,0.47,343815075,1661824395,3467,11682,1.3,233.7,3.1,2.0,125,72,0,0,0,0,0,0.0,0,0,0,0,0,0
702.5,2026-05-16T19:52:05,0016c001f10c2ef6,16.5,2.4,14.1,0.0,7809,701,7108,9.0,0.39,0.53,0.47,343818161,1661836077,3086,11682,1.3,233.7,3.1,2.0,125,72,0,0,0,0,0,0.0,0,0,0,0,0,0
702.9,2026-05-16T19:52:05,0016c001f10c2ef6,7.0,2.3,4.7,0.0,7809,701,7108,9.0,0.39,0.53,0.47,343821195,1661847759,3034,11682,1.3,233.7,3.1,2.0,125,72,0,0,0,0,0,0.0,0,0,0,0,0,0
703.4,2026-05-16T19:52:05,0016c001f10c2ef6,5.9,1.2,4.7,0.0,7809,701,7108,9.0,0.39,0.53,0.47,343824329,1661859441,3134,11682,1.3,233.7,3.1,2.0,125,72,0,0,0,0,0,0.0,0,0,0,0,0,0
703.8,2026-05-16T19:52:06,0016c001f10c2ef6,7.7,2.4,4.7,0.6,7809,701,7108,9.0,0.39,0.53,0.47,343828292,1661902498,3963,43057,1.3,233.7,3.1,2.0,125,72,0,0,0,0,0,0.0,0,0,0,0,0,0
704.2,2026-05-16T19:52:06,0016c001f10c2ef6,7.0,2.0,5.0,0.0,7809,701,7108,9.0,0.39,0.53,0.47,343831278,1661914180,2986,11682,1.3,233.7,3.1,2.0,125,72,0,0,0,0,0,0.0,0,0,0,0,0,0
704.7,2026-05-16T19:52:07,0016c001f10c2ef6,6.4,2.3,4.1,0.0,7809,701,7108,9.0,0.39,0.53,0.47,343834416,1661925862,3138,11682,1.3,233.7,3.1,2.0,125,72,0,0,0,0,0,0.0,0,0,0,0,0,0
705.1,2026-05-16T19:52:07,0016c001f10c2ef6,7.0,2.3,4.7,0.0,7809,701,7108,9.0,0.39,0.53,0.47,343837502,1661937544,3086,11682,1.3,233.7,3.1,2.0,125,72,0,0,0,0,0,0.0,0,0,0,0,0,0
705.6,2026-05-16T19:52:08,0016c001f10c2ef6,5.9,1.8,4.1,0.0,7809,702,7107,9.0,0.39,0.53,0.47,343841745,1661980757,4243,43213,1.3,233.7,3.1,2.0,125,72,0,0,0,0,0,0.0,0,0,0,0,0,0
706.0,2026-05-16T19:52:08,0016c001f10c2ef6,8.2,4.1,4.1,0.0,7809,702,7107,9.0,0.39,0.53,0.47,343844883,1661992439,3138,11682,1.3,233.7,3.1,2.0,125,72,0,0,0,0,0,0.0,0,0,0,0,0,0
706.5,2026-05-16T19:52:09,0016c001f10c2ef6,8.9,3.1,5.8,0.0,7809,700,7109,9.0,0.39,0.53,0.47,343847921,1662004187,3038,11748,1.3,233.7,3.1,2.0,125,72,0,0,0,0,0,0.0,0,0,0,0,0,0
706.9,2026-05-16T19:52:09,0016c001f10c2ef6,6.9,3.5,3.5,0.0,7809,701,7108,9.0,0.36,0.52,0.46,343851007,1662015869,3086,11682,1.3,233.7,3.1,2.0,125,72,0,0,0,0,0,0.0,0,0,0,0,0,0
707.4,2026-05-16T19:52:09,0016c001f10c2ef6,6.4,1.7,4.6,0.0,7809,701,7108,9.0,0.36,0.52,0.46,343854093,1662027551,3086,11682,1.3,233.7,3.1,2.0,125,72,0,0,0,0,0,0.0,0,0,0,0,0,0
707.8,2026-05-16T19:52:10,0016c001f10c2ef6,6.3,2.3,4.0,0.0,7809,702,7107,9.0,0.36,0.52,0.46,343858180,1662070686,4087,43135,1.3,233.7,3.1,2.0,125,72,0,0,0,0,0,0.0,0,0,0,0,0,0
708.2,2026-05-16T19:52:10,0016c001f10c2ef6,7.7,3.0,4.8,0.0,7809,702,7107,9.0,0.36,0.52,0.46,343861366,1662082368,3186,11682,1.3,233.7,3.1,2.0,125,72,0,0,0,0,0,0.0,0,0,0,0,0,0
708.7,2026-05-16T19:52:11,0016c001f10c2ef6,5.2,0.6,4.6,0.0,7809,702,7107,9.0,0.36,0.52,0.46,343864504,1662094050,3138,11682,1.3,233.7,3.1,2.0,125,72,0,0,0,0,0,0.0,0,0,0,0,0,0
709.1,2026-05-16T19:52:11,0016c001f10c2ef6,7.6,4.1,3.5,0.0,7809,702,7107,9.0,0.36,0.52,0.46,343867642,1662105732,3138,11682,1.3,233.7,3.1,2.0,125,72,0,0,0,0,0,0.0,0,0,0,0,0,0
709.5,2026-05-16T19:52:12,0016c001f10c2ef6,5.9,2.9,2.9,0.0,7809,702,7107,9.0,0.36,0.52,0.46,343871397,1662148789,3755,43057,1.3,233.7,3.1,2.0,125,72,0,0,0,0,0,0.0,0,0,0,0,0,0
710.0,2026-05-16T19:52:12,0016c001f10c2ef6,7.0,2.9,4.1,0.0,7809,702,7107,9.0,0.36,0.52,0.46,343874643,1662160471,3246,11682,1.3,233.7,3.1,2.0,125,72,0,0,0,0,0,0.0,0,0,0,0,0,0
710.4,2026-05-16T19:52:12,0016c001f10c2ef6,6.6,2.4,4.2,0.0,7809,702,7107,9.0,0.36,0.52,0.46,343877729,1662172153,3086,11682,1.3,233.7,3.1,2.0,125,72,0,0,0,0,0,0.0,0,0,0,0,0,0
710.8,2026-05-16T19:52:13,0016c001f10c2ef6,8.8,4.7,4.1,0.0,7809,702,7107,9.0,0.36,0.52,0.46,343880861,1662183877,3132,11724,1.3,233.7,3.1,2.0,125,72,0,0,0,0,0,0.0,0,0,0,0,0,0
711.2,2026-05-16T19:52:13,0016c001f10c2ef6,7.1,3.5,3.5,0.0,7809,702,7107,9.0,0.36,0.52,0.46,343884047,1662195559,3186,11682,1.3,233.7,3.1,2.0,125,72,0,0,0,0,0,0.0,0,0,0,0,0,0
711.7,2026-05-16T19:52:14,0016c001f10c2ef6,10.8,4.1,6.7,0.0,7809,702,7107,9.0,0.36,0.52,0.46,343888218,1662238682,4171,43123,1.3,233.7,3.1,2.0,125,72,0,0,0,0,0,0.0,0,0,0,0,0,0
712.2,2026-05-16T19:52:14,0016c001f10c2ef6,11.2,5.3,5.9,0.0,7809,702,7107,9.0,0.33,0.51,0.46,343891785,1662250430,3567,11748,1.3,233.7,3.1,2.0,125,72,0,0,0,0,0,0.0,0,0,0,0,0,0
712.6,2026-05-16T19:52:15,0016c001f10c2ef6,9.2,2.3,6.9,0.0,7809,701,7108,9.0,0.33,0.51,0.46,343894875,1662262112,3090,11682,1.3,233.7,3.1,2.0,125,72,0,0,0,0,0,0.0,0,0,0,0,0,0
713.1,2026-05-16T19:52:15,0016c001f10c2ef6,18.8,2.4,16.5,0.0,7809,701,7108,9.0,0.33,0.51,0.46,343897909,1662273794,3034,11682,1.3,233.7,3.1,2.0,125,72,0,0,0,0,0,0.0,0,0,0,0,0,0
713.5,2026-05-16T19:52:16,0016c001f10c2ef6,18.9,1.2,17.7,0.0,7809,701,7108,9.0,0.33,0.51,0.46,343900995,1662285476,3086,11682,1.3,233.7,3.1,2.0,125,72,0,0,0,0,0,0.0,0,0,0,0,0,0
713.9,2026-05-16T19:52:16,0016c001f10c2ef6,20.8,4.8,16.1,0.0,7809,702,7107,9.0,0.33,0.51,0.46,343905006,1662328533,4011,43057,1.3,233.7,3.1,2.0,125,72,0,0,0,0,0,0.0,0,0,0,0,0,0
714.4,2026-05-16T19:52:16,0016c001f10c2ef6,12.6,3.6,9.0,0.0,7809,702,7107,9.0,0.33,0.51,0.46,343908044,1662340215,3038,11682,1.3,233.7,3.1,2.0,125,72,0,0,0,0,0,0.0,0,0,0,0,0,0
714.8,2026-05-16T19:52:17,0016c001f10c2ef6,6.2,2.3,3.4,0.6,7809,701,7108,9.0,0.33,0.51,0.46,343911334,1662351897,3290,11682,1.3,233.7,3.1,2.0,125,72,0,0,0,0,0,0.0,0,0,0,0,0,0
715.3,2026-05-16T19:52:17,0016c001f10c2ef6,5.7,2.3,3.4,0.0,7809,701,7108,9.0,0.33,0.51,0.46,343914472,1662363579,3138,11682,1.3,233.7,3.1,2.0,125,72,0,0,0,0,0,0.0,0,0,0,0,0,0
715.7,2026-05-16T19:52:18,0016c001f10c2ef6,9.9,4.7,4.1,1.2,7809,701,7108,9.0,0.33,0.51,0.46,343918539,1662406636,4067,43057,1.3,233.7,3.1,2.0,125,72,0,0,0,0,0,0.0,0,0,0,0,0,0
716.1,2026-05-16T19:52:18,0016c001f10c2ef6,7.1,2.4,4.7,0.0,7809,700,7109,9.0,0.33,0.51,0.46,343921649,1662418396,3110,11760,1.3,233.7,3.1,2.0,125,72,0,0,0,0,0,0.0,0,0,0,0,0,0
716.5,2026-05-16T19:52:19,0016c001f10c2ef6,5.3,2.4,2.9,0.0,7809,700,7109,9.0,0.33,0.51,0.46,343924783,1662430078,3134,11682,1.3,233.7,3.1,2.0,125,72,0,0,0,0,0,0.0,0,0,0,0,0,0
717.0,2026-05-16T19:52:19,0016c001f10c2ef6,7.5,2.3,5.2,0.0,7809,700,7109,9.0,0.31,0.5,0.46,343928019,1662441826,3236,11748,1.3,233.7,3.1,2.0,125,72,0,0,0,0,0,0.0,0,0,0,0,0,0
717.5,2026-05-16T19:52:20,0016c001f10c2ef6,9.2,3.6,5.6,0.0,7809,700,7109,9.0,0.31,0.5,0.46,343931005,1662453574,2986,11748,1.3,233.7,3.1,2.0,125,72,0,0,0,0,0,0.0,0,0,0,0,0,0
717.9,2026-05-16T19:52:20,0016c001f10c2ef6,7.0,4.1,2.9,0.0,7809,701,7108,9.0,0.31,0.5,0.46,343935228,1662496631,4223,43057,1.3,233.7,3.1,2.0,125,72,0,0,0,0,0,0.0,0,0,0,0,0,0
718.3,2026-05-16T19:52:20,0016c001f10c2ef6,6.9,1.1,5.7,0.0,7809,700,7109,9.0,0.31,0.5,0.46,343938366,1662508313,3138,11682,1.3,233.7,3.1,2.0,125,72,0,0,0,0,0,0.0,0,0,0,0,0,0
718.8,2026-05-16T19:52:21,0016c001f10c2ef6,6.0,1.8,4.2,0.0,7809,702,7107,9.0,0.31,0.5,0.46,343941504,1662519995,3138,11682,1.3,233.7,3.1,2.0,125,72,0,0,0,0,0,0.0,0,0,0,0,0,0
719.2,2026-05-16T19:52:21,0016c001f10c2ef6,6.5,2.4,4.1,0.0,7809,702,7107,9.0,0.31,0.5,0.46,343944638,1662531677,3134,11682,1.3,233.7,3.1,2.0,125,72,0,0,0,0,0,0.0,0,0,0,0,0,0
719.6,2026-05-16T19:52:22,0016c001f10c2ef6,6.0,2.4,3.6,0.0,7809,702,7107,9.0,0.31,0.5,0.46,343950449,1663038490,5811,506813,1.3,233.7,3.1,2.0,125,72,0,0,0,0,0,0.0,0,0,0,0,0,0
720.3,2026-05-16T19:52:22,0016c001f10c2ef6,7.5,2.6,4.9,0.0,7809,701,7108,9.0,0.31,0.5,0.46,343978364,1667353633,27915,4315143,1.3,233.7,3.1,2.0,125,72,0,0,0,0,0,0.0,0,0,0,0,0,0
720.7,2026-05-16T19:52:23,0016c001f10c2ef6,9.7,4.0,5.7,0.0,7809,701,7108,9.0,0.31,0.5,0.46,343981454,1667365315,3090,11682,1.3,233.7,3.1,2.0,125,72,0,0,0,0,0,0.0,0,0,0,0,0,0
721.2,2026-05-16T19:52:23,0016c001f10c2ef6,6.0,3.0,3.0,0.0,7809,700,7109,9.0,0.31,0.5,0.46,343984744,1667376997,3290,11682,1.3,233.7,3.1,2.0,125,72,0,0,0,0,0,0.0,0,0,0,0,0,0
721.6,2026-05-16T19:52:24,0016c001f10c2ef6,7.0,1.8,5.3,0.0,7809,699,7110,9.0,0.31,0.5,0.46,343987830,1667388679,3086,11682,1.3,233.7,3.1,2.0,125,72,0,0,0,0,0,0.0,0,0,0,0,0,0
722.0,2026-05-16T19:52:24,0016c001f10c2ef6,8.0,3.7,4.3,0.0,7809,700,7109,9.0,0.28,0.49,0.45,343991897,1667431736,4067,43057,1.3,233.8,3.1,2.0,125,72,0,0,0,0,0,0.0,0,0,0,0,0,0
722.4,2026-05-16T19:52:25,0016c001f10c2ef6,7.1,3.0,4.1,0.0,7809,700,7109,9.0,0.28,0.49,0.45,343995139,1667443418,3242,11682,1.3,233.8,3.1,2.0,125,72,0,0,0,0,0,0.0,0,0,0,0,0,0
722.9,2026-05-16T19:52:25,0016c001f10c2ef6,8.6,3.2,5.3,0.0,7809,701,7108,9.0,0.28,0.49,0.45,343998329,1667455166,3190,11748,1.3,233.8,3.1,2.0,125,72,0,0,0,0,0,0.0,0,0,0,0,0,0
723.3,2026-05-16T19:52:25,0016c001f10c2ef6,6.5,3.6,3.0,0.0,7809,702,7107,9.0,0.28,0.49,0.45,344001419,1667466848,3090,11682,1.3,233.8,3.1,2.0,125,72,0,0,0,0,0,0.0,0,0,0,0,0,0
723.8,2026-05-16T19:52:26,0016c001f10c2ef6,5.3,1.2,4.1,0.0,7809,700,7109,9.0,0.28,0.49,0.45,344004557,1667478530,3138,11682,1.3,233.8,3.1,2.0,125,72,0,0,0,0,0,0.0,0,0,0,0,0,0
724.2,2026-05-16T19:52:26,0016c001f10c2ef6,9.0,4.8,4.2,0.0,7809,701,7108,9.0,0.28,0.49,0.45,344008744,1667521665,4187,43135,1.3,233.8,3.1,2.0,125,72,0,0,0,0,0,0.0,0,0,0,0,0,0
724.6,2026-05-16T19:52:27,0016c001f10c2ef6,13.9,2.4,11.4,0.0,7809,701,7108,9.0,0.28,0.49,0.45,344011882,1667533347,3138,11682,1.3,233.8,3.1,2.0,125,72,0,0,0,0,0,0.0,0,0,0,0,0,0
725.0,2026-05-16T19:52:27,0016c001f10c2ef6,19.8,2.4,17.4,0.0,7809,701,7108,9.0,0.28,0.49,0.45,344014920,1667545029,3038,11682,1.3,233.8,3.1,2.0,125,72,0,0,0,0,0,0.0,0,0,0,0,0,0
725.5,2026-05-16T19:52:28,0016c001f10c2ef6,19.8,1.2,18.6,0.0,7809,699,7110,9.0,0.28,0.49,0.45,344018158,1667556711,3238,11682,1.3,233.8,3.1,2.0,125,72,0,0,0,0,0,0.0,0,0,0,0,0,0
725.9,2026-05-16T19:52:28,0016c001f10c2ef6,20.2,3.0,16.7,0.6,7809,701,7108,9.0,0.28,0.49,0.45,344022225,1667599768,4067,43057,1.3,233.8,3.1,2.0,125,72,0,0,0,0,0,0.0,0,0,0,0,0,0
726.3,2026-05-16T19:52:28,0016c001f10c2ef6,6.1,3.0,3.0,0.0,7809,700,7109,9.0,0.28,0.49,0.45,344025311,1667611450,3086,11682,1.3,233.8,3.1,2.0,125,72,0,0,0,0,0,0.0,0,0,0,0,0,0
726.7,2026-05-16T19:52:29,0016c001f10c2ef6,5.4,1.8,3.6,0.0,7809,700,7109,9.0,0.28,0.49,0.45,344028501,1667623132,3190,11682,1.3,233.8,3.1,2.0,125,72,0,0,0,0,0,0.0,0,0,0,0,0,0
727.2,2026-05-16T19:52:29,0016c001f10c2ef6,6.6,3.0,3.6,0.0,7809,701,7108,9.0,0.26,0.48,0.45,344031591,1667634814,3090,11682,1.3,233.8,3.1,2.0,125,72,0,0,0,0,0,0.0,0,0,0,0,0,0
727.6,2026-05-16T19:52:30,0016c001f10c2ef6,5.4,1.2,4.2,0.0,7809,701,7108,9.0,0.26,0.48,0.45,344034777,1667646496,3186,11682,1.3,233.8,3.1,2.0,125,72,0,0,0,0,0,0.0,0,0,0,0,0,0
728.1,2026-05-16T19:52:30,0016c001f10c2ef6,10.8,3.2,7.5,0.0,7809,702,7107,9.0,0.26,0.48,0.45,344038796,1667689619,4019,43123,1.3,233.8,3.1,2.0,125,72,0,0,0,0,0,0.0,0,0,0,0,0,0
728.5,2026-05-16T19:52:31,0016c001f10c2ef6,5.3,1.2,4.1,0.0,7809,703,7106,9.0,0.26,0.48,0.45,344041830,1667701301,3034,11682,1.3,233.8,3.1,2.0,125,72,0,0,0,0,0,0.0,0,0,0,0,0,0
728.9,2026-05-16T19:52:31,0016c001f10c2ef6,6.7,1.2,5.5,0.0,7809,701,7108,9.0,0.26,0.48,0.45,344044964,1667712983,3134,11682,1.3,233.8,3.1,2.0,125,72,0,0,0,0,0,0.0,0,0,0,0,0,0
729.3,2026-05-16T19:52:31,0016c001f10c2ef6,7.1,2.9,4.1,0.0,7809,701,7108,9.0,0.26,0.48,0.45,344048102,1667724665,3138,11682,1.3,233.8,3.1,2.0,125,72,0,0,0,0,0,0.0,0,0,0,0,0,0
729.8,2026-05-16T19:52:32,0016c001f10c2ef6,6.4,1.8,4.7,0.0,7809,702,7107,9.0,0.26,0.48,0.45,344051140,1667736347,3038,11682,1.3,233.8,3.1,2.0,125,72,0,0,0,0,0,0.0,0,0,0,0,0,0
730.2,2026-05-16T19:52:32,0016c001f10c2ef6,8.5,3.4,5.1,0.0,7809,703,7106,9.0,0.26,0.48,0.45,344055207,1667779404,4067,43057,1.3,233.8,3.1,2.0,125,72,0,0,0,0,0,0.0,0,0,0,0,0,0
730.6,2026-05-16T19:52:33,0016c001f10c2ef6,5.3,2.4,2.9,0.0,7809,702,7107,9.0,0.26,0.48,0.45,344058341,1667791086,3134,11682,1.3,233.8,3.1,2.0,125,72,0,0,0,0,0,0.0,0,0,0,0,0,0
731.1,2026-05-16T19:52:33,0016c001f10c2ef6,5.9,3.0,3.0,0.0,7809,702,7107,9.0,0.26,0.48,0.45,344061379,1667802768,3038,11682,1.3,233.8,3.1,2.0,125,72,0,0,0,0,0,0.0,0,0,0,0,0,0
731.5,2026-05-16T19:52:34,0016c001f10c2ef6,5.8,1.7,4.0,0.0,7809,701,7108,9.0,0.26,0.48,0.45,344064565,1667814450,3186,11682,1.3,233.8,3.1,2.0,125,72,0,0,0,0,0,0.0,0,0,0,0,0,0
731.9,2026-05-16T19:52:34,0016c001f10c2ef6,6.4,1.2,5.2,0.0,7809,701,7108,9.0,0.32,0.49,0.45,344068929,1667857585,4364,43135,1.3,233.8,3.1,2.0,125,72,0,0,0,0,0,0.0,0,0,0,0,0,0
732.4,2026-05-16T19:52:34,0016c001f10c2ef6,7.8,2.4,5.4,0.0,7809,701,7108,9.0,0.32,0.49,0.45,344072063,1667869267,3134,11682,1.3,233.8,3.1,2.0,125,72,0,0,0,0,0,0.0,0,0,0,0,0,0
732.8,2026-05-16T19:52:35,0016c001f10c2ef6,5.8,1.7,4.1,0.0,7809,700,7109,9.0,0.32,0.49,0.45,344075149,1667880949,3086,11682,1.3,233.8,3.1,2.0,125,72,0,0,0,0,0,0.0,0,0,0,0,0,0
733.3,2026-05-16T19:52:35,0016c001f10c2ef6,9.2,3.8,5.4,0.0,7809,702,7107,9.0,0.32,0.49,0.45,344078235,1667892697,3086,11748,1.3,233.8,3.1,2.0,125,72,0,0,0,0,0,0.0,0,0,0,0,0,0
733.7,2026-05-16T19:52:36,0016c001f10c2ef6,4.7,1.8,3.0,0.0,7809,701,7108,9.0,0.32,0.49,0.45,344081325,1667904379,3090,11682,1.3,233.8,3.1,2.0,125,72,0,0,0,0,0,0.0,0,0,0,0,0,0
734.1,2026-05-16T19:52:36,0016c001f10c2ef6,7.6,3.5,4.1,0.0,7809,702,7107,9.0,0.32,0.49,0.45,344085236,1667947436,3911,43057,1.3,233.8,3.1,2.0,125,72,0,0,0,0,0,0.0,0,0,0,0,0,0
734.6,2026-05-16T19:52:37,0016c001f10c2ef6,5.2,1.1,4.0,0.0,7809,702,7107,9.0,0.32,0.49,0.45,344088270,1667959118,3034,11682,1.3,233.8,3.1,2.0,125,72,0,0,0,0,0,0.0,0,0,0,0,0,0
735.0,2026-05-16T19:52:37,0016c001f10c2ef6,6.5,3.0,3.6,0.0,7809,701,7108,9.0,0.32,0.49,0.45,344091356,1667970800,3086,11682,1.3,233.8,3.1,2.0,125,72,0,0,0,0,0,0.0,0,0,0,0,0,0
735.4,2026-05-16T19:52:38,0016c001f10c2ef6,6.3,3.4,2.9,0.0,7809,701,7108,9.0,0.32,0.49,0.45,344094570,1667982638,3214,11838,1.3,233.8,3.1,2.0,125,72,0,0,0,0,0,0.0,0,0,0,0,0,0
735.9,2026-05-16T19:52:38,0016c001f10c2ef6,5.9,1.8,4.1,0.0,7809,701,7108,9.0,0.32,0.49,0.45,344097760,1667994320,3190,11682,1.3,233.8,3.1,2.0,125,72,0,0,0,0,0,0.0,0,0,0,0,0,0
736.3,2026-05-16T19:52:38,0016c001f10c2ef6,12.4,3.0,9.5,0.0,7809,701,7108,9.0,0.32,0.49,0.45,344101823,1668037443,4063,43123,1.3,233.8,3.1,2.0,125,72,0,0,0,0,0,0.0,0,0,0,0,0,0
736.7,2026-05-16T19:52:39,0016c001f10c2ef6,18.5,1.8,16.7,0.0,7809,700,7109,9.0,0.32,0.49,0.45,344104861,1668049125,3038,11682,1.3,233.8,3.1,2.0,125,72,0,0,0,0,0,0.0,0,0,0,0,0,0
737.2,2026-05-16T19:52:39,0016c001f10c2ef6,19.4,1.2,18.2,0.0,7809,702,7107,9.0,0.37,0.5,0.46,344107967,1668060893,3106,11768,1.3,233.8,3.1,2.0,125,72,0,0,0,0,0,0.0,0,0,0,0,0,0
737.6,2026-05-16T19:52:40,0016c001f10c2ef6,18.5,1.8,16.7,0.0,7809,702,7107,9.0,0.37,0.5,0.46,344111153,1668072575,3186,11682,1.3,233.8,3.1,2.0,125,72,0,0,0,0,0,0.0,0,0,0,0,0,0
738.0,2026-05-16T19:52:40,0016c001f10c2ef6,8.7,2.9,5.8,0.0,7809,702,7107,9.0,0.37,0.5,0.46,344115220,1668115632,4067,43057,1.3,233.8,3.1,2.0,125,72,0,0,0,0,0,0.0,0,0,0,0,0,0
738.5,2026-05-16T19:52:41,0016c001f10c2ef6,11.2,4.3,7.0,0.0,7809,702,7107,9.0,0.37,0.5,0.46,344118306,1668127380,3086,11748,1.3,233.8,3.1,2.0,125,72,0,0,0,0,0,0.0,0,0,0,0,0,0
738.9,2026-05-16T19:52:41,0016c001f10c2ef6,7.0,2.9,4.1,0.0,7809,702,7107,9.0,0.37,0.5,0.46,344121444,1668139062,3138,11682,1.3,233.8,3.1,2.0,125,72,0,0,0,0,0,0.0,0,0,0,0,0,0
739.4,2026-05-16T19:52:41,0016c001f10c2ef6,5.8,2.3,3.5,0.0,7809,702,7107,9.0,0.37,0.5,0.46,344124586,1668150744,3142,11682,1.3,233.8,3.1,2.0,125,72,0,0,0,0,0,0.0,0,0,0,0,0,0
739.8,2026-05-16T19:52:42,0016c001f10c2ef6,5.2,1.1,4.0,0.0,7809,701,7108,9.0,0.37,0.5,0.46,344127672,1668162426,3086,11682,1.3,233.8,3.1,2.0,125,72,0,0,0,0,0,0.0,0,0,0,0,0,0
740.3,2026-05-16T19:52:42,0016c001f10c2ef6,6.4,3.5,2.9,0.0,7809,701,7108,9.0,0.37,0.5,0.46,344131995,1668205483,4323,43057,1.3,233.8,3.1,2.0,125,72,0,0,0,0,0,0.0,0,0,0,0,0,0
740.7,2026-05-16T19:52:43,0016c001f10c2ef6,7.6,2.9,4.7,0.0,7809,701,7108,9.0,0.37,0.5,0.46,344135079,1668217207,3084,11724,1.3,233.8,3.1,2.0,125,72,0,0,0,0,0,0.0,0,0,0,0,0,0
741.1,2026-05-16T19:52:43,0016c001f10c2ef6,6.4,2.9,3.5,0.0,7809,701,7108,9.0,0.37,0.5,0.46,344138213,1668228889,3134,11682,1.3,233.8,3.1,2.0,125,72,0,0,0,0,0,0.0,0,0,0,0,0,0
741.6,2026-05-16T19:52:44,0016c001f10c2ef6,5.8,2.9,2.9,0.0,7809,701,7108,9.0,0.37,0.5,0.46,344141199,1668240571,2986,11682,1.3,233.8,3.1,2.0,125,72,0,0,0,0,0,0.0,0,0,0,0,0,0
742.0,2026-05-16T19:52:44,0016c001f10c2ef6,7.6,1.7,5.8,0.0,7809,701,7108,9.0,0.34,0.49,0.45,344144762,1668252253,3563,11682,1.3,233.8,3.1,2.0,125,72,0,0,0,0,0,0.0,0,0,0,0,0,0
742.4,2026-05-16T19:52:45,0016c001f10c2ef6,6.9,2.3,4.0,0.6,7809,702,7107,9.0,0.34,0.49,0.45,344148833,1668295310,4071,43057,1.3,233.8,3.1,2.0,125,72,0,0,0,0,0,0.0,0,0,0,0,0,0
742.9,2026-05-16T19:52:45,0016c001f10c2ef6,5.8,2.3,3.5,0.0,7809,701,7108,9.0,0.34,0.49,0.45,344151867,1668306992,3034,11682,1.3,233.8,3.1,2.0,125,72,0,0,0,0,0,0.0,0,0,0,0,0,0
743.3,2026-05-16T19:52:45,0016c001f10c2ef6,7.1,2.4,4.7,0.0,7809,701,7108,9.0,0.34,0.49,0.45,344155053,1668318674,3186,11682,1.3,233.8,3.1,2.0,125,72,0,0,0,0,0,0.0,0,0,0,0,0,0
743.8,2026-05-16T19:52:46,0016c001f10c2ef6,8.3,3.1,5.2,0.0,7809,701,7108,9.0,0.34,0.49,0.45,344158091,1668330422,3038,11748,1.3,233.8,3.1,2.0,125,72,0,0,0,0,0,0.0,0,0,0,0,0,0
744.2,2026-05-16T19:52:46,0016c001f10c2ef6,6.5,1.8,4.8,0.0,7809,701,7108,9.0,0.34,0.49,0.45,344162310,1668373479,4219,43057,1.3,233.8,3.1,2.0,125,72,0,0,0,0,0,0.0,0,0,0,0,0,0
744.6,2026-05-16T19:52:47,0016c001f10c2ef6,7.7,3.3,4.4,0.0,7809,701,7108,9.0,0.34,0.49,0.45,344165400,1668385161,3090,11682,1.3,233.8,3.1,2.0,125,72,0,0,0,0,0,0.0,0,0,0,0,0,0
745.1,2026-05-16T19:52:47,0016c001f10c2ef6,6.4,2.9,3.5,0.0,7809,702,7107,9.0,0.34,0.49,0.45,344168586,1668396843,3186,11682,1.3,233.8,3.1,2.0,125,72,0,0,0,0,0,0.0,0,0,0,0,0,0
745.5,2026-05-16T19:52:48,0016c001f10c2ef6,5.9,2.4,3.6,0.0,7809,702,7107,9.0,0.34,0.49,0.45,344171676,1668408525,3090,11682,1.3,233.8,3.1,2.0,125,72,0,0,0,0,0,0.0,0,0,0,0,0,0
745.9,2026-05-16T19:52:48,0016c001f10c2ef6,6.4,2.9,3.5,0.0,7809,701,7108,9.0,0.34,0.49,0.45,344174762,1668420207,3086,11682,1.3,233.8,3.1,2.0,125,72,0,0,0,0,0,0.0,0,0,0,0,0,0
746.4,2026-05-16T19:52:48,0016c001f10c2ef6,6.6,1.8,4.8,0.0,7809,701,7108,9.0,0.34,0.49,0.45,344178773,1668463264,4011,43057,1.3,233.8,3.1,2.0,125,72,0,0,0,0,0,0.0,0,0,0,0,0,0
746.8,2026-05-16T19:52:49,0016c001f10c2ef6,6.2,3.4,2.8,0.0,7809,701,7108,9.0,0.34,0.49,0.45,344181811,1668474946,3038,11682,1.3,233.8,3.1,2.0,125,72,0,0,0,0,0,0.0,0,0,0,0,0,0
747.2,2026-05-16T19:52:49,0016c001f10c2ef6,7.1,2.9,4.1,0.0,7809,701,7108,9.0,0.39,0.5,0.46,344184897,1668486628,3086,11682,1.3,233.8,3.1,2.0,125,72,0,0,0,0,0,0.0,0,0,0,0,0,0
747.7,2026-05-16T19:52:50,0016c001f10c2ef6,5.8,1.7,4.1,0.0,7809,701,7108,9.0,0.39,0.5,0.46,344188083,1668498310,3186,11682,1.3,233.8,3.1,2.0,125,72,0,0,0,0,0,0.0,0,0,0,0,0,0
748.1,2026-05-16T19:52:50,0016c001f10c2ef6,12.3,2.3,9.9,0.0,7809,701,7108,9.0,0.39,0.5,0.46,344191193,1668510070,3110,11760,1.3,233.8,3.1,2.0,125,72,0,0,0,0,0,0.0,0,0,0,0,0,0
748.5,2026-05-16T19:52:51,0016c001f10c2ef6,20.1,2.4,17.7,0.0,7809,700,7109,9.0,0.39,0.5,0.46,344195308,1668553127,4115,43057,1.3,233.8,3.1,2.0,125,72,0,0,0,0,0,0.0,0,0,0,0,0,0
749.0,2026-05-16T19:52:51,0016c001f10c2ef6,19.8,1.7,18.0,0.0,7809,702,7107,9.0,0.39,0.5,0.46,344198346,1668564809,3038,11682,1.3,233.8,3.1,2.0,125,72,0,0,0,0,0,0.0,0,0,0,0,0,0
749.4,2026-05-16T19:52:52,0016c001f10c2ef6,19.3,1.8,17.5,0.0,7809,701,7108,9.0,0.39,0.5,0.46,344201532,1668576491,3186,11682,1.3,233.8,3.1,2.0,125,72,0,0,0,0,0,0.0,0,0,0,0,0,0
749.9,2026-05-16T19:52:52,0016c001f10c2ef6,6.8,1.7,5.1,0.0,7809,702,7107,9.0,0.39,0.5,0.46,344204570,1668588173,3038,11682,1.3,233.8,3.1,2.0,125,72,0,0,0,0,0,0.0,0,0,0,0,0,0
750.3,2026-05-16T19:52:52,0016c001f10c2ef6,5.8,1.2,4.6,0.0,7809,702,7107,9.0,0.39,0.5,0.46,344208685,1668631230,4115,43057,1.3,233.8,3.1,2.0,125,72,0,0,0,0,0,0.0,0,0,0,0,0,0
750.8,2026-05-16T19:52:53,0016c001f10c2ef6,6.7,2.2,4.5,0.0,7809,702,7107,9.0,0.39,0.5,0.46,344211823,1668642912,3138,11682,1.3,233.8,3.1,2.0,125,72,0,0,0,0,0,0.0,0,0,0,0,0,0
751.2,2026-05-16T19:52:53,0016c001f10c2ef6,5.7,1.7,4.0,0.0,7809,702,7107,9.0,0.39,0.5,0.46,344214861,1668654594,3038,11682,1.3,233.8,3.1,2.0,125,72,0,0,0,0,0,0.0,0,0,0,0,0,0
751.6,2026-05-16T19:52:54,0016c001f10c2ef6,5.9,1.8,4.1,0.0,7809,701,7108,9.0,0.39,0.5,0.46,344218047,1668666276,3186,11682,1.3,233.8,3.1,2.0,125,72,0,0,0,0,0,0.0,0,0,0,0,0,0
752.1,2026-05-16T19:52:54,0016c001f10c2ef6,5.9,1.2,4.7,0.0,7809,701,7108,9.0,0.52,0.53,0.47,344221462,1668677958,3415,11682,1.3,233.8,3.1,2.0,125,72,0,0,0,0,0,0.0,0,0,0,0,0,0
752.5,2026-05-16T19:52:55,0016c001f10c2ef6,8.0,2.9,5.2,0.0,7809,701,7108,9.0,0.52,0.53,0.47,344225577,1668721015,4115,43057,1.3,233.8,3.1,2.0,125,72,0,0,0,0,0,0.0,0,0,0,0,0,0
752.9,2026-05-16T19:52:55,0016c001f10c2ef6,6.9,2.9,4.0,0.0,7809,702,7107,9.0,0.52,0.53,0.47,344228563,1668732697,2986,11682,1.3,233.8,3.1,2.0,125,72,0,0,0,0,0,0.0,0,0,0,0,0,0
753.4,2026-05-16T19:52:55,0016c001f10c2ef6,5.8,2.3,3.5,0.0,7809,701,7108,9.0,0.52,0.53,0.47,344231649,1668744379,3086,11682,1.3,233.8,3.1,2.0,125,72,0,0,0,0,0,0.0,0,0,0,0,0,0
753.8,2026-05-16T19:52:56,0016c001f10c2ef6,7.3,2.8,4.5,0.0,7809,701,7108,9.0,0.52,0.53,0.47,344234835,1668756061,3186,11682,1.3,233.8,3.1,2.0,125,72,0,0,0,0,0,0.0,0,0,0,0,0,0
754.3,2026-05-16T19:52:56,0016c001f10c2ef6,9.9,4.0,5.9,0.0,7809,701,7108,9.0,0.52,0.53,0.47,344238802,1668799184,3967,43123,1.3,233.8,3.1,2.0,125,72,0,0,0,0,0,0.0,0,0,0,0,0,0
754.7,2026-05-16T19:52:57,0016c001f10c2ef6,7.8,3.0,4.8,0.0,7809,701,7108,9.0,0.52,0.53,0.47,344241836,1668810866,3034,11682,1.3,233.6,3.1,2.0,125,72,0,0,0,0,0,0.0,0,0,0,0,0,0
755.2,2026-05-16T19:52:57,0016c001f10c2ef6,6.2,1.7,4.5,0.0,7809,701,7108,9.0,0.52,0.53,0.47,344244970,1668822548,3134,11682,1.3,233.6,3.1,2.0,125,72,0,0,0,0,0,0.0,0,0,0,0,0,0
755.6,2026-05-16T19:52:58,0016c001f10c2ef6,5.9,3.0,3.0,0.0,7809,701,7108,9.0,0.52,0.53,0.47,344248056,1668834230,3086,11682,1.3,233.6,3.1,2.0,125,72,0,0,0,0,0,0.0,0,0,0,0,0,0
756.1,2026-05-16T19:52:58,0016c001f10c2ef6,5.3,0.6,4.7,0.0,7809,701,7108,9.0,0.52,0.53,0.47,344251318,1668845990,3262,11760,1.3,233.6,3.1,2.0,125,72,0,0,0,0,0,0.0,0,0,0,0,0,0
756.5,2026-05-16T19:52:59,0016c001f10c2ef6,8.2,3.5,4.7,0.0,7809,701,7108,9.0,0.52,0.53,0.47,344255541,1668889047,4223,43057,1.3,233.6,3.1,2.0,125,72,0,0,0,0,0,0.0,0,0,0,0,0,0
756.9,2026-05-16T19:52:59,0016c001f10c2ef6,5.3,1.8,3.5,0.0,7809,701,7108,9.0,0.48,0.52,0.46,344258627,1668900729,3086,11682,1.3,233.6,3.1,2.0,125,72,0,0,0,0,0,0.0,0,0,0,0,0,0
757.3,2026-05-16T19:52:59,0016c001f10c2ef6,5.8,3.5,2.3,0.0,7809,701,7108,9.0,0.48,0.52,0.46,344261941,1668912573,3314,11844,1.3,233.6,3.1,2.0,125,72,0,0,0,0,0,0.0,0,0,0,0,0,0
757.8,2026-05-16T19:53:00,0016c001f10c2ef6,6.4,2.3,4.1,0.0,7809,700,7109,9.0,0.48,0.52,0.46,344264975,1668924255,3034,11682,1.3,233.6,3.1,2.0,125,72,0,0,0,0,0,0.0,0,0,0,0,0,0
758.2,2026-05-16T19:53:00,0016c001f10c2ef6,7.0,2.3,4.7,0.0,7809,700,7109,9.0,0.48,0.52,0.46,344268265,1668935937,3290,11682,1.3,233.6,3.1,2.0,125,72,0,0,0,0,0,0.0,0,0,0,0,0,0
758.7,2026-05-16T19:53:01,0016c001f10c2ef6,6.3,2.3,4.0,0.0,7809,700,7109,9.0,0.48,0.52,0.46,344272128,1668978994,3863,43057,1.3,233.6,3.1,2.0,125,72,0,0,0,0,0,0.0,0,0,0,0,0,0
759.1,2026-05-16T19:53:01,0016c001f10c2ef6,8.1,1.2,6.4,0.6,7809,700,7109,9.0,0.48,0.52,0.46,344275314,1668990676,3186,11682,1.3,233.6,3.1,2.0,125,72,0,0,0,0,0,0.0,0,0,0,0,0,0
759.6,2026-05-16T19:53:02,0016c001f10c2ef6,9.9,2.6,7.3,0.0,7809,701,7108,9.0,0.48,0.52,0.46,344278404,1669002424,3090,11748,1.3,233.6,3.1,2.0,125,72,0,0,0,0,0,0.0,0,0,0,0,0,0
760.0,2026-05-16T19:53:02,0016c001f10c2ef6,17.1,2.2,14.9,0.0,7809,701,7108,9.0,0.48,0.52,0.46,344281590,1669014106,3186,11682,1.3,233.6,3.1,2.0,125,72,0,0,0,0,0,0.0,0,0,0,0,0,0
760.5,2026-05-16T19:53:03,0016c001f10c2ef6,19.3,2.3,17.0,0.0,7809,701,7108,9.0,0.48,0.52,0.46,344285661,1669057163,4071,43057,1.3,233.6,3.1,2.0,125,72,0,0,0,0,0,0.0,0,0,0,0,0,0
760.9,2026-05-16T19:53:03,0016c001f10c2ef6,20.4,2.4,18.0,0.0,7809,701,7108,9.0,0.48,0.52,0.46,344288795,1669068845,3134,11682,1.3,233.6,3.1,2.0,125,72,0,0,0,0,0,0.0,0,0,0,0,0,0
761.3,2026-05-16T19:53:03,0016c001f10c2ef6,19.0,4.2,14.9,0.0,7809,701,7108,9.0,0.48,0.52,0.46,344291833,1669081276,3038,12431,1.3,233.8,3.1,2.0,125,72,0,0,0,0,0,0.0,0,0,0,0,0,0
761.8,2026-05-16T19:53:04,0016c001f10c2ef6,5.1,1.5,3.6,0.0,7809,700,7109,9.0,0.48,0.52,0.46,344295592,1669094615,3759,13339,1.3,233.8,3.1,2.0,125,72,0,0,0,0,0,0.0,0,0,0,0,0,0
762.3,2026-05-16T19:53:04,0016c001f10c2ef6,6.8,2.3,4.5,0.0,7809,700,7109,9.0,0.44,0.51,0.46,344298682,1669106297,3090,11682,1.3,233.8,3.1,2.0,125,72,0,0,0,0,0,0.0,0,0,0,0,0,0
762.7,2026-05-16T19:53:05,0016c001f10c2ef6,8.0,2.8,5.1,0.0,7809,701,7108,9.0,0.44,0.51,0.46,344302749,1669149354,4067,43057,1.3,233.8,3.1,2.0,125,72,0,0,0,0,0,0.0,0,0,0,0,0,0
763.2,2026-05-16T19:53:05,0016c001f10c2ef6,6.7,2.8,3.9,0.0,7809,701,7108,9.0,0.44,0.51,0.46,344305987,1669161036,3238,11682,1.3,233.9,3.1,2.0,125,72,0,0,0,0,0,0.0,0,0,0,0,0,0
763.6,2026-05-16T19:53:06,0016c001f10c2ef6,5.8,2.3,3.5,0.0,7809,701,7108,9.0,0.44,0.51,0.46,344308973,1669172718,2986,11682,1.3,233.9,3.1,2.0,125,72,0,0,0,0,0,0.0,0,0,0,0,0,0
764.0,2026-05-16T19:53:06,0016c001f10c2ef6,7.6,2.4,5.3,0.0,7809,701,7108,9.0,0.44,0.51,0.46,344312179,1669184478,3206,11760,1.3,233.9,3.1,2.0,125,72,0,0,0,0,0,0.0,0,0,0,0,0,0
764.5,2026-05-16T19:53:07,0016c001f10c2ef6,5.2,2.3,2.9,0.0,7809,702,7107,9.0,0.44,0.51,0.46,344316298,1669227535,4119,43057,1.3,233.9,3.1,2.0,125,72,0,0,0,0,0,0.0,0,0,0,0,0,0
764.9,2026-05-16T19:53:07,0016c001f10c2ef6,6.3,2.3,4.0,0.0,7809,700,7109,9.0,0.44,0.51,0.46,344319488,1669239217,3190,11682,1.3,233.9,3.1,2.0,125,72,0,0,0,0,0,0.0,0,0,0,0,0,0
765.4,2026-05-16T19:53:08,0016c001f10c2ef6,10.0,3.5,6.5,0.0,7809,700,7109,9.0,0.44,0.51,0.46,344322654,1669251121,3166,11904,1.3,233.9,3.1,2.0,125,72,0,0,0,0,0,0.0,0,0,0,0,0,0
765.9,2026-05-16T19:53:08,0016c001f10c2ef6,5.2,2.3,2.9,0.0,7809,702,7107,9.0,0.44,0.51,0.46,344325792,1669262803,3138,11682,1.3,233.9,3.1,2.0,125,72,0,0,0,0,0,0.0,0,0,0,0,0,0
766.3,2026-05-16T19:53:08,0016c001f10c2ef6,8.1,2.9,5.2,0.0,7809,702,7107,9.0,0.44,0.51,0.46,344328878,1669274485,3086,11682,1.3,233.9,3.1,2.0,125,72,0,0,0,0,0,0.0,0,0,0,0,0,0
766.7,2026-05-16T19:53:09,0016c001f10c2ef6,7.6,4.1,3.5,0.0,7809,701,7108,9.0,0.44,0.51,0.46,344332893,1669317542,4015,43057,1.3,233.9,3.1,2.0,125,72,0,0,0,0,0,0.0,0,0,0,0,0,0
767.2,2026-05-16T19:53:09,0016c001f10c2ef6,5.9,2.2,3.8,0.0,7809,701,7108,9.0,0.41,0.5,0.46,344336039,1669329466,3146,11924,1.3,233.9,3.1,2.0,125,72,0,0,0,0,0,0.0,0,0,0,0,0,0
767.6,2026-05-16T19:53:10,0016c001f10c2ef6,6.5,2.4,4.1,0.0,7809,701,7108,9.0,0.41,0.5,0.46,344339129,1669341148,3090,11682,1.3,233.9,3.1,2.0,125,72,0,0,0,0,0,0.0,0,0,0,0,0,0
768.1,2026-05-16T19:53:10,0016c001f10c2ef6,6.8,2.3,4.5,0.0,7809,701,7108,9.0,0.41,0.5,0.46,344342267,1669352830,3138,11682,1.3,233.9,3.1,2.0,125,72,0,0,0,0,0,0.0,0,0,0,0,0,0
768.5,2026-05-16T19:53:11,0016c001f10c2ef6,5.3,1.8,3.5,0.0,7809,701,7108,9.0,0.41,0.5,0.46,344346178,1669395887,3911,43057,1.3,233.9,3.1,2.0,125,72,0,0,0,0,0,0.0,0,0,0,0,0,0
768.9,2026-05-16T19:53:11,0016c001f10c2ef6,6.5,1.8,4.8,0.0,7809,702,7107,9.0,0.41,0.5,0.46,344349316,1669407569,3138,11682,1.3,233.9,3.1,2.0,125,72,0,0,0,0,0,0.0,0,0,0,0,0,0
769.4,2026-05-16T19:53:11,0016c001f10c2ef6,7.1,3.0,4.2,0.0,7809,701,7108,9.0,0.41,0.5,0.46,344352350,1669419251,3034,11682,1.3,233.9,3.1,2.0,125,72,0,0,0,0,0,0.0,0,0,0,0,0,0
769.8,2026-05-16T19:53:12,0016c001f10c2ef6,4.6,1.7,2.9,0.0,7809,701,7108,9.0,0.41,0.5,0.46,344355384,1669430933,3034,11682,1.3,233.9,3.1,2.0,125,72,0,0,0,0,0,0.0,0,0,0,0,0,0
770.2,2026-05-16T19:53:12,0016c001f10c2ef6,6.3,1.1,5.2,0.0,7809,701,7108,9.0,0.41,0.5,0.46,344358622,1669442615,3238,11682,1.3,233.9,3.1,2.0,125,72,0,0,0,0,0,0.0,0,0,0,0,0,0
770.7,2026-05-16T19:53:13,0016c001f10c2ef6,11.3,4.9,6.4,0.0,7809,702,7107,9.0,0.41,0.5,0.46,344362537,1669485738,3915,43123,1.3,233.9,3.1,2.0,125,72,0,0,0,0,0,0.0,0,0,0,0,0,0
771.2,2026-05-16T19:53:13,0016c001f10c2ef6,6.3,2.9,3.4,0.0,7809,702,7107,9.0,0.41,0.5,0.46,344365571,1669497420,3034,11682,1.3,233.9,3.1,2.0,125,72,0,0,0,0,0,0.0,0,0,0,0,0,0
771.6,2026-05-16T19:53:14,0016c001f10c2ef6,13.1,3.6,9.5,0.0,7809,702,7107,9.0,0.41,0.5,0.46,344368657,1669509785,3086,12365,1.3,233.9,3.1,2.0,125,72,0,0,0,0,0,0.0,0,0,0,0,0,0
772.0,2026-05-16T19:53:14,0016c001f10c2ef6,23.1,3.6,18.9,0.6,7809,701,7108,9.0,0.54,0.52,0.47,344372342,1669523123,3685,13338,1.3,233.9,3.1,2.0,125,72,0,0,0,0,0,0.0,0,0,0,0,0,0
772.5,2026-05-16T19:53:15,0016c001f10c2ef6,19.4,2.4,17.0,0.0,7809,701,7108,9.0,0.54,0.52,0.47,344376357,1669566180,4015,43057,1.3,233.9,3.1,2.0,125,72,0,0,0,0,0,0.0,0,0,0,0,0,0
772.9,2026-05-16T19:53:15,0016c001f10c2ef6,20.1,3.0,17.1,0.0,7809,701,7108,9.0,0.54,0.52,0.47,344379443,1669577862,3086,11682,1.3,233.9,3.1,2.0,125,72,0,0,0,0,0,0.0,0,0,0,0,0,0
773.3,2026-05-16T19:53:15,0016c001f10c2ef6,9.3,2.3,7.0,0.0,7809,701,7108,9.0,0.54,0.52,0.47,344382581,1669589544,3138,11682,1.3,233.9,3.1,2.0,125,72,0,0,0,0,0,0.0,0,0,0,0,0,0
773.8,2026-05-16T19:53:16,0016c001f10c2ef6,5.7,1.1,4.6,0.0,7809,701,7108,9.0,0.54,0.52,0.47,344385615,1669601226,3034,11682,1.3,233.9,3.1,2.0,125,72,0,0,0,0,0,0.0,0,0,0,0,0,0
774.2,2026-05-16T19:53:16,0016c001f10c2ef6,6.6,2.4,4.2,0.0,7809,702,7107,9.0,0.54,0.52,0.47,344388649,1669612908,3034,11682,1.3,233.9,3.1,2.0,125,72,0,0,0,0,0,0.0,0,0,0,0,0,0
774.6,2026-05-16T19:53:17,0016c001f10c2ef6,5.7,2.3,3.4,0.0,7809,701,7108,9.0,0.54,0.52,0.47,344392716,1669655965,4067,43057,1.3,233.9,3.1,2.0,125,72,0,0,0,0,0,0.0,0,0,0,0,0,0
775.1,2026-05-16T19:53:17,0016c001f10c2ef6,6.4,1.8,4.7,0.0,7809,701,7108,9.0,0.54,0.52,0.47,344395750,1669667647,3034,11682,1.3,233.9,3.1,2.0,125,72,0,0,0,0,0,0.0,0,0,0,0,0,0
775.5,2026-05-16T19:53:18,0016c001f10c2ef6,7.0,3.5,3.5,0.0,7809,701,7108,9.0,0.54,0.52,0.47,344398988,1669679329,3238,11682,1.3,233.9,3.1,2.0,127,74,2,2,0,0,0,0.0,0,0,0,0,0,0
776.0,2026-05-16T19:53:18,0016c001f10c2ef6,16.8,6.6,9.6,0.5,7809,701,7108,9.0,0.54,0.52,0.47,344401974,1669691077,2986,11748,1.3,233.9,3.1,2.0,127,74,0,0,0,0,0,0.0,0,0,0,0,0,0
776.4,2026-05-16T19:53:19,0016c001f10c2ef6,6.5,2.4,4.2,0.0,7809,701,7108,9.0,0.54,0.52,0.47,344405008,1669702759,3034,11682,1.3,233.9,3.1,2.0,127,74,0,0,0,0,0,0.0,0,0,0,0,0,0
776.9,2026-05-16T19:53:19,0016c001f10c2ef6,8.8,2.3,5.3,1.2,7809,701,7108,9.0,0.49,0.52,0.46,344408971,1669745816,3963,43057,1.3,233.9,3.1,2.0,127,74,0,0,0,0,0,0.0,0,0,0,0,0,0
777.3,2026-05-16T19:53:19,0016c001f10c2ef6,7.4,1.7,5.7,0.0,7809,701,7108,9.0,0.49,0.52,0.46,344412109,1669757498,3138,11682,1.3,233.9,3.1,2.0,127,74,0,0,0,0,0,0.0,0,0,0,0,0,0
777.7,2026-05-16T19:53:20,0016c001f10c2ef6,6.4,2.9,3.5,0.0,7809,702,7107,9.0,0.49,0.52,0.46,344415195,1669769180,3086,11682,1.3,233.9,3.1,2.0,127,74,0,0,0,0,0,0.0,0,0,0,0,0,0
778.2,2026-05-16T19:53:20,0016c001f10c2ef6,5.1,1.1,4.0,0.0,7809,701,7108,9.0,0.49,0.52,0.46,344418281,1669780862,3086,11682,1.3,233.9,3.1,2.0,127,74,0,0,0,0,0,0.0,0,0,0,0,0,0
778.6,2026-05-16T19:53:21,0016c001f10c2ef6,6.4,1.2,5.2,0.0,7809,701,7108,9.0,0.49,0.52,0.46,344422296,1669823919,4015,43057,1.3,233.9,3.1,2.0,127,74,0,0,0,0,0,0.0,0,0,0,0,0,0
779.0,2026-05-16T19:53:21,0016c001f10c2ef6,7.6,2.9,4.7,0.0,7809,701,7108,9.0,0.49,0.52,0.46,344425330,1669835601,3034,11682,1.3,233.9,3.1,2.0,127,74,0,0,0,0,0,0.0,0,0,0,0,0,0
779.5,2026-05-16T19:53:22,0016c001f10c2ef6,5.9,1.2,4.7,0.0,7809,701,7108,9.0,0.49,0.52,0.46,344428416,1669847283,3086,11682,1.3,233.9,3.1,2.0,127,74,0,0,0,0,0,0.0,0,0,0,0,0,0
779.9,2026-05-16T19:53:22,0016c001f10c2ef6,5.8,1.7,4.1,0.0,7809,701,7108,9.0,0.49,0.52,0.46,344431622,1669859043,3206,11760,1.3,233.9,3.1,2.0,127,74,0,0,0,0,0,0.0,0,0,0,0,0,0
780.4,2026-05-16T19:53:22,0016c001f10c2ef6,7.4,4.0,3.4,0.0,7809,701,7108,9.0,0.49,0.52,0.46,344434660,1669870725,3038,11682,1.3,233.9,3.1,2.0,127,74,0,0,0,0,0,0.0,0,0,0,0,0,0
780.8,2026-05-16T19:53:23,0016c001f10c2ef6,6.0,1.2,4.8,0.0,7809,701,7108,9.0,0.49,0.52,0.46,344438775,1669913782,4115,43057,1.3,234.0,3.1,2.0,127,74,0,0,0,0,0,0.0,0,0,0,0,0,0
781.3,2026-05-16T19:53:23,0016c001f10c2ef6,8.2,2.6,5.6,0.0,7809,701,7108,9.0,0.49,0.52,0.46,344442017,1669925530,3242,11748,1.3,234.0,3.1,2.0,127,74,0,0,0,0,0,0.0,0,0,0,0,0,0
781.8,2026-05-16T19:53:24,0016c001f10c2ef6,12.1,5.5,6.5,0.0,7809,701,7108,9.0,0.49,0.52,0.46,344445786,1669941045,3769,15515,1.3,234.0,3.1,2.0,127,74,0,0,0,0,0,0.0,0,0,0,0,0,0
782.3,2026-05-16T19:53:24,0016c001f10c2ef6,10.8,4.6,5.7,0.5,7809,701,7108,9.0,0.45,0.51,0.46,344448872,1669952793,3086,11748,1.3,234.0,3.1,2.0,127,74,0,0,0,0,0,0.0,0,0,0,0,0,0
782.8,2026-05-16T19:53:25,0016c001f10c2ef6,9.7,4.1,5.6,0.0,7809,700,7109,9.0,0.45,0.51,0.46,344453043,1669995997,4171,43204,1.3,234.0,3.1,2.0,127,74,0,0,0,0,0,0.0,0,0,0,0,0,0
783.3,2026-05-16T19:53:25,0016c001f10c2ef6,11.4,3.6,7.8,0.0,7809,701,7108,9.0,0.45,0.51,0.46,344456133,1670007745,3090,11748,1.3,234.0,3.1,2.0,127,74,0,0,0,0,0,0.0,0,0,0,0,0,0
783.7,2026-05-16T19:53:26,0016c001f10c2ef6,18.8,1.8,17.1,0.0,7809,702,7107,9.0,0.45,0.51,0.46,344459167,1670019427,3034,11682,1.3,234.0,3.1,2.0,127,74,0,0,0,0,0,0.0,0,0,0,0,0,0
784.2,2026-05-16T19:53:26,0016c001f10c2ef6,17.8,1.8,16.0,0.0,7809,702,7107,9.0,0.45,0.51,0.46,344462301,1670031109,3134,11682,1.3,234.0,3.1,2.0,127,74,0,0,0,0,0,0.0,0,0,0,0,0,0
784.6,2026-05-16T19:53:27,0016c001f10c2ef6,19.5,1.8,17.8,0.0,7809,703,7106,9.0,0.45,0.51,0.46,344465339,1670042791,3038,11682,1.3,234.0,3.1,2.0,127,74,0,0,0,0,0,0.0,0,0,0,0,0,0
785.0,2026-05-16T19:53:27,0016c001f10c2ef6,12.5,3.0,9.5,0.0,7809,702,7107,9.0,0.45,0.51,0.46,344469426,1670086015,4087,43224,1.3,234.0,3.1,2.0,127,74,0,0,0,0,0,0.0,0,0,0,0,0,0
785.4,2026-05-16T19:53:28,0016c001f10c2ef6,9.5,3.6,5.9,0.0,7809,702,7107,9.0,0.45,0.51,0.46,344472612,1670098380,3186,12365,1.3,234.0,3.1,2.0,127,74,0,0,0,0,0,0.0,0,0,0,0,0,0
785.9,2026-05-16T19:53:28,0016c001f10c2ef6,6.3,1.7,4.6,0.0,7809,702,7107,9.0,0.45,0.51,0.46,344475696,1670111644,3084,13264,1.3,234.0,3.1,2.0,127,74,0,0,0,0,0,0.0,0,0,0,0,0,0
786.3,2026-05-16T19:53:28,0016c001f10c2ef6,5.2,1.7,3.5,0.0,7809,702,7107,9.0,0.45,0.51,0.46,344478834,1670123326,3138,11682,1.3,234.0,3.1,2.0,127,74,0,0,0,0,0,0.0,0,0,0,0,0,0
786.8,2026-05-16T19:53:29,0016c001f10c2ef6,6.9,2.3,4.6,0.0,7809,701,7108,9.0,0.45,0.51,0.46,344482849,1670166464,4015,43138,1.3,234.1,3.1,2.0,127,74,0,0,0,0,0,0.0,0,0,0,0,0,0
787.2,2026-05-16T19:53:29,0016c001f10c2ef6,6.5,2.4,4.1,0.0,7809,701,7108,9.0,0.58,0.53,0.47,344485935,1670178146,3086,11682,1.3,234.1,3.1,2.0,127,74,0,0,0,0,0,0.0,0,0,0,0,0,0
787.6,2026-05-16T19:53:30,0016c001f10c2ef6,6.0,1.8,4.2,0.0,7809,701,7108,9.0,0.58,0.53,0.47,344489021,1670189828,3086,11682,1.3,234.1,3.1,2.0,127,74,0,0,0,0,0,0.0,0,0,0,0,0,0
788.1,2026-05-16T19:53:30,0016c001f10c2ef6,6.3,1.7,4.6,0.0,7809,702,7107,9.0,0.58,0.53,0.47,344492259,1670201510,3238,11682,1.3,234.1,3.1,2.0,127,74,0,0,0,0,0,0.0,0,0,0,0,0,0
788.6,2026-05-16T19:53:31,0016c001f10c2ef6,9.9,3.0,6.9,0.0,7809,701,7108,9.0,0.58,0.53,0.47,344495297,1670213258,3038,11748,1.3,234.1,3.1,2.0,127,74,0,0,0,0,0,0.0,0,0,0,0,0,0
789.0,2026-05-16T19:53:31,0016c001f10c2ef6,6.4,3.5,2.9,0.0,7809,702,7107,9.0,0.58,0.53,0.47,344499360,1670256396,4063,43138,1.3,233.9,3.1,2.0,127,74,0,0,0,0,0,0.0,0,0,0,0,0,0
789.5,2026-05-16T19:53:32,0016c001f10c2ef6,6.7,1.7,5.1,0.0,7809,702,7107,9.0,0.58,0.53,0.47,344502398,1670268078,3038,11682,1.3,233.9,3.1,2.0,127,74,0,0,0,0,0,0.0,0,0,0,0,0,0
789.9,2026-05-16T19:53:32,0016c001f10c2ef6,5.8,3.5,2.3,0.0,7809,702,7107,9.0,0.58,0.53,0.47,344505536,1670279760,3138,11682,1.3,233.9,3.1,2.0,127,74,0,0,0,0,0,0.0,0,0,0,0,0,0
790.3,2026-05-16T19:53:32,0016c001f10c2ef6,5.2,1.2,4.1,0.0,7809,701,7108,9.0,0.58,0.53,0.47,344508622,1670291442,3086,11682,1.3,233.9,3.1,2.0,127,74,0,0,0,0,0,0.0,0,0,0,0,0,0
790.8,2026-05-16T19:53:33,0016c001f10c2ef6,7.3,3.4,4.0,0.0,7809,701,7108,9.0,0.58,0.53,0.47,344512585,1670334580,3963,43138,1.3,233.9,3.1,2.0,127,74,0,0,0,0,0,0.0,0,0,0,0,0,0
791.2,2026-05-16T19:53:33,0016c001f10c2ef6,8.0,3.4,4.5,0.0,7809,701,7108,9.0,0.58,0.53,0.47,344515619,1670346262,3034,11682,1.3,233.9,3.1,2.0,127,74,0,0,0,0,0,0.0,0,0,0,0,0,0
791.6,2026-05-16T19:53:34,0016c001f10c2ef6,7.1,2.4,4.8,0.0,7809,700,7109,9.0,0.58,0.53,0.47,344518705,1670357944,3086,11682,1.3,233.9,3.1,2.0,127,74,0,0,0,0,0,0.0,0,0,0,0,0,0
792.1,2026-05-16T19:53:34,0016c001f10c2ef6,5.3,2.3,2.9,0.0,7809,701,7108,9.0,0.53,0.52,0.47,344522168,1670369626,3463,11682,1.3,233.9,3.1,2.0,127,74,0,0,0,0,0,0.0,0,0,0,0,0,0
792.5,2026-05-16T19:53:35,0016c001f10c2ef6,7.0,1.2,5.8,0.0,7809,702,7107,9.0,0.53,0.52,0.47,344525306,1670381308,3138,11682,1.3,233.9,3.1,2.0,127,74,0,0,0,0,0,0.0,0,0,0,0,0,0
792.9,2026-05-16T19:53:35,0016c001f10c2ef6,6.9,2.3,4.0,0.6,7809,702,7107,9.0,0.53,0.52,0.47,344529529,1670424446,4223,43138,1.3,233.9,3.1,2.0,127,74,0,0,0,0,0,0.0,0,0,0,0,0,0
793.4,2026-05-16T19:53:35,0016c001f10c2ef6,9.1,4.0,5.1,0.0,7809,702,7107,9.0,0.53,0.52,0.47,344532819,1670436128,3290,11682,1.3,233.9,3.1,2.0,127,74,0,0,0,0,0,0.0,0,0,0,0,0,0
793.9,2026-05-16T19:53:36,0016c001f10c2ef6,8.6,3.0,5.6,0.0,7809,702,7107,9.0,0.53,0.52,0.47,344535805,1670447876,2986,11748,1.3,233.9,3.1,2.0,127,74,0,0,0,0,0,0.0,0,0,0,0,0,0
794.3,2026-05-16T19:53:36,0016c001f10c2ef6,7.0,1.2,5.8,0.0,7809,702,7107,9.0,0.53,0.52,0.47,344538943,1670459558,3138,11682,1.3,233.9,3.1,2.0,127,74,0,0,0,0,0,0.0,0,0,0,0,0,0
794.8,2026-05-16T19:53:37,0016c001f10c2ef6,7.2,2.2,5.0,0.0,7809,702,7107,9.0,0.53,0.52,0.47,344542642,1670471240,3699,11682,1.3,233.9,3.1,2.0,127,74,0,0,0,0,0,0.0,0,0,0,0,0,0
795.2,2026-05-16T19:53:37,0016c001f10c2ef6,12.8,3.4,9.5,0.0,7809,701,7108,9.0,0.53,0.52,0.47,344546248,1670514378,3606,43138,1.3,233.9,3.1,2.0,127,74,0,0,0,0,0,0.0,0,0,0,0,0,0
795.6,2026-05-16T19:53:38,0016c001f10c2ef6,22.9,4.1,18.8,0.0,7809,701,7108,9.0,0.53,0.52,0.47,344549466,1670526899,3218,12521,1.3,233.9,3.1,2.0,127,74,0,0,0,0,0,0.0,0,0,0,0,0,0
796.1,2026-05-16T19:53:38,0016c001f10c2ef6,19.4,1.8,17.6,0.0,7809,702,7107,9.0,0.53,0.52,0.47,344552670,1670540254,3204,13355,1.3,233.9,3.1,2.0,127,74,0,0,0,0,0,0.0,0,0,0,0,0,0
796.5,2026-05-16T19:53:39,0016c001f10c2ef6,20.5,3.0,17.5,0.0,7809,702,7107,9.0,0.53,0.52,0.47,344555704,1670551936,3034,11682,1.3,233.9,3.1,2.0,127,74,0,0,0,0,0,0.0,0,0,0,0,0,0
797.0,2026-05-16T19:53:39,0016c001f10c2ef6,7.3,1.7,5.6,0.0,7809,702,7107,9.0,0.49,0.51,0.46,344559667,1670595074,3963,43138,1.3,233.9,3.1,2.0,127,74,0,0,0,0,0,0.0,0,0,0,0,0,0
797.4,2026-05-16T19:53:39,0016c001f10c2ef6,7.0,3.5,3.5,0.0,7809,703,7106,9.0,0.49,0.51,0.46,344562805,1670606756,3138,11682,1.3,233.9,3.1,2.0,127,74,0,0,0,0,0,0.0,0,0,0,0,0,0
797.8,2026-05-16T19:53:40,0016c001f10c2ef6,5.9,1.2,4.7,0.0,7809,702,7107,9.0,0.49,0.51,0.46,344565891,1670618438,3086,11682,1.3,233.9,3.1,2.0,127,74,0,0,0,0,0,0.0,0,0,0,0,0,0
798.3,2026-05-16T19:53:40,0016c001f10c2ef6,6.4,2.3,4.1,0.0,7809,702,7107,9.0,0.49,0.51,0.46,344568977,1670630120,3086,11682,1.3,233.9,3.1,2.0,127,74,0,0,0,0,0,0.0,0,0,0,0,0,0
798.7,2026-05-16T19:53:41,0016c001f10c2ef6,5.3,1.8,3.5,0.0,7809,702,7107,9.0,0.49,0.51,0.46,344572267,1670641802,3290,11682,1.3,233.9,3.1,2.0,127,74,0,0,0,0,0,0.0,0,0,0,0,0,0
799.2,2026-05-16T19:53:41,0016c001f10c2ef6,9.7,3.1,6.7,0.0,7809,699,7110,9.0,0.49,0.51,0.46,344576182,1670685006,3915,43204,1.3,233.9,3.1,2.0,127,74,0,0,0,0,0,0.0,0,0,0,0,0,0
799.6,2026-05-16T19:53:42,0016c001f10c2ef6,8.8,2.9,5.3,0.6,7809,701,7108,9.0,0.49,0.51,0.46,344579268,1670696688,3086,11682,1.3,233.9,3.1,2.0,127,74,0,0,0,0,0,0.0,0,0,0,0,0,0
800.0,2026-05-16T19:53:42,0016c001f10c2ef6,6.4,1.7,4.0,0.6,7809,701,7108,9.0,0.49,0.51,0.46,344582454,1670708370,3186,11682,1.3,233.9,3.1,2.0,127,74,0,0,0,0,0,0.0,0,0,0,0,0,0
800.5,2026-05-16T19:53:43,0016c001f10c2ef6,6.8,2.8,4.0,0.0,7809,701,7108,9.0,0.49,0.51,0.46,344585544,1670720052,3090,11682,1.3,233.9,3.1,2.0,127,74,0,0,0,0,0,0.0,0,0,0,0,0,0
800.9,2026-05-16T19:53:43,0016c001f10c2ef6,7.3,2.8,4.5,0.0,7809,700,7109,9.0,0.49,0.51,0.46,344589611,1670763190,4067,43138,1.3,233.9,3.1,2.0,127,74,0,0,0,0,0,0.0,0,0,0,0,0,0
801.4,2026-05-16T19:53:43,0016c001f10c2ef6,6.9,2.3,4.6,0.0,7809,702,7107,9.0,0.49,0.51,0.46,344592749,1670774872,3138,11682,1.3,233.9,3.1,2.0,127,74,0,0,0,0,0,0.0,0,0,0,0,0,0
801.8,2026-05-16T19:53:44,0016c001f10c2ef6,8.1,2.9,5.2,0.0,7809,702,7107,9.0,0.49,0.51,0.46,344596264,1670786554,3515,11682,1.3,233.9,3.1,2.0,127,74,0,0,0,0,0,0.0,0,0,0,0,0,0
802.2,2026-05-16T19:53:44,0016c001f10c2ef6,5.8,1.7,4.0,0.0,7809,702,7107,9.0,0.45,0.51,0.46,344599298,1670798302,3034,11748,1.3,233.9,3.1,2.0,127,74,0,0,0,0,0,0.0,0,0,0,0,0,0
802.7,2026-05-16T19:53:45,0016c001f10c2ef6,7.5,2.9,4.6,0.0,7809,702,7107,9.0,0.45,0.51,0.46,344602332,1670809984,3034,11682,1.3,233.9,3.1,2.0,127,74,0,0,0,0,0,0.0,0,0,0,0,0,0
803.1,2026-05-16T19:53:45,0016c001f10c2ef6,7.0,2.3,4.7,0.0,7809,702,7107,9.0,0.45,0.51,0.46,344606295,1670853122,3963,43138,1.3,233.9,3.1,2.0,127,74,0,0,0,0,0,0.0,0,0,0,0,0,0
803.5,2026-05-16T19:53:46,0016c001f10c2ef6,6.4,2.9,3.5,0.0,7809,702,7107,9.0,0.45,0.51,0.46,344609381,1670864804,3086,11682,1.3,233.9,3.1,2.0,127,74,0,0,0,0,0,0.0,0,0,0,0,0,0
804.0,2026-05-16T19:53:46,0016c001f10c2ef6,6.4,1.7,4.7,0.0,7809,701,7108,9.0,0.45,0.51,0.46,344612743,1670876564,3362,11760,1.3,233.9,3.1,2.0,127,74,0,0,0,0,0,0.0,0,0,0,0,0,0
804.5,2026-05-16T19:53:47,0016c001f10c2ef6,10.3,3.0,7.4,0.0,7809,701,7108,9.0,0.45,0.51,0.46,344615781,1670888312,3038,11748,1.3,233.9,3.1,2.0,127,74,0,0,0,0,0,0.0,0,0,0,0,0,0
804.9,2026-05-16T19:53:47,0016c001f10c2ef6,6.3,2.3,4.0,0.0,7809,701,7108,9.0,0.45,0.51,0.46,344619380,1670914886,3599,26574,1.3,234.1,3.1,2.0,127,74,0,0,0,0,0,0.0,0,0,0,0,0,0
805.4,2026-05-16T19:53:47,0016c001f10c2ef6,6.8,3.4,3.4,0.0,7809,702,7107,9.0,0.45,0.51,0.46,344622882,1670943132,3502,28246,1.3,234.1,3.1,2.0,131,77,4,3,0,0,0,0.0,0,0,0,0,0,0
805.8,2026-05-16T19:53:48,0016c001f10c2ef6,9.9,4.1,5.3,0.6,7809,702,7107,9.0,0.45,0.51,0.46,344626072,1670956607,3190,13475,1.3,233.9,3.1,2.0,131,77,0,0,0,0,0,0.0,0,0,0,0,0,0
806.2,2026-05-16T19:53:48,0016c001f10c2ef6,7.2,3.0,4.2,0.0,7809,702,7107,9.0,0.45,0.51,0.46,344629204,1670970279,3132,13672,1.3,233.9,3.1,2.0,131,77,0,0,0,0,0,0.0,0,0,0,0,0,0
806.7,2026-05-16T19:53:49,0016c001f10c2ef6,6.2,1.7,4.5,0.0,7809,702,7107,9.0,0.45,0.51,0.46,344632442,1670981961,3238,11682,1.3,233.9,3.1,2.0,131,77,0,0,0,0,0,0.0,0,0,0,0,0,0
807.1,2026-05-16T19:53:49,0016c001f10c2ef6,16.7,1.7,14.9,0.0,7809,702,7107,9.0,0.57,0.53,0.47,344636305,1671025180,3863,43219,1.3,233.9,3.1,2.0,131,77,0,0,0,0,0,0.0,0,0,0,0,0,0
807.5,2026-05-16T19:53:50,0016c001f10c2ef6,19.9,2.5,17.4,0.0,7809,702,7107,9.0,0.57,0.53,0.47,344639391,1671036862,3086,11682,1.3,233.9,3.1,2.0,131,77,0,0,0,0,0,0.0,0,0,0,0,0,0
808.0,2026-05-16T19:53:50,0016c001f10c2ef6,19.9,3.6,16.3,0.0,7809,702,7107,9.0,0.57,0.53,0.47,344642425,1671048544,3034,11682,1.3,233.9,3.1,2.0,131,77,0,0,0,0,0,0.0,0,0,0,0,0,0
808.4,2026-05-16T19:53:50,0016c001f10c2ef6,17.5,2.4,15.1,0.0,7809,701,7108,9.0,0.57,0.53,0.47,344645559,1671060226,3134,11682,1.3,233.9,3.1,2.0,131,77,0,0,0,0,0,0.0,0,0,0,0,0,0
808.8,2026-05-16T19:53:51,0016c001f10c2ef6,6.9,3.5,2.9,0.6,7809,701,7108,9.0,0.57,0.53,0.47,344648597,1671071908,3038,11682,1.3,233.9,3.1,2.0,131,77,0,0,0,0,0,0.0,0,0,0,0,0,0
809.3,2026-05-16T19:53:51,0016c001f10c2ef6,7.0,2.9,4.1,0.0,7809,701,7108,9.0,0.57,0.53,0.47,344652764,1671115127,4167,43219,1.3,233.9,3.1,2.0,131,77,0,0,0,0,0,0.0,0,0,0,0,0,0
809.8,2026-05-16T19:53:52,0016c001f10c2ef6,8.8,3.6,5.2,0.0,7809,702,7107,9.0,0.57,0.53,0.47,344655750,1671126875,2986,11748,1.3,233.9,3.1,2.0,131,77,0,0,0,0,0,0.0,0,0,0,0,0,0
810.2,2026-05-16T19:53:52,0016c001f10c2ef6,7.5,2.9,4.6,0.0,7809,701,7108,9.0,0.57,0.53,0.47,344658888,1671138557,3138,11682,1.3,233.9,3.1,2.0,131,77,0,0,0,0,0,0.0,0,0,0,0,0,0
810.6,2026-05-16T19:53:53,0016c001f10c2ef6,7.0,2.3,4.7,0.0,7809,701,7108,9.0,0.57,0.53,0.47,344661922,1671150239,3034,11682,1.3,233.9,3.1,2.0,131,77,0,0,0,0,0,0.0,0,0,0,0,0,0
811.0,2026-05-16T19:53:53,0016c001f10c2ef6,8.1,2.9,5.2,0.0,7809,701,7108,9.0,0.57,0.53,0.47,344665833,1671193458,3911,43219,1.3,233.9,3.1,2.0,131,77,0,0,0,0,0,0.0,0,0,0,0,0,0
811.5,2026-05-16T19:53:54,0016c001f10c2ef6,7.0,3.5,3.5,0.0,7809,701,7108,9.0,0.57,0.53,0.47,344668971,1671205140,3138,11682,1.3,233.9,3.1,2.0,131,77,0,0,0,0,0,0.0,0,0,0,0,0,0
811.9,2026-05-16T19:53:54,0016c001f10c2ef6,6.4,1.7,4.6,0.0,7809,700,7109,9.0,0.69,0.55,0.48,344672506,1671216900,3535,11760,1.3,233.9,3.1,2.0,131,77,0,0,0,0,0,0.0,0,0,0,0,0,0
812.3,2026-05-16T19:53:54,0016c001f10c2ef6,5.9,2.9,2.9,0.0,7809,701,7108,9.0,0.69,0.55,0.48,344675540,1671228582,3034,11682,1.3,233.9,3.1,2.0,131,77,0,0,0,0,0,0.0,0,0,0,0,0,0
812.8,2026-05-16T19:53:55,0016c001f10c2ef6,7.5,3.5,4.0,0.0,7809,701,7108,9.0,0.69,0.55,0.48,344678730,1671240264,3190,11682,1.3,233.9,3.1,2.0,131,77,0,0,0,0,0,0.0,0,0,0,0,0,0
813.2,2026-05-16T19:53:55,0016c001f10c2ef6,6.2,2.8,3.4,0.0,7809,701,7108,9.0,0.69,0.55,0.48,344682641,1671283483,3911,43219,1.3,233.9,3.1,2.0,131,77,0,0,0,0,0,0.0,0,0,0,0,0,0
813.6,2026-05-16T19:53:56,0016c001f10c2ef6,8.2,3.5,4.7,0.0,7809,701,7108,9.0,0.69,0.55,0.48,344685675,1671295165,3034,11682,1.3,233.9,3.1,2.0,131,77,0,0,0,0,0,0.0,0,0,0,0,0,0
814.1,2026-05-16T19:53:56,0016c001f10c2ef6,6.9,1.7,5.2,0.0,7809,701,7108,9.0,0.69,0.55,0.48,344688913,1671306847,3238,11682,1.3,233.9,3.1,2.0,131,77,0,0,0,0,0,0.0,0,0,0,0,0,0
814.5,2026-05-16T19:53:57,0016c001f10c2ef6,5.2,2.3,2.9,0.0,7809,701,7108,9.0,0.69,0.55,0.48,344692103,1671318529,3190,11682,1.3,233.9,3.1,2.0,131,77,0,0,0,0,0,0.0,0,0,0,0,0,0
815.0,2026-05-16T19:53:57,0016c001f10c2ef6,8.4,3.1,5.2,0.0,7809,701,7108,9.0,0.69,0.55,0.48,344695293,1671330277,3190,11748,1.3,233.9,3.1,2.0,131,77,0,0,0,0,0,0.0,0,0,0,0,0,0
815.5,2026-05-16T19:53:58,0016c001f10c2ef6,10.6,5.0,5.5,0.0,7809,701,7108,9.0,0.69,0.55,0.48,344699208,1671373628,3915,43351,1.3,233.9,3.1,2.0,131,77,0,0,0,0,0,0.0,0,0,0,0,0,0
816.0,2026-05-16T19:53:58,0016c001f10c2ef6,11.7,6.1,5.6,0.0,7809,701,7108,9.0,0.69,0.55,0.48,344702294,1671385376,3086,11748,1.3,233.9,3.1,2.0,131,77,0,0,0,0,0,0.0,0,0,0,0,0,0
816.5,2026-05-16T19:53:59,0016c001f10c2ef6,6.1,2.5,3.6,0.0,7809,700,7109,9.0,0.69,0.55,0.48,344705392,1671397300,3098,11924,1.3,233.9,3.1,2.0,131,77,0,0,0,0,0,0.0,0,0,0,0,0,0
816.9,2026-05-16T19:53:59,0016c001f10c2ef6,5.9,1.8,4.1,0.0,7809,702,7107,9.0,0.63,0.55,0.47,344708478,1671408982,3086,11682,1.3,233.9,3.1,2.0,131,77,0,0,0,0,0,0.0,0,0,0,0,0,0
817.4,2026-05-16T19:53:59,0016c001f10c2ef6,7.0,2.9,4.1,0.0,7809,702,7107,9.0,0.63,0.55,0.47,344712441,1671452201,3963,43219,1.3,233.9,3.1,2.0,131,77,0,0,0,0,0,0.0,0,0,0,0,0,0
817.8,2026-05-16T19:54:00,0016c001f10c2ef6,7.5,1.7,5.7,0.0,7809,703,7106,9.0,0.63,0.55,0.47,344715527,1671463883,3086,11682,1.3,233.9,3.1,2.0,131,77,0,0,0,0,0,0.0,0,0,0,0,0,0
818.2,2026-05-16T19:54:00,0016c001f10c2ef6,6.5,1.8,4.7,0.0,7809,703,7106,9.0,0.63,0.55,0.47,344718561,1671475565,3034,11682,1.3,233.9,3.1,2.0,131,77,0,0,0,0,0,0.0,0,0,0,0,0,0
818.7,2026-05-16T19:54:01,0016c001f10c2ef6,9.5,2.4,7.1,0.0,7809,702,7107,9.0,0.63,0.55,0.47,344721695,1671487247,3134,11682,1.3,233.9,3.1,2.0,131,77,0,0,0,0,0,0.0,0,0,0,0,0,0
819.1,2026-05-16T19:54:01,0016c001f10c2ef6,20.0,3.0,17.0,0.0,7809,702,7107,9.0,0.63,0.55,0.47,344724733,1671498929,3038,11682,1.3,233.9,3.1,2.0,131,77,0,0,0,0,0,0.0,0,0,0,0,0,0
819.5,2026-05-16T19:54:02,0016c001f10c2ef6,22.1,4.1,17.4,0.6,7809,702,7107,9.0,0.63,0.55,0.47,344728852,1671542148,4119,43219,1.3,233.9,3.1,2.0,131,77,0,0,0,0,0,0.0,0,0,0,0,0,0
820.0,2026-05-16T19:54:02,0016c001f10c2ef6,19.4,1.8,17.6,0.0,7809,703,7106,9.0,0.63,0.55,0.47,344732010,1671553908,3158,11760,1.3,233.9,3.1,2.0,131,77,0,0,0,0,0,0.0,0,0,0,0,0,0
820.4,2026-05-16T19:54:03,0016c001f10c2ef6,9.7,1.7,8.0,0.0,7809,703,7106,9.0,0.63,0.55,0.47,344735096,1671565590,3086,11682,1.3,233.9,3.1,2.0,131,77,0,0,0,0,0,0.0,0,0,0,0,0,0
820.8,2026-05-16T19:54:03,0016c001f10c2ef6,7.0,2.3,4.7,0.0,7809,703,7106,9.0,0.63,0.55,0.47,344738282,1671577272,3186,11682,1.3,233.9,3.1,2.0,131,77,0,0,0,0,0,0.0,0,0,0,0,0,0
821.3,2026-05-16T19:54:03,0016c001f10c2ef6,8.4,2.6,5.8,0.0,7809,703,7106,9.0,0.63,0.55,0.47,344742349,1671620557,4067,43285,1.3,233.9,3.1,2.0,131,77,0,0,0,0,0,0.0,0,0,0,0,0,0
821.8,2026-05-16T19:54:04,0016c001f10c2ef6,9.9,3.1,6.8,0.0,7809,704,7105,9.0,0.63,0.55,0.47,344745335,1671632305,2986,11748,1.3,233.9,3.1,2.0,131,77,0,0,0,0,0,0.0,0,0,0,0,0,0
822.3,2026-05-16T19:54:04,0016c001f10c2ef6,6.4,2.3,4.1,0.0,7809,703,7106,9.0,0.58,0.54,0.47,344748850,1671643987,3515,11682,1.3,233.9,3.1,2.0,131,77,0,0,0,0,0,0.0,0,0,0,0,0,0
822.7,2026-05-16T19:54:05,0016c001f10c2ef6,5.9,1.8,4.1,0.0,7809,702,7107,9.0,0.58,0.54,0.47,344751884,1671655669,3034,11682,1.3,233.9,3.1,2.0,131,77,0,0,0,0,0,0.0,0,0,0,0,0,0
823.1,2026-05-16T19:54:05,0016c001f10c2ef6,7.1,2.9,4.1,0.0,7809,701,7108,9.0,0.58,0.54,0.47,344755070,1671667351,3186,11682,1.3,233.9,3.1,2.0,131,77,0,0,0,0,0,0.0,0,0,0,0,0,0
823.5,2026-05-16T19:54:06,0016c001f10c2ef6,6.5,2.4,4.1,0.0,7809,702,7107,9.0,0.58,0.54,0.47,344759089,1671710570,4019,43219,1.3,233.9,3.1,2.0,131,77,0,0,0,0,0,0.0,0,0,0,0,0,0
824.0,2026-05-16T19:54:06,0016c001f10c2ef6,6.4,1.7,4.7,0.0,7809,702,7107,9.0,0.58,0.54,0.47,344762175,1671722252,3086,11682,1.3,233.9,3.1,2.0,131,77,0,0,0,0,0,0.0,0,0,0,0,0,0
824.4,2026-05-16T19:54:06,0016c001f10c2ef6,5.7,1.1,4.6,0.0,7809,702,7107,9.0,0.58,0.54,0.47,344765261,1671733934,3086,11682,1.3,233.9,3.1,2.0,131,77,0,0,0,0,0,0.0,0,0,0,0,0,0
824.9,2026-05-16T19:54:07,0016c001f10c2ef6,5.3,1.8,3.5,0.0,7809,703,7106,9.0,0.58,0.54,0.47,344768295,1671745616,3034,11682,1.3,233.9,3.1,2.0,131,77,0,0,0,0,0,0.0,0,0,0,0,0,0
825.3,2026-05-16T19:54:07,0016c001f10c2ef6,6.4,2.3,4.0,0.0,7809,702,7107,9.0,0.58,0.54,0.47,344772258,1671788835,3963,43219,1.3,234.0,3.1,2.0,131,77,0,0,0,0,0,0.0,0,0,0,0,0,0
825.7,2026-05-16T19:54:08,0016c001f10c2ef6,6.4,2.3,4.1,0.0,7809,703,7106,9.0,0.58,0.54,0.47,344775420,1671800673,3162,11838,1.3,234.0,3.1,2.0,131,77,0,0,0,0,0,0.0,0,0,0,0,0,0
826.2,2026-05-16T19:54:08,0016c001f10c2ef6,6.4,1.2,5.3,0.0,7809,702,7107,9.0,0.58,0.54,0.47,344778454,1671812355,3034,11682,1.3,234.0,3.1,2.0,131,77,0,0,0,0,0,0.0,0,0,0,0,0,0
826.6,2026-05-16T19:54:09,0016c001f10c2ef6,8.2,2.9,5.3,0.0,7809,702,7107,9.0,0.58,0.54,0.47,344781692,1671824037,3238,11682,1.3,234.0,3.1,2.0,131,77,0,0,0,0,0,0.0,0,0,0,0,0,0
827.1,2026-05-16T19:54:09,0016c001f10c2ef6,7.7,3.1,4.6,0.0,7809,702,7107,9.0,0.53,0.53,0.47,344784678,1671835785,2986,11748,1.3,234.0,3.1,2.0,131,77,0,0,0,0,0,0.0,0,0,0,0,0,0
827.5,2026-05-16T19:54:10,0016c001f10c2ef6,9.9,4.7,5.2,0.0,7809,702,7107,9.0,0.53,0.53,0.47,344788745,1671879004,4067,43219,1.3,234.0,3.1,2.0,131,77,0,0,0,0,0,0.0,0,0,0,0,0,0
827.9,2026-05-16T19:54:10,0016c001f10c2ef6,6.4,1.8,4.7,0.0,7809,701,7108,9.0,0.53,0.53,0.47,344792003,1671890764,3258,11760,1.3,234.0,3.1,2.0,131,77,0,0,0,0,0,0.0,0,0,0,0,0,0
828.4,2026-05-16T19:54:10,0016c001f10c2ef6,6.4,1.7,4.7,0.0,7809,701,7108,9.0,0.53,0.53,0.47,344794989,1671902446,2986,11682,1.3,234.0,3.1,2.0,131,77,0,0,0,0,0,0.0,0,0,0,0,0,0
828.8,2026-05-16T19:54:11,0016c001f10c2ef6,6.0,2.4,3.6,0.0,7809,702,7107,9.0,0.53,0.53,0.47,344798023,1671914128,3034,11682,1.3,234.0,3.1,2.0,131,77,0,0,0,0,0,0.0,0,0,0,0,0,0
829.2,2026-05-16T19:54:11,0016c001f10c2ef6,6.4,1.8,4.7,0.0,7809,702,7107,9.0,0.53,0.53,0.47,344801109,1671925810,3086,11682,1.3,234.0,3.1,2.0,131,77,0,0,0,0,0,0.0,0,0,0,0,0,0
829.7,2026-05-16T19:54:12,0016c001f10c2ef6,7.9,3.4,4.5,0.0,7809,702,7107,9.0,0.53,0.53,0.47,344805124,1671969029,4015,43219,1.3,234.0,3.1,2.0,131,77,0,0,0,0,0,0.0,0,0,0,0,0,0
830.1,2026-05-16T19:54:12,0016c001f10c2ef6,6.9,1.7,5.2,0.0,7809,703,7106,9.0,0.53,0.53,0.47,344808262,1671980711,3138,11682,1.3,234.0,3.1,2.0,131,77,0,0,0,0,0,0.0,0,0,0,0,0,0
830.5,2026-05-16T19:54:13,0016c001f10c2ef6,12.2,1.2,11.0,0.0,7809,703,7106,9.0,0.53,0.53,0.47,344811296,1671992393,3034,11682,1.3,234.0,3.1,2.0,131,77,0,0,0,0,0,0.0,0,0,0,0,0,0
831.0,2026-05-16T19:54:13,0016c001f10c2ef6,19.3,2.9,16.4,0.0,7809,703,7106,9.0,0.53,0.53,0.47,344814382,1672004075,3086,11682,1.3,234.0,3.1,2.0,131,77,0,0,0,0,0,0.0,0,0,0,0,0,0
831.4,2026-05-16T19:54:13,0016c001f10c2ef6,19.0,2.4,16.7,0.0,7809,701,7108,9.0,0.53,0.53,0.47,344818345,1672047294,3963,43219,1.3,234.0,3.1,2.0,131,77,0,0,0,0,0,0.0,0,0,0,0,0,0
831.9,2026-05-16T19:54:14,0016c001f10c2ef6,22.8,2.9,19.9,0.0,7809,703,7106,9.0,0.53,0.53,0.47,344822012,1672058976,3667,11682,1.3,234.0,3.1,2.0,131,77,0,0,0,0,0,0.0,0,0,0,0,0,0
832.3,2026-05-16T19:54:14,0016c001f10c2ef6,9.3,2.1,7.3,0.0,7809,702,7107,9.0,0.49,0.52,0.46,344825254,1672070724,3242,11748,1.3,234.0,3.1,2.0,131,77,0,0,0,0,0,0.0,0,0,0,0,0,0
832.9,2026-05-16T19:54:15,0016c001f10c2ef6,8.7,2.6,6.1,0.0,7809,702,7107,9.0,0.49,0.52,0.46,344828292,1672082472,3038,11748,1.3,234.0,3.1,2.0,131,77,0,0,0,0,0,0.0,0,0,0,0,0,0
833.4,2026-05-16T19:54:15,0016c001f10c2ef6,5.8,2.3,3.5,0.0,7809,702,7107,9.0,0.49,0.52,0.46,344832531,1672125777,4239,43305,1.3,234.0,3.1,2.0,131,77,0,0,0,0,0,0.0,0,0,0,0,0,0
833.8,2026-05-16T19:54:16,0016c001f10c2ef6,7.4,2.8,4.5,0.0,7809,701,7108,9.0,0.49,0.52,0.46,344835517,1672137459,2986,11682,1.3,234.0,3.1,2.0,131,77,0,0,0,0,0,0.0,0,0,0,0,0,0
834.2,2026-05-16T19:54:16,0016c001f10c2ef6,6.8,2.3,4.5,0.0,7809,701,7108,9.0,0.49,0.52,0.46,344838603,1672149141,3086,11682,1.3,234.0,3.1,2.0,131,77,0,0,0,0,0,0.0,0,0,0,0,0,0
834.7,2026-05-16T19:54:17,0016c001f10c2ef6,5.9,2.4,3.5,0.0,7809,701,7108,9.0,0.49,0.52,0.46,344841637,1672160823,3034,11682,1.3,234.0,3.1,2.0,131,77,0,0,0,0,0,0.0,0,0,0,0,0,0
835.1,2026-05-16T19:54:17,0016c001f10c2ef6,6.5,2.4,4.2,0.0,7809,701,7108,9.0,0.49,0.52,0.46,344844671,1672172505,3034,11682,1.3,234.0,3.1,2.0,131,77,0,0,0,0,0,0.0,0,0,0,0,0,0
835.5,2026-05-16T19:54:18,0016c001f10c2ef6,6.4,2.3,4.1,0.0,7809,702,7107,9.0,0.49,0.52,0.46,344848738,1672215724,4067,43219,1.3,234.0,3.1,2.0,132,78,1,1,0,0,0,0.0,0,0,0,0,0,0
836.0,2026-05-16T19:54:18,0016c001f10c2ef6,8.6,5.7,2.3,0.6,7809,702,7107,9.0,0.49,0.52,0.46,344851876,1672227406,3138,11682,1.3,234.0,3.1,2.0,132,78,0,0,0,0,0,0.0,0,0,0,0,0,0
836.4,2026-05-16T19:54:18,0016c001f10c2ef6,7.1,2.4,4.7,0.0,7809,702,7107,9.0,0.49,0.52,0.46,344855014,1672239088,3138,11682,1.3,234.0,3.1,2.0,132,78,0,0,0,0,0,0.0,0,0,0,0,0,0
836.8,2026-05-16T19:54:19,0016c001f10c2ef6,6.4,2.3,4.0,0.0,7809,702,7107,9.0,0.49,0.52,0.46,344858048,1672250770,3034,11682,1.3,234.0,3.1,2.0,132,78,0,0,0,0,0,0.0,0,0,0,0,0,0
837.3,2026-05-16T19:54:19,0016c001f10c2ef6,7.0,2.3,4.7,0.0,7809,702,7107,9.0,0.45,0.51,0.46,344861134,1672262452,3086,11682,1.3,234.0,3.1,2.0,132,78,0,0,0,0,0,0.0,0,0,0,0,0,0
837.7,2026-05-16T19:54:20,0016c001f10c2ef6,11.0,2.9,6.4,1.7,7809,702,7107,9.0,0.45,0.51,0.46,344865301,1672305671,4167,43219,1.3,234.0,3.1,2.0,132,78,0,0,0,0,0,0.0,0,0,0,0,0,0
838.2,2026-05-16T19:54:20,0016c001f10c2ef6,9.3,4.1,5.2,0.0,7809,702,7107,9.0,0.45,0.51,0.46,344868439,1672317419,3138,11748,1.3,234.0,3.1,2.0,132,78,0,0,0,0,0,0.0,0,0,0,0,0,0
838.7,2026-05-16T19:54:21,0016c001f10c2ef6,9.5,2.5,7.0,0.0,7809,701,7108,9.0,0.45,0.51,0.46,344871425,1672329167,2986,11748,1.3,234.0,3.1,2.0,132,78,0,0,0,0,0,0.0,0,0,0,0,0,0
839.1,2026-05-16T19:54:21,0016c001f10c2ef6,6.7,2.2,4.5,0.0,7809,701,7108,9.0,0.45,0.51,0.46,344874563,1672340849,3138,11682,1.3,234.0,3.1,2.0,132,78,0,0,0,0,0,0.0,0,0,0,0,0,0
839.6,2026-05-16T19:54:22,0016c001f10c2ef6,5.2,2.3,2.9,0.0,7809,701,7108,9.0,0.45,0.51,0.46,344878626,1672384068,4063,43219,1.3,234.0,3.1,2.0,132,78,0,0,0,0,0,0.0,0,0,0,0,0,0
840.0,2026-05-16T19:54:22,0016c001f10c2ef6,8.1,2.3,5.8,0.0,7809,701,7108,9.0,0.45,0.51,0.46,344881612,1672395750,2986,11682,1.3,234.0,3.1,2.0,132,78,0,0,0,0,0,0.0,0,0,0,0,0,0
840.4,2026-05-16T19:54:23,0016c001f10c2ef6,6.9,1.1,5.7,0.0,7809,702,7107,9.0,0.45,0.51,0.46,344884646,1672407432,3034,11682,1.3,234.0,3.1,2.0,132,78,0,0,0,0,0,0.0,0,0,0,0,0,0
840.9,2026-05-16T19:54:23,0016c001f10c2ef6,5.3,1.8,3.5,0.0,7809,700,7109,9.0,0.45,0.51,0.46,344887680,1672419114,3034,11682,1.3,234.0,3.1,2.0,132,78,0,0,0,0,0,0.0,0,0,0,0,0,0
841.3,2026-05-16T19:54:23,0016c001f10c2ef6,5.9,1.8,4.1,0.0,7809,701,7108,9.0,0.45,0.51,0.46,344890714,1672430796,3034,11682,1.3,234.0,3.1,2.0,132,78,0,0,0,0,0,0.0,0,0,0,0,0,0
841.7,2026-05-16T19:54:24,0016c001f10c2ef6,6.9,2.3,4.6,0.0,7809,701,7108,9.0,0.45,0.51,0.46,344894729,1672474015,4015,43219,1.3,234.0,3.1,2.0,132,78,0,0,0,0,0,0.0,0,0,0,0,0,0
842.2,2026-05-16T19:54:24,0016c001f10c2ef6,9.2,2.9,6.4,0.0,7809,701,7108,9.0,0.42,0.5,0.46,344898296,1672485697,3567,11682,1.3,234.0,3.1,2.0,132,78,0,0,0,0,0,0.0,0,0,0,0,0,0
842.6,2026-05-16T19:54:25,0016c001f10c2ef6,19.6,2.4,17.3,0.0,7809,701,7108,9.0,0.42,0.5,0.46,344901382,1672497379,3086,11682,1.3,234.0,3.1,2.0,132,78,0,0,0,0,0,0.0,0,0,0,0,0,0
843.1,2026-05-16T19:54:25,0016c001f10c2ef6,18.6,1.8,16.8,0.0,7809,701,7108,9.0,0.42,0.5,0.46,344904468,1672509061,3086,11682,1.3,234.0,3.1,2.0,132,78,0,0,0,0,0,0.0,0,0,0,0,0,0
843.5,2026-05-16T19:54:26,0016c001f10c2ef6,19.8,2.4,17.4,0.0,7809,702,7107,9.0,0.42,0.5,0.46,344908531,1672552280,4063,43219,1.3,234.0,3.1,2.0,132,78,0,0,0,0,0,0.0,0,0,0,0,0,0
844.0,2026-05-16T19:54:26,0016c001f10c2ef6,15.3,4.2,11.1,0.0,7809,701,7108,9.0,0.42,0.5,0.46,344911741,1672564106,3210,11826,1.3,234.0,3.1,2.0,132,78,0,0,0,0,0,0.0,0,0,0,0,0,0
844.5,2026-05-16T19:54:27,0016c001f10c2ef6,8.7,2.0,6.6,0.0,7809,701,7108,9.0,0.42,0.5,0.46,344914931,1672575854,3190,11748,1.3,234.0,3.1,2.0,132,78,0,0,0,0,0,0.0,0,0,0,0,0,0
845.0,2026-05-16T19:54:27,0016c001f10c2ef6,10.2,4.1,6.1,0.0,7809,703,7106,9.0,0.42,0.5,0.46,344918225,1672587602,3294,11748,1.3,234.0,3.1,2.0,132,78,0,0,0,0,0,0.0,0,0,0,0,0,0
845.5,2026-05-16T19:54:28,0016c001f10c2ef6,8.5,4.0,4.5,0.0,7809,700,7109,9.0,0.42,0.5,0.46,344921928,1672599350,3703,11748,1.3,234.0,3.1,2.0,132,78,0,0,0,0,0,0.0,0,0,0,0,0,0
846.0,2026-05-16T19:54:28,0016c001f10c2ef6,11.2,4.6,6.6,0.0,7809,700,7109,9.0,0.42,0.5,0.46,344925586,1672642635,3658,43285,1.3,234.0,3.1,2.0,132,78,0,0,0,0,0,0.0,0,0,0,0,0,0
846.5,2026-05-16T19:54:29,0016c001f10c2ef6,9.1,3.6,5.6,0.0,7809,701,7108,9.0,0.42,0.5,0.46,344928776,1672654383,3190,11748,1.3,234.0,3.1,2.0,132,78,0,0,0,0,0,0.0,0,0,0,0,0,0
847.0,2026-05-16T19:54:29,0016c001f10c2ef6,9.6,4.0,5.6,0.0,7809,701,7108,9.0,0.38,0.49,0.46,344931762,1672666131,2986,11748,1.3,234.0,3.1,2.0,132,78,0,0,0,0,0,0.0,0,0,0,0,0,0
847.4,2026-05-16T19:54:29,0016c001f10c2ef6,6.3,3.4,2.9,0.0,7809,701,7108,9.0,0.38,0.49,0.46,344934796,1672677813,3034,11682,1.3,234.0,3.1,2.0,132,78,0,0,0,0,0,0.0,0,0,0,0,0,0
847.8,2026-05-16T19:54:30,0016c001f10c2ef6,7.6,2.3,5.3,0.0,7809,701,7108,9.0,0.38,0.49,0.46,344938759,1672721032,3963,43219,1.3,234.0,3.1,2.0,132,78,0,0,0,0,0,0.0,0,0,0,0,0,0
848.3,2026-05-16T19:54:30,0016c001f10c2ef6,5.8,2.9,2.9,0.0,7809,701,7108,9.0,0.38,0.49,0.46,344941949,1672732714,3190,11682,1.3,234.0,3.1,2.0,132,78,0,0,0,0,0,0.0,0,0,0,0,0,0
848.7,2026-05-16T19:54:31,0016c001f10c2ef6,6.5,1.8,4.8,0.0,7809,701,7108,9.0,0.38,0.49,0.46,344945035,1672744396,3086,11682,1.3,234.0,3.1,2.0,132,78,0,0,0,0,0,0.0,0,0,0,0,0,0
849.1,2026-05-16T19:54:31,0016c001f10c2ef6,6.9,2.3,4.6,0.0,7809,703,7106,9.0,0.38,0.49,0.46,344948069,1672756078,3034,11682,1.3,234.0,3.1,2.0,132,78,0,0,0,0,0,0.0,0,0,0,0,0,0
849.6,2026-05-16T19:54:32,0016c001f10c2ef6,5.3,2.3,2.9,0.0,7809,702,7107,9.0,0.38,0.49,0.46,344951103,1672767760,3034,11682,1.3,234.0,3.1,2.0,132,78,0,0,0,0,0,0.0,0,0,0,0,0,0
850.0,2026-05-16T19:54:32,0016c001f10c2ef6,7.7,3.0,4.8,0.0,7809,703,7106,9.0,0.38,0.49,0.46,344955014,1672810979,3911,43219,1.3,234.0,3.1,2.0,132,78,0,0,0,0,0,0.0,0,0,0,0,0,0
850.4,2026-05-16T19:54:33,0016c001f10c2ef6,6.4,1.8,4.7,0.0,7809,703,7106,9.0,0.38,0.49,0.46,344958048,1672822661,3034,11682,1.3,234.0,3.1,2.0,132,78,0,0,0,0,0,0.0,0,0,0,0,0,0
850.9,2026-05-16T19:54:33,0016c001f10c2ef6,6.9,2.3,4.6,0.0,7809,702,7107,9.0,0.38,0.49,0.46,344961232,1672834409,3184,11748,1.3,234.0,3.1,2.0,132,78,0,0,0,0,0,0.0,0,0,0,0,0,0
851.3,2026-05-16T19:54:33,0016c001f10c2ef6,7.4,1.1,6.3,0.0,7809,703,7106,9.0,0.38,0.49,0.46,344964266,1672846091,3034,11682,1.3,234.0,3.1,2.0,132,78,0,0,0,0,0,0.0,0,0,0,0,0,0
851.7,2026-05-16T19:54:34,0016c001f10c2ef6,8.1,2.3,5.8,0.0,7809,703,7106,9.0,0.38,0.49,0.46,344968537,1672889310,4271,43219,1.3,234.0,3.1,2.0,132,78,0,0,0,0,0,0.0,0,0,0,0,0,0
852.2,2026-05-16T19:54:34,0016c001f10c2ef6,9.8,4.7,5.2,0.0,7809,702,7107,9.0,0.43,0.5,0.46,344972024,1672901136,3487,11826,1.3,234.0,3.1,2.0,132,78,0,0,0,0,0,0.0,0,0,0,0,0,0
852.7,2026-05-16T19:54:35,0016c001f10c2ef6,5.7,2.9,2.9,0.0,7809,702,7107,9.0,0.43,0.5,0.46,344975210,1672912818,3186,11682,1.3,234.0,3.1,2.0,132,78,0,0,0,0,0,0.0,0,0,0,0,0,0
853.1,2026-05-16T19:54:35,0016c001f10c2ef6,6.9,2.3,4.6,0.0,7809,702,7107,9.0,0.43,0.5,0.46,344978196,1672924500,2986,11682,1.3,234.0,3.1,2.0,132,78,0,0,0,0,0,0.0,0,0,0,0,0,0
853.5,2026-05-16T19:54:36,0016c001f10c2ef6,5.9,1.8,4.1,0.0,7809,702,7107,9.0,0.43,0.5,0.46,344981334,1672936182,3138,11682,1.3,234.0,3.1,2.0,132,78,0,0,0,0,0,0.0,0,0,0,0,0,0
854.0,2026-05-16T19:54:36,0016c001f10c2ef6,10.7,2.8,7.9,0.0,7809,702,7107,9.0,0.43,0.5,0.46,344985349,1672979401,4015,43219,1.3,234.0,3.1,2.0,132,78,0,0,0,0,0,0.0,0,0,0,0,0,0
854.4,2026-05-16T19:54:36,0016c001f10c2ef6,19.2,2.3,16.3,0.6,7809,702,7107,9.0,0.43,0.5,0.46,344988435,1672991083,3086,11682,1.3,234.0,3.1,2.0,132,78,0,0,0,0,0,0.0,0,0,0,0,0,0
854.8,2026-05-16T19:54:37,0016c001f10c2ef6,19.1,1.9,17.3,0.0,7809,703,7106,9.0,0.43,0.5,0.46,344991469,1673002765,3034,11682,1.3,234.0,3.1,2.0,132,78,0,0,0,0,0,0.0,0,0,0,0,0,0
855.3,2026-05-16T19:54:37,0016c001f10c2ef6,20.8,2.4,18.5,0.0,7809,703,7106,9.0,0.43,0.5,0.46,344994555,1673014447,3086,11682,1.3,234.0,3.1,2.0,132,78,0,0,0,0,0,0.0,0,0,0,0,0,0
855.7,2026-05-16T19:54:38,0016c001f10c2ef6,10.7,3.4,7.3,0.0,7809,702,7107,9.0,0.43,0.5,0.46,344998542,1673057822,3987,43375,1.3,234.0,3.1,2.0,132,78,0,0,0,0,0,0.0,0,0,0,0,0,0
856.1,2026-05-16T19:54:38,0016c001f10c2ef6,7.0,2.3,4.7,0.0,7809,702,7107,9.0,0.43,0.5,0.46,345001576,1673069504,3034,11682,1.3,234.0,3.1,2.0,132,78,0,0,0,0,0,0.0,0,0,0,0,0,0
856.6,2026-05-16T19:54:39,0016c001f10c2ef6,6.3,1.1,5.2,0.0,7809,702,7107,9.0,0.43,0.5,0.46,345004662,1673081186,3086,11682,1.3,234.0,3.1,2.0,132,78,0,0,0,0,0,0.0,0,0,0,0,0,0
857.0,2026-05-16T19:54:39,0016c001f10c2ef6,7.1,2.9,4.1,0.0,7809,702,7107,9.0,0.4,0.49,0.46,345007848,1673092868,3186,11682,1.3,234.0,3.1,2.0,132,78,0,0,0,0,0,0.0,0,0,0,0,0,0
857.5,2026-05-16T19:54:40,0016c001f10c2ef6,7.8,2.1,5.7,0.0,7809,701,7108,9.0,0.4,0.49,0.46,345010986,1673104616,3138,11748,1.3,234.0,3.1,2.0,132,78,0,0,0,0,0,0.0,0,0,0,0,0,0
858.0,2026-05-16T19:54:40,0016c001f10c2ef6,11.2,4.1,7.1,0.0,7809,701,7108,9.0,0.4,0.49,0.46,345015157,1673147901,4171,43285,1.3,234.1,3.1,2.0,132,78,0,0,0,0,0,0.0,0,0,0,0,0,0
858.5,2026-05-16T19:54:41,0016c001f10c2ef6,10.1,4.0,6.1,0.0,7809,701,7108,9.0,0.4,0.49,0.46,345018347,1673159649,3190,11748,1.3,234.1,3.1,2.0,132,78,0,0,0,0,0,0.0,0,0,0,0,0,0
859.0,2026-05-16T19:54:41,0016c001f10c2ef6,8.2,2.6,5.7,0.0,7809,701,7108,9.0,0.4,0.49,0.46,345021333,1673171397,2986,11748,1.3,234.1,3.1,2.0,132,78,0,0,0,0,0,0.0,0,0,0,0,0,0
859.4,2026-05-16T19:54:41,0016c001f10c2ef6,7.6,2.9,4.7,0.0,7809,702,7107,9.0,0.4,0.49,0.46,345024419,1673183079,3086,11682,1.3,234.1,3.1,2.0,132,78,0,0,0,0,0,0.0,0,0,0,0,0,0
859.8,2026-05-16T19:54:42,0016c001f10c2ef6,6.4,1.8,4.7,0.0,7809,701,7108,9.0,0.4,0.49,0.46,345028558,1673226376,4139,43297,1.3,234.1,3.1,2.0,132,78,0,0,0,0,0,0.0,0,0,0,0,0,0
860.3,2026-05-16T19:54:42,0016c001f10c2ef6,6.9,2.9,4.0,0.0,7809,701,7108,9.0,0.4,0.49,0.46,345031644,1673238058,3086,11682,1.3,234.1,3.1,2.0,132,78,0,0,0,0,0,0.0,0,0,0,0,0,0
860.7,2026-05-16T19:54:43,0016c001f10c2ef6,7.9,3.4,4.5,0.0,7809,701,7108,9.0,0.4,0.49,0.46,345034678,1673249740,3034,11682,1.3,234.1,3.1,2.0,132,78,0,0,0,0,0,0.0,0,0,0,0,0,0
861.2,2026-05-16T19:54:43,0016c001f10c2ef6,6.2,1.1,5.1,0.0,7809,701,7108,9.0,0.4,0.49,0.46,345037764,1673261422,3086,11682,1.3,234.1,3.1,2.0,132,78,0,0,0,0,0,0.0,0,0,0,0,0,0
861.6,2026-05-16T19:54:44,0016c001f10c2ef6,4.7,1.8,2.9,0.0,7809,702,7107,9.0,0.4,0.49,0.46,345040798,1673273104,3034,11682,1.3,234.1,3.1,2.0,132,78,0,0,0,0,0,0.0,0,0,0,0,0,0
862.1,2026-05-16T19:54:44,0016c001f10c2ef6,7.1,3.8,3.3,0.0,7809,702,7107,9.0,0.36,0.48,0.45,345045294,1673316323,4496,43219,1.3,234.1,3.1,2.0,132,78,0,0,0,0,0,0.0,0,0,0,0,0,0
862.5,2026-05-16T19:54:45,0016c001f10c2ef6,6.6,1.6,4.9,0.0,7809,702,7107,9.0,0.36,0.48,0.45,345048328,1673328005,3034,11682,1.3,234.1,3.1,2.0,132,78,0,0,0,0,0,0.0,0,0,0,0,0,0
863.0,2026-05-16T19:54:45,0016c001f10c2ef6,5.2,1.7,3.5,0.0,7809,702,7107,9.0,0.36,0.48,0.45,345051414,1673339687,3086,11682,1.3,234.1,3.1,2.0,132,78,0,0,0,0,0,0.0,0,0,0,0,0,0
863.4,2026-05-16T19:54:45,0016c001f10c2ef6,6.9,2.3,4.6,0.0,7809,701,7108,9.0,0.36,0.48,0.45,345054448,1673351369,3034,11682,1.3,234.1,3.1,2.0,132,78,0,0,0,0,0,0.0,0,0,0,0,0,0
863.8,2026-05-16T19:54:46,0016c001f10c2ef6,7.4,2.9,4.6,0.0,7809,701,7108,9.0,0.36,0.48,0.45,345058563,1673394588,4115,43219,1.3,234.1,3.1,2.0,132,78,0,0,0,0,0,0.0,0,0,0,0,0,0
864.4,2026-05-16T19:54:46,0016c001f10c2ef6,11.3,5.4,5.9,0.0,7809,702,7107,9.0,0.36,0.48,0.45,345061601,1673406402,3038,11814,1.3,234.1,3.1,2.0,132,78,0,0,0,0,0,0.0,0,0,0,0,0,0
864.8,2026-05-16T19:54:47,0016c001f10c2ef6,5.1,1.7,3.4,0.0,7809,703,7106,9.0,0.36,0.48,0.45,345064687,1673418084,3086,11682,1.3,234.1,3.1,2.0,132,78,0,0,0,0,0,0.0,0,0,0,0,0,0
865.2,2026-05-16T19:54:47,0016c001f10c2ef6,6.8,2.3,4.5,0.0,7809,703,7106,9.0,0.36,0.48,0.45,345067825,1673429766,3138,11682,1.3,234.1,3.1,2.0,132,78,0,0,0,0,0,0.0,0,0,0,0,0,0
865.7,2026-05-16T19:54:48,0016c001f10c2ef6,8.1,2.3,5.8,0.0,7809,703,7106,9.0,0.36,0.48,0.45,345070911,1673441448,3086,11682,1.3,234.1,3.1,2.0,132,78,0,0,0,0,0,0.0,0,0,0,0,0,0
866.1,2026-05-16T19:54:48,0016c001f10c2ef6,20.5,4.1,16.4,0.0,7809,703,7106,9.0,0.36,0.48,0.45,345074822,1673484667,3911,43219,1.3,234.1,3.1,2.0,132,78,0,0,0,0,0,0.0,0,0,0,0,0,0
866.6,2026-05-16T19:54:49,0016c001f10c2ef6,19.2,2.4,16.8,0.0,7809,704,7105,9.0,0.36,0.48,0.45,345077908,1673496349,3086,11682,1.3,234.1,3.1,2.0,132,78,0,0,0,0,0,0.0,0,0,0,0,0,0
867.0,2026-05-16T19:54:49,0016c001f10c2ef6,20.0,2.9,17.1,0.0,7809,704,7105,9.0,0.42,0.49,0.46,345080994,1673508031,3086,11682,1.3,234.1,3.1,2.0,132,78,0,0,0,0,0,0.0,0,0,0,0,0,0
867.5,2026-05-16T19:54:50,0016c001f10c2ef6,10.9,1.7,9.1,0.0,7809,703,7106,9.0,0.42,0.49,0.46,345084132,1673519713,3138,11682,1.3,234.1,3.1,2.0,132,78,0,0,0,0,0,0.0,0,0,0,0,0,0
867.9,2026-05-16T19:54:50,0016c001f10c2ef6,6.5,1.6,4.9,0.0,7809,704,7105,9.0,0.42,0.49,0.46,345088219,1673563010,4087,43297,1.3,234.1,3.1,2.0,132,78,0,0,0,0,0,0.0,0,0,0,0,0,0
868.3,2026-05-16T19:54:50,0016c001f10c2ef6,5.3,3.0,2.4,0.0,7809,704,7105,9.0,0.42,0.49,0.46,345091253,1673574692,3034,11682,1.3,234.1,3.1,2.0,132,78,0,0,0,0,0,0.0,0,0,0,0,0,0
868.8,2026-05-16T19:54:51,0016c001f10c2ef6,6.3,2.9,3.4,0.0,7809,704,7105,9.0,0.42,0.49,0.46,345094339,1673586374,3086,11682,1.3,234.1,3.1,2.0,132,78,0,0,0,0,0,0.0,0,0,0,0,0,0
869.2,2026-05-16T19:54:51,0016c001f10c2ef6,7.3,2.8,4.5,0.0,7809,703,7106,9.0,0.42,0.49,0.46,345097473,1673598056,3134,11682,1.3,234.1,3.1,2.0,132,78,0,0,0,0,0,0.0,0,0,0,0,0,0
869.7,2026-05-16T19:54:52,0016c001f10c2ef6,7.9,1.6,6.3,0.0,7809,702,7107,9.0,0.42,0.49,0.46,345100611,1673609804,3138,11748,1.3,234.1,3.1,2.0,132,78,0,0,0,0,0,0.0,0,0,0,0,0,0
870.3,2026-05-16T19:54:52,0016c001f10c2ef6,11.5,4.8,6.7,0.0,7809,702,7107,9.0,0.42,0.49,0.46,345104474,1673653089,3863,43285,1.3,234.1,3.1,2.0,132,78,0,0,0,0,0,0.0,0,0,0,0,0,0
870.7,2026-05-16T19:54:53,0016c001f10c2ef6,7.9,2.8,4.5,0.6,7809,703,7106,9.0,0.42,0.49,0.46,345107560,1673664771,3086,11682,1.3,234.1,3.1,2.0,132,78,0,0,0,0,0,0.0,0,0,0,0,0,0
871.1,2026-05-16T19:54:53,0016c001f10c2ef6,5.8,2.3,3.5,0.0,7809,703,7106,9.0,0.42,0.49,0.46,345110594,1673676453,3034,11682,1.3,234.1,3.1,2.0,132,78,0,0,0,0,0,0.0,0,0,0,0,0,0
871.6,2026-05-16T19:54:54,0016c001f10c2ef6,6.4,1.7,4.7,0.0,7809,702,7107,9.0,0.42,0.49,0.46,345113680,1673688135,3086,11682,1.3,234.1,3.1,2.0,132,78,0,0,0,0,0,0.0,0,0,0,0,0,0
872.0,2026-05-16T19:54:54,0016c001f10c2ef6,6.9,2.9,4.0,0.0,7809,702,7107,9.0,0.38,0.48,0.45,345117591,1673731354,3911,43219,1.3,234.1,3.1,2.0,132,78,0,0,0,0,0,0.0,0,0,0,0,0,0
872.4,2026-05-16T19:54:55,0016c001f10c2ef6,8.1,3.5,4.6,0.0,7809,703,7106,9.0,0.38,0.48,0.45,345120729,1673743036,3138,11682,1.3,234.1,3.1,2.0,132,78,0,0,0,0,0,0.0,0,0,0,0,0,0
872.9,2026-05-16T19:54:55,0016c001f10c2ef6,8.0,3.4,4.6,0.0,7809,703,7106,9.0,0.38,0.48,0.45,345123763,1673754784,3034,11748,1.3,234.1,3.1,2.0,132,78,0,0,0,0,0,0.0,0,0,0,0,0,0
873.3,2026-05-16T19:54:55,0016c001f10c2ef6,4.7,1.8,2.9,0.0,7809,702,7107,9.0,0.38,0.48,0.45,345126797,1673766466,3034,11682,1.3,234.1,3.1,2.0,132,78,0,0,0,0,0,0.0,0,0,0,0,0,0
873.7,2026-05-16T19:54:56,0016c001f10c2ef6,6.2,1.7,4.5,0.0,7809,702,7107,9.0,0.38,0.48,0.45,345129831,1673778148,3034,11682,1.3,234.1,3.1,2.0,132,78,0,0,0,0,0,0.0,0,0,0,0,0,0
874.2,2026-05-16T19:54:56,0016c001f10c2ef6,9.2,3.5,5.8,0.0,7809,702,7107,9.0,0.38,0.48,0.45,345133794,1673821367,3963,43219,1.3,234.1,3.1,2.0,132,78,0,0,0,0,0,0.0,0,0,0,0,0,0
874.6,2026-05-16T19:54:57,0016c001f10c2ef6,6.5,2.9,3.5,0.0,7809,702,7107,9.0,0.38,0.48,0.45,345136828,1673833049,3034,11682,1.3,234.1,3.1,2.0,132,78,0,0,0,0,0,0.0,0,0,0,0,0,0
875.0,2026-05-16T19:54:57,0016c001f10c2ef6,6.9,2.3,4.6,0.0,7809,703,7106,9.0,0.38,0.48,0.45,345139962,1673844731,3134,11682,1.3,234.1,3.1,2.0,132,78,0,0,0,0,0,0.0,0,0,0,0,0,0
875.5,2026-05-16T19:54:58,0016c001f10c2ef6,8.1,2.5,5.6,0.0,7809,702,7107,9.0,0.38,0.48,0.45,345143152,1673856479,3190,11748,1.3,234.1,3.1,2.0,132,78,0,0,0,0,0,0.0,0,0,0,0,0,0
876.0,2026-05-16T19:54:58,0016c001f10c2ef6,10.7,3.9,6.8,0.0,7809,702,7107,9.0,0.38,0.48,0.45,345147239,1673899842,4087,43363,1.3,234.1,3.1,2.0,132,78,0,0,0,0,0,0.0,0,0,0,0,0,0
876.6,2026-05-16T19:54:59,0016c001f10c2ef6,9.5,3.6,5.9,0.0,7809,702,7107,9.0,0.38,0.48,0.45,345150225,1673911590,2986,11748,1.3,234.1,3.1,2.0,132,78,0,0,0,0,0,0.0,0,0,0,0,0,0
877.0,2026-05-16T19:54:59,0016c001f10c2ef6,7.4,2.3,5.1,0.0,7809,701,7108,9.0,0.35,0.48,0.45,345153259,1673923272,3034,11682,1.3,234.1,3.1,2.0,132,78,0,0,0,0,0,0.0,0,0,0,0,0,0
877.5,2026-05-16T19:55:00,0016c001f10c2ef6,8.7,3.5,5.2,0.0,7809,701,7108,9.0,0.35,0.48,0.45,345156293,1673934954,3034,11682,1.3,234.1,3.1,2.0,132,78,0,0,0,0,0,0.0,0,0,0,0,0,0
877.9,2026-05-16T19:55:00,0016c001f10c2ef6,20.1,2.4,17.8,0.0,7809,702,7107,9.0,0.35,0.48,0.45,345159327,1673946636,3034,11682,1.3,234.1,3.1,2.0,132,78,0,0,0,0,0,0.0,0,0,0,0,0,0
878.4,2026-05-16T19:55:00,0016c001f10c2ef6,20.2,2.4,17.9,0.0,7809,702,7107,9.0,0.35,0.48,0.45,345163290,1673989855,3963,43219,1.3,234.0,3.1,2.0,132,78,0,0,0,0,0,0.0,0,0,0,0,0,0
878.8,2026-05-16T19:55:01,0016c001f10c2ef6,19.5,3.6,16.0,0.0,7809,702,7107,9.0,0.35,0.48,0.45,345166324,1674001537,3034,11682,1.3,234.0,3.1,2.0,132,78,0,0,0,0,0,0.0,0,0,0,0,0,0
879.2,2026-05-16T19:55:01,0016c001f10c2ef6,9.6,1.7,7.9,0.0,7809,702,7107,9.0,0.35,0.48,0.45,345169358,1674013219,3034,11682,1.3,234.0,3.1,2.0,132,78,0,0,0,0,0,0.0,0,0,0,0,0,0
879.7,2026-05-16T19:55:02,0016c001f10c2ef6,7.4,3.4,4.0,0.0,7809,701,7108,9.0,0.35,0.48,0.45,345172392,1674024901,3034,11682,1.3,234.0,3.1,2.0,132,78,0,0,0,0,0,0.0,0,0,0,0,0,0
880.1,2026-05-16T19:55:02,0016c001f10c2ef6,7.0,2.3,4.7,0.0,7809,701,7108,9.0,0.35,0.48,0.45,345176507,1674068120,4115,43219,1.3,234.0,3.1,2.0,132,78,0,0,0,0,0,0.0,0,0,0,0,0,0
880.6,2026-05-16T19:55:03,0016c001f10c2ef6,6.7,3.4,3.4,0.0,7809,701,7108,9.0,0.35,0.48,0.45,345179493,1674079802,2986,11682,1.3,234.0,3.1,2.0,132,78,0,0,0,0,0,0.0,0,0,0,0,0,0
881.0,2026-05-16T19:55:03,0016c001f10c2ef6,5.8,1.2,4.6,0.0,7809,701,7108,9.0,0.35,0.48,0.45,345182599,1674091570,3106,11768,1.3,234.0,3.1,2.0,132,78,0,0,0,0,0,0.0,0,0,0,0,0,0
881.4,2026-05-16T19:55:04,0016c001f10c2ef6,6.5,1.8,4.2,0.6,7809,701,7108,9.0,0.35,0.48,0.45,345185785,1674103252,3186,11682,1.3,234.0,3.1,2.0,132,78,0,0,0,0,0,0.0,0,0,0,0,0,0
881.9,2026-05-16T19:55:04,0016c001f10c2ef6,9.5,3.5,6.0,0.0,7809,701,7108,9.0,0.32,0.47,0.45,345189352,1674115000,3567,11748,1.3,234.0,3.1,2.0,132,78,0,0,0,0,0,0.0,0,0,0,0,0,0
882.4,2026-05-16T19:55:05,0016c001f10c2ef6,9.1,3.6,5.6,0.0,7809,700,7109,9.0,0.32,0.47,0.45,345193315,1674158285,3963,43285,1.3,234.0,3.1,2.0,132,78,0,0,0,0,0,0.0,0,0,0,0,0,0
882.9,2026-05-16T19:55:05,0016c001f10c2ef6,8.7,3.6,5.1,0.0,7809,699,7110,9.0,0.32,0.47,0.45,345196557,1674170033,3242,11748,1.3,234.0,3.1,2.0,132,78,0,0,0,0,0,0.0,0,0,0,0,0,0
883.4,2026-05-16T19:55:06,0016c001f10c2ef6,8.1,2.0,6.1,0.0,7809,701,7108,9.0,0.32,0.47,0.45,345199643,1674181781,3086,11748,1.3,234.0,3.1,2.0,132,78,0,0,0,0,0,0.0,0,0,0,0,0,0
884.0,2026-05-16T19:55:06,0016c001f10c2ef6,9.3,2.9,6.3,0.0,7809,701,7108,9.0,0.32,0.47,0.45,345202729,1674193529,3086,11748,1.3,234.0,3.1,2.0,132,78,0,0,0,0,0,0.0,0,0,0,0,0,0
884.5,2026-05-16T19:55:07,0016c001f10c2ef6,11.2,4.4,6.8,0.0,7809,700,7109,9.0,0.32,0.47,0.45,345206952,1674236814,4223,43285,1.3,234.0,3.1,2.0,132,78,0,0,0,0,0,0.0,0,0,0,0,0,0
885.0,2026-05-16T19:55:07,0016c001f10c2ef6,10.0,2.9,7.1,0.0,7809,701,7108,9.0,0.32,0.47,0.45,345209938,1674248562,2986,11748,1.3,234.0,3.1,2.0,132,78,0,0,0,0,0,0.0,0,0,0,0,0,0
885.4,2026-05-16T19:55:08,0016c001f10c2ef6,6.4,1.8,4.7,0.0,7809,701,7108,9.0,0.32,0.47,0.45,345213048,1674260400,3110,11838,1.3,234.0,3.1,2.0,132,78,0,0,0,0,0,0.0,0,0,0,0,0,0
885.9,2026-05-16T19:55:08,0016c001f10c2ef6,5.9,1.2,4.7,0.0,7809,701,7108,9.0,0.32,0.47,0.45,345216082,1674272082,3034,11682,1.3,234.0,3.1,2.0,132,78,0,0,0,0,0,0.0,0,0,0,0,0,0
886.3,2026-05-16T19:55:08,0016c001f10c2ef6,6.4,1.2,5.2,0.0,7809,701,7108,9.0,0.32,0.47,0.45,345220045,1674315301,3963,43219,1.3,234.0,3.1,2.0,132,78,0,0,0,0,0,0.0,0,0,0,0,0,0
886.7,2026-05-16T19:55:09,0016c001f10c2ef6,5.9,2.9,2.9,0.0,7809,701,7108,9.0,0.32,0.47,0.45,345223079,1674326983,3034,11682,1.3,234.0,3.1,2.0,132,78,0,0,0,0,0,0.0,0,0,0,0,0,0
887.2,2026-05-16T19:55:09,0016c001f10c2ef6,6.9,2.3,4.6,0.0,7809,702,7107,9.0,0.3,0.46,0.45,345226265,1674338665,3186,11682,1.3,234.0,3.1,2.0,132,78,0,0,0,0,0,0.0,0,0,0,0,0,0
887.6,2026-05-16T19:55:10,0016c001f10c2ef6,5.6,1.7,4.0,0.0,7809,702,7107,9.0,0.3,0.46,0.45,345229251,1674350347,2986,11682,1.3,234.0,3.1,2.0,132,78,0,0,0,0,0,0.0,0,0,0,0,0,0
888.1,2026-05-16T19:55:10,0016c001f10c2ef6,7.7,2.8,5.0,0.0,7809,702,7107,9.0,0.3,0.46,0.45,345232285,1674362029,3034,11682,1.3,234.0,3.1,2.0,132,78,0,0,0,0,0,0.0,0,0,0,0,0,0
888.5,2026-05-16T19:55:11,0016c001f10c2ef6,5.8,1.8,4.1,0.0,7809,701,7108,9.0,0.3,0.46,0.45,345236404,1674405248,4119,43219,1.3,234.0,3.1,2.0,132,78,0,0,0,0,0,0.0,0,0,0,0,0,0
888.9,2026-05-16T19:55:11,0016c001f10c2ef6,7.0,2.3,4.7,0.0,7809,702,7107,9.0,0.3,0.46,0.45,345239438,1674416930,3034,11682,1.3,234.1,3.1,2.0,132,78,0,0,0,0,0,0.0,0,0,0,0,0,0
889.4,2026-05-16T19:55:11,0016c001f10c2ef6,11.2,2.4,8.8,0.0,7809,701,7108,9.0,0.3,0.46,0.45,345242576,1674429295,3138,12365,1.3,234.1,3.1,2.0,132,78,0,0,0,0,0,0.0,0,0,0,0,0,0
890.0,2026-05-16T19:55:12,0016c001f10c2ef6,18.6,2.1,16.5,0.0,7809,702,7107,9.0,0.3,0.46,0.45,345246291,1674444346,3715,15051,1.3,234.1,3.1,2.0,132,78,0,0,0,0,0,0.0,0,0,0,0,0,0
890.8,2026-05-16T19:55:13,0016c001f10c2ef6,17.7,2.3,15.5,0.0,7809,701,7108,9.0,0.3,0.46,0.45,345249713,1674488857,3422,44511,1.3,234.1,3.1,2.0,132,78,0,0,0,0,0,0.0,0,0,0,0,0,0
891.7,2026-05-16T19:55:14,0016c001f10c2ef6,3.1,1.3,1.8,0.0,7809,703,7106,9.0,0.3,0.46,0.45,345252831,1674500859,3118,12002,1.3,234.1,3.1,2.0,132,78,0,0,0,0,0,0.0,0,0,0,0,0,0
892.2,2026-05-16T19:55:14,0016c001f10c2ef6,8.2,4.1,4.1,0.0,7809,702,7107,9.0,0.51,0.5,0.46,345256294,1674512541,3463,11682,1.3,234.1,3.1,2.0,132,78,0,0,0,0,0,0.0,0,0,0,0,0,0
892.6,2026-05-16T19:55:15,0016c001f10c2ef6,7.0,1.8,5.3,0.0,7809,703,7106,9.0,0.51,0.5,0.46,345260413,1674555760,4119,43219,1.3,234.1,3.1,2.0,132,78,0,0,0,0,0,0.0,0,0,0,0,0,0
893.1,2026-05-16T19:55:15,0016c001f10c2ef6,6.1,2.2,3.9,0.0,7809,702,7107,9.0,0.51,0.5,0.46,345263499,1674567442,3086,11682,1.3,234.1,3.1,2.0,132,78,0,0,0,0,0,0.0,0,0,0,0,0,0
893.5,2026-05-16T19:55:16,0016c001f10c2ef6,7.7,2.4,4.1,1.2,7809,702,7107,9.0,0.51,0.5,0.46,345266533,1674579124,3034,11682,1.3,234.1,3.1,2.0,132,78,0,0,0,0,0,0.0,0,0,0,0,0,0
894.0,2026-05-16T19:55:16,0016c001f10c2ef6,7.0,2.3,4.7,0.0,7809,702,7107,9.0,0.51,0.5,0.46,345269567,1674590806,3034,11682,1.3,234.1,3.1,2.0,132,78,0,0,0,0,0,0.0,0,0,0,0,0,0
894.4,2026-05-16T19:55:16,0016c001f10c2ef6,7.5,2.3,5.2,0.0,7809,702,7107,9.0,0.51,0.5,0.46,345273474,1674634025,3907,43219,1.3,234.1,3.1,2.0,132,78,0,0,0,0,0,0.0,0,0,0,0,0,0
894.8,2026-05-16T19:55:17,0016c001f10c2ef6,7.4,3.4,4.0,0.0,7809,700,7109,9.0,0.51,0.5,0.46,345276768,1674645707,3294,11682,1.3,234.1,3.1,2.0,132,78,0,0,0,0,0,0.0,0,0,0,0,0,0
895.3,2026-05-16T19:55:17,0016c001f10c2ef6,9.7,4.1,5.6,0.0,7809,700,7109,9.0,0.51,0.5,0.46,345279754,1674657455,2986,11748,1.3,234.1,3.1,2.0,133,79,1,1,0,0,0,0.0,0,0,0,0,0,0
895.8,2026-05-16T19:55:18,0016c001f10c2ef6,6.1,1.5,4.5,0.0,7809,701,7108,9.0,0.51,0.5,0.46,345282788,1674669137,3034,11682,1.3,234.1,3.1,2.0,133,79,0,0,0,0,0,0.0,0,0,0,0,0,0
896.3,2026-05-16T19:55:18,0016c001f10c2ef6,5.8,2.9,2.3,0.6,7809,702,7107,9.0,0.51,0.5,0.46,345285874,1674680819,3086,11682,1.3,234.1,3.1,2.0,133,79,0,0,0,0,0,0.0,0,0,0,0,0,0
896.7,2026-05-16T19:55:19,0016c001f10c2ef6,6.9,1.7,5.2,0.0,7809,702,7107,9.0,0.51,0.5,0.46,345289889,1674724038,4015,43219,1.3,234.1,3.1,2.0,133,79,0,0,0,0,0,0.0,0,0,0,0,0,0
897.1,2026-05-16T19:55:19,0016c001f10c2ef6,7.0,2.9,4.1,0.0,7809,701,7108,9.0,0.55,0.51,0.46,345292923,1674735720,3034,11682,1.3,234.1,3.1,2.0,133,79,0,0,0,0,0,0.0,0,0,0,0,0,0
897.6,2026-05-16T19:55:20,0016c001f10c2ef6,6.9,2.9,4.0,0.0,7809,702,7107,9.0,0.55,0.51,0.46,345295957,1674747402,3034,11682,1.3,234.1,3.1,2.0,133,79,0,0,0,0,0,0.0,0,0,0,0,0,0
898.0,2026-05-16T19:55:20,0016c001f10c2ef6,6.3,1.7,4.6,0.0,7809,702,7107,9.0,0.55,0.51,0.46,345298991,1674759084,3034,11682,1.3,234.1,3.1,2.0,133,79,0,0,0,0,0,0.0,0,0,0,0,0,0
898.5,2026-05-16T19:55:21,0016c001f10c2ef6,6.3,1.7,4.6,0.0,7809,702,7107,9.0,0.55,0.51,0.46,345302850,1674802303,3859,43219,1.3,234.1,3.1,2.0,133,79,0,0,0,0,0,0.0,0,0,0,0,0,0
898.9,2026-05-16T19:55:21,0016c001f10c2ef6,10.7,4.5,4.5,1.7,7809,702,7107,9.0,0.55,0.51,0.46,345306144,1674813985,3294,11682,1.3,234.1,3.1,2.0,133,79,0,0,0,0,0,0.0,0,0,0,0,0,0
899.3,2026-05-16T19:55:21,0016c001f10c2ef6,6.3,2.9,3.4,0.0,7809,701,7108,9.0,0.55,0.51,0.46,345309178,1674825667,3034,11682,1.3,234.1,3.1,2.0,133,79,0,0,0,0,0,0.0,0,0,0,0,0,0
899.8,2026-05-16T19:55:22,0016c001f10c2ef6,10.1,3.6,6.5,0.0,7809,702,7107,9.0,0.55,0.51,0.46,345312316,1674839155,3138,13488,1.3,234.1,3.1,2.0,133,79,0,0,0,0,0,0.0,0,0,0,0,0,0
900.2,2026-05-16T19:55:22,0016c001f10c2ef6,7.4,3.4,4.0,0.0,7809,701,7108,9.0,0.55,0.51,0.46,345315620,1674852914,3304,13759,1.3,234.1,3.1,2.0,133,79,0,0,0,0,0,0.0,0,0,0,0,0,0
900.7,2026-05-16T19:55:23,0016c001f10c2ef6,9.1,3.0,6.1,0.0,7809,701,7108,9.0,0.55,0.51,0.46,345319639,1674896347,4019,43433,1.3,234.1,3.1,2.0,133,79,0,0,0,0,0,0.0,0,0,0,0,0,0
901.2,2026-05-16T19:55:23,0016c001f10c2ef6,10.5,1.2,9.3,0.0,7809,701,7108,9.0,0.55,0.51,0.46,345322777,1674908029,3138,11682,1.3,234.1,3.1,2.0,133,79,0,0,0,0,0,0.0,0,0,0,0,0,0
901.6,2026-05-16T19:55:24,0016c001f10c2ef6,18.9,1.2,17.8,0.0,7809,702,7107,9.0,0.55,0.51,0.46,345325811,1674919711,3034,11682,1.3,234.1,3.1,2.0,133,79,0,0,0,0,0,0.0,0,0,0,0,0,0
902.0,2026-05-16T19:55:24,0016c001f10c2ef6,18.2,2.4,15.9,0.0,7809,702,7107,9.0,0.59,0.52,0.47,345329274,1674931393,3463,11682,1.3,234.1,3.1,2.0,133,79,0,0,0,0,0,0.0,0,0,0,0,0,0
902.5,2026-05-16T19:55:25,0016c001f10c2ef6,18.4,2.2,16.2,0.0,7809,702,7107,9.0,0.59,0.52,0.47,345333081,1674974760,3807,43367,1.3,234.1,3.1,2.0,133,79,0,0,0,0,0,0.0,0,0,0,0,0,0
902.9,2026-05-16T19:55:25,0016c001f10c2ef6,8.1,2.3,5.8,0.0,7809,702,7107,9.0,0.59,0.52,0.47,345336323,1674986442,3242,11682,1.3,234.1,3.1,2.0,133,79,0,0,0,0,0,0.0,0,0,0,0,0,0
903.4,2026-05-16T19:55:25,0016c001f10c2ef6,6.3,1.7,4.6,0.0,7809,702,7107,9.0,0.59,0.52,0.47,345339409,1674998124,3086,11682,1.3,234.1,3.1,2.0,133,79,0,0,0,0,0,0.0,0,0,0,0,0,0
903.8,2026-05-16T19:55:26,0016c001f10c2ef6,6.8,1.7,4.5,0.6,7809,702,7107,9.0,0.59,0.52,0.47,345342443,1675009806,3034,11682,1.3,234.1,3.1,2.0,133,79,0,0,0,0,0,0.0,0,0,0,0,0,0
904.3,2026-05-16T19:55:26,0016c001f10c2ef6,5.8,1.8,4.1,0.0,7809,702,7107,9.0,0.59,0.52,0.47,345345477,1675021488,3034,11682,1.3,234.1,3.1,2.0,133,79,0,0,0,0,0,0.0,0,0,0,0,0,0
904.7,2026-05-16T19:55:27,0016c001f10c2ef6,6.4,1.7,4.7,0.0,7809,702,7107,9.0,0.59,0.52,0.47,345349596,1675064855,4119,43367,1.3,234.2,3.1,2.0,133,79,0,0,0,0,0,0.0,0,0,0,0,0,0
905.1,2026-05-16T19:55:27,0016c001f10c2ef6,6.9,2.3,4.6,0.0,7809,702,7107,9.0,0.59,0.52,0.47,345352682,1675076537,3086,11682,1.3,234.2,3.1,2.0,133,79,0,0,0,0,0,0.0,0,0,0,0,0,0
905.6,2026-05-16T19:55:28,0016c001f10c2ef6,5.9,2.9,2.9,0.0,7809,702,7107,9.0,0.59,0.52,0.47,345355868,1675088219,3186,11682,1.3,234.2,3.1,2.0,133,79,0,0,0,0,0,0.0,0,0,0,0,0,0
906.1,2026-05-16T19:55:28,0016c001f10c2ef6,10.0,3.5,6.5,0.0,7809,702,7107,9.0,0.59,0.52,0.47,345359058,1675099967,3190,11748,1.3,234.3,3.1,2.0,133,79,0,0,0,0,0,0.0,0,0,0,0,0,0
906.6,2026-05-16T19:55:29,0016c001f10c2ef6,10.3,3.0,7.4,0.0,7809,701,7108,9.0,0.59,0.52,0.47,345363281,1675143400,4223,43433,1.3,234.3,3.1,2.0,133,79,0,0,0,0,0,0.0,0,0,0,0,0,0
907.1,2026-05-16T19:55:29,0016c001f10c2ef6,11.0,5.0,6.0,0.0,7809,701,7108,9.0,0.54,0.51,0.46,345366319,1675155148,3038,11748,1.3,234.3,3.1,2.0,133,79,0,0,0,0,0,0.0,0,0,0,0,0,0
907.5,2026-05-16T19:55:30,0016c001f10c2ef6,4.7,2.3,2.3,0.0,7809,701,7108,9.0,0.54,0.51,0.46,345369353,1675166830,3034,11682,1.3,234.3,3.1,2.0,133,79,0,0,0,0,0,0.0,0,0,0,0,0,0
908.0,2026-05-16T19:55:30,0016c001f10c2ef6,6.4,2.9,3.5,0.0,7809,701,7108,9.0,0.54,0.51,0.46,345372459,1675178590,3106,11760,1.3,234.3,3.1,2.0,133,79,0,0,0,0,0,0.0,0,0,0,0,0,0
908.4,2026-05-16T19:55:30,0016c001f10c2ef6,6.9,2.3,4.6,0.0,7809,701,7108,9.0,0.54,0.51,0.46,345375545,1675190272,3086,11682,1.3,234.3,3.1,2.0,133,79,0,0,0,0,0,0.0,0,0,0,0,0,0
908.8,2026-05-16T19:55:31,0016c001f10c2ef6,7.1,2.9,4.1,0.0,7809,701,7108,9.0,0.54,0.51,0.46,345379716,1675233639,4171,43367,1.3,234.3,3.1,2.0,133,79,0,0,0,0,0,0.0,0,0,0,0,0,0
909.3,2026-05-16T19:55:31,0016c001f10c2ef6,6.9,2.9,4.0,0.0,7809,701,7108,9.0,0.54,0.51,0.46,345382750,1675245321,3034,11682,1.3,234.3,3.1,2.0,133,79,0,0,0,0,0,0.0,0,0,0,0,0,0
909.7,2026-05-16T19:55:32,0016c001f10c2ef6,5.7,1.7,4.0,0.0,7809,701,7108,9.0,0.54,0.51,0.46,345385836,1675257003,3086,11682,1.3,234.3,3.1,2.0,133,79,0,0,0,0,0,0.0,0,0,0,0,0,0
910.1,2026-05-16T19:55:32,0016c001f10c2ef6,6.2,2.3,4.0,0.0,7809,701,7108,9.0,0.54,0.51,0.46,345388870,1675268685,3034,11682,1.3,234.3,3.1,2.0,133,79,0,0,0,0,0,0.0,0,0,0,0,0,0
910.6,2026-05-16T19:55:33,0016c001f10c2ef6,6.8,2.3,4.5,0.0,7809,701,7108,9.0,0.54,0.51,0.46,345392056,1675280367,3186,11682,1.3,234.3,3.1,2.0,133,79,0,0,0,0,0,0.0,0,0,0,0,0,0
911.0,2026-05-16T19:55:33,0016c001f10c2ef6,7.4,2.3,5.1,0.0,7809,700,7109,9.0,0.54,0.51,0.46,345395867,1675323734,3811,43367,1.3,234.3,3.1,2.0,133,79,0,0,0,0,0,0.0,0,0,0,0,0,0
911.5,2026-05-16T19:55:34,0016c001f10c2ef6,6.5,1.2,5.3,0.0,7809,700,7109,9.0,0.54,0.51,0.46,345398901,1675335416,3034,11682,1.3,234.3,3.1,2.0,133,79,0,0,0,0,0,0.0,0,0,0,0,0,0
911.9,2026-05-16T19:55:34,0016c001f10c2ef6,7.1,2.4,4.7,0.0,7809,700,7109,9.0,0.54,0.51,0.46,345402087,1675347098,3186,11682,1.3,234.3,3.1,2.0,133,79,0,0,0,0,0,0.0,0,0,0,0,0,0
912.4,2026-05-16T19:55:34,0016c001f10c2ef6,9.1,2.5,6.6,0.0,7809,699,7110,9.0,0.5,0.5,0.46,345405706,1675358846,3619,11748,1.3,234.3,3.1,2.0,133,79,0,0,0,0,0,0.0,0,0,0,0,0,0
912.9,2026-05-16T19:55:35,0016c001f10c2ef6,14.4,4.0,10.4,0.0,7809,701,7108,9.0,0.5,0.5,0.46,345409673,1675402279,3967,43433,1.3,234.3,3.1,2.0,133,79,0,0,0,0,0,0.0,0,0,0,0,0,0
913.3,2026-05-16T19:55:35,0016c001f10c2ef6,18.5,2.9,15.6,0.0,7809,701,7108,9.0,0.5,0.5,0.46,345412811,1675414644,3138,12365,1.3,234.3,3.1,2.0,133,79,0,0,0,0,0,0.0,0,0,0,0,0,0
913.8,2026-05-16T19:55:36,0016c001f10c2ef6,21.2,2.8,18.4,0.0,7809,702,7107,9.0,0.5,0.5,0.46,345415897,1675426326,3086,11682,1.3,234.2,3.1,2.0,133,79,0,0,0,0,0,0.0,0,0,0,0,0,0
914.3,2026-05-16T19:55:36,0016c001f10c2ef6,18.2,2.9,15.3,0.0,7809,702,7107,9.0,0.5,0.5,0.46,345418977,1675439590,3080,13264,1.3,234.2,3.1,2.0,133,79,0,0,0,0,0,0.0,0,0,0,0,0,0
914.7,2026-05-16T19:55:37,0016c001f10c2ef6,9.7,2.8,6.8,0.0,7809,702,7107,9.0,0.5,0.5,0.46,345422732,1675482957,3755,43367,1.3,234.2,3.1,2.0,133,79,0,0,0,0,0,0.0,0,0,0,0,0,0
915.1,2026-05-16T19:55:37,0016c001f10c2ef6,7.8,1.8,5.4,0.6,7809,703,7106,9.0,0.5,0.5,0.46,345425922,1675494639,3190,11682,1.3,234.2,3.1,2.0,133,79,0,0,0,0,0,0.0,0,0,0,0,0,0
915.6,2026-05-16T19:55:38,0016c001f10c2ef6,5.8,1.2,4.7,0.0,7809,703,7106,9.0,0.5,0.5,0.46,345429084,1675506477,3162,11838,1.3,234.2,3.1,2.0,133,79,0,0,0,0,0,0.0,0,0,0,0,0,0
916.0,2026-05-16T19:55:38,0016c001f10c2ef6,6.5,3.6,3.0,0.0,7809,703,7106,9.0,0.5,0.5,0.46,345432190,1675518237,3106,11760,1.3,234.2,3.1,2.0,133,79,0,0,0,0,0,0.0,0,0,0,0,0,0
916.4,2026-05-16T19:55:38,0016c001f10c2ef6,8.0,2.8,5.1,0.0,7809,703,7106,9.0,0.5,0.5,0.46,345435324,1675529919,3134,11682,1.3,234.2,3.1,2.0,133,79,0,0,0,0,0,0.0,0,0,0,0,0,0
916.9,2026-05-16T19:55:39,0016c001f10c2ef6,6.3,2.3,4.0,0.0,7809,701,7108,9.0,0.5,0.5,0.46,345439291,1675573286,3967,43367,1.3,234.2,3.1,2.0,133,79,0,0,0,0,0,0.0,0,0,0,0,0,0
917.3,2026-05-16T19:55:39,0016c001f10c2ef6,7.5,2.3,5.2,0.0,7809,701,7108,9.0,0.46,0.49,0.46,345442377,1675584968,3086,11682,1.3,234.2,3.1,2.0,133,79,0,0,0,0,0,0.0,0,0,0,0,0,0
917.7,2026-05-16T19:55:40,0016c001f10c2ef6,5.8,1.7,4.1,0.0,7809,701,7108,9.0,0.46,0.49,0.46,345445511,1675596650,3134,11682,1.3,234.1,3.1,2.0,133,79,0,0,0,0,0,0.0,0,0,0,0,0,0
918.2,2026-05-16T19:55:40,0016c001f10c2ef6,10.0,4.2,5.8,0.0,7809,701,7108,9.0,0.46,0.49,0.46,345448497,1675608398,2986,11748,1.3,233.9,3.1,2.0,133,79,0,0,0,0,0,0.0,0,0,0,0,0,0
918.7,2026-05-16T19:55:41,0016c001f10c2ef6,6.7,1.1,5.6,0.0,7809,701,7108,9.0,0.46,0.49,0.46,345451583,1675620080,3086,11682,1.3,233.9,3.1,2.0,133,79,0,0,0,0,0,0.0,0,0,0,0,0,0
919.1,2026-05-16T19:55:41,0016c001f10c2ef6,7.4,2.3,4.6,0.6,7809,701,7108,9.0,0.46,0.49,0.46,345455650,1675663447,4067,43367,1.3,233.9,3.1,2.0,133,79,0,0,0,0,0,0.0,0,0,0,0,0,0
919.5,2026-05-16T19:55:42,0016c001f10c2ef6,6.3,2.3,4.0,0.0,7809,701,7108,9.0,0.46,0.49,0.46,345458684,1675675129,3034,11682,1.3,233.9,3.1,2.0,133,79,0,0,0,0,0,0.0,0,0,0,0,0,0
920.0,2026-05-16T19:55:42,0016c001f10c2ef6,6.9,2.3,4.6,0.0,7809,700,7109,9.0,0.46,0.49,0.46,345461770,1675686811,3086,11682,1.3,233.9,3.1,2.0,133,79,0,0,0,0,0,0.0,0,0,0,0,0,0
920.4,2026-05-16T19:55:42,0016c001f10c2ef6,6.4,1.7,4.7,0.0,7809,701,7108,9.0,0.46,0.49,0.46,345464804,1675698493,3034,11682,1.3,233.9,3.1,2.0,133,79,0,0,0,0,0,0.0,0,0,0,0,0,0
920.8,2026-05-16T19:55:43,0016c001f10c2ef6,8.1,4.0,4.0,0.0,7809,702,7107,9.0,0.46,0.49,0.46,345468975,1675741860,4171,43367,1.3,233.9,3.1,2.0,133,79,0,0,0,0,0,0.0,0,0,0,0,0,0
921.3,2026-05-16T19:55:43,0016c001f10c2ef6,5.7,2.3,3.4,0.0,7809,701,7108,9.0,0.46,0.49,0.46,345472009,1675753542,3034,11682,1.3,233.9,3.1,2.0,133,79,0,0,0,0,0,0.0,0,0,0,0,0,0
921.7,2026-05-16T19:55:44,0016c001f10c2ef6,5.7,2.8,2.8,0.0,7809,701,7108,9.0,0.46,0.49,0.46,345475095,1675765224,3086,11682,1.3,233.9,3.1,2.0,133,79,0,0,0,0,0,0.0,0,0,0,0,0,0
922.2,2026-05-16T19:55:44,0016c001f10c2ef6,6.8,2.8,4.0,0.0,7809,702,7107,9.0,0.42,0.48,0.45,345478558,1675776906,3463,11682,1.3,233.9,3.1,2.0,133,79,0,0,0,0,0,0.0,0,0,0,0,0,0
922.6,2026-05-16T19:55:45,0016c001f10c2ef6,4.7,1.8,3.0,0.0,7809,702,7107,9.0,0.42,0.48,0.45,345481644,1675788588,3086,11682,1.3,233.9,3.1,2.0,133,79,0,0,0,0,0,0.0,0,0,0,0,0,0
923.0,2026-05-16T19:55:45,0016c001f10c2ef6,5.7,2.3,3.4,0.0,7809,702,7107,9.0,0.42,0.48,0.45,345485707,1675831955,4063,43367,1.3,233.9,3.1,2.0,133,79,0,0,0,0,0,0.0,0,0,0,0,0,0
923.5,2026-05-16T19:55:46,0016c001f10c2ef6,9.1,2.5,6.6,0.0,7809,702,7107,9.0,0.42,0.48,0.45,345488797,1675845496,3090,13541,1.3,233.9,3.1,2.0,133,79,0,0,0,0,0,0.0,0,0,0,0,0,0
924.0,2026-05-16T19:55:46,0016c001f10c2ef6,9.2,4.0,5.2,0.0,7809,702,7107,9.0,0.42,0.48,0.45,345491903,1675857256,3106,11760,1.3,233.9,3.1,2.0,133,79,0,0,0,0,0,0.0,0,0,0,0,0,0
924.4,2026-05-16T19:55:47,0016c001f10c2ef6,5.9,1.8,3.5,0.6,7809,702,7107,9.0,0.42,0.48,0.45,345495087,1675870924,3184,13668,1.3,233.9,3.1,2.0,133,79,0,0,0,0,0,0.0,0,0,0,0,0,0
924.9,2026-05-16T19:55:47,0016c001f10c2ef6,17.4,2.2,15.2,0.0,7809,701,7108,9.0,0.42,0.48,0.45,345499050,1675914372,3963,43448,1.3,233.9,3.1,2.0,133,79,0,0,0,0,0,0.0,0,0,0,0,0,0
925.3,2026-05-16T19:55:47,0016c001f10c2ef6,19.5,2.4,17.1,0.0,7809,701,7108,9.0,0.42,0.48,0.45,345502136,1675926054,3086,11682,1.3,233.9,3.1,2.0,136,82,3,3,0,0,0,0.0,0,0,0,0,0,0
925.7,2026-05-16T19:55:48,0016c001f10c2ef6,20.1,2.9,17.2,0.0,7809,701,7108,9.0,0.42,0.48,0.45,345505274,1675937736,3138,11682,1.3,233.9,3.1,2.0,136,82,0,0,0,0,0,0.0,0,0,0,0,0,0
926.2,2026-05-16T19:55:48,0016c001f10c2ef6,15.5,1.7,13.8,0.0,7809,703,7106,9.0,0.42,0.48,0.45,345508360,1675949418,3086,11682,1.3,233.9,3.1,2.0,136,82,0,0,0,0,0,0.0,0,0,0,0,0,0
926.6,2026-05-16T19:55:49,0016c001f10c2ef6,5.2,2.3,2.9,0.0,7809,702,7107,9.0,0.42,0.48,0.45,345511394,1675961100,3034,11682,1.3,233.9,3.1,2.0,136,82,0,0,0,0,0,0.0,0,0,0,0,0,0
927.1,2026-05-16T19:55:49,0016c001f10c2ef6,6.4,2.3,4.0,0.0,7809,703,7106,9.0,0.47,0.49,0.46,345515305,1676004548,3911,43448,1.3,233.8,3.1,2.0,136,82,0,0,0,0,0,0.0,0,0,0,0,0,0
927.5,2026-05-16T19:55:50,0016c001f10c2ef6,5.2,1.2,4.1,0.0,7809,702,7107,9.0,0.47,0.49,0.46,345518339,1676016230,3034,11682,1.3,233.8,3.1,2.0,136,82,0,0,0,0,0,0.0,0,0,0,0,0,0
928.0,2026-05-16T19:55:50,0016c001f10c2ef6,6.2,1.7,4.5,0.0,7809,702,7107,9.0,0.47,0.49,0.46,345521373,1676027912,3034,11682,1.3,233.8,3.1,2.0,136,82,0,0,0,0,0,0.0,0,0,0,0,0,0
928.4,2026-05-16T19:55:50,0016c001f10c2ef6,6.5,1.8,4.7,0.0,7809,702,7107,9.0,0.47,0.49,0.46,345524459,1676039594,3086,11682,1.3,233.8,3.1,2.0,136,82,0,0,0,0,0,0.0,0,0,0,0,0,0
928.9,2026-05-16T19:55:51,0016c001f10c2ef6,10.1,2.5,7.6,0.0,7809,701,7108,9.0,0.47,0.49,0.46,345528574,1676083174,4115,43580,1.3,233.8,3.1,2.0,136,82,0,0,0,0,0,0.0,0,0,0,0,0,0
929.4,2026-05-16T19:55:51,0016c001f10c2ef6,12.0,5.0,7.0,0.0,7809,702,7107,9.0,0.47,0.49,0.46,345531836,1676095008,3262,11834,1.3,233.8,3.1,2.0,136,82,0,0,0,0,0,0.0,0,0,0,0,0,0
929.9,2026-05-16T19:55:52,0016c001f10c2ef6,8.4,2.5,5.9,0.0,7809,703,7106,9.0,0.47,0.49,0.46,345534822,1676106756,2986,11748,1.3,233.8,3.1,2.0,136,82,0,0,0,0,0,0.0,0,0,0,0,0,0
930.3,2026-05-16T19:55:52,0016c001f10c2ef6,7.4,3.4,4.0,0.0,7809,702,7107,9.0,0.47,0.49,0.46,345537856,1676118438,3034,11682,1.3,233.8,3.1,2.0,136,82,0,0,0,0,0,0.0,0,0,0,0,0,0
930.8,2026-05-16T19:55:53,0016c001f10c2ef6,5.9,1.2,4.7,0.0,7809,702,7107,9.0,0.47,0.49,0.46,345540890,1676130120,3034,11682,1.3,233.8,3.1,2.0,136,82,0,0,0,0,0,0.0,0,0,0,0,0,0
931.2,2026-05-16T19:55:53,0016c001f10c2ef6,7.7,4.1,3.6,0.0,7809,702,7107,9.0,0.47,0.49,0.46,345544801,1676173568,3911,43448,1.3,233.8,3.1,2.0,136,82,0,0,0,0,0,0.0,0,0,0,0,0,0
931.7,2026-05-16T19:55:54,0016c001f10c2ef6,5.3,1.8,3.6,0.0,7809,702,7107,9.0,0.47,0.49,0.46,345547835,1676185250,3034,11682,1.3,233.8,3.1,2.0,136,82,0,0,0,0,0,0.0,0,0,0,0,0,0
932.1,2026-05-16T19:55:54,0016c001f10c2ef6,6.9,2.3,4.6,0.0,7809,702,7107,9.0,0.43,0.48,0.45,345551298,1676196932,3463,11682,1.3,233.8,3.1,2.0,136,82,0,0,0,0,0,0.0,0,0,0,0,0,0
932.6,2026-05-16T19:55:55,0016c001f10c2ef6,4.6,1.7,2.9,0.0,7809,703,7106,9.0,0.43,0.48,0.45,345554384,1676208614,3086,11682,1.3,233.8,3.1,2.0,136,82,0,0,0,0,0,0.0,0,0,0,0,0,0
933.0,2026-05-16T19:55:55,0016c001f10c2ef6,5.2,1.7,3.4,0.0,7809,703,7106,9.0,0.43,0.48,0.45,345558347,1676252062,3963,43448,1.3,233.8,3.1,2.0,136,82,0,0,0,0,0,0.0,0,0,0,0,0,0
933.5,2026-05-16T19:55:56,0016c001f10c2ef6,6.3,2.9,3.4,0.0,7809,703,7106,9.0,0.43,0.48,0.45,345561485,1676263744,3138,11682,1.3,233.8,3.1,2.0,136,82,0,0,0,0,0,0.0,0,0,0,0,0,0
933.9,2026-05-16T19:55:56,0016c001f10c2ef6,8.0,2.3,5.7,0.0,7809,701,7108,9.0,0.43,0.48,0.45,345564571,1676275426,3086,11682,1.3,233.8,3.1,2.0,136,82,0,0,0,0,0,0.0,0,0,0,0,0,0
934.3,2026-05-16T19:55:56,0016c001f10c2ef6,6.8,2.3,4.5,0.0,7809,702,7107,9.0,0.43,0.48,0.45,345567657,1676287108,3086,11682,1.3,233.8,3.1,2.0,136,82,0,0,0,0,0,0.0,0,0,0,0,0,0
934.8,2026-05-16T19:55:57,0016c001f10c2ef6,7.0,1.7,5.2,0.0,7809,702,7107,9.0,0.43,0.48,0.45,345570791,1676298790,3134,11682,1.3,233.8,3.1,2.0,136,82,0,0,0,0,0,0.0,0,0,0,0,0,0
935.3,2026-05-16T19:55:57,0016c001f10c2ef6,11.3,3.9,7.4,0.0,7809,702,7107,9.0,0.43,0.48,0.45,345574910,1676342304,4119,43514,1.3,233.8,3.1,2.0,136,82,0,0,0,0,0,0.0,0,0,0,0,0,0
935.8,2026-05-16T19:55:58,0016c001f10c2ef6,10.3,3.9,6.4,0.0,7809,701,7108,9.0,0.43,0.48,0.45,345578048,1676354052,3138,11748,1.3,233.8,3.1,2.0,136,82,0,0,0,0,0,0.0,0,0,0,0,0,0
936.3,2026-05-16T19:55:58,0016c001f10c2ef6,9.9,2.0,7.4,0.5,7809,701,7108,9.0,0.43,0.48,0.45,345581034,1676365800,2986,11748,1.3,233.8,3.1,2.0,136,82,0,0,0,0,0,0.0,0,0,0,0,0,0
936.7,2026-05-16T19:55:59,0016c001f10c2ef6,19.7,2.3,17.3,0.0,7809,701,7108,9.0,0.43,0.48,0.45,345584068,1676377482,3034,11682,1.3,233.8,3.1,2.0,136,82,0,0,0,0,0,0.0,0,0,0,0,0,0
937.2,2026-05-16T19:55:59,0016c001f10c2ef6,18.3,0.6,17.8,0.0,7809,701,7108,9.0,0.48,0.49,0.46,345588031,1676420930,3963,43448,1.3,233.8,3.1,2.0,136,82,0,0,0,0,0,0.0,0,0,0,0,0,0
937.6,2026-05-16T19:56:00,0016c001f10c2ef6,19.5,2.3,17.2,0.0,7809,701,7108,9.0,0.48,0.49,0.46,345591065,1676432612,3034,11682,1.3,233.8,3.1,2.0,136,82,0,0,0,0,0,0.0,0,0,0,0,0,0
938.1,2026-05-16T19:56:00,0016c001f10c2ef6,12.6,3.4,9.2,0.0,7809,701,7108,9.0,0.48,0.49,0.46,345594151,1676444294,3086,11682,1.3,233.8,3.1,2.0,136,82,0,0,0,0,0,0.0,0,0,0,0,0,0
938.5,2026-05-16T19:56:01,0016c001f10c2ef6,6.7,2.2,4.5,0.0,7809,701,7108,9.0,0.48,0.49,0.46,345597289,1676455976,3138,11682,1.3,233.8,3.1,2.0,136,82,0,0,0,0,0,0.0,0,0,0,0,0,0
939.0,2026-05-16T19:56:01,0016c001f10c2ef6,5.3,1.2,4.1,0.0,7809,701,7108,9.0,0.48,0.49,0.46,345600323,1676467658,3034,11682,1.3,233.8,3.1,2.0,136,82,0,0,0,0,0,0.0,0,0,0,0,0,0
939.4,2026-05-16T19:56:01,0016c001f10c2ef6,7.4,3.4,4.0,0.0,7809,703,7106,9.0,0.48,0.49,0.46,345604286,1676511106,3963,43448,1.3,233.8,3.1,2.0,136,82,0,0,0,0,0,0.0,0,0,0,0,0,0
939.9,2026-05-16T19:56:02,0016c001f10c2ef6,5.3,1.8,3.5,0.0,7809,702,7107,9.0,0.48,0.49,0.46,345607444,1676522866,3158,11760,1.3,233.8,3.1,2.0,136,82,0,0,0,0,0,0.0,0,0,0,0,0,0
940.3,2026-05-16T19:56:02,0016c001f10c2ef6,7.1,1.2,5.9,0.0,7809,702,7107,9.0,0.48,0.49,0.46,345610478,1676534548,3034,11682,1.3,233.8,3.1,2.0,136,82,0,0,0,0,0,0.0,0,0,0,0,0,0
940.7,2026-05-16T19:56:03,0016c001f10c2ef6,7.6,3.5,4.1,0.0,7809,703,7106,9.0,0.48,0.49,0.46,345613664,1676546230,3186,11682,1.3,233.8,3.1,2.0,136,82,0,0,0,0,0,0.0,0,0,0,0,0,0
941.2,2026-05-16T19:56:03,0016c001f10c2ef6,5.7,1.7,4.0,0.0,7809,702,7107,9.0,0.48,0.49,0.46,345617679,1676589744,4015,43514,1.3,233.8,3.1,2.0,136,82,0,0,0,0,0,0.0,0,0,0,0,0,0
941.7,2026-05-16T19:56:04,0016c001f10c2ef6,10.5,3.5,7.0,0.0,7809,702,7107,9.0,0.48,0.49,0.46,345620665,1676601492,2986,11748,1.3,233.8,3.1,2.0,136,82,0,0,0,0,0,0.0,0,0,0,0,0,0
942.1,2026-05-16T19:56:04,0016c001f10c2ef6,5.3,1.8,3.5,0.0,7809,702,7107,9.0,0.52,0.5,0.46,345624128,1676613174,3463,11682,1.3,233.8,3.1,2.0,136,82,0,0,0,0,0,0.0,0,0,0,0,0,0
942.5,2026-05-16T19:56:05,0016c001f10c2ef6,5.9,2.4,3.6,0.0,7809,702,7107,9.0,0.52,0.5,0.46,345627162,1676624856,3034,11682,1.3,233.8,3.1,2.0,136,82,0,0,0,0,0,0.0,0,0,0,0,0,0
943.0,2026-05-16T19:56:05,0016c001f10c2ef6,6.9,3.5,3.5,0.0,7809,702,7107,9.0,0.52,0.5,0.46,345630196,1676636538,3034,11682,1.3,233.8,3.1,2.0,136,82,0,0,0,0,0,0.0,0,0,0,0,0,0
943.4,2026-05-16T19:56:05,0016c001f10c2ef6,6.4,2.3,4.0,0.0,7809,701,7108,9.0,0.52,0.5,0.46,345634315,1676679986,4119,43448,1.3,233.8,3.1,2.0,136,82,0,0,0,0,0,0.0,0,0,0,0,0,0
943.8,2026-05-16T19:56:06,0016c001f10c2ef6,5.8,2.3,3.5,0.0,7809,701,7108,9.0,0.52,0.5,0.46,345637453,1676691668,3138,11682,1.3,233.8,3.1,2.0,136,82,0,0,0,0,0,0.0,0,0,0,0,0,0
944.3,2026-05-16T19:56:06,0016c001f10c2ef6,6.4,2.3,4.1,0.0,7809,701,7108,9.0,0.52,0.5,0.46,345640487,1676703350,3034,11682,1.3,233.8,3.1,2.0,136,82,0,0,0,0,0,0.0,0,0,0,0,0,0
944.7,2026-05-16T19:56:07,0016c001f10c2ef6,6.2,2.3,4.0,0.0,7809,701,7108,9.0,0.52,0.5,0.46,345643573,1676715032,3086,11682,1.3,233.8,3.1,2.0,136,82,0,0,0,0,0,0.0,0,0,0,0,0,0
945.1,2026-05-16T19:56:07,0016c001f10c2ef6,6.3,2.3,4.0,0.0,7809,701,7108,9.0,0.52,0.5,0.46,345647220,1676741606,3647,26574,1.3,233.8,3.1,2.0,136,82,0,0,0,0,0,0.0,0,0,0,0,0,0
945.6,2026-05-16T19:56:08,0016c001f10c2ef6,6.8,4.0,2.8,0.0,7809,701,7108,9.0,0.52,0.5,0.46,345650802,1676770318,3582,28712,1.3,233.8,3.1,2.0,136,82,0,0,0,0,0,0.0,0,0,0,0,0,0
946.0,2026-05-16T19:56:08,0016c001f10c2ef6,5.3,1.2,4.1,0.0,7809,701,7108,9.0,0.52,0.5,0.46,345653836,1676782000,3034,11682,1.3,233.8,3.1,2.0,136,82,0,0,0,0,0,0.0,0,0,0,0,0,0
946.5,2026-05-16T19:56:09,0016c001f10c2ef6,6.9,2.9,4.0,0.0,7809,701,7108,9.0,0.52,0.5,0.46,345656870,1676793682,3034,11682,1.3,233.8,3.1,2.0,136,82,0,0,0,0,0,0.0,0,0,0,0,0,0
947.0,2026-05-16T19:56:09,0016c001f10c2ef6,8.1,3.0,5.1,0.0,7809,701,7108,9.0,0.52,0.5,0.46,345659956,1676805430,3086,11748,1.3,233.8,3.1,2.0,136,82,0,0,0,0,0,0.0,0,0,0,0,0,0
947.4,2026-05-16T19:56:09,0016c001f10c2ef6,8.2,3.5,4.7,0.0,7809,701,7108,9.0,0.48,0.49,0.46,345663919,1676848878,3963,43448,1.3,233.8,3.1,2.0,136,82,0,0,0,0,0,0.0,0,0,0,0,0,0
947.8,2026-05-16T19:56:10,0016c001f10c2ef6,5.4,1.8,3.6,0.0,7809,701,7108,9.0,0.48,0.49,0.46,345667125,1676860638,3206,11760,1.3,233.8,3.1,2.0,136,82,0,0,0,0,0,0.0,0,0,0,0,0,0
948.3,2026-05-16T19:56:10,0016c001f10c2ef6,11.6,1.7,9.8,0.0,7809,701,7108,9.0,0.48,0.49,0.46,345670111,1676872320,2986,11682,1.3,233.8,3.1,2.0,136,82,0,0,0,0,0,0.0,0,0,0,0,0,0
948.7,2026-05-16T19:56:11,0016c001f10c2ef6,19.8,2.9,16.9,0.0,7809,700,7109,9.0,0.48,0.49,0.46,345673145,1676884002,3034,11682,1.3,233.8,3.1,2.0,136,82,0,0,0,0,0,0.0,0,0,0,0,0,0
949.1,2026-05-16T19:56:11,0016c001f10c2ef6,18.5,1.2,17.3,0.0,7809,700,7109,9.0,0.48,0.49,0.46,345676179,1676895684,3034,11682,1.3,233.8,3.1,2.0,136,82,0,0,0,0,0,0.0,0,0,0,0,0,0
949.6,2026-05-16T19:56:12,0016c001f10c2ef6,19.6,2.8,16.8,0.0,7809,700,7109,9.0,0.48,0.49,0.46,345680194,1676939132,4015,43448,1.3,233.8,3.1,2.0,136,82,0,0,0,0,0,0.0,0,0,0,0,0,0
950.0,2026-05-16T19:56:12,0016c001f10c2ef6,6.4,1.2,5.3,0.0,7809,701,7108,9.0,0.48,0.49,0.46,345683228,1676950814,3034,11682,1.3,233.8,3.1,2.0,136,82,0,0,0,0,0,0.0,0,0,0,0,0,0
950.5,2026-05-16T19:56:13,0016c001f10c2ef6,7.3,3.4,3.9,0.0,7809,701,7108,9.0,0.48,0.49,0.46,345686262,1676962496,3034,11682,1.3,233.8,3.1,2.0,136,82,0,0,0,0,0,0.0,0,0,0,0,0,0
950.9,2026-05-16T19:56:13,0016c001f10c2ef6,8.0,4.0,4.0,0.0,7809,701,7108,9.0,0.48,0.49,0.46,345689348,1676974178,3086,11682,1.3,233.8,3.1,2.0,136,82,0,0,0,0,0,0.0,0,0,0,0,0,0
951.4,2026-05-16T19:56:13,0016c001f10c2ef6,6.8,2.3,4.5,0.0,7809,701,7108,9.0,0.48,0.49,0.46,345693311,1677017626,3963,43448,1.3,233.8,3.1,2.0,136,82,0,0,0,0,0,0.0,0,0,0,0,0,0
951.8,2026-05-16T19:56:14,0016c001f10c2ef6,6.9,2.9,4.0,0.0,7809,701,7108,9.0,0.48,0.49,0.46,345696601,1677029308,3290,11682,1.3,233.8,3.1,2.0,136,82,0,0,0,0,0,0.0,0,0,0,0,0,0
952.3,2026-05-16T19:56:14,0016c001f10c2ef6,11.8,3.4,8.3,0.0,7809,701,7108,9.0,0.52,0.5,0.46,345700016,1677041056,3415,11748,1.3,233.8,3.1,2.0,136,82,0,0,0,0,0,0.0,0,0,0,0,0,0
952.8,2026-05-16T19:56:15,0016c001f10c2ef6,6.4,1.7,4.7,0.0,7809,700,7109,9.0,0.52,0.5,0.46,345703150,1677052738,3134,11682,1.3,233.8,3.1,2.0,136,82,0,0,0,0,0,0.0,0,0,0,0,0,0
953.2,2026-05-16T19:56:15,0016c001f10c2ef6,6.9,2.3,4.6,0.0,7809,701,7108,9.0,0.52,0.5,0.46,345706136,1677064420,2986,11682,1.3,233.8,3.1,2.0,136,82,0,0,0,0,0,0.0,0,0,0,0,0,0
953.6,2026-05-16T19:56:16,0016c001f10c2ef6,8.6,2.9,5.1,0.6,7809,701,7108,9.0,0.52,0.5,0.46,345710151,1677107868,4015,43448,1.3,233.8,3.1,2.0,136,82,0,0,0,0,0,0.0,0,0,0,0,0,0
954.1,2026-05-16T19:56:16,0016c001f10c2ef6,7.9,1.7,6.2,0.0,7809,700,7109,9.0,0.52,0.5,0.46,345713185,1677119550,3034,11682,1.3,233.9,3.1,2.0,136,82,0,0,0,0,0,0.0,0,0,0,0,0,0
954.5,2026-05-16T19:56:17,0016c001f10c2ef6,6.4,3.5,2.9,0.0,7809,700,7109,9.0,0.52,0.5,0.46,345716219,1677131232,3034,11682,1.3,233.9,3.1,2.0,136,82,0,0,0,0,0,0.0,0,0,0,0,0,0
954.9,2026-05-16T19:56:17,0016c001f10c2ef6,5.7,1.7,4.0,0.0,7809,701,7108,9.0,0.52,0.5,0.46,345719253,1677142914,3034,11682,1.3,233.9,3.1,2.0,136,82,0,0,0,0,0,0.0,0,0,0,0,0,0
955.4,2026-05-16T19:56:17,0016c001f10c2ef6,7.1,1.8,5.4,0.0,7809,701,7108,9.0,0.52,0.5,0.46,345723268,1677186362,4015,43448,1.3,233.9,3.1,2.0,136,82,0,0,0,0,0,0.0,0,0,0,0,0,0
955.8,2026-05-16T19:56:18,0016c001f10c2ef6,9.8,4.0,5.8,0.0,7809,701,7108,9.0,0.52,0.5,0.46,345726374,1677198122,3106,11760,1.3,233.9,3.1,2.0,136,82,0,0,0,0,0,0.0,0,0,0,0,0,0
956.3,2026-05-16T19:56:18,0016c001f10c2ef6,5.1,2.5,2.5,0.0,7809,700,7109,9.0,0.52,0.5,0.46,345729460,1677209804,3086,11682,1.3,233.9,3.1,2.0,136,82,0,0,0,0,0,0.0,0,0,0,0,0,0
956.7,2026-05-16T19:56:19,0016c001f10c2ef6,6.9,2.9,4.0,0.0,7809,700,7109,9.0,0.52,0.5,0.46,345732494,1677221486,3034,11682,1.3,233.9,3.1,2.0,136,82,0,0,0,0,0,0.0,0,0,0,0,0,0
957.2,2026-05-16T19:56:19,0016c001f10c2ef6,5.8,1.2,4.6,0.0,7809,701,7108,9.0,0.48,0.49,0.46,345735732,1677233168,3238,11682,1.3,233.9,3.1,2.0,136,82,0,0,0,0,0,0.0,0,0,0,0,0,0
957.7,2026-05-16T19:56:20,0016c001f10c2ef6,10.7,3.6,7.1,0.0,7809,701,7108,9.0,0.48,0.49,0.46,345739595,1677276682,3863,43514,1.3,233.9,3.1,2.0,136,82,0,0,0,0,0,0.0,0,0,0,0,0,0
958.1,2026-05-16T19:56:20,0016c001f10c2ef6,5.2,1.2,4.0,0.0,7809,701,7108,9.0,0.48,0.49,0.46,345742629,1677288364,3034,11682,1.3,233.9,3.1,2.0,136,82,0,0,0,0,0,0.0,0,0,0,0,0,0
958.5,2026-05-16T19:56:21,0016c001f10c2ef6,5.9,2.4,3.5,0.0,7809,702,7107,9.0,0.48,0.49,0.46,345745663,1677300046,3034,11682,1.3,233.9,3.1,2.0,136,82,0,0,0,0,0,0.0,0,0,0,0,0,0
959.0,2026-05-16T19:56:21,0016c001f10c2ef6,6.4,1.7,4.7,0.0,7809,702,7107,9.0,0.48,0.49,0.46,345748697,1677311728,3034,11682,1.3,233.9,3.1,2.0,136,82,0,0,0,0,0,0.0,0,0,0,0,0,0
959.4,2026-05-16T19:56:21,0016c001f10c2ef6,6.9,2.3,4.6,0.0,7809,701,7108,9.0,0.48,0.49,0.46,345752660,1677355176,3963,43448,1.3,233.9,3.1,2.0,136,82,0,0,0,0,0,0.0,0,0,0,0,0,0
959.9,2026-05-16T19:56:22,0016c001f10c2ef6,9.8,2.9,5.2,1.7,7809,701,7108,9.0,0.48,0.49,0.46,345755694,1677366858,3034,11682,1.3,233.9,3.1,2.0,136,82,0,0,0,0,0,0.0,0,0,0,0,0,0
960.3,2026-05-16T19:56:22,0016c001f10c2ef6,18.2,1.8,16.4,0.0,7809,701,7108,9.0,0.48,0.49,0.46,345758728,1677378540,3034,11682,1.3,233.8,3.1,2.0,136,82,0,0,0,0,0,0.0,0,0,0,0,0,0
960.7,2026-05-16T19:56:23,0016c001f10c2ef6,18.7,3.0,15.7,0.0,7809,701,7108,9.0,0.48,0.49,0.46,345761862,1677390222,3134,11682,1.3,233.8,3.1,2.0,136,82,0,0,0,0,0,0.0,0,0,0,0,0,0
961.2,2026-05-16T19:56:23,0016c001f10c2ef6,19.3,1.2,18.1,0.0,7809,701,7108,9.0,0.48,0.49,0.46,345764848,1677401904,2986,11682,1.3,233.8,3.1,2.0,136,82,0,0,0,0,0,0.0,0,0,0,0,0,0
961.6,2026-05-16T19:56:24,0016c001f10c2ef6,14.1,2.4,11.8,0.0,7809,701,7108,9.0,0.48,0.49,0.46,345768915,1677445352,4067,43448,1.3,233.8,3.1,2.0,136,82,0,0,0,0,0,0.0,0,0,0,0,0,0
962.0,2026-05-16T19:56:24,0016c001f10c2ef6,6.8,2.3,4.5,0.0,7809,700,7109,9.0,0.44,0.48,0.45,345772378,1677457034,3463,11682,1.3,233.8,3.1,2.0,136,82,0,0,0,0,0,0.0,0,0,0,0,0,0
962.5,2026-05-16T19:56:25,0016c001f10c2ef6,6.3,2.3,4.0,0.0,7809,700,7109,9.0,0.44,0.48,0.45,345775668,1677468716,3290,11682,1.3,233.8,3.1,2.0,136,82,0,0,0,0,0,0.0,0,0,0,0,0,0
963.0,2026-05-16T19:56:25,0016c001f10c2ef6,8.6,2.0,6.6,0.0,7809,700,7109,9.0,0.44,0.48,0.45,345778706,1677480464,3038,11748,1.3,233.8,3.1,2.0,136,82,0,0,0,0,0,0.0,0,0,0,0,0,0
963.4,2026-05-16T19:56:26,0016c001f10c2ef6,5.6,1.1,4.5,0.0,7809,699,7110,9.0,0.44,0.48,0.45,345782457,1677492146,3751,11682,1.3,233.9,3.1,2.0,136,82,0,0,0,0,0,0.0,0,0,0,0,0,0
963.9,2026-05-16T19:56:26,0016c001f10c2ef6,7.1,2.9,4.1,0.0,7809,699,7110,9.0,0.44,0.48,0.45,345785983,1677535672,3526,43526,1.3,233.9,3.1,2.0,136,82,0,0,0,0,0,0.0,0,0,0,0,0,0
964.3,2026-05-16T19:56:26,0016c001f10c2ef6,7.0,2.3,4.7,0.0,7809,699,7110,9.0,0.44,0.48,0.45,345789069,1677547354,3086,11682,1.3,233.9,3.1,2.0,136,82,0,0,0,0,0,0.0,0,0,0,0,0,0
964.7,2026-05-16T19:56:27,0016c001f10c2ef6,6.3,2.9,3.4,0.0,7809,698,7111,8.9,0.44,0.48,0.45,345792103,1677559036,3034,11682,1.3,233.9,3.1,2.0,136,82,0,0,0,0,0,0.0,0,0,0,0,0,0
965.2,2026-05-16T19:56:27,0016c001f10c2ef6,6.4,2.3,4.1,0.0,7809,698,7111,8.9,0.44,0.48,0.45,345795137,1677570718,3034,11682,1.3,233.9,3.1,2.0,136,82,0,0,0,0,0,0.0,0,0,0,0,0,0
965.6,2026-05-16T19:56:28,0016c001f10c2ef6,6.2,2.3,4.0,0.0,7809,700,7109,9.0,0.44,0.48,0.45,345799204,1677614166,4067,43448,1.3,233.9,3.1,2.0,136,82,0,0,0,0,0,0.0,0,0,0,0,0,0
966.0,2026-05-16T19:56:28,0016c001f10c2ef6,6.5,2.4,4.1,0.0,7809,700,7109,9.0,0.44,0.48,0.45,345802342,1677625848,3138,11682,1.3,233.9,3.1,2.0,136,82,0,0,0,0,0,0.0,0,0,0,0,0,0
966.5,2026-05-16T19:56:29,0016c001f10c2ef6,6.2,3.4,2.8,0.0,7809,700,7109,9.0,0.44,0.48,0.45,345805376,1677637530,3034,11682,1.3,233.9,3.1,2.0,136,82,0,0,0,0,0,0.0,0,0,0,0,0,0
966.9,2026-05-16T19:56:29,0016c001f10c2ef6,6.7,1.1,5.6,0.0,7809,700,7109,9.0,0.44,0.48,0.45,345808462,1677649212,3086,11682,1.3,233.9,3.1,2.0,136,82,0,0,0,0,0,0.0,0,0,0,0,0,0
967.4,2026-05-16T19:56:29,0016c001f10c2ef6,6.7,1.1,5.6,0.0,7809,700,7109,9.0,0.4,0.48,0.45,345811600,1677660894,3138,11682,1.3,233.9,3.1,2.0,136,82,0,0,0,0,0,0.0,0,0,0,0,0,0
967.8,2026-05-16T19:56:30,0016c001f10c2ef6,6.6,3.0,3.6,0.0,7809,700,7109,9.0,0.4,0.48,0.45,345815767,1677704342,4167,43448,1.3,233.9,3.1,2.0,136,82,0,0,0,0,0,0.0,0,0,0,0,0,0
968.3,2026-05-16T19:56:30,0016c001f10c2ef6,9.5,3.5,6.0,0.0,7809,699,7110,9.0,0.4,0.48,0.45,345818957,1677716090,3190,11748,1.3,233.9,3.1,2.0,136,82,0,0,0,0,0,0.0,0,0,0,0,0,0
968.8,2026-05-16T19:56:31,0016c001f10c2ef6,9.5,4.5,5.0,0.0,7809,699,7110,9.0,0.4,0.48,0.45,345822095,1677727838,3138,11748,1.3,233.9,3.1,2.0,136,82,0,0,0,0,0,0.0,0,0,0,0,0,0
969.3,2026-05-16T19:56:31,0016c001f10c2ef6,9.9,3.0,6.9,0.0,7809,699,7110,9.0,0.4,0.48,0.45,345825127,1677739652,3032,11814,1.3,233.9,3.1,2.0,136,82,0,0,0,0,0,0.0,0,0,0,0,0,0
969.8,2026-05-16T19:56:32,0016c001f10c2ef6,8.2,2.3,5.8,0.0,7809,700,7109,9.0,0.4,0.48,0.45,345829142,1677783100,4015,43448,1.3,233.9,3.1,2.0,136,82,0,0,0,0,0,0.0,0,0,0,0,0,0
970.2,2026-05-16T19:56:32,0016c001f10c2ef6,5.8,1.8,4.1,0.0,7809,699,7110,9.0,0.4,0.48,0.45,345832176,1677794782,3034,11682,1.3,233.9,3.1,2.0,136,82,0,0,0,0,0,0.0,0,0,0,0,0,0
970.6,2026-05-16T19:56:33,0016c001f10c2ef6,6.3,2.3,4.0,0.0,7809,699,7110,9.0,0.4,0.48,0.45,345835210,1677806464,3034,11682,1.3,233.9,3.1,2.0,136,82,0,0,0,0,0,0.0,0,0,0,0,0,0
971.1,2026-05-16T19:56:33,0016c001f10c2ef6,6.3,2.3,4.0,0.0,7809,699,7110,9.0,0.4,0.48,0.45,345838296,1677818146,3086,11682,1.3,233.9,3.1,2.0,136,82,0,0,0,0,0,0.0,0,0,0,0,0,0
971.5,2026-05-16T19:56:34,0016c001f10c2ef6,5.9,1.8,4.1,0.0,7809,700,7109,9.0,0.4,0.48,0.45,345841330,1677829828,3034,11682,1.3,233.9,3.1,2.0,136,82,0,0,0,0,0,0.0,0,0,0,0,0,0
971.9,2026-05-16T19:56:34,0016c001f10c2ef6,16.0,3.4,12.6,0.0,7809,699,7110,9.0,0.4,0.48,0.45,345845365,1677873354,4035,43526,1.3,233.9,3.1,2.0,136,82,0,0,0,0,0,0.0,0,0,0,0,0,0
972.4,2026-05-16T19:56:34,0016c001f10c2ef6,19.3,2.5,16.8,0.0,7809,700,7109,9.0,0.45,0.49,0.45,345848828,1677885036,3463,11682,1.3,233.9,3.1,2.0,136,82,0,0,0,0,0,0.0,0,0,0,0,0,0
972.8,2026-05-16T19:56:35,0016c001f10c2ef6,20.1,2.9,17.2,0.0,7809,701,7108,9.0,0.45,0.49,0.45,345852018,1677896718,3190,11682,1.3,233.9,3.1,2.0,136,82,0,0,0,0,0,0.0,0,0,0,0,0,0
973.3,2026-05-16T19:56:35,0016c001f10c2ef6,17.4,1.2,16.3,0.0,7809,702,7107,9.0,0.45,0.49,0.45,345855104,1677908400,3086,11682,1.3,233.9,3.1,2.0,136,82,0,0,0,0,0,0.0,0,0,0,0,0,0
973.7,2026-05-16T19:56:36,0016c001f10c2ef6,6.8,3.4,3.4,0.0,7809,702,7107,9.0,0.45,0.49,0.45,345859171,1677951848,4067,43448,1.3,233.9,3.1,2.0,136,82,0,0,0,0,0,0.0,0,0,0,0,0,0
974.1,2026-05-16T19:56:36,0016c001f10c2ef6,7.1,2.4,4.7,0.0,7809,701,7108,9.0,0.45,0.49,0.45,345862409,1677963530,3238,11682,1.3,233.9,3.1,2.0,136,82,0,0,0,0,0,0.0,0,0,0,0,0,0
974.6,2026-05-16T19:56:37,0016c001f10c2ef6,9.1,3.0,6.1,0.0,7809,701,7108,9.0,0.45,0.49,0.45,345865651,1677975278,3242,11748,1.3,233.9,3.1,2.0,136,82,0,0,0,0,0,0.0,0,0,0,0,0,0
975.1,2026-05-16T19:56:37,0016c001f10c2ef6,8.5,3.5,5.0,0.0,7809,702,7107,9.0,0.45,0.49,0.45,345868737,1677987026,3086,11748,1.3,233.9,3.1,2.0,136,82,0,0,0,0,0,0.0,0,0,0,0,0,0
975.6,2026-05-16T19:56:38,0016c001f10c2ef6,10.0,4.0,6.0,0.0,7809,702,7107,9.0,0.45,0.49,0.45,345872984,1678030696,4247,43670,1.3,233.9,3.1,2.0,136,82,0,0,0,0,0,0.0,0,0,0,0,0,0
976.2,2026-05-16T19:56:38,0016c001f10c2ef6,10.8,3.4,7.4,0.0,7809,702,7107,9.0,0.45,0.49,0.45,345875970,1678042444,2986,11748,1.3,233.9,3.1,2.0,136,82,0,0,0,0,0,0.0,0,0,0,0,0,0
976.6,2026-05-16T19:56:39,0016c001f10c2ef6,6.5,2.4,4.1,0.0,7809,702,7107,9.0,0.45,0.49,0.45,345879004,1678054126,3034,11682,1.3,233.9,3.1,2.0,136,82,0,0,0,0,0,0.0,0,0,0,0,0,0
977.0,2026-05-16T19:56:39,0016c001f10c2ef6,6.4,2.3,4.1,0.0,7809,701,7108,9.0,0.41,0.48,0.45,345882214,1678065894,3210,11768,1.3,233.9,3.1,2.0,136,82,0,0,0,0,0,0.0,0,0,0,0,0,0
977.5,2026-05-16T19:56:40,0016c001f10c2ef6,6.3,2.9,3.4,0.0,7809,701,7108,9.0,0.41,0.48,0.45,345885248,1678077576,3034,11682,1.3,233.9,3.1,2.0,136,82,0,0,0,0,0,0.0,0,0,0,0,0,0
977.9,2026-05-16T19:56:40,0016c001f10c2ef6,6.0,1.8,4.2,0.0,7809,701,7108,9.0,0.41,0.48,0.45,345889159,1678121024,3911,43448,1.3,233.9,3.1,2.0,136,82,0,0,0,0,0,0.0,0,0,0,0,0,0
978.3,2026-05-16T19:56:40,0016c001f10c2ef6,6.4,1.7,4.6,0.0,7809,700,7109,9.0,0.41,0.48,0.45,345892245,1678132706,3086,11682,1.3,233.9,3.1,2.0,136,82,0,0,0,0,0,0.0,0,0,0,0,0,0
978.8,2026-05-16T19:56:41,0016c001f10c2ef6,6.4,2.9,3.5,0.0,7809,701,7108,9.0,0.41,0.48,0.45,345895383,1678144388,3138,11682,1.3,233.9,3.1,2.0,136,82,0,0,0,0,0,0.0,0,0,0,0,0,0
979.2,2026-05-16T19:56:41,0016c001f10c2ef6,7.4,4.0,3.4,0.0,7809,701,7108,9.0,0.41,0.48,0.45,345898417,1678156070,3034,11682,1.3,233.9,3.1,2.0,136,82,0,0,0,0,0,0.0,0,0,0,0,0,0
979.6,2026-05-16T19:56:42,0016c001f10c2ef6,5.8,1.7,4.0,0.0,7809,700,7109,9.0,0.41,0.48,0.45,345901451,1678167768,3034,11698,1.3,233.9,3.1,2.0,136,82,0,0,0,0,0,0.0,0,0,0,0,0,0
980.1,2026-05-16T19:56:42,0016c001f10c2ef6,7.0,2.9,4.1,0.0,7809,701,7108,9.0,0.41,0.48,0.45,345905518,1678211216,4067,43448,1.3,233.9,3.1,2.0,136,82,0,0,0,0,0,0.0,0,0,0,0,0,0
980.5,2026-05-16T19:56:43,0016c001f10c2ef6,7.6,2.9,4.7,0.0,7809,700,7109,9.0,0.41,0.48,0.45,345908552,1678222898,3034,11682,1.3,233.9,3.1,2.0,136,82,0,0,0,0,0,0.0,0,0,0,0,0,0
980.9,2026-05-16T19:56:43,0016c001f10c2ef6,7.6,2.9,4.7,0.0,7809,700,7109,9.0,0.41,0.48,0.45,345911790,1678234580,3238,11682,1.3,233.9,3.1,2.0,136,82,0,0,0,0,0,0.0,0,0,0,0,0,0
981.4,2026-05-16T19:56:44,0016c001f10c2ef6,8.2,3.1,5.2,0.0,7809,701,7108,9.0,0.41,0.48,0.45,345914980,1678246328,3190,11748,1.3,233.9,3.1,2.0,136,82,0,0,0,0,0,0.0,0,0,0,0,0,0
981.9,2026-05-16T19:56:44,0016c001f10c2ef6,10.7,4.9,5.9,0.0,7809,701,7108,9.0,0.41,0.48,0.45,345919476,1678289842,4496,43514,1.3,233.9,3.1,2.0,136,82,0,0,0,0,0,0.0,0,0,0,0,0,0
982.5,2026-05-16T19:56:45,0016c001f10c2ef6,8.9,3.0,5.9,0.0,7809,701,7108,9.0,0.38,0.47,0.45,345922666,1678301590,3190,11748,1.3,233.9,3.1,2.0,136,82,0,0,0,0,0,0.0,0,0,0,0,0,0
983.0,2026-05-16T19:56:45,0016c001f10c2ef6,9.5,3.5,6.0,0.0,7809,700,7109,9.0,0.38,0.47,0.45,345925856,1678313338,3190,11748,1.3,233.9,3.1,2.0,136,82,0,0,0,0,0,0.0,0,0,0,0,0,0
983.5,2026-05-16T19:56:46,0016c001f10c2ef6,12.2,3.9,8.3,0.0,7809,700,7109,9.0,0.38,0.47,0.45,345928842,1678325086,2986,11748,1.3,233.9,3.1,2.0,136,82,0,0,0,0,0,0.0,0,0,0,0,0,0
983.9,2026-05-16T19:56:46,0016c001f10c2ef6,19.8,2.9,16.9,0.0,7809,700,7109,9.0,0.38,0.47,0.45,345932753,1678368534,3911,43448,1.3,233.9,3.1,2.0,136,82,0,0,0,0,0,0.0,0,0,0,0,0,0
984.4,2026-05-16T19:56:46,0016c001f10c2ef6,18.9,3.0,15.9,0.0,7809,700,7109,9.0,0.38,0.47,0.45,345935787,1678380216,3034,11682,1.3,233.9,3.1,2.0,136,82,0,0,0,0,0,0.0,0,0,0,0,0,0
984.8,2026-05-16T19:56:47,0016c001f10c2ef6,18.0,2.9,15.1,0.0,7809,700,7109,9.0,0.38,0.47,0.45,345938821,1678391898,3034,11682,1.3,233.9,3.1,2.0,136,82,0,0,0,0,0,0.0,0,0,0,0,0,0
985.2,2026-05-16T19:56:47,0016c001f10c2ef6,11.0,2.9,8.1,0.0,7809,700,7109,9.0,0.38,0.47,0.45,345941855,1678403580,3034,11682,1.3,233.9,3.1,2.0,136,82,0,0,0,0,0,0.0,0,0,0,0,0,0
985.7,2026-05-16T19:56:48,0016c001f10c2ef6,8.1,4.1,3.5,0.6,7809,701,7108,9.0,0.38,0.47,0.45,345944889,1678415262,3034,11682,1.3,233.9,3.1,2.0,136,82,0,0,0,0,0,0.0,0,0,0,0,0,0
986.1,2026-05-16T19:56:48,0016c001f10c2ef6,6.9,2.3,4.6,0.0,7809,701,7108,9.0,0.38,0.47,0.45,345949056,1678458710,4167,43448,1.3,233.9,3.1,2.0,136,82,0,0,0,0,0,0.0,0,0,0,0,0,0
986.6,2026-05-16T19:56:49,0016c001f10c2ef6,6.2,2.8,3.4,0.0,7809,701,7108,9.0,0.38,0.47,0.45,345952042,1678470392,2986,11682,1.3,233.9,3.1,2.0,136,82,0,0,0,0,0,0.0,0,0,0,0,0,0
987.0,2026-05-16T19:56:49,0016c001f10c2ef6,6.4,1.7,4.6,0.0,7809,701,7108,9.0,0.38,0.47,0.45,345955128,1678482074,3086,11682,1.3,233.9,3.1,2.0,136,82,0,0,0,0,0,0.0,0,0,0,0,0,0
987.4,2026-05-16T19:56:50,0016c001f10c2ef6,5.3,1.8,3.5,0.0,7809,701,7108,9.0,0.35,0.46,0.45,345958162,1678493756,3034,11682,1.3,233.9,3.1,2.0,136,82,0,0,0,0,0,0.0,0,0,0,0,0,0
987.9,2026-05-16T19:56:50,0016c001f10c2ef6,6.3,4.0,2.3,0.0,7809,702,7107,9.0,0.35,0.46,0.45,345962405,1678537282,4243,43526,1.3,233.9,3.1,2.0,136,82,0,0,0,0,0,0.0,0,0,0,0,0,0
988.3,2026-05-16T19:56:50,0016c001f10c2ef6,7.4,2.9,4.6,0.0,7809,701,7108,9.0,0.35,0.46,0.45,345965591,1678548964,3186,11682,1.3,233.9,3.1,2.0,136,82,0,0,0,0,0,0.0,0,0,0,0,0,0
988.8,2026-05-16T19:56:51,0016c001f10c2ef6,10.5,4.5,6.0,0.0,7809,702,7107,9.0,0.35,0.46,0.45,345968629,1678560712,3038,11748,1.3,233.9,3.1,2.0,136,82,0,0,0,0,0,0.0,0,0,0,0,0,0
989.2,2026-05-16T19:56:51,0016c001f10c2ef6,6.9,1.1,5.7,0.0,7809,701,7108,9.0,0.35,0.46,0.45,345971663,1678572394,3034,11682,1.3,233.9,3.1,2.0,136,82,0,0,0,0,0,0.0,0,0,0,0,0,0
989.7,2026-05-16T19:56:52,0016c001f10c2ef6,6.5,2.9,3.5,0.0,7809,701,7108,9.0,0.35,0.46,0.45,345974749,1678584076,3086,11682,1.3,233.9,3.1,2.0,136,82,0,0,0,0,0,0.0,0,0,0,0,0,0
990.1,2026-05-16T19:56:52,0016c001f10c2ef6,5.8,2.3,3.5,0.0,7809,701,7108,9.0,0.35,0.46,0.45,345978868,1678627524,4119,43448,1.3,233.9,3.1,2.0,136,82,0,0,0,0,0,0.0,0,0,0,0,0,0
990.5,2026-05-16T19:56:53,0016c001f10c2ef6,7.1,2.4,4.7,0.0,7809,701,7108,9.0,0.35,0.46,0.45,345981902,1678639206,3034,11682,1.3,233.9,3.1,2.0,136,82,0,0,0,0,0,0.0,0,0,0,0,0,0
991.0,2026-05-16T19:56:53,0016c001f10c2ef6,5.7,1.6,4.1,0.0,7809,701,7108,9.0,0.35,0.46,0.45,345984936,1678650888,3034,11682,1.3,233.9,3.1,2.0,136,82,0,0,0,0,0,0.0,0,0,0,0,0,0
991.5,2026-05-16T19:56:54,0016c001f10c2ef6,5.8,1.8,4.1,0.0,7809,701,7108,9.0,0.35,0.46,0.45,345987970,1678662570,3034,11682,1.3,233.9,3.1,2.0,136,82,0,0,0,0,0,0.0,0,0,0,0,0,0
991.9,2026-05-16T19:56:54,0016c001f10c2ef6,6.9,1.7,5.1,0.0,7809,701,7108,9.0,0.35,0.46,0.45,345992141,1678706018,4171,43448,1.3,233.9,3.1,2.0,136,82,0,0,0,0,0,0.0,0,0,0,0,0,0
992.3,2026-05-16T19:56:54,0016c001f10c2ef6,7.6,2.9,4.7,0.0,7809,700,7109,9.0,0.32,0.45,0.44,345995604,1678717700,3463,11682,1.3,233.9,3.1,2.0,136,82,0,0,0,0,0,0.0,0,0,0,0,0,0
992.8,2026-05-16T19:56:55,0016c001f10c2ef6,6.9,2.3,4.6,0.0,7809,700,7109,9.0,0.32,0.45,0.44,345998638,1678729382,3034,11682,1.3,233.9,3.1,2.0,136,82,0,0,0,0,0,0.0,0,0,0,0,0,0
993.2,2026-05-16T19:56:55,0016c001f10c2ef6,5.2,1.7,3.5,0.0,7809,700,7109,9.0,0.32,0.45,0.44,346001724,1678741064,3086,11682,1.3,233.9,3.1,2.0,136,82,0,0,0,0,0,0.0,0,0,0,0,0,0
993.6,2026-05-16T19:56:56,0016c001f10c2ef6,5.8,1.7,4.1,0.0,7809,700,7109,9.0,0.32,0.45,0.44,346004910,1678752746,3186,11682,1.3,233.9,3.1,2.0,136,82,0,0,0,0,0,0.0,0,0,0,0,0,0
994.1,2026-05-16T19:56:56,0016c001f10c2ef6,10.4,4.5,6.0,0.0,7809,698,7111,8.9,0.32,0.45,0.44,346008977,1678796260,4067,43514,1.3,233.9,3.1,2.0,136,82,0,0,0,0,0,0.0,0,0,0,0,0,0
994.7,2026-05-16T19:56:57,0016c001f10c2ef6,9.5,3.0,6.5,0.0,7809,700,7109,9.0,0.32,0.45,0.44,346012115,1678808008,3138,11748,1.3,233.9,3.1,2.0,136,82,0,0,0,0,0,0.0,0,0,0,0,0,0
995.2,2026-05-16T19:56:57,0016c001f10c2ef6,8.8,3.4,5.4,0.0,7809,701,7108,9.0,0.32,0.45,0.44,346015101,1678819756,2986,11748,1.3,233.9,3.1,2.0,136,82,0,0,0,0,0,0.0,0,0,0,0,0,0
995.6,2026-05-16T19:56:58,0016c001f10c2ef6,19.9,2.8,17.0,0.0,7809,701,7108,9.0,0.32,0.45,0.44,346018135,1678831438,3034,11682,1.3,233.9,3.1,2.0,136,82,0,0,0,0,0,0.0,0,0,0,0,0,0
996.1,2026-05-16T19:56:58,0016c001f10c2ef6,18.6,1.8,16.8,0.0,7809,701,7108,9.0,0.32,0.45,0.44,346022326,1678874964,4191,43526,1.3,233.9,3.1,2.0,136,82,0,0,0,0,0,0.0,0,0,0,0,0,0
996.5,2026-05-16T19:56:59,0016c001f10c2ef6,19.9,2.4,17.5,0.0,7809,701,7108,9.0,0.32,0.45,0.44,346025464,1678886646,3138,11682,1.3,233.9,3.1,2.0,136,82,0,0,0,0,0,0.0,0,0,0,0,0,0
996.9,2026-05-16T19:56:59,0016c001f10c2ef6,13.8,2.3,11.5,0.0,7809,700,7109,9.0,0.32,0.45,0.44,346028498,1678898328,3034,11682,1.3,233.9,3.1,2.0,136,82,0,0,0,0,0,0.0,0,0,0,0,0,0
997.4,2026-05-16T19:56:59,0016c001f10c2ef6,6.3,1.7,4.6,0.0,7809,701,7108,9.0,0.3,0.45,0.44,346031584,1678910010,3086,11682,1.3,233.9,3.1,2.0,136,82,0,0,0,0,0,0.0,0,0,0,0,0,0
997.8,2026-05-16T19:57:00,0016c001f10c2ef6,6.2,2.3,4.0,0.0,7809,701,7108,9.0,0.3,0.45,0.44,346034670,1678921692,3086,11682,1.3,233.9,3.1,2.0,136,82,0,0,0,0,0,0.0,0,0,0,0,0,0
998.3,2026-05-16T19:57:00,0016c001f10c2ef6,7.1,2.9,4.1,0.0,7809,701,7108,9.0,0.3,0.45,0.44,346038633,1678965140,3963,43448,1.3,233.9,3.1,2.0,136,82,0,0,0,0,0,0.0,0,0,0,0,0,0
998.7,2026-05-16T19:57:01,0016c001f10c2ef6,6.5,2.4,4.1,0.0,7809,701,7108,9.0,0.3,0.45,0.44,346041771,1678976822,3138,11682,1.3,233.9,3.1,2.0,136,82,0,0,0,0,0,0.0,0,0,0,0,0,0
999.1,2026-05-16T19:57:01,0016c001f10c2ef6,6.4,1.8,4.7,0.0,7809,700,7109,9.0,0.3,0.45,0.44,346044805,1678988504,3034,11682,1.3,233.9,3.1,2.0,136,82,0,0,0,0,0,0.0,0,0,0,0,0,0
999.6,2026-05-16T19:57:02,0016c001f10c2ef6,5.7,2.9,2.9,0.0,7809,701,7108,9.0,0.3,0.45,0.44,346047839,1679000186,3034,11682,1.3,233.9,3.1,2.0,136,82,0,0,0,0,0,0.0,0,0,0,0,0,0
1000.0,2026-05-16T19:57:02,0016c001f10c2ef6,5.9,1.8,4.1,0.0,7809,700,7109,9.0,0.3,0.45,0.44,346051438,1679032816,3599,32630,1.3,233.9,3.1,2.0,136,82,0,0,0,0,0,0.0,0,0,0,0,0,0
1000.4,2026-05-16T19:57:03,0016c001f10c2ef6,7.1,3.8,3.3,0.0,7809,700,7109,9.0,0.3,0.45,0.44,346055144,1679055316,3706,22500,1.3,233.9,3.1,2.0,136,82,0,0,0,0,0,0.0,0,0,0,0,0,0
1001.0,2026-05-16T19:57:03,0016c001f10c2ef6,8.9,4.0,5.0,0.0,7809,700,7109,9.0,0.3,0.45,0.44,346058130,1679067064,2986,11748,1.3,233.9,3.1,2.0,136,82,0,0,0,0,0,0.0,0,0,0,0,0,0
1001.4,2026-05-16T19:57:03,0016c001f10c2ef6,5.4,1.8,3.6,0.0,7809,700,7109,9.0,0.3,0.45,0.44,346061164,1679078746,3034,11682,1.3,233.9,3.1,2.0,136,82,0,0,0,0,0,0.0,0,0,0,0,0,0
1001.8,2026-05-16T19:57:04,0016c001f10c2ef6,7.3,3.4,3.9,0.0,7809,701,7108,9.0,0.3,0.45,0.44,346064198,1679090428,3034,11682,1.3,233.9,3.1,2.0,136,82,0,0,0,0,0,0.0,0,0,0,0,0,0
1002.3,2026-05-16T19:57:04,0016c001f10c2ef6,7.1,2.4,4.7,0.0,7809,700,7109,9.0,0.27,0.44,0.44,346068794,1679133876,4596,43448,1.3,233.9,3.1,2.0,136,82,0,0,0,0,0,0.0,0,0,0,0,0,0
1002.7,2026-05-16T19:57:05,0016c001f10c2ef6,5.7,1.7,4.0,0.0,7809,702,7107,9.0,0.27,0.44,0.44,346071780,1679145558,2986,11682,1.3,233.9,3.1,2.0,136,82,0,0,0,0,0,0.0,0,0,0,0,0,0
1003.2,2026-05-16T19:57:05,0016c001f10c2ef6,6.6,2.8,3.9,0.0,7809,702,7107,9.0,0.27,0.44,0.44,346074866,1679157240,3086,11682,1.3,233.9,3.1,2.0,136,82,0,0,0,0,0,0.0,0,0,0,0,0,0
1003.6,2026-05-16T19:57:06,0016c001f10c2ef6,6.9,2.9,3.4,0.6,7809,701,7108,9.0,0.27,0.44,0.44,346077900,1679168922,3034,11682,1.3,233.9,3.1,2.0,136,82,0,0,0,0,0,0.0,0,0,0,0,0,0
1004.0,2026-05-16T19:57:06,0016c001f10c2ef6,7.1,2.4,4.7,0.0,7809,701,7108,9.0,0.27,0.44,0.44,346081006,1679180682,3106,11760,1.3,233.9,3.1,2.0,136,82,0,0,0,0,0,0.0,0,0,0,0,0,0
1004.4,2026-05-16T19:57:07,0016c001f10c2ef6,6.5,2.4,4.2,0.0,7809,701,7108,9.0,0.27,0.44,0.44,346084917,1679224130,3911,43448,1.3,233.9,3.1,2.0,136,82,0,0,0,0,0,0.0,0,0,0,0,0,0
1004.9,2026-05-16T19:57:07,0016c001f10c2ef6,6.8,2.3,4.5,0.0,7809,701,7108,9.0,0.27,0.44,0.44,346087951,1679235812,3034,11682,1.3,233.9,3.1,2.0,136,82,0,0,0,0,0,0.0,0,0,0,0,0,0
1005.3,2026-05-16T19:57:07,0016c001f10c2ef6,5.7,2.3,3.4,0.0,7809,701,7108,9.0,0.27,0.44,0.44,346090985,1679247494,3034,11682,1.3,233.9,3.1,2.0,136,82,0,0,0,0,0,0.0,0,0,0,0,0,0
1005.8,2026-05-16T19:57:08,0016c001f10c2ef6,6.4,2.3,4.1,0.0,7809,701,7108,9.0,0.27,0.44,0.44,346094199,1679259332,3214,11838,1.3,233.9,3.1,2.0,136,82,0,0,0,0,0,0.0,0,0,0,0,0,0
1006.3,2026-05-16T19:57:08,0016c001f10c2ef6,9.9,3.0,6.9,0.0,7809,699,7110,9.0,0.27,0.44,0.44,346098366,1679302846,4167,43514,1.3,233.9,3.1,2.0,136,82,0,0,0,0,0,0.0,0,0,0,0,0,0
1006.8,2026-05-16T19:57:09,0016c001f10c2ef6,8.3,3.1,5.2,0.0,7809,700,7109,9.0,0.27,0.44,0.44,346101352,1679314594,2986,11748,1.3,233.9,3.1,2.0,136,82,0,0,0,0,0,0.0,0,0,0,0,0,0
1007.2,2026-05-16T19:57:09,0016c001f10c2ef6,13.4,2.9,10.5,0.0,7809,702,7107,9.0,0.33,0.45,0.44,346104386,1679326276,3034,11682,1.3,233.9,3.1,2.0,136,82,0,0,0,0,0,0.0,0,0,0,0,0,0
1007.6,2026-05-16T19:57:10,0016c001f10c2ef6,18.3,1.8,16.5,0.0,7809,699,7110,9.0,0.33,0.45,0.44,346107420,1679337958,3034,11682,1.3,233.9,3.1,2.0,136,82,0,0,0,0,0,0.0,0,0,0,0,0,0
1008.1,2026-05-16T19:57:10,0016c001f10c2ef6,18.7,1.2,17.5,0.0,7809,700,7109,9.0,0.33,0.45,0.44,346110454,1679349640,3034,11682,1.3,233.9,3.1,2.0,136,82,0,0,0,0,0,0.0,0,0,0,0,0,0
1008.5,2026-05-16T19:57:11,0016c001f10c2ef6,20.6,3.5,17.1,0.0,7809,700,7109,9.0,0.33,0.45,0.44,346114365,1679393088,3911,43448,1.3,233.9,3.1,2.0,136,82,0,0,0,0,0,0.0,0,0,0,0,0,0
1009.0,2026-05-16T19:57:11,0016c001f10c2ef6,6.3,1.7,4.6,0.0,7809,702,7107,9.0,0.33,0.45,0.44,346117399,1679404770,3034,11682,1.3,233.9,3.1,2.0,136,82,0,0,0,0,0,0.0,0,0,0,0,0,0
1009.4,2026-05-16T19:57:11,0016c001f10c2ef6,5.3,1.8,3.5,0.0,7809,702,7107,9.0,0.33,0.45,0.44,346120433,1679416452,3034,11682,1.3,233.9,3.1,2.0,136,82,0,0,0,0,0,0.0,0,0,0,0,0,0
1009.8,2026-05-16T19:57:12,0016c001f10c2ef6,6.7,1.7,5.1,0.0,7809,702,7107,9.0,0.33,0.45,0.44,346123519,1679428134,3086,11682,1.3,233.9,3.1,2.0,136,82,0,0,0,0,0,0.0,0,0,0,0,0,0
1010.3,2026-05-16T19:57:12,0016c001f10c2ef6,6.4,1.7,4.6,0.0,7809,701,7108,9.0,0.33,0.45,0.44,346127326,1679471582,3807,43448,1.3,233.9,3.1,2.0,136,82,0,0,0,0,0,0.0,0,0,0,0,0,0
1010.8,2026-05-16T19:57:13,0016c001f10c2ef6,8.8,3.9,4.9,0.0,7809,700,7109,9.0,0.33,0.45,0.44,346130360,1679483264,3034,11682,1.3,233.9,3.1,2.0,136,82,0,0,0,0,0,0.0,0,0,0,0,0,0
1011.2,2026-05-16T19:57:13,0016c001f10c2ef6,5.7,1.7,4.0,0.0,7809,701,7108,9.0,0.33,0.45,0.44,346133394,1679494946,3034,11682,1.3,233.9,3.1,2.0,136,82,0,0,0,0,0,0.0,0,0,0,0,0,0
1011.7,2026-05-16T19:57:14,0016c001f10c2ef6,6.8,2.8,4.0,0.0,7809,699,7110,9.0,0.33,0.45,0.44,346136632,1679506628,3238,11682,1.3,233.9,3.1,2.0,136,82,0,0,0,0,0,0.0,0,0,0,0,0,0
1012.2,2026-05-16T19:57:14,0016c001f10c2ef6,9.0,3.0,6.0,0.0,7809,700,7109,9.0,0.3,0.44,0.44,346140996,1679550220,4364,43592,1.3,233.8,3.1,2.0,136,82,0,0,0,0,0,0.0,0,0,0,0,0,0
1012.6,2026-05-16T19:57:15,0016c001f10c2ef6,8.7,2.9,5.8,0.0,7809,701,7108,9.0,0.3,0.44,0.44,346144082,1679562585,3086,12365,1.3,233.8,3.1,2.0,136,82,0,0,0,0,0,0.0,0,0,0,0,0,0
1013.0,2026-05-16T19:57:15,0016c001f10c2ef6,7.1,2.4,4.8,0.0,7809,701,7108,9.0,0.3,0.44,0.44,346147168,1679574267,3086,11682,1.3,233.8,3.1,2.0,136,82,0,0,0,0,0,0.0,0,0,0,0,0,0
1013.5,2026-05-16T19:57:16,0016c001f10c2ef6,7.0,2.9,4.1,0.0,7809,701,7108,9.0,0.3,0.44,0.44,346150300,1679587551,3132,13284,1.3,233.8,3.1,2.0,136,82,0,0,0,0,0,0.0,0,0,0,0,0,0
1013.9,2026-05-16T19:57:16,0016c001f10c2ef6,7.3,3.4,4.0,0.0,7809,702,7107,9.0,0.3,0.44,0.44,346153334,1679599233,3034,11682,1.3,233.8,3.1,2.0,136,82,0,0,0,0,0,0.0,0,0,0,0,0,0
1014.4,2026-05-16T19:57:16,0016c001f10c2ef6,5.2,0.6,4.6,0.0,7809,701,7108,9.0,0.3,0.44,0.44,346157401,1679642681,4067,43448,1.3,233.8,3.1,2.0,136,82,0,0,0,0,0,0.0,0,0,0,0,0,0
1014.8,2026-05-16T19:57:17,0016c001f10c2ef6,7.1,2.9,3.5,0.6,7809,702,7107,9.0,0.3,0.44,0.44,346160435,1679654363,3034,11682,1.3,233.8,3.1,2.0,136,82,0,0,0,0,0,0.0,0,0,0,0,0,0
1015.2,2026-05-16T19:57:17,0016c001f10c2ef6,7.0,2.9,4.1,0.0,7809,702,7107,9.0,0.3,0.44,0.44,346163469,1679666045,3034,11682,1.3,233.8,3.1,2.0,136,82,0,0,0,0,0,0.0,0,0,0,0,0,0
1015.7,2026-05-16T19:57:18,0016c001f10c2ef6,6.4,3.5,2.9,0.0,7809,701,7108,9.0,0.3,0.44,0.44,346166503,1679677727,3034,11682,1.3,233.8,3.1,2.0,137,83,1,1,0,0,0,0.0,0,0,0,0,0,0
1016.1,2026-05-16T19:57:18,0016c001f10c2ef6,6.9,2.3,4.6,0.0,7809,702,7107,9.0,0.3,0.44,0.44,346169641,1679689409,3138,11682,1.3,233.8,3.1,2.0,137,83,0,0,0,0,0,0.0,0,0,0,0,0,0
1016.5,2026-05-16T19:57:19,0016c001f10c2ef6,7.3,3.4,4.0,0.0,7809,701,7108,9.0,0.3,0.44,0.44,346173656,1679732857,4015,43448,1.3,233.8,3.1,2.0,137,83,0,0,0,0,0,0.0,0,0,0,0,0,0
1017.0,2026-05-16T19:57:19,0016c001f10c2ef6,5.9,1.8,4.1,0.0,7809,701,7108,9.0,0.3,0.44,0.44,346176790,1679744539,3134,11682,1.3,233.8,3.1,2.0,137,83,0,0,0,0,0,0.0,0,0,0,0,0,0
1017.5,2026-05-16T19:57:20,0016c001f10c2ef6,9.0,2.0,7.0,0.0,7809,701,7108,9.0,0.28,0.43,0.44,346179776,1679756287,2986,11748,1.3,233.8,3.1,2.0,137,83,0,0,0,0,0,0.0,0,0,0,0,0,0
1017.9,2026-05-16T19:57:20,0016c001f10c2ef6,6.4,3.5,2.9,0.0,7809,701,7108,9.0,0.28,0.43,0.44,346182810,1679767969,3034,11682,1.3,233.8,3.1,2.0,137,83,0,0,0,0,0,0.0,0,0,0,0,0,0
1018.4,2026-05-16T19:57:20,0016c001f10c2ef6,5.7,1.7,4.0,0.0,7809,699,7110,9.0,0.28,0.43,0.44,346186669,1679811417,3859,43448,1.3,233.8,3.1,2.0,137,83,0,0,0,0,0,0.0,0,0,0,0,0,0
1018.8,2026-05-16T19:57:21,0016c001f10c2ef6,9.5,2.4,7.1,0.0,7809,698,7111,8.9,0.28,0.43,0.44,346189703,1679823099,3034,11682,1.3,233.8,3.1,2.0,137,83,0,0,0,0,0,0.0,0,0,0,0,0,0
1019.2,2026-05-16T19:57:21,0016c001f10c2ef6,19.8,1.7,18.0,0.0,7809,700,7109,9.0,0.28,0.43,0.44,346192737,1679834781,3034,11682,1.3,233.8,3.1,2.0,137,83,0,0,0,0,0,0.0,0,0,0,0,0,0
1019.7,2026-05-16T19:57:22,0016c001f10c2ef6,18.8,2.4,16.5,0.0,7809,701,7108,9.0,0.28,0.43,0.44,346195771,1679846463,3034,11682,1.3,233.8,3.1,2.0,137,83,0,0,0,0,0,0.0,0,0,0,0,0,0
1020.1,2026-05-16T19:57:22,0016c001f10c2ef6,19.9,2.4,17.5,0.0,7809,701,7108,9.0,0.28,0.43,0.44,346198877,1679858223,3106,11760,1.3,233.8,3.1,2.0,137,83,0,0,0,0,0,0.0,0,0,0,0,0,0
1020.5,2026-05-16T19:57:23,0016c001f10c2ef6,16.0,2.4,11.8,1.8,7809,700,7109,9.0,0.28,0.43,0.44,346202788,1679901671,3911,43448,1.3,233.8,3.1,2.0,137,83,0,0,0,0,0,0.0,0,0,0,0,0,0
1021.0,2026-05-16T19:57:23,0016c001f10c2ef6,5.8,2.3,3.5,0.0,7809,700,7109,9.0,0.28,0.43,0.44,346205822,1679913353,3034,11682,1.3,233.8,3.1,2.0,137,83,0,0,0,0,0,0.0,0,0,0,0,0,0
1021.4,2026-05-16T19:57:23,0016c001f10c2ef6,6.8,1.7,5.1,0.0,7809,702,7107,9.0,0.28,0.43,0.44,346208856,1679925035,3034,11682,1.3,233.8,3.1,2.0,137,83,0,0,0,0,0,0.0,0,0,0,0,0,0
1021.8,2026-05-16T19:57:24,0016c001f10c2ef6,5.9,3.0,3.0,0.0,7809,702,7107,9.0,0.28,0.43,0.44,346211942,1679936717,3086,11682,1.3,233.8,3.1,2.0,137,83,0,0,0,0,0,0.0,0,0,0,0,0,0
1022.3,2026-05-16T19:57:24,0016c001f10c2ef6,6.9,1.1,5.7,0.0,7809,702,7107,9.0,0.26,0.42,0.44,346215505,1679948399,3563,11682,1.3,233.8,3.1,2.0,137,83,0,0,0,0,0,0.0,0,0,0,0,0,0
1022.8,2026-05-16T19:57:25,0016c001f10c2ef6,10.8,5.7,5.2,0.0,7809,701,7108,9.0,0.26,0.42,0.44,346219472,1679991913,3967,43514,1.3,233.8,3.1,2.0,137,83,0,0,0,0,0,0.0,0,0,0,0,0,0
1023.2,2026-05-16T19:57:25,0016c001f10c2ef6,9.1,2.8,6.2,0.0,7809,702,7107,9.0,0.26,0.42,0.44,346222662,1680004278,3190,12365,1.3,233.8,3.1,2.0,137,83,0,0,0,0,0,0.0,0,0,0,0,0,0
1023.6,2026-05-16T19:57:26,0016c001f10c2ef6,6.4,2.3,4.0,0.0,7809,702,7107,9.0,0.26,0.42,0.44,346225742,1680017542,3080,13264,1.3,233.8,3.1,2.0,137,83,0,0,0,0,0,0.0,0,0,0,0,0,0
1024.1,2026-05-16T19:57:26,0016c001f10c2ef6,6.9,2.3,4.6,0.0,7809,701,7108,9.0,0.26,0.42,0.44,346228776,1680029224,3034,11682,1.3,233.8,3.1,2.0,137,83,0,0,0,0,0,0.0,0,0,0,0,0,0
1024.5,2026-05-16T19:57:27,0016c001f10c2ef6,6.7,2.2,4.5,0.0,7809,701,7108,9.0,0.26,0.42,0.44,346232843,1680072672,4067,43448,1.3,233.8,3.1,2.0,137,83,0,0,0,0,0,0.0,0,0,0,0,0,0
1025.0,2026-05-16T19:57:27,0016c001f10c2ef6,7.6,1.8,5.8,0.0,7809,702,7107,9.0,0.26,0.42,0.44,346235949,1680084440,3106,11768,1.3,233.8,3.1,2.0,137,83,0,0,0,0,0,0.0,0,0,0,0,0,0
1025.4,2026-05-16T19:57:27,0016c001f10c2ef6,6.5,2.4,4.1,0.0,7809,701,7108,9.0,0.26,0.42,0.44,346238983,1680096122,3034,11682,1.3,233.8,3.1,2.0,137,83,0,0,0,0,0,0.0,0,0,0,0,0,0
1025.8,2026-05-16T19:57:28,0016c001f10c2ef6,8.2,2.9,4.7,0.6,7809,700,7109,9.0,0.26,0.42,0.44,346242017,1680107804,3034,11682,1.3,233.8,3.1,2.0,137,83,0,0,0,0,0,0.0,0,0,0,0,0,0
1026.2,2026-05-16T19:57:28,0016c001f10c2ef6,6.4,3.5,2.9,0.0,7809,700,7109,9.0,0.26,0.42,0.44,346245051,1680119486,3034,11682,1.3,233.8,3.1,2.0,137,83,0,0,0,0,0,0.0,0,0,0,0,0,0
1026.7,2026-05-16T19:57:29,0016c001f10c2ef6,6.9,2.3,4.6,0.0,7809,701,7108,9.0,0.26,0.42,0.44,346248962,1680162934,3911,43448,1.3,233.8,3.1,2.0,137,83,0,0,0,0,0,0.0,0,0,0,0,0,0
1027.1,2026-05-16T19:57:29,0016c001f10c2ef6,6.9,2.3,4.6,0.0,7809,701,7108,9.0,0.24,0.42,0.43,346252148,1680174616,3186,11682,1.3,233.8,3.1,2.0,137,83,0,0,0,0,0,0.0,0,0,0,0,0,0
1027.6,2026-05-16T19:57:30,0016c001f10c2ef6,6.7,2.8,3.9,0.0,7809,701,7108,9.0,0.24,0.42,0.43,346255234,1680186298,3086,11682,1.3,233.8,3.1,2.0,137,83,0,0,0,0,0,0.0,0,0,0,0,0,0
1028.1,2026-05-16T19:57:30,0016c001f10c2ef6,9.0,3.0,6.0,0.0,7809,701,7108,9.0,0.24,0.42,0.43,346258320,1680198046,3086,11748,1.3,233.8,3.1,2.0,137,83,0,0,0,0,0,0.0,0,0,0,0,0,0
1028.5,2026-05-16T19:57:31,0016c001f10c2ef6,6.3,2.3,4.0,0.0,7809,701,7108,9.0,0.24,0.42,0.43,346262339,1680241494,4019,43448,1.3,233.8,3.1,2.0,137,83,0,0,0,0,0,0.0,0,0,0,0,0,0
1029.0,2026-05-16T19:57:31,0016c001f10c2ef6,9.3,3.8,5.5,0.0,7809,701,7108,9.0,0.24,0.42,0.43,346265373,1680253176,3034,11682,1.3,233.8,3.1,2.0,137,83,0,0,0,0,0,0.0,0,0,0,0,0,0
1029.4,2026-05-16T19:57:31,0016c001f10c2ef6,5.3,1.8,3.5,0.0,7809,702,7107,9.0,0.24,0.42,0.43,346268507,1680264858,3134,11682,1.3,233.8,3.1,2.0,137,83,0,0,0,0,0,0.0,0,0,0,0,0,0
1029.8,2026-05-16T19:57:32,0016c001f10c2ef6,6.5,2.9,3.5,0.0,7809,702,7107,9.0,0.24,0.42,0.43,346271493,1680276540,2986,11682,1.3,233.8,3.1,2.0,137,83,0,0,0,0,0,0.0,0,0,0,0,0,0
1030.3,2026-05-16T19:57:32,0016c001f10c2ef6,5.6,2.2,3.3,0.0,7809,701,7108,9.0,0.24,0.42,0.43,346274527,1680288222,3034,11682,1.3,233.8,3.1,2.0,137,83,0,0,0,0,0,0.0,0,0,0,0,0,0
1030.7,2026-05-16T19:57:33,0016c001f10c2ef6,12.9,2.3,10.5,0.0,7809,701,7108,9.0,0.24,0.42,0.43,346278594,1680331670,4067,43448,1.3,233.8,3.1,2.0,137,83,0,0,0,0,0,0.0,0,0,0,0,0,0
1031.2,2026-05-16T19:57:33,0016c001f10c2ef6,19.2,1.7,17.4,0.0,7809,701,7108,9.0,0.24,0.42,0.43,346281680,1680343352,3086,11682,1.3,233.8,3.1,2.0,137,83,0,0,0,0,0,0.0,0,0,0,0,0,0
1031.6,2026-05-16T19:57:34,0016c001f10c2ef6,18.5,2.4,16.1,0.0,7809,701,7108,9.0,0.24,0.42,0.43,346284814,1680355034,3134,11682,1.3,233.8,3.1,2.0,137,83,0,0,0,0,0,0.0,0,0,0,0,0,0
1032.0,2026-05-16T19:57:34,0016c001f10c2ef6,19.0,1.2,17.9,0.0,7809,700,7109,9.0,0.24,0.42,0.43,346288229,1680366716,3415,11682,1.3,233.8,3.1,2.0,137,83,0,0,0,0,0,0.0,0,0,0,0,0,0
1032.5,2026-05-16T19:57:35,0016c001f10c2ef6,8.1,1.7,6.4,0.0,7809,700,7109,9.0,0.22,0.41,0.43,346292192,1680410164,3963,43448,1.3,233.8,3.1,2.0,137,83,0,0,0,0,0,0.0,0,0,0,0,0,0
1032.9,2026-05-16T19:57:35,0016c001f10c2ef6,7.3,2.8,4.5,0.0,7809,700,7109,9.0,0.22,0.41,0.43,346295378,1680421846,3186,11682,1.3,233.8,3.1,2.0,137,83,0,0,0,0,0,0.0,0,0,0,0,0,0
1033.4,2026-05-16T19:57:35,0016c001f10c2ef6,12.1,4.2,7.4,0.5,7809,700,7109,9.0,0.22,0.41,0.43,346298770,1680437361,3392,15515,1.3,233.7,3.1,2.0,137,83,0,0,0,0,0,0.0,0,0,0,0,0,0
1033.9,2026-05-16T19:57:36,0016c001f10c2ef6,9.5,2.5,7.0,0.0,7809,700,7109,9.0,0.22,0.41,0.43,346302012,1680449109,3242,11748,1.3,233.7,3.1,2.0,137,83,0,0,0,0,0,0.0,0,0,0,0,0,0
1034.4,2026-05-16T19:57:37,0016c001f10c2ef6,10.2,3.9,6.3,0.0,7809,701,7108,9.0,0.22,0.41,0.43,346305202,1680460857,3190,11748,1.3,233.9,3.1,2.0,137,83,0,0,0,0,0,0.0,0,0,0,0,0,0
1034.9,2026-05-16T19:57:37,0016c001f10c2ef6,10.6,4.0,6.5,0.0,7809,701,7108,9.0,0.22,0.41,0.43,346309165,1680504452,3963,43595,1.3,233.9,3.1,2.0,137,83,0,0,0,0,0,0.0,0,0,0,0,0,0
1035.4,2026-05-16T19:57:38,0016c001f10c2ef6,8.5,3.0,5.5,0.0,7809,701,7108,9.0,0.22,0.41,0.43,346312483,1680516356,3318,11904,1.3,233.9,3.1,2.0,137,83,0,0,0,0,0,0.0,0,0,0,0,0,0
1036.0,2026-05-16T19:57:38,0016c001f10c2ef6,9.1,3.5,5.6,0.0,7809,702,7107,9.0,0.22,0.41,0.43,346315541,1680528182,3058,11826,1.3,233.9,3.1,2.0,137,83,0,0,0,0,0,0.0,0,0,0,0,0,0
1036.4,2026-05-16T19:57:38,0016c001f10c2ef6,9.1,4.6,4.6,0.0,7809,701,7108,9.0,0.22,0.41,0.43,346318673,1680542113,3132,13931,1.3,233.9,3.1,2.0,137,83,0,0,0,0,0,0.0,0,0,0,0,0,0
1036.8,2026-05-16T19:57:39,0016c001f10c2ef6,7.7,3.6,4.2,0.0,7809,701,7108,9.0,0.22,0.41,0.43,346322532,1680585642,3859,43529,1.3,233.9,3.1,2.0,137,83,0,0,0,0,0,0.0,0,0,0,0,0,0
1037.3,2026-05-16T19:57:39,0016c001f10c2ef6,5.8,2.3,3.5,0.0,7809,701,7108,9.0,0.2,0.4,0.43,346325618,1680597324,3086,11682,1.3,233.9,3.1,2.0,137,83,0,0,0,0,0,0.0,0,0,0,0,0,0
1037.7,2026-05-16T19:57:40,0016c001f10c2ef6,6.9,1.2,5.8,0.0,7809,701,7108,9.0,0.2,0.4,0.43,346328652,1680609006,3034,11682,1.3,233.9,3.1,2.0,137,83,0,0,0,0,0,0.0,0,0,0,0,0,0
1038.1,2026-05-16T19:57:40,0016c001f10c2ef6,6.9,2.3,4.6,0.0,7809,701,7108,9.0,0.2,0.4,0.43,346331686,1680620688,3034,11682,1.3,233.9,3.1,2.0,137,83,0,0,0,0,0,0.0,0,0,0,0,0,0
1038.6,2026-05-16T19:57:41,0016c001f10c2ef6,5.3,1.2,4.1,0.0,7809,700,7109,9.0,0.2,0.4,0.43,346335493,1680664217,3807,43529,1.3,233.9,3.1,2.0,137,83,0,0,0,0,0,0.0,0,0,0,0,0,0
1039.0,2026-05-16T19:57:41,0016c001f10c2ef6,9.4,3.9,5.5,0.0,7809,701,7108,9.0,0.2,0.4,0.43,346338735,1680675899,3242,11682,1.3,233.9,3.1,2.0,137,83,0,0,0,0,0,0.0,0,0,0,0,0,0
1039.4,2026-05-16T19:57:42,0016c001f10c2ef6,5.3,2.3,2.9,0.0,7809,701,7108,9.0,0.2,0.4,0.43,346341769,1680687581,3034,11682,1.3,233.9,3.1,2.0,137,83,0,0,0,0,0,0.0,0,0,0,0,0,0
1039.9,2026-05-16T19:57:42,0016c001f10c2ef6,5.9,1.8,4.1,0.0,7809,701,7108,9.0,0.2,0.4,0.43,346344803,1680699263,3034,11682,1.3,233.9,3.1,2.0,137,83,0,0,0,0,0,0.0,0,0,0,0,0,0
1040.3,2026-05-16T19:57:42,0016c001f10c2ef6,7.5,2.9,4.6,0.0,7809,701,7108,9.0,0.2,0.4,0.43,346347837,1680710945,3034,11682,1.3,233.9,3.1,2.0,137,83,0,0,0,0,0,0.0,0,0,0,0,0,0
1040.7,2026-05-16T19:57:43,0016c001f10c2ef6,7.7,3.0,4.7,0.0,7809,699,7110,9.0,0.2,0.4,0.43,346351900,1680754474,4063,43529,1.3,233.9,3.1,2.0,137,83,0,0,0,0,0,0.0,0,0,0,0,0,0
1041.2,2026-05-16T19:57:43,0016c001f10c2ef6,9.7,3.6,6.2,0.0,7809,699,7110,9.0,0.2,0.4,0.43,346354886,1680766222,2986,11748,1.3,233.9,3.1,2.0,137,83,0,0,0,0,0,0.0,0,0,0,0,0,0
1041.7,2026-05-16T19:57:44,0016c001f10c2ef6,6.2,1.7,4.5,0.0,7809,700,7109,9.0,0.2,0.4,0.43,346357972,1680777904,3086,11682,1.3,233.9,3.1,2.0,137,83,0,0,0,0,0,0.0,0,0,0,0,0,0
1042.1,2026-05-16T19:57:44,0016c001f10c2ef6,6.9,2.3,4.6,0.0,7809,701,7108,9.0,0.18,0.4,0.43,346361435,1680789586,3463,11682,1.3,233.9,3.1,2.0,137,83,0,0,0,0,0,0.0,0,0,0,0,0,0
1042.5,2026-05-16T19:57:45,0016c001f10c2ef6,12.7,1.8,10.8,0.0,7809,701,7108,9.0,0.18,0.4,0.43,346364469,1680801268,3034,11682,1.3,233.9,3.1,2.0,137,83,0,0,0,0,0,0.0,0,0,0,0,0,0
1043.0,2026-05-16T19:57:45,0016c001f10c2ef6,20.1,4.1,16.0,0.0,7809,701,7108,9.0,0.18,0.4,0.43,346368432,1680844863,3963,43595,1.3,234.0,3.1,2.0,137,83,0,0,0,0,0,0.0,0,0,0,0,0,0
1043.4,2026-05-16T19:57:45,0016c001f10c2ef6,19.5,2.9,16.7,0.0,7809,701,7108,9.0,0.18,0.4,0.43,346371466,1680856545,3034,11682,1.3,234.0,3.1,2.0,137,83,0,0,0,0,0,0.0,0,0,0,0,0,0
1043.9,2026-05-16T19:57:46,0016c001f10c2ef6,19.4,2.3,17.1,0.0,7809,701,7108,9.0,0.18,0.4,0.43,346374676,1680868305,3210,11760,1.3,234.0,3.1,2.0,137,83,0,0,0,0,0,0.0,0,0,0,0,0,0
1044.3,2026-05-16T19:57:46,0016c001f10c2ef6,6.9,2.3,4.6,0.0,7809,701,7108,9.0,0.18,0.4,0.43,346377710,1680879987,3034,11682,1.3,234.0,3.1,2.0,137,83,0,0,0,0,0,0.0,0,0,0,0,0,0
1044.7,2026-05-16T19:57:47,0016c001f10c2ef6,5.3,1.8,3.5,0.0,7809,702,7107,9.0,0.18,0.4,0.43,346381621,1680923516,3911,43529,1.3,234.0,3.1,2.0,137,83,0,0,0,0,0,0.0,0,0,0,0,0,0
1045.2,2026-05-16T19:57:47,0016c001f10c2ef6,7.1,3.6,3.6,0.0,7809,702,7107,9.0,0.18,0.4,0.43,346384707,1680935198,3086,11682,1.3,234.0,3.1,2.0,137,83,0,0,0,0,0,0.0,0,0,0,0,0,0
1045.6,2026-05-16T19:57:48,0016c001f10c2ef6,6.4,1.8,4.7,0.0,7809,702,7107,9.0,0.18,0.4,0.43,346387741,1680946880,3034,11682,1.3,234.0,3.1,2.0,140,86,3,3,0,0,0,0.0,0,0,0,0,0,0
1046.0,2026-05-16T19:57:48,0016c001f10c2ef6,7.9,4.5,3.4,0.0,7809,701,7108,9.0,0.18,0.4,0.43,346390875,1680958562,3134,11682,1.3,234.0,3.1,2.0,140,86,0,0,0,0,0,0.0,0,0,0,0,0,0
1046.5,2026-05-16T19:57:49,0016c001f10c2ef6,9.3,3.1,6.2,0.0,7809,702,7107,9.0,0.18,0.4,0.43,346394117,1680970993,3242,12431,1.3,234.0,3.1,2.0,140,86,0,0,0,0,0,0.0,0,0,0,0,0,0
1047.0,2026-05-16T19:57:49,0016c001f10c2ef6,12.9,6.0,6.5,0.5,7809,700,7109,9.0,0.18,0.4,0.43,346398132,1681014588,4015,43595,1.3,234.0,3.1,2.0,140,86,0,0,0,0,0,0.0,0,0,0,0,0,0
1047.6,2026-05-16T19:57:50,0016c001f10c2ef6,9.9,4.0,5.9,0.0,7809,699,7110,9.0,0.17,0.39,0.42,346401368,1681027931,3236,13343,1.3,233.9,3.1,2.0,140,86,0,0,0,0,0,0.0,0,0,0,0,0,0
1048.1,2026-05-16T19:57:50,0016c001f10c2ef6,8.5,3.0,5.5,0.0,7809,699,7110,9.0,0.17,0.39,0.42,346404506,1681039679,3138,11748,1.3,233.9,3.1,2.0,140,86,0,0,0,0,0,0.0,0,0,0,0,0,0
1048.6,2026-05-16T19:57:51,0016c001f10c2ef6,9.9,2.5,7.4,0.0,7809,700,7109,9.0,0.17,0.39,0.42,346407644,1681051427,3138,11748,1.3,233.9,3.1,2.0,140,86,0,0,0,0,0,0.0,0,0,0,0,0,0
1049.1,2026-05-16T19:57:51,0016c001f10c2ef6,10.5,4.5,6.0,0.0,7809,701,7108,9.0,0.17,0.39,0.42,346411867,1681095022,4223,43595,1.3,233.9,3.1,2.0,140,86,0,0,0,0,0,0.0,0,0,0,0,0,0
1049.6,2026-05-16T19:57:52,0016c001f10c2ef6,9.0,4.0,5.0,0.0,7809,700,7109,9.0,0.17,0.39,0.42,346414853,1681106770,2986,11748,1.3,233.9,3.1,2.0,140,86,0,0,0,0,0,0.0,0,0,0,0,0,0
1050.0,2026-05-16T19:57:52,0016c001f10c2ef6,5.1,2.6,2.6,0.0,7809,701,7108,9.0,0.17,0.39,0.42,346417887,1681118452,3034,11682,1.3,233.9,3.1,2.0,140,86,0,0,0,0,0,0.0,0,0,0,0,0,0
1050.5,2026-05-16T19:57:53,0016c001f10c2ef6,5.1,1.7,3.4,0.0,7809,700,7109,9.0,0.17,0.39,0.42,346420921,1681130134,3034,11682,1.3,233.9,3.1,2.0,140,86,0,0,0,0,0,0.0,0,0,0,0,0,0
1051.0,2026-05-16T19:57:53,0016c001f10c2ef6,8.1,4.0,4.0,0.0,7809,701,7108,9.0,0.17,0.39,0.42,346424780,1681173663,3859,43529,1.3,233.9,3.1,2.0,140,86,0,0,0,0,0,0.0,0,0,0,0,0,0
1051.4,2026-05-16T19:57:53,0016c001f10c2ef6,6.9,1.7,5.2,0.0,7809,701,7108,9.0,0.17,0.39,0.42,346427814,1681185345,3034,11682,1.3,233.9,3.1,2.0,140,86,0,0,0,0,0,0.0,0,0,0,0,0,0
1051.8,2026-05-16T19:57:54,0016c001f10c2ef6,5.2,1.7,3.5,0.0,7809,701,7108,9.0,0.17,0.39,0.42,346430920,1681197105,3106,11760,1.3,233.9,3.1,2.0,140,86,0,0,0,0,0,0.0,0,0,0,0,0,0
1052.3,2026-05-16T19:57:54,0016c001f10c2ef6,6.9,2.3,4.6,0.0,7809,701,7108,9.0,0.15,0.38,0.42,346434383,1681208787,3463,11682,1.3,233.9,3.1,2.0,140,86,0,0,0,0,0,0.0,0,0,0,0,0,0
1052.7,2026-05-16T19:57:55,0016c001f10c2ef6,6.5,1.8,4.7,0.0,7809,701,7108,9.0,0.15,0.38,0.42,346437417,1681220469,3034,11682,1.3,233.9,3.1,2.0,140,86,0,0,0,0,0,0.0,0,0,0,0,0,0
1053.1,2026-05-16T19:57:55,0016c001f10c2ef6,9.2,3.5,5.8,0.0,7809,701,7108,9.0,0.15,0.38,0.42,346441328,1681263998,3911,43529,1.3,233.9,3.1,2.0,140,86,0,0,0,0,0,0.0,0,0,0,0,0,0
1053.6,2026-05-16T19:57:56,0016c001f10c2ef6,5.2,2.3,2.9,0.0,7809,700,7109,9.0,0.15,0.38,0.42,346444362,1681275680,3034,11682,1.3,233.9,3.1,2.0,140,86,0,0,0,0,0,0.0,0,0,0,0,0,0
1054.0,2026-05-16T19:57:56,0016c001f10c2ef6,7.5,3.4,4.0,0.0,7809,700,7109,9.0,0.15,0.38,0.42,346447448,1681287362,3086,11682,1.3,233.9,3.1,2.0,140,86,0,0,0,0,0,0.0,0,0,0,0,0,0
1054.5,2026-05-16T19:57:57,0016c001f10c2ef6,15.7,2.3,13.4,0.0,7809,701,7108,9.0,0.15,0.38,0.42,346450638,1681299044,3190,11682,1.3,233.9,3.1,2.0,140,86,0,0,0,0,0,0.0,0,0,0,0,0,0
1054.9,2026-05-16T19:57:57,0016c001f10c2ef6,19.8,2.2,17.6,0.0,7809,700,7109,9.0,0.15,0.38,0.42,346454549,1681342639,3911,43595,1.3,233.9,3.1,2.0,140,86,0,0,0,0,0,0.0,0,0,0,0,0,0
1055.4,2026-05-16T19:57:57,0016c001f10c2ef6,18.9,2.4,16.6,0.0,7809,700,7109,9.0,0.15,0.38,0.42,346457583,1681354321,3034,11682,1.3,233.9,3.1,2.0,140,86,0,0,0,0,0,0.0,0,0,0,0,0,0
1055.8,2026-05-16T19:57:58,0016c001f10c2ef6,14.3,2.3,12.0,0.0,7809,700,7109,9.0,0.15,0.38,0.42,346460721,1681366003,3138,11682,1.3,233.9,3.1,2.0,140,86,0,0,0,0,0,0.0,0,0,0,0,0,0
1056.3,2026-05-16T19:57:58,0016c001f10c2ef6,6.0,2.2,3.8,0.0,7809,700,7109,9.0,0.15,0.38,0.42,346463807,1681377685,3086,11682,1.3,233.9,3.1,2.0,140,86,0,0,0,0,0,0.0,0,0,0,0,0,0
1056.7,2026-05-16T19:57:59,0016c001f10c2ef6,6.3,2.3,4.0,0.0,7809,701,7108,9.0,0.15,0.38,0.42,346466945,1681391160,3138,13475,1.3,233.9,3.1,2.0,140,86,0,0,0,0,0,0.0,0,0,0,0,0,0
1057.1,2026-05-16T19:57:59,0016c001f10c2ef6,11.0,4.6,5.8,0.6,7809,701,7108,9.0,0.14,0.38,0.42,346470980,1681434856,4035,43696,1.3,233.9,3.1,2.0,140,86,0,0,0,0,0,0.0,0,0,0,0,0,0
1057.6,2026-05-16T19:58:00,0016c001f10c2ef6,6.2,2.8,3.4,0.0,7809,701,7108,9.0,0.14,0.38,0.42,346474112,1681448508,3132,13652,1.3,233.9,3.1,2.0,140,86,0,0,0,0,0,0.0,0,0,0,0,0,0
1058.0,2026-05-16T19:58:00,0016c001f10c2ef6,6.9,3.4,3.4,0.0,7809,701,7108,9.0,0.14,0.38,0.42,346477146,1681460190,3034,11682,1.3,233.9,3.1,2.0,140,86,0,0,0,0,0,0.0,0,0,0,0,0,0
1058.5,2026-05-16T19:58:01,0016c001f10c2ef6,4.6,1.7,2.9,0.0,7809,701,7108,9.0,0.14,0.38,0.42,346480232,1681471872,3086,11682,1.3,233.9,3.1,2.0,140,86,0,0,0,0,0,0.0,0,0,0,0,0,0
1058.9,2026-05-16T19:58:01,0016c001f10c2ef6,8.0,3.4,4.5,0.0,7809,701,7108,9.0,0.14,0.38,0.42,346484351,1681515482,4119,43610,1.3,234.1,3.1,2.0,140,86,0,0,0,0,0,0.0,0,0,0,0,0,0
1059.3,2026-05-16T19:58:01,0016c001f10c2ef6,7.1,2.9,4.1,0.0,7809,701,7108,9.0,0.14,0.38,0.42,346487385,1681527164,3034,11682,1.3,234.1,3.1,2.0,140,86,0,0,0,0,0,0.0,0,0,0,0,0,0
1059.8,2026-05-16T19:58:02,0016c001f10c2ef6,9.3,3.6,5.7,0.0,7809,701,7108,9.0,0.14,0.38,0.42,346490419,1681538912,3034,11748,1.3,234.1,3.1,2.0,140,86,0,0,0,0,0,0.0,0,0,0,0,0,0
1060.3,2026-05-16T19:58:02,0016c001f10c2ef6,5.7,2.3,3.4,0.0,7809,701,7108,9.0,0.14,0.38,0.42,346493505,1681550594,3086,11682,1.3,234.1,3.1,2.0,140,86,0,0,0,0,0,0.0,0,0,0,0,0,0
1060.7,2026-05-16T19:58:03,0016c001f10c2ef6,7.9,3.4,4.5,0.0,7809,701,7108,9.0,0.14,0.38,0.42,346496539,1681562276,3034,11682,1.3,234.1,3.1,2.0,140,86,0,0,0,0,0,0.0,0,0,0,0,0,0
1061.1,2026-05-16T19:58:03,0016c001f10c2ef6,8.6,2.9,5.7,0.0,7809,701,7108,9.0,0.14,0.38,0.42,346500502,1681605886,3963,43610,1.3,234.2,3.1,2.0,140,86,0,0,0,0,0,0.0,0,0,0,0,0,0
1061.6,2026-05-16T19:58:04,0016c001f10c2ef6,5.1,1.1,3.9,0.0,7809,701,7108,9.0,0.14,0.38,0.42,346503588,1681617568,3086,11682,1.3,234.2,3.1,2.0,140,86,0,0,0,0,0,0.0,0,0,0,0,0,0
1062.0,2026-05-16T19:58:04,0016c001f10c2ef6,5.8,2.3,3.5,0.0,7809,701,7108,9.0,0.14,0.38,0.42,346506674,1681629250,3086,11682,1.3,234.2,3.1,2.0,140,86,0,0,0,0,0,0.0,0,0,0,0,0,0
1062.5,2026-05-16T19:58:05,0016c001f10c2ef6,5.7,1.7,4.0,0.0,7809,702,7107,9.0,0.13,0.37,0.42,346510137,1681640932,3463,11682,1.3,234.2,3.1,2.0,140,86,0,0,0,0,0,0.0,0,0,0,0,0,0
1062.9,2026-05-16T19:58:05,0016c001f10c2ef6,7.5,2.3,5.2,0.0,7809,702,7107,9.0,0.13,0.37,0.42,346513171,1681652614,3034,11682,1.3,233.8,3.1,2.0,140,86,0,0,0,0,0,0.0,0,0,0,0,0,0
1063.3,2026-05-16T19:58:05,0016c001f10c2ef6,8.0,2.9,5.1,0.0,7809,701,7108,9.0,0.13,0.37,0.42,346517082,1681696224,3911,43610,1.3,233.8,3.1,2.0,140,86,0,0,0,0,0,0.0,0,0,0,0,0,0
1063.8,2026-05-16T19:58:06,0016c001f10c2ef6,6.3,1.1,5.2,0.0,7809,701,7108,9.0,0.13,0.37,0.42,346520168,1681707906,3086,11682,1.3,233.8,3.1,2.0,140,86,0,0,0,0,0,0.0,0,0,0,0,0,0
1064.2,2026-05-16T19:58:06,0016c001f10c2ef6,6.3,1.7,4.6,0.0,7809,701,7108,9.0,0.13,0.37,0.42,346523302,1681719588,3134,11682,1.3,233.8,3.1,2.0,140,86,0,0,0,0,0,0.0,0,0,0,0,0,0
1064.7,2026-05-16T19:58:07,0016c001f10c2ef6,5.7,2.3,3.4,0.0,7809,701,7108,9.0,0.13,0.37,0.42,346526492,1681731270,3190,11682,1.3,233.8,3.1,2.0,140,86,0,0,0,0,0,0.0,0,0,0,0,0,0
1065.2,2026-05-16T19:58:07,0016c001f10c2ef6,10.0,3.0,7.0,0.0,7809,701,7108,9.0,0.13,0.37,0.42,346530559,1681775012,4067,43742,1.3,233.8,3.1,2.0,140,86,0,0,0,0,0,0.0,0,0,0,0,0,0
1065.7,2026-05-16T19:58:08,0016c001f10c2ef6,12.1,6.3,5.8,0.0,7809,700,7109,9.0,0.13,0.37,0.42,346533929,1681786916,3370,11904,1.3,233.8,3.1,2.0,140,86,0,0,0,0,0,0.0,0,0,0,0,0,0
1066.2,2026-05-16T19:58:08,0016c001f10c2ef6,17.2,2.1,15.1,0.0,7809,699,7110,9.0,0.13,0.37,0.42,346536915,1681798664,2986,11748,1.3,233.8,3.1,2.0,140,86,0,0,0,0,0,0.0,0,0,0,0,0,0
1066.6,2026-05-16T19:58:09,0016c001f10c2ef6,18.1,1.1,16.9,0.0,7809,699,7110,9.0,0.13,0.37,0.42,346540001,1681810346,3086,11682,1.3,233.8,3.1,2.0,140,86,0,0,0,0,0,0.0,0,0,0,0,0,0
1067.1,2026-05-16T19:58:09,0016c001f10c2ef6,19.4,2.9,16.6,0.0,7809,700,7109,9.0,0.2,0.38,0.42,346544120,1681853956,4119,43610,1.3,233.8,3.1,2.0,140,86,0,0,0,0,0,0.0,0,0,0,0,0,0
1067.6,2026-05-16T19:58:10,0016c001f10c2ef6,13.2,1.0,12.3,0.0,7809,702,7107,9.0,0.2,0.38,0.42,346547154,1681865638,3034,11682,1.3,233.8,3.1,2.0,140,86,0,0,0,0,0,0.0,0,0,0,0,0,0
1068.1,2026-05-16T19:58:10,0016c001f10c2ef6,7.3,2.3,5.1,0.0,7809,701,7108,9.0,0.2,0.38,0.42,346550360,1681877398,3206,11760,1.3,233.8,3.1,2.0,140,86,0,0,0,0,0,0.0,0,0,0,0,0,0
1068.5,2026-05-16T19:58:11,0016c001f10c2ef6,6.2,3.4,2.8,0.0,7809,701,7108,9.0,0.2,0.38,0.42,346553346,1681889080,2986,11682,1.3,233.8,3.1,2.0,140,86,0,0,0,0,0,0.0,0,0,0,0,0,0
1068.9,2026-05-16T19:58:11,0016c001f10c2ef6,7.0,2.9,4.1,0.0,7809,701,7108,9.0,0.2,0.38,0.42,346556380,1681900762,3034,11682,1.3,233.8,3.1,2.0,140,86,0,0,0,0,0,0.0,0,0,0,0,0,0
1069.4,2026-05-16T19:58:11,0016c001f10c2ef6,7.3,2.2,4.5,0.6,7809,701,7108,9.0,0.2,0.38,0.42,346560551,1681944372,4171,43610,1.3,233.8,3.1,2.0,140,86,0,0,0,0,0,0.0,0,0,0,0,0,0
1069.8,2026-05-16T19:58:12,0016c001f10c2ef6,6.4,1.8,4.7,0.0,7809,701,7108,9.0,0.2,0.38,0.42,346563585,1681956054,3034,11682,1.3,233.8,3.1,2.0,140,86,0,0,0,0,0,0.0,0,0,0,0,0,0
1070.3,2026-05-16T19:58:12,0016c001f10c2ef6,5.8,2.9,2.9,0.0,7809,701,7108,9.0,0.2,0.38,0.42,346566619,1681967736,3034,11682,1.3,233.8,3.1,2.0,140,86,0,0,0,0,0,0.0,0,0,0,0,0,0
1070.7,2026-05-16T19:58:13,0016c001f10c2ef6,7.1,4.2,3.0,0.0,7809,700,7109,9.0,0.2,0.38,0.42,346569653,1681979418,3034,11682,1.3,233.8,3.1,2.0,140,86,0,0,0,0,0,0.0,0,0,0,0,0,0
1071.1,2026-05-16T19:58:13,0016c001f10c2ef6,6.9,3.4,3.4,0.0,7809,701,7108,9.0,0.2,0.38,0.42,346573872,1682023028,4219,43610,1.3,233.8,3.1,2.0,140,86,0,0,0,0,0,0.0,0,0,0,0,0,0
1071.6,2026-05-16T19:58:14,0016c001f10c2ef6,10.3,3.9,6.4,0.0,7809,702,7107,9.0,0.2,0.38,0.42,346576858,1682034776,2986,11748,1.3,233.8,3.1,2.0,140,86,0,0,0,0,0,0.0,0,0,0,0,0,0
1072.1,2026-05-16T19:58:14,0016c001f10c2ef6,7.3,2.3,5.1,0.0,7809,702,7107,9.0,0.18,0.37,0.42,346580373,1682046458,3515,11682,1.3,233.8,3.1,2.0,140,86,0,0,0,0,0,0.0,0,0,0,0,0,0
1072.5,2026-05-16T19:58:15,0016c001f10c2ef6,5.2,1.7,3.5,0.0,7809,702,7107,9.0,0.18,0.37,0.42,346583407,1682058140,3034,11682,1.3,233.8,3.1,2.0,140,86,0,0,0,0,0,0.0,0,0,0,0,0,0
1073.0,2026-05-16T19:58:15,0016c001f10c2ef6,5.7,2.3,3.4,0.0,7809,702,7107,9.0,0.18,0.37,0.42,346586597,1682069822,3190,11682,1.3,233.8,3.1,2.0,140,86,0,0,0,0,0,0.0,0,0,0,0,0,0
1073.4,2026-05-16T19:58:16,0016c001f10c2ef6,7.9,2.8,5.1,0.0,7809,702,7107,9.0,0.18,0.37,0.42,346590716,1682113432,4119,43610,1.3,233.8,3.1,2.0,140,86,0,0,0,0,0,0.0,0,0,0,0,0,0
1073.9,2026-05-16T19:58:16,0016c001f10c2ef6,6.4,2.3,4.0,0.0,7809,701,7108,9.0,0.18,0.37,0.42,346593802,1682125114,3086,11682,1.3,233.8,3.1,2.0,140,86,0,0,0,0,0,0.0,0,0,0,0,0,0
1074.3,2026-05-16T19:58:16,0016c001f10c2ef6,6.4,2.3,4.1,0.0,7809,701,7108,9.0,0.18,0.37,0.42,346596836,1682136796,3034,11682,1.3,233.8,3.1,2.0,140,86,0,0,0,0,0,0.0,0,0,0,0,0,0
1074.7,2026-05-16T19:58:17,0016c001f10c2ef6,5.8,2.3,2.9,0.6,7809,701,7108,9.0,0.18,0.37,0.42,346599870,1682148478,3034,11682,1.3,233.8,3.1,2.0,140,86,0,0,0,0,0,0.0,0,0,0,0,0,0
1075.2,2026-05-16T19:58:17,0016c001f10c2ef6,5.8,2.3,3.5,0.0,7809,701,7108,9.0,0.18,0.37,0.42,346603833,1682192088,3963,43610,1.3,233.8,3.1,2.0,140,86,0,0,0,0,0,0.0,0,0,0,0,0,0
1075.6,2026-05-16T19:58:18,0016c001f10c2ef6,8.5,3.4,5.1,0.0,7809,701,7108,9.0,0.18,0.37,0.42,346606919,1682203770,3086,11682,1.3,233.8,3.1,2.0,142,88,2,2,0,0,0,0.0,0,0,0,0,0,0
1076.0,2026-05-16T19:58:18,0016c001f10c2ef6,10.3,5.2,5.2,0.0,7809,702,7107,9.0,0.18,0.37,0.42,346610077,1682215530,3158,11760,1.3,233.8,3.1,2.0,142,88,0,0,0,0,0,0.0,0,0,0,0,0,0
1076.5,2026-05-16T19:58:19,0016c001f10c2ef6,6.9,2.3,4.6,0.0,7809,702,7107,9.0,0.18,0.37,0.42,346613211,1682227212,3134,11682,1.3,233.8,3.1,2.0,142,88,0,0,0,0,0,0.0,0,0,0,0,0,0
1077.0,2026-05-16T19:58:19,0016c001f10c2ef6,9.0,4.5,4.5,0.0,7809,702,7107,9.0,0.18,0.37,0.42,346616349,1682238960,3138,11748,1.3,233.8,3.1,2.0,142,88,0,0,0,0,0,0.0,0,0,0,0,0,0
1077.5,2026-05-16T19:58:20,0016c001f10c2ef6,10.7,4.4,6.3,0.0,7809,700,7109,9.0,0.17,0.37,0.41,346620368,1682282702,4019,43742,1.3,233.8,3.1,2.0,142,88,0,0,0,0,0,0.0,0,0,0,0,0,0
1078.0,2026-05-16T19:58:20,0016c001f10c2ef6,17.0,1.1,15.9,0.0,7809,700,7109,9.0,0.17,0.37,0.41,346623402,1682294384,3034,11682,1.3,233.8,3.1,2.0,142,88,0,0,0,0,0,0.0,0,0,0,0,0,0
1078.4,2026-05-16T19:58:20,0016c001f10c2ef6,20.2,3.0,17.3,0.0,7809,701,7108,9.0,0.17,0.37,0.41,346626436,1682306066,3034,11682,1.3,233.8,3.1,2.0,142,88,0,0,0,0,0,0.0,0,0,0,0,0,0
1078.9,2026-05-16T19:58:21,0016c001f10c2ef6,18.9,1.8,17.2,0.0,7809,701,7108,9.0,0.17,0.37,0.41,346629470,1682317748,3034,11682,1.3,233.8,3.1,2.0,142,88,0,0,0,0,0,0.0,0,0,0,0,0,0
1079.3,2026-05-16T19:58:21,0016c001f10c2ef6,15.6,1.8,13.8,0.0,7809,701,7108,9.0,0.17,0.37,0.41,346633689,1682361358,4219,43610,1.3,233.8,3.1,2.0,142,88,0,0,0,0,0,0.0,0,0,0,0,0,0
1079.7,2026-05-16T19:58:22,0016c001f10c2ef6,6.4,2.3,4.0,0.0,7809,701,7108,9.0,0.17,0.37,0.41,346636727,1682373040,3038,11682,1.3,233.8,3.1,2.0,142,88,0,0,0,0,0,0.0,0,0,0,0,0,0
1080.2,2026-05-16T19:58:22,0016c001f10c2ef6,7.3,2.3,4.5,0.6,7809,701,7108,9.0,0.17,0.37,0.41,346639761,1682384722,3034,11682,1.3,233.8,3.1,2.0,142,88,0,0,0,0,0,0.0,0,0,0,0,0,0
1080.6,2026-05-16T19:58:23,0016c001f10c2ef6,5.8,1.7,4.0,0.0,7809,700,7109,9.0,0.17,0.37,0.41,346642795,1682396404,3034,11682,1.3,233.8,3.1,2.0,142,88,0,0,0,0,0,0.0,0,0,0,0,0,0
1081.0,2026-05-16T19:58:23,0016c001f10c2ef6,5.9,2.4,3.6,0.0,7809,702,7107,9.0,0.17,0.37,0.41,346645829,1682408086,3034,11682,1.3,233.8,3.1,2.0,142,88,0,0,0,0,0,0.0,0,0,0,0,0,0
1081.5,2026-05-16T19:58:24,0016c001f10c2ef6,7.5,2.9,4.6,0.0,7809,702,7107,9.0,0.17,0.37,0.41,346649740,1682451696,3911,43610,1.3,233.8,3.1,2.0,142,88,0,0,0,0,0,0.0,0,0,0,0,0,0
1081.9,2026-05-16T19:58:24,0016c001f10c2ef6,8.7,3.5,4.0,1.2,7809,703,7106,9.0,0.17,0.37,0.41,346652826,1682463378,3086,11682,1.3,233.8,3.1,2.0,142,88,0,0,0,0,0,0.0,0,0,0,0,0,0
1082.4,2026-05-16T19:58:24,0016c001f10c2ef6,5.7,1.7,4.0,0.0,7809,702,7107,9.0,0.24,0.38,0.42,346656441,1682475060,3615,11682,1.3,233.8,3.1,2.0,142,88,0,0,0,0,0,0.0,0,0,0,0,0,0
1082.8,2026-05-16T19:58:25,0016c001f10c2ef6,5.9,2.4,3.6,0.0,7809,702,7107,9.0,0.24,0.38,0.42,346659631,1682486742,3190,11682,1.3,233.8,3.1,2.0,142,88,0,0,0,0,0,0.0,0,0,0,0,0,0
1083.3,2026-05-16T19:58:25,0016c001f10c2ef6,9.4,4.5,5.0,0.0,7809,702,7107,9.0,0.24,0.38,0.42,346663546,1682530418,3915,43676,1.3,233.8,3.1,2.0,142,88,0,0,0,0,0,0.0,0,0,0,0,0,0
1083.7,2026-05-16T19:58:26,0016c001f10c2ef6,8.0,3.4,4.6,0.0,7809,702,7107,9.0,0.24,0.38,0.42,346666632,1682542100,3086,11682,1.3,233.8,3.1,2.0,142,88,0,0,0,0,0,0.0,0,0,0,0,0,0
1084.2,2026-05-16T19:58:26,0016c001f10c2ef6,6.9,2.3,4.6,0.0,7809,702,7107,9.0,0.24,0.38,0.42,346669738,1682553860,3106,11760,1.3,233.8,3.1,2.0,142,88,0,0,0,0,0,0.0,0,0,0,0,0,0
1084.6,2026-05-16T19:58:27,0016c001f10c2ef6,5.7,1.7,4.0,0.0,7809,701,7108,9.0,0.24,0.38,0.42,346672876,1682565542,3138,11682,1.3,233.8,3.1,2.0,142,88,0,0,0,0,0,0.0,0,0,0,0,0,0
1085.0,2026-05-16T19:58:27,0016c001f10c2ef6,6.9,2.3,4.6,0.0,7809,702,7107,9.0,0.24,0.38,0.42,346675910,1682577224,3034,11682,1.3,233.8,3.1,2.0,142,88,0,0,0,0,0,0.0,0,0,0,0,0,0
1085.5,2026-05-16T19:58:28,0016c001f10c2ef6,7.4,2.3,5.1,0.0,7809,702,7107,9.0,0.24,0.38,0.42,346680029,1682620834,4119,43610,1.3,233.9,3.1,2.0,142,88,0,0,0,0,0,0.0,0,0,0,0,0,0
1085.9,2026-05-16T19:58:28,0016c001f10c2ef6,7.1,1.6,5.5,0.0,7809,702,7107,9.0,0.24,0.38,0.42,346683063,1682632516,3034,11682,1.3,233.9,3.1,2.0,142,88,0,0,0,0,0,0.0,0,0,0,0,0,0
1086.4,2026-05-16T19:58:28,0016c001f10c2ef6,6.3,1.7,4.6,0.0,7809,701,7108,9.0,0.24,0.38,0.42,346686097,1682644198,3034,11682,1.3,233.9,3.1,2.0,142,88,0,0,0,0,0,0.0,0,0,0,0,0,0
1086.8,2026-05-16T19:58:29,0016c001f10c2ef6,6.8,1.1,5.6,0.0,7809,701,7108,9.0,0.24,0.38,0.42,346689131,1682655880,3034,11682,1.3,233.9,3.1,2.0,142,88,0,0,0,0,0,0.0,0,0,0,0,0,0
1087.2,2026-05-16T19:58:29,0016c001f10c2ef6,5.9,3.6,2.4,0.0,7809,701,7108,9.0,0.22,0.37,0.42,346692165,1682667562,3034,11682,1.3,233.9,3.1,2.0,142,88,0,0,0,0,0,0.0,0,0,0,0,0,0
1087.7,2026-05-16T19:58:30,0016c001f10c2ef6,7.7,3.6,4.1,0.0,7809,700,7109,9.0,0.22,0.37,0.42,346696232,1682711172,4067,43610,1.3,233.9,3.1,2.0,142,88,0,0,0,0,0,0.0,0,0,0,0,0,0
1088.1,2026-05-16T19:58:30,0016c001f10c2ef6,5.7,2.3,3.4,0.0,7809,700,7109,9.0,0.22,0.37,0.42,346699470,1682722854,3238,11682,1.3,233.8,3.1,2.0,142,88,0,0,0,0,0,0.0,0,0,0,0,0,0
1088.6,2026-05-16T19:58:31,0016c001f10c2ef6,8.0,2.5,5.5,0.0,7809,701,7108,9.0,0.22,0.37,0.42,346702608,1682734602,3138,11748,1.3,233.9,3.1,2.0,142,88,0,0,0,0,0,0.0,0,0,0,0,0,0
1089.1,2026-05-16T19:58:31,0016c001f10c2ef6,9.2,2.6,6.6,0.0,7809,701,7108,9.0,0.22,0.37,0.42,346705870,1682746436,3262,11834,1.3,233.9,3.1,2.0,142,88,0,0,0,0,0,0.0,0,0,0,0,0,0
1089.6,2026-05-16T19:58:32,0016c001f10c2ef6,15.8,3.4,12.3,0.0,7809,702,7107,9.0,0.22,0.37,0.42,346709785,1682790112,3915,43676,1.3,233.9,3.1,2.0,142,88,0,0,0,0,0,0.0,0,0,0,0,0,0
1090.1,2026-05-16T19:58:32,0016c001f10c2ef6,18.3,1.2,17.2,0.0,7809,702,7107,9.0,0.22,0.37,0.42,346712871,1682801794,3086,11682,1.3,233.8,3.1,2.0,142,88,0,0,0,0,0,0.0,0,0,0,0,0,0
1090.5,2026-05-16T19:58:33,0016c001f10c2ef6,19.6,3.0,16.7,0.0,7809,702,7107,9.0,0.22,0.37,0.42,346715905,1682813476,3034,11682,1.3,233.8,3.1,2.0,142,88,0,0,0,0,0,0.0,0,0,0,0,0,0
1091.0,2026-05-16T19:58:33,0016c001f10c2ef6,18.8,1.2,17.6,0.0,7809,702,7107,9.0,0.22,0.37,0.42,346718991,1682825158,3086,11682,1.3,233.8,3.1,2.0,142,88,0,0,0,0,0,0.0,0,0,0,0,0,0
1091.4,2026-05-16T19:58:33,0016c001f10c2ef6,6.3,3.4,2.9,0.0,7809,702,7107,9.0,0.22,0.37,0.42,346723110,1682868768,4119,43610,1.3,233.9,3.1,2.0,142,88,0,0,0,0,0,0.0,0,0,0,0,0,0
1091.8,2026-05-16T19:58:34,0016c001f10c2ef6,7.1,2.9,4.1,0.0,7809,702,7107,9.0,0.22,0.37,0.42,346726144,1682880450,3034,11682,1.3,233.9,3.1,2.0,142,88,0,0,0,0,0,0.0,0,0,0,0,0,0
1092.3,2026-05-16T19:58:34,0016c001f10c2ef6,7.3,2.8,4.0,0.6,7809,702,7107,9.0,0.2,0.37,0.41,346729711,1682892132,3567,11682,1.3,233.9,3.1,2.0,142,88,0,0,0,0,0,0.0,0,0,0,0,0,0
1092.7,2026-05-16T19:58:35,0016c001f10c2ef6,7.0,1.7,5.2,0.0,7809,702,7107,9.0,0.2,0.37,0.41,346732849,1682903814,3138,11682,1.3,233.9,3.1,2.0,142,88,0,0,0,0,0,0.0,0,0,0,0,0,0
1093.2,2026-05-16T19:58:35,0016c001f10c2ef6,7.4,3.4,4.0,0.0,7809,702,7107,9.0,0.2,0.37,0.41,346735883,1682915496,3034,11682,1.3,233.9,3.1,2.0,142,88,0,0,0,0,0,0.0,0,0,0,0,0,0
1093.6,2026-05-16T19:58:36,0016c001f10c2ef6,4.7,1.2,3.5,0.0,7809,702,7107,9.0,0.2,0.37,0.41,346739846,1682959106,3963,43610,1.3,233.9,3.1,2.0,142,88,0,0,0,0,0,0.0,0,0,0,0,0,0
1094.0,2026-05-16T19:58:36,0016c001f10c2ef6,7.4,4.5,2.8,0.0,7809,701,7108,9.0,0.2,0.37,0.41,346742932,1682970788,3086,11682,1.3,233.9,3.1,2.0,142,88,0,0,0,0,0,0.0,0,0,0,0,0,0
1094.5,2026-05-16T19:58:37,0016c001f10c2ef6,6.7,1.7,5.0,0.0,7809,701,7108,9.0,0.2,0.37,0.41,346746170,1682982470,3238,11682,1.3,233.9,3.1,2.0,142,88,0,0,0,0,0,0.0,0,0,0,0,0,0
1095.0,2026-05-16T19:58:37,0016c001f10c2ef6,10.2,3.6,6.6,0.0,7809,701,7108,9.0,0.2,0.37,0.41,346749208,1682994218,3038,11748,1.3,233.9,3.1,2.0,142,88,0,0,0,0,0,0.0,0,0,0,0,0,0
1095.4,2026-05-16T19:58:37,0016c001f10c2ef6,5.3,1.2,4.1,0.0,7809,702,7107,9.0,0.2,0.37,0.41,346752318,1683006056,3110,11838,1.3,233.9,3.1,2.0,142,88,0,0,0,0,0,0.0,0,0,0,0,0,0
1095.8,2026-05-16T19:58:38,0016c001f10c2ef6,8.2,2.9,5.3,0.0,7809,703,7106,9.0,0.2,0.37,0.41,346756333,1683049666,4015,43610,1.3,233.9,3.1,2.0,142,88,0,0,0,0,0,0.0,0,0,0,0,0,0
1096.3,2026-05-16T19:58:38,0016c001f10c2ef6,6.8,2.3,4.5,0.0,7809,702,7107,9.0,0.2,0.37,0.41,346759367,1683061348,3034,11682,1.3,233.9,3.1,2.0,142,88,0,0,0,0,0,0.0,0,0,0,0,0,0
1096.7,2026-05-16T19:58:39,0016c001f10c2ef6,4.1,0.6,3.6,0.0,7809,702,7107,9.0,0.2,0.37,0.41,346762453,1683073030,3086,11682,1.3,233.9,3.1,2.0,142,88,0,0,0,0,0,0.0,0,0,0,0,0,0
1097.1,2026-05-16T19:58:39,0016c001f10c2ef6,8.0,2.9,5.1,0.0,7809,702,7107,9.0,0.18,0.36,0.41,346765487,1683084712,3034,11682,1.3,233.9,3.1,2.0,142,88,0,0,0,0,0,0.0,0,0,0,0,0,0
1097.6,2026-05-16T19:58:40,0016c001f10c2ef6,6.4,2.9,3.5,0.0,7809,702,7107,9.0,0.18,0.36,0.41,346769398,1683128322,3911,43610,1.3,233.9,3.1,2.0,142,88,0,0,0,0,0,0.0,0,0,0,0,0,0
1098.0,2026-05-16T19:58:40,0016c001f10c2ef6,7.0,2.9,4.1,0.0,7809,702,7107,9.0,0.18,0.36,0.41,346772588,1683140004,3190,11682,1.3,233.9,3.1,2.0,142,88,0,0,0,0,0,0.0,0,0,0,0,0,0
1098.4,2026-05-16T19:58:41,0016c001f10c2ef6,6.3,1.7,4.6,0.0,7809,702,7107,9.0,0.18,0.36,0.41,346775622,1683151686,3034,11682,1.3,233.9,3.1,2.0,142,88,0,0,0,0,0,0.0,0,0,0,0,0,0
1098.9,2026-05-16T19:58:41,0016c001f10c2ef6,5.8,2.3,3.5,0.0,7809,702,7107,9.0,0.18,0.36,0.41,346778656,1683163368,3034,11682,1.3,233.9,3.1,2.0,142,88,0,0,0,0,0,0.0,0,0,0,0,0,0
1099.3,2026-05-16T19:58:41,0016c001f10c2ef6,7.0,1.8,5.3,0.0,7809,702,7107,9.0,0.18,0.36,0.41,346781690,1683175050,3034,11682,1.3,233.9,3.1,2.0,142,88,0,0,0,0,0,0.0,0,0,0,0,0,0
1099.7,2026-05-16T19:58:42,0016c001f10c2ef6,7.6,2.9,4.7,0.0,7809,702,7107,9.0,0.18,0.36,0.41,346785805,1683218660,4115,43610,1.3,233.9,3.1,2.0,142,88,0,0,0,0,0,0.0,0,0,0,0,0,0
1100.2,2026-05-16T19:58:42,0016c001f10c2ef6,9.1,3.0,6.1,0.0,7809,702,7107,9.0,0.18,0.36,0.41,346789119,1683230486,3314,11826,1.3,233.9,3.1,2.0,142,88,0,0,0,0,0,0.0,0,0,0,0,0,0
1100.8,2026-05-16T19:58:43,0016c001f10c2ef6,12.1,5.8,6.3,0.0,7809,702,7107,9.0,0.18,0.36,0.41,346792151,1683242276,3032,11790,1.3,233.9,3.1,2.0,142,88,0,0,0,0,0,0.0,0,0,0,0,0,0
1101.2,2026-05-16T19:58:43,0016c001f10c2ef6,7.1,3.0,4.1,0.0,7809,702,7107,9.0,0.18,0.36,0.41,346795237,1683253958,3086,11682,1.3,233.9,3.1,2.0,142,88,0,0,0,0,0,0.0,0,0,0,0,0,0
1101.6,2026-05-16T19:58:44,0016c001f10c2ef6,18.7,1.8,16.9,0.0,7809,701,7108,9.0,0.18,0.36,0.41,346799200,1683297568,3963,43610,1.3,233.9,3.1,2.0,142,88,0,0,0,0,0,0.0,0,0,0,0,0,0
1102.1,2026-05-16T19:58:44,0016c001f10c2ef6,19.0,2.4,16.7,0.0,7809,702,7107,9.0,0.18,0.36,0.41,346802286,1683309250,3086,11682,1.3,233.9,3.1,2.0,142,88,0,0,0,0,0,0.0,0,0,0,0,0,0
1102.5,2026-05-16T19:58:45,0016c001f10c2ef6,19.3,3.5,15.8,0.0,7809,702,7107,9.0,0.25,0.37,0.41,346805947,1683320998,3661,11748,1.3,233.9,3.1,2.0,142,88,0,0,0,0,0,0.0,0,0,0,0,0,0
1102.9,2026-05-16T19:58:45,0016c001f10c2ef6,12.2,1.2,11.0,0.0,7809,701,7108,9.0,0.25,0.37,0.41,346808985,1683332680,3038,11682,1.3,233.9,3.1,2.0,142,88,0,0,0,0,0,0.0,0,0,0,0,0,0
1103.4,2026-05-16T19:58:45,0016c001f10c2ef6,7.4,2.9,4.6,0.0,7809,701,7108,9.0,0.25,0.37,0.41,346812123,1683344362,3138,11682,1.3,233.9,3.1,2.0,142,88,0,0,0,0,0,0.0,0,0,0,0,0,0
1103.8,2026-05-16T19:58:46,0016c001f10c2ef6,6.4,3.5,2.9,0.0,7809,701,7108,9.0,0.25,0.37,0.41,346816242,1683387972,4119,43610,1.3,233.9,3.1,2.0,142,88,0,0,0,0,0,0.0,0,0,0,0,0,0
1104.3,2026-05-16T19:58:46,0016c001f10c2ef6,6.3,2.3,4.0,0.0,7809,700,7109,9.0,0.25,0.37,0.41,346819328,1683399654,3086,11682,1.3,233.9,3.1,2.0,142,88,0,0,0,0,0,0.0,0,0,0,0,0,0
1104.7,2026-05-16T19:58:47,0016c001f10c2ef6,5.7,2.3,3.4,0.0,7809,701,7108,9.0,0.25,0.37,0.41,346822362,1683411336,3034,11682,1.3,233.9,3.1,2.0,142,88,0,0,0,0,0,0.0,0,0,0,0,0,0
1105.1,2026-05-16T19:58:47,0016c001f10c2ef6,6.4,2.9,3.5,0.0,7809,702,7107,9.0,0.25,0.37,0.41,346825396,1683423018,3034,11682,1.3,233.9,3.1,2.0,142,88,0,0,0,0,0,0.0,0,0,0,0,0,0
1105.6,2026-05-16T19:58:48,0016c001f10c2ef6,5.2,2.3,2.9,0.0,7809,702,7107,9.0,0.25,0.37,0.41,346829303,1683466628,3907,43610,1.3,233.9,3.1,2.0,142,88,0,0,0,0,0,0.0,0,0,0,0,0,0
1106.1,2026-05-16T19:58:48,0016c001f10c2ef6,10.7,4.1,6.6,0.0,7809,701,7108,9.0,0.25,0.37,0.41,346832653,1683478376,3350,11748,1.3,233.9,3.1,2.0,142,88,0,0,0,0,0,0.0,0,0,0,0,0,0
1106.5,2026-05-16T19:58:49,0016c001f10c2ef6,6.3,1.7,4.6,0.0,7809,701,7108,9.0,0.25,0.37,0.41,346835687,1683490058,3034,11682,1.3,233.9,3.1,2.0,142,88,0,0,0,0,0,0.0,0,0,0,0,0,0
1107.0,2026-05-16T19:58:49,0016c001f10c2ef6,5.8,2.3,3.5,0.0,7809,701,7108,9.0,0.25,0.37,0.41,346838773,1683501740,3086,11682,1.3,233.9,3.1,2.0,142,88,0,0,0,0,0,0.0,0,0,0,0,0,0
1107.4,2026-05-16T19:58:49,0016c001f10c2ef6,5.7,1.7,4.0,0.0,7809,701,7108,9.0,0.31,0.38,0.42,346841807,1683513422,3034,11682,1.3,233.9,3.1,2.0,142,88,0,0,0,0,0,0.0,0,0,0,0,0,0
1107.8,2026-05-16T19:58:50,0016c001f10c2ef6,6.4,3.5,2.9,0.0,7809,701,7108,9.0,0.31,0.38,0.42,346845842,1683557110,4035,43688,1.3,233.9,3.1,2.0,142,88,0,0,0,0,0,0.0,0,0,0,0,0,0
1108.3,2026-05-16T19:58:50,0016c001f10c2ef6,5.8,2.6,3.1,0.0,7809,701,7108,9.0,0.31,0.38,0.42,346848876,1683568792,3034,11682,1.3,233.9,3.1,2.0,142,88,0,0,0,0,0,0.0,0,0,0,0,0,0
1108.7,2026-05-16T19:58:51,0016c001f10c2ef6,6.9,1.7,4.6,0.6,7809,701,7108,9.0,0.31,0.38,0.42,346851910,1683580474,3034,11682,1.3,233.9,3.1,2.0,142,88,0,0,0,0,0,0.0,0,0,0,0,0,0
1109.2,2026-05-16T19:58:51,0016c001f10c2ef6,6.8,3.4,3.4,0.0,7809,701,7108,9.0,0.31,0.38,0.42,346854944,1683592156,3034,11682,1.3,233.9,3.1,2.0,142,88,0,0,0,0,0,0.0,0,0,0,0,0,0
1109.6,2026-05-16T19:58:52,0016c001f10c2ef6,5.7,0.6,5.2,0.0,7809,702,7107,9.0,0.31,0.38,0.42,346857978,1683603838,3034,11682,1.3,233.9,3.1,2.0,142,88,0,0,0,0,0,0.0,0,0,0,0,0,0
