elapsed_s,timestamp,gateway_id,cpu_pct,cpu_user,cpu_sys,cpu_iowait,mem_total_mb,mem_used_mb,mem_free_mb,mem_used_pct,load_1,load_5,load_15,net_rx_bytes,net_tx_bytes,net_rx_delta,net_tx_delta,cs_cpu_pct,cs_mem_mb,pf_cpu_pct,pf_mem_mb,rx_total,tx_total,rx_delta,tx_delta,rx_crc_ok,rx_crc_error,rx_crc_none,crc_error_rate_pct,rx_dr0,rx_dr1,rx_dr2,rx_dr3,rx_dr4,rx_dr5
0.0,2026-05-17T15:55:12,0016c001f10c2ef6,,,,,7809,699,7110,9.0,0.33,0.36,0.38,387406126,1971057093,,,1.2,234.0,3.1,2.0,176,113,,,0,0,0,0.0,0,0,0,0,0,0
0.5,2026-05-17T15:55:13,0016c001f10c2ef6,5.0,1.7,3.3,0.0,7809,700,7109,9.0,0.33,0.36,0.38,387409416,1971068890,3290,11797,1.2,234.0,3.1,2.0,176,113,0,0,0,0,0,0.0,0,0,0,0,0,0
0.9,2026-05-17T15:55:13,0016c001f10c2ef6,6.2,2.2,3.9,0.0,7809,701,7108,9.0,0.33,0.36,0.38,387412658,1971080687,3242,11797,1.2,234.0,3.1,2.0,176,113,0,0,0,0,0,0.0,0,0,0,0,0,0
1.3,2026-05-17T15:55:14,0016c001f10c2ef6,5.8,2.3,3.5,0.0,7809,701,7108,9.0,0.33,0.36,0.38,387415696,1971092484,3038,11797,1.2,234.0,3.1,2.0,176,113,0,0,0,0,0,0.0,0,0,0,0,0,0
1.8,2026-05-17T15:55:15,0016c001f10c2ef6,7.1,2.2,4.9,0.0,7809,701,7108,9.0,0.33,0.36,0.38,387418986,1971104281,3290,11797,1.2,234.0,3.1,2.0,176,113,0,0,0,0,0,0.0,0,0,0,0,0,0
2.3,2026-05-17T15:55:15,0016c001f10c2ef6,8.6,2.5,6.1,0.0,7809,702,7107,9.0,0.33,0.36,0.38,387422044,1971116222,3058,11941,1.2,234.0,3.1,2.0,176,113,0,0,0,0,0,0.0,0,0,0,0,0,0
2.7,2026-05-17T15:55:16,0016c001f10c2ef6,6.0,2.4,3.6,0.0,7809,702,7107,9.0,0.33,0.36,0.38,387425078,1971128019,3034,11797,1.2,234.0,3.1,2.0,176,113,0,0,0,0,0,0.0,0,0,0,0,0,0
3.1,2026-05-17T15:55:16,0016c001f10c2ef6,7.5,2.9,4.6,0.0,7809,702,7107,9.0,0.33,0.36,0.38,387428112,1971139816,3034,11797,1.2,234.0,3.1,2.0,176,113,0,0,0,0,0,0.0,0,0,0,0,0,0
3.6,2026-05-17T15:55:17,0016c001f10c2ef6,4.7,2.6,2.1,0.0,7809,701,7108,9.0,0.3,0.36,0.38,387431302,1971152296,3190,12480,1.2,234.0,3.1,2.0,176,113,0,0,0,0,0,0.0,0,0,0,0,0,0
4.0,2026-05-17T15:55:17,0016c001f10c2ef6,6.8,4.0,2.8,0.0,7809,702,7107,9.0,0.3,0.36,0.38,387434336,1971164093,3034,11797,1.2,234.0,3.1,2.0,176,113,0,0,0,0,0,0.0,0,0,0,0,0,0
4.5,2026-05-17T15:55:18,0016c001f10c2ef6,8.6,4.0,4.6,0.0,7809,702,7107,9.0,0.3,0.36,0.38,387437636,1971177714,3300,13621,1.2,234.0,3.1,2.0,176,113,0,0,0,0,0,0.0,0,0,0,0,0,0
4.9,2026-05-17T15:55:18,0016c001f10c2ef6,6.0,1.6,4.4,0.0,7809,702,7107,9.0,0.3,0.36,0.38,387440978,1971189511,3342,11797,1.2,234.0,3.1,2.0,176,113,0,0,0,0,0,0.0,0,0,0,0,0,0
5.4,2026-05-17T15:55:18,0016c001f10c2ef6,5.2,1.6,3.7,0.0,7809,703,7106,9.0,0.3,0.36,0.38,387444549,1971201308,3571,11797,1.2,234.0,3.1,2.0,176,113,0,0,0,0,0,0.0,0,0,0,0,0,0
5.8,2026-05-17T15:55:19,0016c001f10c2ef6,8.9,3.3,5.0,0.6,7809,701,7108,9.0,0.3,0.36,0.38,387447739,1971213788,3190,12480,1.2,234.0,3.1,2.0,176,113,0,0,0,0,0,0.0,0,0,0,0,0,0
6.2,2026-05-17T15:55:19,0016c001f10c2ef6,6.7,2.8,3.9,0.0,7809,702,7107,9.0,0.3,0.36,0.38,387451029,1971225585,3290,11797,1.2,234.0,3.1,2.0,176,113,0,0,0,0,0,0.0,0,0,0,0,0,0
6.7,2026-05-17T15:55:20,0016c001f10c2ef6,6.9,2.3,4.6,0.0,7809,701,7108,9.0,0.3,0.36,0.38,387454113,1971238944,3084,13359,1.2,234.0,3.1,2.0,176,113,0,0,0,0,0,0.0,0,0,0,0,0,0
7.1,2026-05-17T15:55:20,0016c001f10c2ef6,5.7,2.3,3.4,0.0,7809,702,7107,9.0,0.3,0.36,0.38,387457475,1971250827,3362,11883,1.2,234.0,3.1,2.0,176,113,0,0,0,0,0,0.0,0,0,0,0,0,0
7.6,2026-05-17T15:55:21,0016c001f10c2ef6,10.1,4.0,6.1,0.0,7809,704,7105,9.0,0.3,0.36,0.38,387460717,1971262690,3242,11863,1.2,234.0,3.1,2.0,176,113,0,0,0,0,0,0.0,0,0,0,0,0,0
8.1,2026-05-17T15:55:21,0016c001f10c2ef6,9.5,4.0,5.5,0.0,7809,703,7106,9.0,0.3,0.36,0.38,387463703,1971274553,2986,11863,1.2,234.0,3.1,2.0,181,118,5,5,0,0,0,0.0,0,0,0,0,0,0
8.5,2026-05-17T15:55:22,0016c001f10c2ef6,15.0,3.5,11.6,0.0,7809,703,7106,9.0,0.36,0.37,0.38,387466737,1971286350,3034,11797,1.2,234.0,3.1,2.0,181,118,0,0,0,0,0,0.0,0,0,0,0,0,0
8.9,2026-05-17T15:55:22,0016c001f10c2ef6,20.5,2.3,18.1,0.0,7809,702,7107,9.0,0.36,0.37,0.38,387469875,1971298163,3138,11813,1.2,234.0,3.1,2.0,181,118,0,0,0,0,0,0.0,0,0,0,0,0,0
9.4,2026-05-17T15:55:22,0016c001f10c2ef6,18.6,1.7,16.9,0.0,7809,702,7107,9.0,0.36,0.37,0.38,387472961,1971309960,3086,11797,1.2,234.0,3.1,2.0,181,118,0,0,0,0,0,0.0,0,0,0,0,0,0
9.8,2026-05-17T15:55:23,0016c001f10c2ef6,18.8,2.9,15.9,0.0,7809,701,7108,9.0,0.36,0.37,0.38,387476095,1971321757,3134,11797,1.2,234.0,3.1,2.0,181,118,0,0,0,0,0,0.0,0,0,0,0,0,0
10.2,2026-05-17T15:55:23,0016c001f10c2ef6,6.2,1.7,4.5,0.0,7809,703,7106,9.0,0.36,0.37,0.38,387479133,1971333554,3038,11797,1.2,234.0,3.1,2.0,181,118,0,0,0,0,0,0.0,0,0,0,0,0,0
10.7,2026-05-17T15:55:24,0016c001f10c2ef6,6.2,1.7,4.5,0.0,7809,704,7105,9.0,0.36,0.37,0.38,387482219,1971345351,3086,11797,1.2,234.0,3.1,2.0,181,118,0,0,0,0,0,0.0,0,0,0,0,0,0
11.1,2026-05-17T15:55:24,0016c001f10c2ef6,5.2,1.7,3.5,0.0,7809,703,7106,9.0,0.36,0.37,0.38,387485305,1971357148,3086,11797,1.2,234.0,3.1,2.0,181,118,0,0,0,0,0,0.0,0,0,0,0,0,0
11.5,2026-05-17T15:55:25,0016c001f10c2ef6,6.8,2.8,4.0,0.0,7809,703,7106,9.0,0.36,0.37,0.38,387488443,1971368945,3138,11797,1.2,234.0,3.1,2.0,181,118,0,0,0,0,0,0.0,0,0,0,0,0,0
12.0,2026-05-17T15:55:25,0016c001f10c2ef6,5.2,2.3,2.9,0.0,7809,704,7105,9.0,0.36,0.37,0.38,387491633,1971380742,3190,11797,1.2,234.0,3.1,2.0,181,118,0,0,0,0,0,0.0,0,0,0,0,0,0
12.4,2026-05-17T15:55:25,0016c001f10c2ef6,5.7,2.3,3.4,0.0,7809,704,7105,9.0,0.36,0.37,0.38,387494771,1971392539,3138,11797,1.2,234.0,3.1,2.0,181,118,0,0,0,0,0,0.0,0,0,0,0,0,0
12.8,2026-05-17T15:55:26,0016c001f10c2ef6,5.7,2.3,3.4,0.0,7809,704,7105,9.0,0.36,0.37,0.38,387498686,1971404476,3915,11937,1.2,234.0,3.1,2.0,181,118,0,0,0,0,0,0.0,0,0,0,0,0,0
13.3,2026-05-17T15:55:26,0016c001f10c2ef6,11.1,4.5,6.5,0.0,7809,704,7105,9.0,0.41,0.38,0.39,387501984,1971446854,3298,42378,1.2,234.0,3.1,2.0,181,118,0,0,0,0,0,0.0,0,0,0,0,0,0
13.7,2026-05-17T15:55:27,0016c001f10c2ef6,8.8,2.9,5.3,0.6,7809,702,7107,9.0,0.41,0.38,0.39,387505174,1971459715,3190,12861,1.2,234.0,3.1,2.0,181,118,0,0,0,0,0,0.0,0,0,0,0,0,0
14.2,2026-05-17T15:55:27,0016c001f10c2ef6,6.8,2.8,4.0,0.0,7809,702,7107,9.0,0.41,0.38,0.39,387508510,1971473471,3336,13756,1.2,234.0,3.1,2.0,181,118,0,0,0,0,0,0.0,0,0,0,0,0,0
14.6,2026-05-17T15:55:28,0016c001f10c2ef6,6.2,2.8,3.4,0.0,7809,702,7107,9.0,0.41,0.38,0.39,387511444,1971485268,2934,11797,1.2,234.0,3.1,2.0,181,118,0,0,0,0,0,0.0,0,0,0,0,0,0
15.1,2026-05-17T15:55:28,0016c001f10c2ef6,4.6,1.1,3.4,0.0,7809,702,7107,9.0,0.41,0.38,0.39,387515940,1971527605,4496,42337,1.2,234.0,3.1,2.0,181,118,0,0,0,0,0,0.0,0,0,0,0,0,0
15.5,2026-05-17T15:55:29,0016c001f10c2ef6,9.1,3.4,5.1,0.6,7809,702,7107,9.0,0.41,0.38,0.39,387519026,1971539402,3086,11797,1.2,234.1,3.1,2.0,181,118,0,0,0,0,0,0.0,0,0,0,0,0,0
15.9,2026-05-17T15:55:29,0016c001f10c2ef6,6.8,2.3,4.5,0.0,7809,703,7106,9.0,0.41,0.38,0.39,387522216,1971551199,3190,11797,1.2,234.1,3.1,2.0,181,118,0,0,0,0,0,0.0,0,0,0,0,0,0
16.4,2026-05-17T15:55:29,0016c001f10c2ef6,4.6,1.2,3.5,0.0,7809,702,7107,9.0,0.41,0.38,0.39,387525454,1971562996,3238,11797,1.2,234.1,3.1,2.0,181,118,0,0,0,0,0,0.0,0,0,0,0,0,0
16.8,2026-05-17T15:55:30,0016c001f10c2ef6,6.8,1.1,5.6,0.0,7809,702,7107,9.0,0.41,0.38,0.39,387528592,1971574793,3138,11797,1.2,234.1,3.1,2.0,181,118,0,0,0,0,0,0.0,0,0,0,0,0,0
17.2,2026-05-17T15:55:30,0016c001f10c2ef6,8.5,2.3,6.2,0.0,7809,702,7107,9.0,0.41,0.38,0.39,387532507,1971617130,3915,42337,1.2,234.1,3.1,2.0,181,118,0,0,0,0,0,0.0,0,0,0,0,0,0
17.6,2026-05-17T15:55:31,0016c001f10c2ef6,5.7,2.3,3.4,0.0,7809,702,7107,9.0,0.41,0.38,0.39,387535541,1971628927,3034,11797,1.2,234.1,3.1,2.0,181,118,0,0,0,0,0,0.0,0,0,0,0,0,0
18.1,2026-05-17T15:55:31,0016c001f10c2ef6,8.4,4.5,3.9,0.0,7809,702,7107,9.0,0.41,0.38,0.39,387538903,1971640802,3362,11875,1.2,234.1,3.1,2.0,181,118,0,0,0,0,0,0.0,0,0,0,0,0,0
18.6,2026-05-17T15:55:32,0016c001f10c2ef6,8.3,2.6,5.7,0.0,7809,702,7107,9.0,0.38,0.37,0.38,387542145,1971652665,3242,11863,1.2,234.1,3.1,2.0,181,118,0,0,0,0,0,0.0,0,0,0,0,0,0
19.0,2026-05-17T15:55:32,0016c001f10c2ef6,9.6,3.5,6.1,0.0,7809,702,7107,9.0,0.38,0.37,0.38,387546160,1971695068,4015,42403,1.2,234.1,3.1,2.0,181,118,0,0,0,0,0,0.0,0,0,0,0,0,0
19.5,2026-05-17T15:55:33,0016c001f10c2ef6,9.5,4.2,5.3,0.0,7809,702,7107,9.0,0.38,0.37,0.38,387549402,1971706931,3242,11863,1.2,234.1,3.1,2.0,181,118,0,0,0,0,0,0.0,0,0,0,0,0,0
20.0,2026-05-17T15:55:33,0016c001f10c2ef6,16.3,4.2,12.1,0.0,7809,702,7107,9.0,0.38,0.37,0.38,387552644,1971718794,3242,11863,1.2,234.1,3.1,2.0,181,118,0,0,0,0,0,0.0,0,0,0,0,0,0
20.4,2026-05-17T15:55:34,0016c001f10c2ef6,19.9,2.3,17.0,0.6,7809,702,7107,9.0,0.38,0.37,0.38,387555730,1971730591,3086,11797,1.2,234.1,3.1,2.0,181,118,0,0,0,0,0,0.0,0,0,0,0,0,0
20.9,2026-05-17T15:55:34,0016c001f10c2ef6,20.0,3.5,16.5,0.0,7809,703,7106,9.0,0.38,0.37,0.38,387558868,1971742388,3138,11797,1.2,234.1,3.1,2.0,181,118,0,0,0,0,0,0.0,0,0,0,0,0,0
21.3,2026-05-17T15:55:34,0016c001f10c2ef6,20.2,3.5,16.8,0.0,7809,703,7106,9.0,0.38,0.37,0.38,387562731,1971784725,3863,42337,1.2,234.1,3.1,2.0,181,118,0,0,0,0,0,0.0,0,0,0,0,0,0
21.7,2026-05-17T15:55:35,0016c001f10c2ef6,5.8,1.7,4.0,0.0,7809,704,7105,9.0,0.38,0.37,0.38,387565973,1971797205,3242,12480,1.2,234.3,3.1,2.0,181,118,0,0,0,0,0,0.0,0,0,0,0,0,0
22.2,2026-05-17T15:55:35,0016c001f10c2ef6,9.1,4.0,5.1,0.0,7809,705,7104,9.0,0.38,0.37,0.38,387569291,1971810795,3318,13590,1.2,234.3,3.1,2.0,181,118,0,0,0,0,0,0.0,0,0,0,0,0,0
22.6,2026-05-17T15:55:36,0016c001f10c2ef6,6.3,2.3,4.0,0.0,7809,705,7104,9.0,0.38,0.37,0.38,387572381,1971822592,3090,11797,1.2,234.3,3.1,2.0,181,118,0,0,0,0,0,0.0,0,0,0,0,0,0
23.0,2026-05-17T15:55:36,0016c001f10c2ef6,6.3,2.3,4.0,0.0,7809,705,7104,9.0,0.35,0.37,0.38,387576236,1971864929,3855,42337,1.2,234.3,3.1,2.0,181,118,0,0,0,0,0,0.0,0,0,0,0,0,0
23.5,2026-05-17T15:55:37,0016c001f10c2ef6,7.8,2.2,4.5,1.1,7809,705,7104,9.0,0.35,0.37,0.38,387579482,1971876726,3246,11797,1.2,234.3,3.1,2.0,181,118,0,0,0,0,0,0.0,0,0,0,0,0,0
23.9,2026-05-17T15:55:37,0016c001f10c2ef6,6.9,2.3,4.6,0.0,7809,705,7104,9.0,0.35,0.37,0.38,387582620,1971888523,3138,11797,1.2,234.3,3.1,2.0,181,118,0,0,0,0,0,0.0,0,0,0,0,0,0
24.3,2026-05-17T15:55:37,0016c001f10c2ef6,5.8,1.8,4.1,0.0,7809,704,7105,9.0,0.35,0.37,0.38,387585654,1971900320,3034,11797,1.2,234.3,3.1,2.0,181,118,0,0,0,0,0,0.0,0,0,0,0,0,0
24.7,2026-05-17T15:55:38,0016c001f10c2ef6,6.4,2.3,4.1,0.0,7809,704,7105,9.0,0.35,0.37,0.38,387588892,1971912117,3238,11797,1.2,234.3,3.1,2.0,181,118,0,0,0,0,0,0.0,0,0,0,0,0,0
25.2,2026-05-17T15:55:38,0016c001f10c2ef6,10.4,4.0,6.4,0.0,7809,704,7105,9.0,0.35,0.37,0.38,387593288,1971954520,4396,42403,1.2,234.3,3.1,2.0,181,118,0,0,0,0,0,0.0,0,0,0,0,0,0
25.6,2026-05-17T15:55:39,0016c001f10c2ef6,5.8,1.7,4.1,0.0,7809,704,7105,9.0,0.35,0.37,0.38,387596394,1971966395,3106,11875,1.2,234.3,3.1,2.0,181,118,0,0,0,0,0,0.0,0,0,0,0,0,0
26.1,2026-05-17T15:55:39,0016c001f10c2ef6,8.0,2.9,5.1,0.0,7809,703,7106,9.0,0.35,0.37,0.38,387599580,1971978192,3186,11797,1.2,234.3,3.1,2.0,181,118,0,0,0,0,0,0.0,0,0,0,0,0,0
26.5,2026-05-17T15:55:40,0016c001f10c2ef6,4.1,1.2,2.9,0.0,7809,703,7106,9.0,0.35,0.37,0.38,387602746,1971990145,3166,11953,1.2,234.3,3.1,2.0,181,118,0,0,0,0,0,0.0,0,0,0,0,0,0
26.9,2026-05-17T15:55:40,0016c001f10c2ef6,7.5,2.9,4.6,0.0,7809,703,7106,9.0,0.35,0.37,0.38,387605780,1972001942,3034,11797,1.2,234.3,3.1,2.0,181,118,0,0,0,0,0,0.0,0,0,0,0,0,0
27.3,2026-05-17T15:55:40,0016c001f10c2ef6,6.4,1.2,5.3,0.0,7809,703,7106,9.0,0.35,0.37,0.38,387609743,1972044279,3963,42337,1.2,234.3,3.1,2.0,181,118,0,0,0,0,0,0.0,0,0,0,0,0,0
27.8,2026-05-17T15:55:41,0016c001f10c2ef6,6.9,2.9,4.0,0.0,7809,704,7105,9.0,0.35,0.37,0.38,387614141,1972087137,4398,42858,1.2,234.3,3.1,2.0,181,118,0,0,0,0,0,0.0,0,0,0,0,0,0
28.5,2026-05-17T15:55:42,0016c001f10c2ef6,6.7,2.5,4.3,0.0,7809,702,7107,9.0,0.32,0.36,0.38,387639933,1976832129,25792,4744992,1.2,234.3,3.1,2.0,181,118,0,0,0,0,0,0.0,0,0,0,0,0,0
28.9,2026-05-17T15:55:42,0016c001f10c2ef6,9.6,4.2,5.4,0.0,7809,702,7107,9.0,0.32,0.36,0.38,387644179,1976845739,4246,13610,1.2,234.3,3.1,2.0,181,118,0,0,0,0,0,0.0,0,0,0,0,0,0
29.3,2026-05-17T15:55:42,0016c001f10c2ef6,9.5,4.5,5.0,0.0,7809,702,7107,9.0,0.32,0.36,0.38,387648298,1976888076,4119,42337,1.2,234.3,3.1,2.0,181,118,0,0,0,0,0,0.0,0,0,0,0,0,0
29.7,2026-05-17T15:55:43,0016c001f10c2ef6,7.0,2.9,4.1,0.0,7809,701,7108,9.0,0.32,0.36,0.38,387651436,1976899873,3138,11797,1.2,234.3,3.1,2.0,181,118,0,0,0,0,0,0.0,0,0,0,0,0,0
30.2,2026-05-17T15:55:43,0016c001f10c2ef6,6.8,3.4,3.4,0.0,7809,701,7108,9.0,0.32,0.36,0.38,387654574,1976911670,3138,11797,1.2,234.3,3.1,2.0,181,118,0,0,0,0,0,0.0,0,0,0,0,0,0
30.7,2026-05-17T15:55:44,0016c001f10c2ef6,10.1,3.8,6.2,0.0,7809,701,7108,9.0,0.32,0.36,0.38,387657888,1976923619,3314,11949,1.2,234.3,3.1,2.0,181,118,0,0,0,0,0,0.0,0,0,0,0,0,0
31.2,2026-05-17T15:55:44,0016c001f10c2ef6,8.3,2.1,6.2,0.0,7809,701,7108,9.0,0.32,0.36,0.38,387662007,1976966022,4119,42403,1.2,234.3,3.1,2.0,181,118,0,0,0,0,0,0.0,0,0,0,0,0,0
31.6,2026-05-17T15:55:45,0016c001f10c2ef6,19.2,3.5,15.7,0.0,7809,704,7105,9.0,0.32,0.36,0.38,387665145,1976977819,3138,11797,1.2,234.3,3.1,2.0,181,118,0,0,0,0,0,0.0,0,0,0,0,0,0
32.0,2026-05-17T15:55:45,0016c001f10c2ef6,20.7,2.4,18.3,0.0,7809,703,7106,9.0,0.32,0.36,0.38,387668281,1976991881,3136,14062,1.2,234.3,3.1,2.0,181,118,0,0,0,0,0,0.0,0,0,0,0,0,0
32.5,2026-05-17T15:55:46,0016c001f10c2ef6,18.8,1.7,17.1,0.0,7809,704,7105,9.0,0.32,0.36,0.38,387671571,1977003678,3290,11797,1.2,234.3,3.1,2.0,181,118,0,0,0,0,0,0.0,0,0,0,0,0,0
32.9,2026-05-17T15:55:46,0016c001f10c2ef6,15.5,2.4,13.1,0.0,7809,704,7105,9.0,0.29,0.35,0.38,387674709,1977015475,3138,11797,1.2,234.3,3.1,2.0,181,118,0,0,0,0,0,0.0,0,0,0,0,0,0
33.3,2026-05-17T15:55:46,0016c001f10c2ef6,5.3,2.4,2.9,0.0,7809,704,7105,9.0,0.29,0.35,0.38,387678728,1977057812,4019,42337,1.2,234.3,3.1,2.0,181,118,0,0,0,0,0,0.0,0,0,0,0,0,0
33.7,2026-05-17T15:55:48,0016c001f10c2ef6,7.7,3.6,4.2,0.0,7809,703,7106,9.0,0.29,0.35,0.38,387683698,1977073283,4970,15471,1.2,234.3,3.1,2.0,181,118,0,0,0,0,0,0.0,0,0,0,0,0,0
34.2,2026-05-17T15:55:48,0016c001f10c2ef6,7.1,3.5,3.5,0.0,7809,704,7105,9.0,0.29,0.35,0.38,387686888,1977085080,3190,11797,1.2,234.3,3.1,2.0,181,118,0,0,0,0,0,0.0,0,0,0,0,0,0
34.6,2026-05-17T15:55:48,0016c001f10c2ef6,5.8,1.2,4.6,0.0,7809,704,7105,9.0,0.29,0.35,0.38,387690607,1977096877,3719,11797,1.2,234.3,3.1,2.0,181,118,0,0,0,0,0,0.0,0,0,0,0,0,0
35.0,2026-05-17T15:55:49,0016c001f10c2ef6,5.3,1.8,3.5,0.0,7809,703,7106,9.0,0.29,0.35,0.38,387695629,1977112292,5022,15415,1.2,234.3,3.1,2.0,181,118,0,0,0,0,0,0.0,0,0,0,0,0,0
35.4,2026-05-17T15:55:49,0016c001f10c2ef6,7.6,3.5,4.1,0.0,7809,703,7106,9.0,0.29,0.35,0.38,387699592,1977154629,3963,42337,1.2,234.3,3.1,2.0,181,118,0,0,0,0,0,0.0,0,0,0,0,0,0
35.9,2026-05-17T15:55:50,0016c001f10c2ef6,7.0,2.9,4.1,0.0,7809,703,7106,9.0,0.29,0.35,0.38,387702782,1977166426,3190,11797,1.2,234.3,3.1,2.0,181,118,0,0,0,0,0,0.0,0,0,0,0,0,0
36.3,2026-05-17T15:55:50,0016c001f10c2ef6,5.9,1.8,4.1,0.0,7809,702,7107,9.0,0.29,0.35,0.38,387705972,1977178223,3190,11797,1.2,234.4,3.1,2.0,181,118,0,0,0,0,0,0.0,0,0,0,0,0,0
36.8,2026-05-17T15:55:51,0016c001f10c2ef6,10.7,3.6,7.1,0.0,7809,702,7107,9.0,0.29,0.35,0.38,387710994,1977193728,5022,15505,1.2,234.4,3.1,2.0,181,118,0,0,0,0,0,0.0,0,0,0,0,0,0
37.2,2026-05-17T15:55:51,0016c001f10c2ef6,6.1,2.2,3.9,0.0,7809,702,7107,9.0,0.29,0.35,0.38,387714593,1977205525,3599,11797,1.2,234.4,3.1,2.0,184,121,3,3,0,0,0,0.0,0,0,0,0,0,0
37.6,2026-05-17T15:55:52,0016c001f10c2ef6,8.9,3.6,5.3,0.0,7809,702,7107,9.0,0.29,0.35,0.38,387718255,1977247862,3662,42337,1.2,234.4,3.1,2.0,184,121,0,0,0,0,0,0.0,0,0,0,0,0,0
38.0,2026-05-17T15:55:52,0016c001f10c2ef6,6.9,1.7,5.1,0.0,7809,702,7107,9.0,0.27,0.35,0.37,387721597,1977259659,3342,11797,1.2,234.4,3.1,2.0,184,121,0,0,0,0,0,0.0,0,0,0,0,0,0
38.5,2026-05-17T15:55:52,0016c001f10c2ef6,6.8,2.3,4.5,0.0,7809,702,7107,9.0,0.27,0.35,0.37,387726611,1977275082,5014,15423,1.2,234.4,3.1,2.0,184,121,0,0,0,0,0,0.0,0,0,0,0,0,0
38.9,2026-05-17T15:55:53,0016c001f10c2ef6,7.3,1.1,5.6,0.6,7809,702,7107,9.0,0.27,0.35,0.37,387729749,1977286879,3138,11797,1.2,234.4,3.1,2.0,184,121,0,0,0,0,0,0.0,0,0,0,0,0,0
39.3,2026-05-17T15:55:53,0016c001f10c2ef6,5.7,2.3,3.4,0.0,7809,702,7107,9.0,0.27,0.35,0.37,387733972,1977329216,4223,42337,1.2,234.4,3.1,2.0,184,121,0,0,0,0,0,0.0,0,0,0,0,0,0
39.8,2026-05-17T15:55:54,0016c001f10c2ef6,7.3,3.4,3.9,0.0,7809,702,7107,9.0,0.27,0.35,0.37,387737162,1977341013,3190,11797,1.2,234.4,3.1,2.0,184,121,0,0,0,0,0,0.0,0,0,0,0,0,0
40.2,2026-05-17T15:55:54,0016c001f10c2ef6,5.8,2.3,3.5,0.0,7809,704,7105,9.0,0.27,0.35,0.37,387740200,1977352810,3038,11797,1.2,234.4,3.1,2.0,184,121,0,0,0,0,0,0.0,0,0,0,0,0,0
40.6,2026-05-17T15:55:55,0016c001f10c2ef6,5.3,2.4,2.9,0.0,7809,703,7106,9.0,0.27,0.35,0.37,387743338,1977364607,3138,11797,1.2,234.4,3.1,2.0,184,121,0,0,0,0,0,0.0,0,0,0,0,0,0
41.0,2026-05-17T15:55:55,0016c001f10c2ef6,5.3,2.4,2.9,0.0,7809,704,7105,9.0,0.27,0.35,0.37,387746476,1977376404,3138,11797,1.2,234.4,3.1,2.0,184,121,0,0,0,0,0,0.0,0,0,0,0,0,0
41.5,2026-05-17T15:55:55,0016c001f10c2ef6,8.7,3.5,5.2,0.0,7809,704,7105,9.0,0.27,0.35,0.37,387750819,1977418819,4343,42415,1.2,234.4,3.1,2.0,184,121,0,0,0,0,0,0.0,0,0,0,0,0,0
41.9,2026-05-17T15:55:56,0016c001f10c2ef6,11.2,4.3,7.0,0.0,7809,704,7105,9.0,0.27,0.35,0.37,387754061,1977431813,3242,12994,1.2,234.4,3.1,2.0,184,121,0,0,0,0,0,0.0,0,0,0,0,0,0
42.4,2026-05-17T15:55:56,0016c001f10c2ef6,6.2,1.1,5.1,0.0,7809,703,7106,9.0,0.27,0.35,0.37,387757251,1977443610,3190,11797,1.2,234.4,3.1,2.0,184,121,0,0,0,0,0,0.0,0,0,0,0,0,0
42.8,2026-05-17T15:55:57,0016c001f10c2ef6,8.2,1.2,7.0,0.0,7809,703,7106,9.0,0.25,0.34,0.37,387760335,1977457357,3084,13747,1.2,234.4,3.1,2.0,184,121,0,0,0,0,0,0.0,0,0,0,0,0,0
43.2,2026-05-17T15:55:57,0016c001f10c2ef6,18.7,1.8,17.0,0.0,7809,703,7106,9.0,0.25,0.34,0.37,387763421,1977469154,3086,11797,1.2,234.4,3.1,2.0,184,121,0,0,0,0,0,0.0,0,0,0,0,0,0
43.6,2026-05-17T15:55:58,0016c001f10c2ef6,22.1,3.1,17.8,1.2,7809,703,7106,9.0,0.25,0.34,0.37,387767488,1977511516,4067,42362,1.2,234.4,3.1,2.0,184,121,0,0,0,0,0,0.0,0,0,0,0,0,0
44.1,2026-05-17T15:55:58,0016c001f10c2ef6,18.2,1.2,17.0,0.0,7809,704,7105,9.0,0.25,0.34,0.37,387770626,1977523313,3138,11797,1.2,234.4,3.1,2.0,184,121,0,0,0,0,0,0.0,0,0,0,0,0,0
44.5,2026-05-17T15:55:58,0016c001f10c2ef6,12.5,2.3,10.2,0.0,7809,704,7105,9.0,0.25,0.34,0.37,387774241,1977535110,3615,11797,1.2,234.4,3.1,2.0,184,121,0,0,0,0,0,0.0,0,0,0,0,0,0
44.9,2026-05-17T15:55:59,0016c001f10c2ef6,5.9,2.4,3.5,0.0,7809,704,7105,9.0,0.25,0.34,0.37,387777279,1977546907,3038,11797,1.2,234.4,3.1,2.0,184,121,0,0,0,0,0,0.0,0,0,0,0,0,0
45.3,2026-05-17T15:55:59,0016c001f10c2ef6,6.0,1.8,4.2,0.0,7809,703,7106,9.0,0.25,0.34,0.37,387781498,1977589269,4219,42362,1.2,234.4,3.1,2.0,184,121,0,0,0,0,0,0.0,0,0,0,0,0,0
45.7,2026-05-17T15:56:00,0016c001f10c2ef6,7.1,3.6,3.6,0.0,7809,703,7106,9.0,0.25,0.34,0.37,387784688,1977601066,3190,11797,1.2,234.4,3.1,2.0,184,121,0,0,0,0,0,0.0,0,0,0,0,0,0
46.2,2026-05-17T15:56:00,0016c001f10c2ef6,6.7,2.8,3.9,0.0,7809,703,7106,9.0,0.25,0.34,0.37,387787930,1977612863,3242,11797,1.2,234.4,3.1,2.0,184,121,0,0,0,0,0,0.0,0,0,0,0,0,0
46.6,2026-05-17T15:56:01,0016c001f10c2ef6,5.3,3.0,2.4,0.0,7809,703,7106,9.0,0.25,0.34,0.37,387791120,1977624660,3190,11797,1.2,234.4,3.1,2.0,184,121,0,0,0,0,0,0.0,0,0,0,0,0,0
47.1,2026-05-17T15:56:01,0016c001f10c2ef6,8.0,2.7,5.3,0.0,7809,702,7107,9.0,0.25,0.34,0.37,387794362,1977636523,3242,11863,1.2,234.4,3.1,2.0,184,121,0,0,0,0,0,0.0,0,0,0,0,0,0
47.6,2026-05-17T15:56:01,0016c001f10c2ef6,10.7,2.6,8.2,0.0,7809,704,7105,9.0,0.23,0.34,0.37,387798481,1977679017,4119,42494,1.2,234.4,3.1,2.0,184,121,0,0,0,0,0,0.0,0,0,0,0,0,0
48.0,2026-05-17T15:56:02,0016c001f10c2ef6,5.7,1.1,4.6,0.0,7809,704,7105,9.0,0.23,0.34,0.37,387801671,1977690814,3190,11797,1.2,234.4,3.1,2.0,184,121,0,0,0,0,0,0.0,0,0,0,0,0,0
48.4,2026-05-17T15:56:02,0016c001f10c2ef6,5.8,1.7,4.0,0.0,7809,704,7105,9.0,0.23,0.34,0.37,387804809,1977702611,3138,11797,1.2,234.4,3.1,2.0,184,121,0,0,0,0,0,0.0,0,0,0,0,0,0
48.8,2026-05-17T15:56:03,0016c001f10c2ef6,7.9,1.7,4.5,1.7,7809,704,7105,9.0,0.23,0.34,0.37,387807899,1977714408,3090,11797,1.2,234.4,3.1,2.0,184,121,0,0,0,0,0,0.0,0,0,0,0,0,0
49.3,2026-05-17T15:56:03,0016c001f10c2ef6,5.5,2.4,3.0,0.0,7809,704,7105,9.0,0.23,0.34,0.37,387811109,1977726283,3210,11875,1.2,234.4,3.1,2.0,184,121,0,0,0,0,0,0.0,0,0,0,0,0,0
49.7,2026-05-17T15:56:04,0016c001f10c2ef6,8.0,2.8,5.1,0.0,7809,703,7106,9.0,0.23,0.34,0.37,387815432,1977768711,4323,42428,1.2,234.4,3.1,2.0,184,121,0,0,0,0,0,0.0,0,0,0,0,0,0
50.1,2026-05-17T15:56:04,0016c001f10c2ef6,6.9,2.9,4.0,0.0,7809,703,7106,9.0,0.23,0.34,0.37,387818674,1977780508,3242,11797,1.2,234.4,3.1,2.0,184,121,0,0,0,0,0,0.0,0,0,0,0,0,0
50.5,2026-05-17T15:56:04,0016c001f10c2ef6,4.7,1.2,3.6,0.0,7809,703,7106,9.0,0.23,0.34,0.37,387821916,1977792305,3242,11797,1.2,234.4,3.1,2.0,184,121,0,0,0,0,0,0.0,0,0,0,0,0,0
51.0,2026-05-17T15:56:05,0016c001f10c2ef6,6.2,2.3,4.0,0.0,7809,703,7106,9.0,0.23,0.34,0.37,387824902,1977804102,2986,11797,1.2,234.4,3.1,2.0,184,121,0,0,0,0,0,0.0,0,0,0,0,0,0
51.4,2026-05-17T15:56:05,0016c001f10c2ef6,5.3,1.2,4.1,0.0,7809,704,7105,9.0,0.23,0.34,0.37,387828605,1977830791,3703,26689,1.2,234.4,3.1,2.0,184,121,0,0,0,0,0,0.0,0,0,0,0,0,0
51.8,2026-05-17T15:56:06,0016c001f10c2ef6,8.0,2.3,5.7,0.0,7809,704,7105,9.0,0.23,0.34,0.37,387832155,1977858261,3550,27470,1.2,234.4,3.1,2.0,184,121,0,0,0,0,0,0.0,0,0,0,0,0,0
52.2,2026-05-17T15:56:06,0016c001f10c2ef6,6.4,2.3,4.0,0.0,7809,703,7106,9.0,0.23,0.34,0.37,387835293,1977870058,3138,11797,1.2,234.4,3.1,2.0,184,121,0,0,0,0,0,0.0,0,0,0,0,0,0
52.7,2026-05-17T15:56:07,0016c001f10c2ef6,8.4,3.2,5.3,0.0,7809,703,7106,9.0,0.21,0.33,0.37,387838431,1977881921,3138,11863,1.2,234.4,3.1,2.0,184,121,0,0,0,0,0,0.0,0,0,0,0,0,0
53.1,2026-05-17T15:56:07,0016c001f10c2ef6,6.0,1.8,4.2,0.0,7809,703,7106,9.0,0.21,0.33,0.37,387841521,1977893718,3090,11797,1.2,234.4,3.1,2.0,184,121,0,0,0,0,0,0.0,0,0,0,0,0,0
53.5,2026-05-17T15:56:07,0016c001f10c2ef6,8.2,3.5,4.7,0.0,7809,703,7106,9.0,0.21,0.33,0.37,387845640,1977936080,4119,42362,1.2,234.4,3.1,2.0,184,121,0,0,0,0,0,0.0,0,0,0,0,0,0
54.0,2026-05-17T15:56:08,0016c001f10c2ef6,8.5,4.0,4.5,0.0,7809,704,7105,9.0,0.21,0.33,0.37,387848930,1977947877,3290,11797,1.2,234.4,3.1,2.0,184,121,0,0,0,0,0,0.0,0,0,0,0,0,0
54.4,2026-05-17T15:56:08,0016c001f10c2ef6,12.2,2.9,9.3,0.0,7809,703,7106,9.0,0.21,0.33,0.37,387852521,1977959760,3591,11883,1.2,234.4,3.1,2.0,184,121,0,0,0,0,0,0.0,0,0,0,0,0,0
54.8,2026-05-17T15:56:09,0016c001f10c2ef6,19.2,2.4,16.8,0.0,7809,703,7106,9.0,0.21,0.33,0.37,387855811,1977971623,3290,11863,1.2,234.4,3.1,2.0,184,121,0,0,0,0,0,0.0,0,0,0,0,0,0
55.2,2026-05-17T15:56:09,0016c001f10c2ef6,18.8,1.2,17.6,0.0,7809,703,7106,9.0,0.21,0.33,0.37,387858949,1977983420,3138,11797,1.2,234.4,3.1,2.0,184,121,0,0,0,0,0,0.0,0,0,0,0,0,0
55.7,2026-05-17T15:56:10,0016c001f10c2ef6,20.8,3.6,17.3,0.0,7809,703,7106,9.0,0.21,0.33,0.37,387862964,1978025782,4015,42362,1.2,234.4,3.1,2.0,184,121,0,0,0,0,0,0.0,0,0,0,0,0,0
56.1,2026-05-17T15:56:10,0016c001f10c2ef6,8.2,1.8,6.4,0.0,7809,703,7106,9.0,0.21,0.33,0.37,387866130,1978037735,3166,11953,1.2,234.4,3.1,2.0,184,121,0,0,0,0,0,0.0,0,0,0,0,0,0
56.5,2026-05-17T15:56:10,0016c001f10c2ef6,6.9,3.4,3.4,0.0,7809,703,7106,9.0,0.21,0.33,0.37,387869524,1978049532,3394,11797,1.2,234.4,3.1,2.0,184,121,0,0,0,0,0,0.0,0,0,0,0,0,0
56.9,2026-05-17T15:56:11,0016c001f10c2ef6,6.3,2.3,4.0,0.0,7809,702,7107,9.0,0.21,0.33,0.37,387872614,1978061329,3090,11797,1.2,234.4,3.1,2.0,184,121,0,0,0,0,0,0.0,0,0,0,0,0,0
57.4,2026-05-17T15:56:11,0016c001f10c2ef6,6.9,2.9,4.0,0.0,7809,703,7106,9.0,0.27,0.34,0.37,387875852,1978073126,3238,11797,1.2,234.4,3.1,2.0,184,121,0,0,0,0,0,0.0,0,0,0,0,0,0
57.8,2026-05-17T15:56:12,0016c001f10c2ef6,9.8,4.1,5.7,0.0,7809,703,7106,9.0,0.27,0.34,0.37,387880023,1978115620,4171,42494,1.2,234.4,3.1,2.0,184,121,0,0,0,0,0,0.0,0,0,0,0,0,0
58.3,2026-05-17T15:56:12,0016c001f10c2ef6,6.9,1.7,5.2,0.0,7809,702,7107,9.0,0.27,0.34,0.37,387883009,1978127417,2986,11797,1.2,234.4,3.1,2.0,184,121,0,0,0,0,0,0.0,0,0,0,0,0,0
58.7,2026-05-17T15:56:13,0016c001f10c2ef6,6.6,3.0,3.6,0.0,7809,704,7105,9.0,0.27,0.34,0.37,387886095,1978139214,3086,11797,1.2,234.4,3.1,2.0,184,121,0,0,0,0,0,0.0,0,0,0,0,0,0
59.1,2026-05-17T15:56:13,0016c001f10c2ef6,5.8,1.7,4.0,0.0,7809,704,7105,9.0,0.27,0.34,0.37,387889181,1978151011,3086,11797,1.2,234.4,3.1,2.0,184,121,0,0,0,0,0,0.0,0,0,0,0,0,0
59.5,2026-05-17T15:56:13,0016c001f10c2ef6,6.5,1.8,4.7,0.0,7809,704,7105,9.0,0.27,0.34,0.37,387893348,1978193373,4167,42362,1.2,234.4,3.1,2.0,184,121,0,0,0,0,0,0.0,0,0,0,0,0,0
60.0,2026-05-17T15:56:14,0016c001f10c2ef6,5.8,3.5,2.3,0.0,7809,704,7105,9.0,0.27,0.34,0.37,387896590,1978205170,3242,11797,1.2,234.4,3.1,2.0,184,121,0,0,0,0,0,0.0,0,0,0,0,0,0
60.4,2026-05-17T15:56:14,0016c001f10c2ef6,4.7,1.8,2.9,0.0,7809,704,7105,9.0,0.27,0.34,0.37,387899728,1978216967,3138,11797,1.2,234.4,3.1,2.0,184,121,0,0,0,0,0,0.0,0,0,0,0,0,0
60.8,2026-05-17T15:56:15,0016c001f10c2ef6,4.8,0.6,4.2,0.0,7809,704,7105,9.0,0.27,0.34,0.37,387902766,1978228764,3038,11797,1.2,234.4,3.1,2.0,184,121,0,0,0,0,0,0.0,0,0,0,0,0,0
61.2,2026-05-17T15:56:15,0016c001f10c2ef6,5.3,2.4,2.9,0.0,7809,704,7105,9.0,0.27,0.34,0.37,387906056,1978240561,3290,11797,1.2,234.4,3.1,2.0,184,121,0,0,0,0,0,0.0,0,0,0,0,0,0
61.7,2026-05-17T15:56:16,0016c001f10c2ef6,6.9,3.4,3.4,0.0,7809,704,7105,9.0,0.27,0.34,0.37,387910227,1978282923,4171,42362,1.2,234.4,3.1,2.0,184,121,0,0,0,0,0,0.0,0,0,0,0,0,0
62.1,2026-05-17T15:56:16,0016c001f10c2ef6,6.4,2.3,4.1,0.0,7809,703,7106,9.0,0.25,0.33,0.37,387913469,1978294720,3242,11797,1.2,234.4,3.1,2.0,184,121,0,0,0,0,0,0.0,0,0,0,0,0,0
62.5,2026-05-17T15:56:16,0016c001f10c2ef6,5.7,1.1,4.6,0.0,7809,703,7106,9.0,0.25,0.33,0.37,387916607,1978306517,3138,11797,1.2,234.4,3.1,2.0,184,121,0,0,0,0,0,0.0,0,0,0,0,0,0
63.0,2026-05-17T15:56:17,0016c001f10c2ef6,10.7,3.6,7.1,0.0,7809,702,7107,9.0,0.25,0.33,0.37,387919745,1978318380,3138,11863,1.2,234.4,3.1,2.0,184,121,0,0,0,0,0,0.0,0,0,0,0,0,0
63.5,2026-05-17T15:56:17,0016c001f10c2ef6,8.9,3.7,5.2,0.0,7809,702,7107,9.0,0.25,0.33,0.37,387922987,1978330243,3242,11863,1.2,234.4,3.1,2.0,184,121,0,0,0,0,0,0.0,0,0,0,0,0,0
63.9,2026-05-17T15:56:18,0016c001f10c2ef6,5.8,2.3,3.5,0.0,7809,702,7107,9.0,0.25,0.33,0.37,387927535,1978372605,4548,42362,1.2,234.4,3.1,2.0,184,121,0,0,0,0,0,0.0,0,0,0,0,0,0
64.3,2026-05-17T15:56:18,0016c001f10c2ef6,5.7,2.9,2.3,0.6,7809,702,7107,9.0,0.25,0.33,0.37,387930725,1978384402,3190,11797,1.2,234.4,3.1,2.0,184,121,0,0,0,0,0,0.0,0,0,0,0,0,0
64.8,2026-05-17T15:56:19,0016c001f10c2ef6,5.3,1.8,3.5,0.0,7809,703,7106,9.0,0.25,0.33,0.37,387933987,1978396277,3262,11875,1.2,234.4,3.1,2.0,184,121,0,0,0,0,0,0.0,0,0,0,0,0,0
65.2,2026-05-17T15:56:19,0016c001f10c2ef6,6.4,2.1,4.3,0.0,7809,703,7106,9.0,0.25,0.33,0.37,387937177,1978408074,3190,11797,1.2,234.4,3.1,2.0,184,121,0,0,0,0,0,0.0,0,0,0,0,0,0
65.6,2026-05-17T15:56:20,0016c001f10c2ef6,6.2,2.3,4.0,0.0,7809,702,7107,9.0,0.25,0.33,0.37,387941452,1978450436,4275,42362,1.2,234.4,3.1,2.0,184,121,0,0,0,0,0,0.0,0,0,0,0,0,0
66.1,2026-05-17T15:56:21,0016c001f10c2ef6,17.9,2.3,15.6,0.0,7809,702,7107,9.0,0.25,0.33,0.37,387944694,1978462233,3242,11797,1.2,234.4,3.1,2.0,184,121,0,0,0,0,0,0.0,0,0,0,0,0,0
66.5,2026-05-17T15:56:21,0016c001f10c2ef6,19.3,1.7,17.6,0.0,7809,704,7105,9.0,0.25,0.33,0.37,387947784,1978474030,3090,11797,1.2,234.4,3.1,2.0,185,122,1,1,0,0,0,0.0,0,0,0,0,0,0
66.9,2026-05-17T15:56:22,0016c001f10c2ef6,20.0,2.4,17.6,0.0,7809,701,7108,9.0,0.31,0.35,0.37,387951022,1978485828,3238,11798,1.2,234.4,3.1,2.0,185,122,0,0,0,0,0,0.0,0,0,0,0,0,0
67.4,2026-05-17T15:56:22,0016c001f10c2ef6,14.7,1.8,12.9,0.0,7809,702,7107,9.0,0.31,0.35,0.37,387954164,1978497692,3142,11864,1.2,234.4,3.1,2.0,185,122,0,0,0,0,0,0.0,0,0,0,0,0,0
67.8,2026-05-17T15:56:23,0016c001f10c2ef6,7.4,2.9,4.6,0.0,7809,702,7107,9.0,0.31,0.35,0.37,387958231,1978540055,4067,42363,1.2,234.4,3.1,2.0,185,122,0,0,0,0,0,0.0,0,0,0,0,0,0
68.2,2026-05-17T15:56:23,0016c001f10c2ef6,7.3,2.2,5.1,0.0,7809,702,7107,9.0,0.31,0.35,0.37,387961573,1978551853,3342,11798,1.2,234.4,3.1,2.0,185,122,0,0,0,0,0,0.0,0,0,0,0,0,0
68.7,2026-05-17T15:56:23,0016c001f10c2ef6,10.9,4.7,6.2,0.0,7809,702,7107,9.0,0.31,0.35,0.37,387964711,1978563717,3138,11864,1.2,234.4,3.1,2.0,185,122,0,0,0,0,0,0.0,0,0,0,0,0,0
69.1,2026-05-17T15:56:24,0016c001f10c2ef6,6.2,2.8,3.4,0.0,7809,702,7107,9.0,0.31,0.35,0.37,387967801,1978575515,3090,11798,1.2,234.4,3.1,2.0,185,122,0,0,0,0,0,0.0,0,0,0,0,0,0
69.6,2026-05-17T15:56:24,0016c001f10c2ef6,6.0,3.0,3.0,0.0,7809,702,7107,9.0,0.31,0.35,0.37,387970987,1978587313,3186,11798,1.2,234.4,3.1,2.0,185,122,0,0,0,0,0,0.0,0,0,0,0,0,0
70.0,2026-05-17T15:56:25,0016c001f10c2ef6,6.9,3.5,3.5,0.0,7809,700,7109,9.0,0.31,0.35,0.37,387975054,1978629676,4067,42363,1.2,234.4,3.1,2.0,185,122,0,0,0,0,0,0.0,0,0,0,0,0,0
70.4,2026-05-17T15:56:25,0016c001f10c2ef6,5.7,1.1,4.6,0.0,7809,700,7109,9.0,0.31,0.35,0.37,387978192,1978641474,3138,11798,1.2,234.4,3.1,2.0,185,122,0,0,0,0,0,0.0,0,0,0,0,0,0
70.8,2026-05-17T15:56:26,0016c001f10c2ef6,6.5,1.8,4.7,0.0,7809,701,7108,9.0,0.31,0.35,0.37,387981278,1978653272,3086,11798,1.2,234.4,3.1,2.0,185,122,0,0,0,0,0,0.0,0,0,0,0,0,0
71.3,2026-05-17T15:56:26,0016c001f10c2ef6,6.3,1.7,4.6,0.0,7809,701,7108,9.0,0.31,0.35,0.37,387984520,1978665070,3242,11798,1.2,234.4,3.1,2.0,185,122,0,0,0,0,0,0.0,0,0,0,0,0,0
71.7,2026-05-17T15:56:26,0016c001f10c2ef6,6.3,2.3,4.0,0.0,7809,701,7108,9.0,0.31,0.35,0.37,387988587,1978707433,4067,42363,1.2,234.4,3.1,2.0,185,122,0,0,0,0,0,0.0,0,0,0,0,0,0
72.1,2026-05-17T15:56:27,0016c001f10c2ef6,6.4,2.9,3.5,0.0,7809,702,7107,9.0,0.29,0.34,0.37,387991729,1978719231,3142,11798,1.2,234.4,3.1,2.0,185,122,0,0,0,0,0,0.0,0,0,0,0,0,0
72.5,2026-05-17T15:56:27,0016c001f10c2ef6,5.9,1.8,4.1,0.0,7809,702,7107,9.0,0.29,0.34,0.37,387995083,1978731239,3354,12008,1.2,234.4,3.1,2.0,185,122,0,0,0,0,0,0.0,0,0,0,0,0,0
73.0,2026-05-17T15:56:28,0016c001f10c2ef6,6.4,2.9,3.5,0.0,7809,702,7107,9.0,0.29,0.34,0.37,387998373,1978743037,3290,11798,1.2,234.4,3.1,2.0,185,122,0,0,0,0,0,0.0,0,0,0,0,0,0
73.4,2026-05-17T15:56:28,0016c001f10c2ef6,7.0,2.9,4.1,0.0,7809,702,7107,9.0,0.29,0.34,0.37,388001563,1978754835,3190,11798,1.2,234.4,3.1,2.0,185,122,0,0,0,0,0,0.0,0,0,0,0,0,0
73.9,2026-05-17T15:56:29,0016c001f10c2ef6,8.8,4.1,4.6,0.0,7809,703,7106,9.0,0.29,0.34,0.37,388006215,1978797264,4652,42429,1.2,234.4,3.1,2.0,185,122,0,0,0,0,0,0.0,0,0,0,0,0,0
74.3,2026-05-17T15:56:29,0016c001f10c2ef6,7.5,2.9,4.6,0.0,7809,701,7108,9.0,0.29,0.34,0.37,388009301,1978809062,3086,11798,1.2,234.4,3.1,2.0,185,122,0,0,0,0,0,0.0,0,0,0,0,0,0
74.7,2026-05-17T15:56:29,0016c001f10c2ef6,6.4,1.7,4.7,0.0,7809,701,7108,9.0,0.29,0.34,0.37,388012491,1978820860,3190,11798,1.2,234.4,3.1,2.0,185,122,0,0,0,0,0,0.0,0,0,0,0,0,0
75.1,2026-05-17T15:56:30,0016c001f10c2ef6,6.4,2.9,2.9,0.6,7809,702,7107,9.0,0.29,0.34,0.37,388015681,1978832658,3190,11798,1.2,234.4,3.1,2.0,185,122,0,0,0,0,0,0.0,0,0,0,0,0,0
75.6,2026-05-17T15:56:30,0016c001f10c2ef6,6.3,2.3,4.0,0.0,7809,702,7107,9.0,0.29,0.34,0.37,388018975,1978844456,3294,11798,1.2,234.4,3.1,2.0,185,122,0,0,0,0,0,0.0,0,0,0,0,0,0
76.0,2026-05-17T15:56:31,0016c001f10c2ef6,6.7,2.8,3.9,0.0,7809,702,7107,9.0,0.29,0.34,0.37,388022838,1978886819,3863,42363,1.2,234.4,3.1,2.0,185,122,0,0,0,0,0,0.0,0,0,0,0,0,0
76.4,2026-05-17T15:56:31,0016c001f10c2ef6,5.7,1.7,4.0,0.0,7809,702,7107,9.0,0.29,0.34,0.37,388025976,1978898617,3138,11798,1.2,234.4,3.1,2.0,185,122,0,0,0,0,0,0.0,0,0,0,0,0,0
76.9,2026-05-17T15:56:32,0016c001f10c2ef6,7.4,2.9,4.6,0.0,7809,703,7106,9.0,0.34,0.35,0.37,388029318,1978910415,3342,11798,1.2,234.4,3.1,2.0,185,122,0,0,0,0,0,0.0,0,0,0,0,0,0
77.3,2026-05-17T15:56:32,0016c001f10c2ef6,8.5,2.8,5.7,0.0,7809,703,7106,9.0,0.34,0.35,0.37,388032476,1978922299,3158,11884,1.2,234.4,3.1,2.0,185,122,0,0,0,0,0,0.0,0,0,0,0,0,0
77.7,2026-05-17T15:56:32,0016c001f10c2ef6,20.7,1.8,18.9,0.0,7809,703,7106,9.0,0.34,0.35,0.37,388036231,1978934097,3755,11798,1.2,234.4,3.1,2.0,185,122,0,0,0,0,0,0.0,0,0,0,0,0,0
78.2,2026-05-17T15:56:33,0016c001f10c2ef6,20.0,2.4,17.6,0.0,7809,705,7104,9.0,0.34,0.35,0.37,388039581,1978976460,3350,42363,1.2,234.4,3.1,2.0,185,122,0,0,0,0,0,0.0,0,0,0,0,0,0
78.6,2026-05-17T15:56:33,0016c001f10c2ef6,18.9,1.2,17.8,0.0,7809,704,7105,9.0,0.34,0.35,0.37,388042871,1978988258,3290,11798,1.2,234.4,3.1,2.0,185,122,0,0,0,0,0,0.0,0,0,0,0,0,0
79.0,2026-05-17T15:56:34,0016c001f10c2ef6,12.6,2.3,10.3,0.0,7809,705,7104,9.0,0.34,0.35,0.37,388046009,1979000056,3138,11798,1.2,234.4,3.1,2.0,185,122,0,0,0,0,0,0.0,0,0,0,0,0,0
79.4,2026-05-17T15:56:34,0016c001f10c2ef6,5.2,1.7,3.5,0.0,7809,704,7105,9.0,0.34,0.35,0.37,388049151,1979011854,3142,11798,1.2,234.4,3.1,2.0,185,122,0,0,0,0,0,0.0,0,0,0,0,0,0
79.9,2026-05-17T15:56:35,0016c001f10c2ef6,6.3,4.0,2.3,0.0,7809,701,7108,9.0,0.34,0.35,0.37,388053370,1979054217,4219,42363,1.2,234.4,3.1,2.0,185,122,0,0,0,0,0,0.0,0,0,0,0,0,0
80.3,2026-05-17T15:56:35,0016c001f10c2ef6,7.1,2.9,4.1,0.0,7809,703,7106,9.0,0.34,0.35,0.37,388056612,1979066015,3242,11798,1.2,234.4,3.1,2.0,185,122,0,0,0,0,0,0.0,0,0,0,0,0,0
80.7,2026-05-17T15:56:35,0016c001f10c2ef6,6.7,1.7,5.1,0.0,7809,701,7108,9.0,0.34,0.35,0.37,388059750,1979077813,3138,11798,1.2,234.4,3.1,2.0,185,122,0,0,0,0,0,0.0,0,0,0,0,0,0
81.2,2026-05-17T15:56:36,0016c001f10c2ef6,6.3,1.7,4.6,0.0,7809,702,7107,9.0,0.34,0.35,0.37,388062840,1979089611,3090,11798,1.2,234.4,3.1,2.0,185,122,0,0,0,0,0,0.0,0,0,0,0,0,0
81.6,2026-05-17T15:56:36,0016c001f10c2ef6,6.4,2.9,3.5,0.0,7809,702,7107,9.0,0.31,0.35,0.37,388065978,1979101409,3138,11798,1.2,234.1,3.1,2.0,185,122,0,0,0,0,0,0.0,0,0,0,0,0,0
82.0,2026-05-17T15:56:37,0016c001f10c2ef6,7.1,3.0,4.1,0.0,7809,702,7107,9.0,0.31,0.35,0.37,388070197,1979143772,4219,42363,1.2,234.1,3.1,2.0,185,122,0,0,0,0,0,0.0,0,0,0,0,0,0
82.4,2026-05-17T15:56:37,0016c001f10c2ef6,5.9,2.9,2.9,0.0,7809,703,7106,9.0,0.31,0.35,0.37,388073281,1979155636,3084,11864,1.2,234.1,3.1,2.0,185,122,0,0,0,0,0,0.0,0,0,0,0,0,0
82.8,2026-05-17T15:56:38,0016c001f10c2ef6,7.5,3.4,4.0,0.0,7809,703,7106,9.0,0.31,0.35,0.37,388076519,1979167434,3238,11798,1.2,234.1,3.1,2.0,185,122,0,0,0,0,0,0.0,0,0,0,0,0,0
83.3,2026-05-17T15:56:38,0016c001f10c2ef6,5.8,1.7,4.1,0.0,7809,703,7106,9.0,0.31,0.35,0.37,388079761,1979179232,3242,11798,1.2,234.1,3.1,2.0,185,122,0,0,0,0,0,0.0,0,0,0,0,0,0
83.7,2026-05-17T15:56:38,0016c001f10c2ef6,5.8,2.3,3.5,0.0,7809,702,7107,9.0,0.31,0.35,0.37,388083432,1979191030,3671,11798,1.2,234.1,3.1,2.0,185,122,0,0,0,0,0,0.0,0,0,0,0,0,0
84.2,2026-05-17T15:56:39,0016c001f10c2ef6,11.6,5.1,6.6,0.0,7809,701,7108,9.0,0.31,0.35,0.37,388087555,1979233459,4123,42429,1.2,234.1,3.1,2.0,185,122,0,0,0,0,0,0.0,0,0,0,0,0,0
84.7,2026-05-17T15:56:39,0016c001f10c2ef6,11.1,3.5,7.5,0.0,7809,701,7108,9.0,0.31,0.35,0.37,388090845,1979245323,3290,11864,1.2,234.1,3.1,2.0,185,122,0,0,0,0,0,0.0,0,0,0,0,0,0
85.1,2026-05-17T15:56:40,0016c001f10c2ef6,5.9,2.4,3.5,0.0,7809,701,7108,9.0,0.31,0.35,0.37,388094059,1979257277,3214,11954,1.2,234.1,3.1,2.0,185,122,0,0,0,0,0,0.0,0,0,0,0,0,0
85.5,2026-05-17T15:56:40,0016c001f10c2ef6,5.3,1.8,3.5,0.0,7809,702,7107,9.0,0.31,0.35,0.37,388097201,1979269075,3142,11798,1.2,234.1,3.1,2.0,185,122,0,0,0,0,0,0.0,0,0,0,0,0,0
85.9,2026-05-17T15:56:41,0016c001f10c2ef6,5.8,1.8,4.1,0.0,7809,702,7107,9.0,0.31,0.35,0.37,388101268,1979311438,4067,42363,1.2,234.1,3.1,2.0,185,122,0,0,0,0,0,0.0,0,0,0,0,0,0
86.4,2026-05-17T15:56:41,0016c001f10c2ef6,7.0,2.9,4.1,0.0,7809,704,7105,9.0,0.31,0.35,0.37,388104406,1979323236,3138,11798,1.2,234.1,3.1,2.0,185,122,0,0,0,0,0,0.0,0,0,0,0,0,0
86.8,2026-05-17T15:56:41,0016c001f10c2ef6,5.4,3.0,2.4,0.0,7809,703,7106,9.0,0.29,0.34,0.37,388107690,1979335100,3284,11864,1.2,234.1,3.1,2.0,185,122,0,0,0,0,0,0.0,0,0,0,0,0,0
87.2,2026-05-17T15:56:42,0016c001f10c2ef6,5.3,1.8,3.5,0.0,7809,703,7106,9.0,0.29,0.34,0.37,388110832,1979346898,3142,11798,1.2,234.1,3.1,2.0,185,122,0,0,0,0,0,0.0,0,0,0,0,0,0
87.6,2026-05-17T15:56:42,0016c001f10c2ef6,7.7,4.2,3.6,0.0,7809,702,7107,9.0,0.29,0.34,0.37,388114018,1979358696,3186,11798,1.2,234.1,3.1,2.0,185,122,0,0,0,0,0,0.0,0,0,0,0,0,0
88.0,2026-05-17T15:56:43,0016c001f10c2ef6,6.4,2.3,4.1,0.0,7809,702,7107,9.0,0.29,0.34,0.37,388118005,1979401137,3987,42441,1.2,234.1,3.1,2.0,185,122,0,0,0,0,0,0.0,0,0,0,0,0,0
88.5,2026-05-17T15:56:43,0016c001f10c2ef6,7.6,3.5,4.1,0.0,7809,703,7106,9.0,0.29,0.34,0.37,388121039,1979412935,3034,11798,1.2,234.1,3.1,2.0,185,122,0,0,0,0,0,0.0,0,0,0,0,0,0
88.9,2026-05-17T15:56:44,0016c001f10c2ef6,12.7,2.3,10.4,0.0,7809,702,7107,9.0,0.29,0.34,0.37,388124229,1979424733,3190,11798,1.2,234.1,3.1,2.0,185,122,0,0,0,0,0,0.0,0,0,0,0,0,0
89.3,2026-05-17T15:56:44,0016c001f10c2ef6,19.5,3.0,16.6,0.0,7809,702,7107,9.0,0.29,0.34,0.37,388127367,1979436531,3138,11798,1.2,234.1,3.1,2.0,185,122,0,0,0,0,0,0.0,0,0,0,0,0,0
89.7,2026-05-17T15:56:44,0016c001f10c2ef6,20.2,2.3,17.9,0.0,7809,702,7107,9.0,0.29,0.34,0.37,388130657,1979448329,3290,11798,1.2,234.1,3.1,2.0,185,122,0,0,0,0,0,0.0,0,0,0,0,0,0
90.2,2026-05-17T15:56:45,0016c001f10c2ef6,19.0,2.3,16.7,0.0,7809,702,7107,9.0,0.29,0.34,0.37,388134822,1979490734,4165,42405,1.2,234.1,3.1,2.0,185,122,0,0,0,0,0,0.0,0,0,0,0,0,0
90.6,2026-05-17T15:56:45,0016c001f10c2ef6,7.3,3.4,3.9,0.0,7809,702,7107,9.0,0.29,0.34,0.37,388137960,1979502532,3138,11798,1.2,234.1,3.1,2.0,185,122,0,0,0,0,0,0.0,0,0,0,0,0,0
91.1,2026-05-17T15:56:46,0016c001f10c2ef6,5.8,2.9,2.9,0.0,7809,702,7107,9.0,0.29,0.34,0.37,388141102,1979514330,3142,11798,1.2,234.1,3.1,2.0,185,122,0,0,0,0,0,0.0,0,0,0,0,0,0
91.5,2026-05-17T15:56:46,0016c001f10c2ef6,7.1,2.4,4.1,0.6,7809,703,7106,9.0,0.27,0.33,0.37,388144288,1979526128,3186,11798,1.2,234.1,3.1,2.0,185,122,0,0,0,0,0,0.0,0,0,0,0,0,0
91.9,2026-05-17T15:56:47,0016c001f10c2ef6,6.5,2.4,4.1,0.0,7809,703,7106,9.0,0.27,0.33,0.37,388147478,1979537926,3190,11798,1.2,234.1,3.1,2.0,185,122,0,0,0,0,0,0.0,0,0,0,0,0,0
92.3,2026-05-17T15:56:47,0016c001f10c2ef6,7.6,3.5,4.1,0.0,7809,703,7106,9.0,0.27,0.33,0.37,388151441,1979580289,3963,42363,1.2,234.1,3.1,2.0,185,122,0,0,0,0,0,0.0,0,0,0,0,0,0
92.7,2026-05-17T15:56:47,0016c001f10c2ef6,5.9,0.6,5.3,0.0,7809,703,7106,9.0,0.27,0.33,0.37,388154683,1979592087,3242,11798,1.2,234.1,3.1,2.0,185,122,0,0,0,0,0,0.0,0,0,0,0,0,0
93.2,2026-05-17T15:56:48,0016c001f10c2ef6,6.8,2.3,4.5,0.0,7809,703,7106,9.0,0.27,0.33,0.37,388157669,1979603885,2986,11798,1.2,234.1,3.1,2.0,185,122,0,0,0,0,0,0.0,0,0,0,0,0,0
93.6,2026-05-17T15:56:48,0016c001f10c2ef6,5.9,1.8,4.1,0.0,7809,702,7107,9.0,0.27,0.33,0.37,388161284,1979615683,3615,11798,1.2,234.1,3.1,2.0,185,122,0,0,0,0,0,0.0,0,0,0,0,0,0
94.0,2026-05-17T15:56:49,0016c001f10c2ef6,6.4,1.2,5.2,0.0,7809,702,7107,9.0,0.27,0.33,0.37,388165355,1979658046,4071,42363,1.2,234.1,3.1,2.0,185,122,0,0,0,0,0,0.0,0,0,0,0,0,0
94.4,2026-05-17T15:56:49,0016c001f10c2ef6,7.1,2.4,4.7,0.0,7809,702,7107,9.0,0.27,0.33,0.37,388168645,1979669844,3290,11798,1.2,234.1,3.1,2.0,185,122,0,0,0,0,0,0.0,0,0,0,0,0,0
94.9,2026-05-17T15:56:50,0016c001f10c2ef6,9.0,3.5,5.5,0.0,7809,703,7106,9.0,0.27,0.33,0.37,388171835,1979681708,3190,11864,1.2,234.1,3.1,2.0,185,122,0,0,0,0,0,0.0,0,0,0,0,0,0
95.4,2026-05-17T15:56:50,0016c001f10c2ef6,6.7,2.2,4.4,0.0,7809,703,7106,9.0,0.27,0.33,0.37,388174925,1979693506,3090,11798,1.2,234.1,3.1,2.0,185,122,0,0,0,0,0,0.0,0,0,0,0,0,0
95.8,2026-05-17T15:56:50,0016c001f10c2ef6,7.1,3.6,3.6,0.0,7809,703,7106,9.0,0.27,0.33,0.37,388178183,1979705382,3258,11876,1.2,234.1,3.1,2.0,185,122,0,0,0,0,0,0.0,0,0,0,0,0,0
96.2,2026-05-17T15:56:51,0016c001f10c2ef6,8.7,4.0,4.6,0.0,7809,703,7106,9.0,0.27,0.33,0.37,388182302,1979747745,4119,42363,1.2,234.2,3.1,2.0,185,122,0,0,0,0,0,0.0,0,0,0,0,0,0
96.6,2026-05-17T15:56:51,0016c001f10c2ef6,5.7,1.7,4.0,0.0,7809,703,7106,9.0,0.24,0.33,0.36,388185492,1979759543,3190,11798,1.2,234.2,3.1,2.0,185,122,0,0,0,0,0,0.0,0,0,0,0,0,0
97.1,2026-05-17T15:56:52,0016c001f10c2ef6,5.9,1.8,4.1,0.0,7809,703,7106,9.0,0.24,0.33,0.36,388188630,1979771341,3138,11798,1.2,234.2,3.1,2.0,185,122,0,0,0,0,0,0.0,0,0,0,0,0,0
97.5,2026-05-17T15:56:52,0016c001f10c2ef6,5.9,2.9,2.9,0.0,7809,703,7106,9.0,0.24,0.33,0.36,388191768,1979783139,3138,11798,1.2,234.2,3.1,2.0,185,122,0,0,0,0,0,0.0,0,0,0,0,0,0
97.9,2026-05-17T15:56:53,0016c001f10c2ef6,6.3,2.9,3.4,0.0,7809,703,7106,9.0,0.24,0.33,0.36,388194906,1979794937,3138,11798,1.2,234.2,3.1,2.0,185,122,0,0,0,0,0,0.0,0,0,0,0,0,0
98.3,2026-05-17T15:56:54,0016c001f10c2ef6,5.8,2.3,3.5,0.0,7809,703,7106,9.0,0.24,0.33,0.36,388199129,1979837300,4223,42363,1.2,234.3,3.1,2.0,185,122,0,0,0,0,0,0.0,0,0,0,0,0,0
98.8,2026-05-17T15:56:54,0016c001f10c2ef6,7.4,2.9,4.6,0.0,7809,703,7106,9.0,0.24,0.33,0.36,388202219,1979849098,3090,11798,1.2,234.3,3.1,2.0,185,122,0,0,0,0,0,0.0,0,0,0,0,0,0
99.2,2026-05-17T15:56:55,0016c001f10c2ef6,6.4,2.3,4.1,0.0,7809,702,7107,9.0,0.24,0.33,0.36,388205509,1979860896,3290,11798,1.2,234.3,3.1,2.0,185,122,0,0,0,0,0,0.0,0,0,0,0,0,0
99.6,2026-05-17T15:56:55,0016c001f10c2ef6,6.5,2.4,4.1,0.0,7809,702,7107,9.0,0.24,0.33,0.36,388208699,1979872694,3190,11798,1.2,234.3,3.1,2.0,185,122,0,0,0,0,0,0.0,0,0,0,0,0,0
100.1,2026-05-17T15:56:56,0016c001f10c2ef6,9.3,3.1,6.2,0.0,7809,703,7106,9.0,0.24,0.33,0.36,388212666,1979915123,3967,42429,1.2,234.3,3.1,2.0,185,122,0,0,0,0,0,0.0,0,0,0,0,0,0
100.5,2026-05-17T15:56:56,0016c001f10c2ef6,14.8,3.0,11.8,0.0,7809,703,7106,9.0,0.24,0.33,0.36,388215852,1979926921,3186,11798,1.2,234.3,3.1,2.0,185,122,0,0,0,0,0,0.0,0,0,0,0,0,0
100.9,2026-05-17T15:56:56,0016c001f10c2ef6,19.2,3.4,15.8,0.0,7809,703,7106,9.0,0.24,0.33,0.36,388218962,1979938805,3110,11884,1.2,234.3,3.1,2.0,185,122,0,0,0,0,0,0.0,0,0,0,0,0,0
101.4,2026-05-17T15:56:57,0016c001f10c2ef6,19.7,2.8,16.9,0.0,7809,703,7106,9.0,0.31,0.34,0.37,388222200,1979950603,3238,11798,1.2,234.3,3.1,2.0,185,122,0,0,0,0,0,0.0,0,0,0,0,0,0
101.8,2026-05-17T15:56:57,0016c001f10c2ef6,15.7,2.3,13.4,0.0,7809,703,7106,9.0,0.31,0.34,0.37,388225390,1979962401,3190,11798,1.2,234.3,3.1,2.0,185,122,0,0,0,0,0,0.0,0,0,0,0,0,0
102.2,2026-05-17T15:56:58,0016c001f10c2ef6,6.5,2.4,4.1,0.0,7809,703,7106,9.0,0.31,0.34,0.37,388229357,1980004764,3967,42363,1.2,234.3,3.1,2.0,185,122,0,0,0,0,0,0.0,0,0,0,0,0,0
102.7,2026-05-17T15:56:58,0016c001f10c2ef6,8.3,4.1,4.1,0.0,7809,703,7106,9.0,0.31,0.34,0.37,388232699,1980016562,3342,11798,1.2,234.3,3.1,2.0,185,122,0,0,0,0,0,0.0,0,0,0,0,0,0
103.1,2026-05-17T15:56:59,0016c001f10c2ef6,7.8,2.2,3.9,1.7,7809,703,7106,9.0,0.31,0.34,0.37,388236370,1980028360,3671,11798,1.2,234.3,3.1,2.0,185,122,0,0,0,0,0,0.0,0,0,0,0,0,0
103.5,2026-05-17T15:56:59,0016c001f10c2ef6,4.1,1.2,3.0,0.0,7809,703,7106,9.0,0.31,0.34,0.37,388239564,1980040158,3194,11798,1.2,234.3,3.1,2.0,185,122,0,0,0,0,0,0.0,0,0,0,0,0,0
103.9,2026-05-17T15:56:59,0016c001f10c2ef6,6.4,2.3,4.1,0.0,7809,703,7106,9.0,0.31,0.34,0.37,388242650,1980051956,3086,11798,1.2,234.3,3.1,2.0,185,122,0,0,0,0,0,0.0,0,0,0,0,0,0
104.4,2026-05-17T15:57:00,0016c001f10c2ef6,6.4,2.9,3.5,0.0,7809,703,7106,9.0,0.31,0.34,0.37,388246869,1980094319,4219,42363,1.2,234.3,3.1,2.0,185,122,0,0,0,0,0,0.0,0,0,0,0,0,0
104.8,2026-05-17T15:57:00,0016c001f10c2ef6,6.9,2.9,4.0,0.0,7809,703,7106,9.0,0.31,0.34,0.37,388250111,1980106117,3242,11798,1.2,234.3,3.1,2.0,185,122,0,0,0,0,0,0.0,0,0,0,0,0,0
105.3,2026-05-17T15:57:01,0016c001f10c2ef6,10.2,3.1,7.1,0.0,7809,702,7107,9.0,0.31,0.34,0.37,388253301,1980117981,3190,11864,1.2,234.3,3.1,2.0,185,122,0,0,0,0,0,0.0,0,0,0,0,0,0
105.7,2026-05-17T15:57:01,0016c001f10c2ef6,4.7,1.8,2.9,0.0,7809,703,7106,9.0,0.31,0.34,0.37,388256339,1980129779,3038,11798,1.2,234.3,3.1,2.0,185,122,0,0,0,0,0,0.0,0,0,0,0,0,0
106.1,2026-05-17T15:57:02,0016c001f10c2ef6,5.8,1.7,4.0,0.0,7809,703,7106,9.0,0.28,0.33,0.36,388259577,1980141577,3238,11798,1.2,234.3,3.1,2.0,185,122,0,0,0,0,0,0.0,0,0,0,0,0,0
106.5,2026-05-17T15:57:02,0016c001f10c2ef6,8.2,3.5,4.7,0.0,7809,703,7106,9.0,0.28,0.33,0.36,388263748,1980183940,4171,42363,1.2,234.3,3.1,2.0,185,122,0,0,0,0,0,0.0,0,0,0,0,0,0
106.9,2026-05-17T15:57:02,0016c001f10c2ef6,7.6,2.3,5.2,0.0,7809,703,7106,9.0,0.28,0.33,0.36,388266988,1980198027,3240,14087,1.2,234.3,3.1,2.0,185,122,0,0,0,0,0,0.0,0,0,0,0,0,0
107.4,2026-05-17T15:57:03,0016c001f10c2ef6,6.0,2.2,3.8,0.0,7809,703,7106,9.0,0.28,0.33,0.36,388270178,1980209825,3190,11798,1.2,234.3,3.1,2.0,185,122,0,0,0,0,0,0.0,0,0,0,0,0,0
107.9,2026-05-17T15:57:03,0016c001f10c2ef6,5.8,2.1,3.7,0.0,7809,702,7107,9.0,0.28,0.33,0.36,388273468,1980221623,3290,11798,1.2,234.3,3.1,2.0,185,122,0,0,0,0,0,0.0,0,0,0,0,0,0
108.3,2026-05-17T15:57:04,0016c001f10c2ef6,4.5,1.1,3.4,0.0,7809,703,7106,9.0,0.28,0.33,0.36,388277535,1980263986,4067,42363,1.2,234.3,3.1,2.0,185,122,0,0,0,0,0,0.0,0,0,0,0,0,0
108.7,2026-05-17T15:57:04,0016c001f10c2ef6,8.2,3.5,4.7,0.0,7809,702,7107,9.0,0.28,0.33,0.36,388280625,1980275784,3090,11798,1.2,234.3,3.1,2.0,185,122,0,0,0,0,0,0.0,0,0,0,0,0,0
109.1,2026-05-17T15:57:05,0016c001f10c2ef6,7.4,3.4,4.0,0.0,7809,702,7107,9.0,0.28,0.33,0.36,388283915,1980287582,3290,11798,1.2,234.3,3.1,2.0,185,122,0,0,0,0,0,0.0,0,0,0,0,0,0
109.5,2026-05-17T15:57:05,0016c001f10c2ef6,6.4,2.3,4.1,0.0,7809,702,7107,9.0,0.28,0.33,0.36,388287105,1980299380,3190,11798,1.2,234.3,3.1,2.0,185,122,0,0,0,0,0,0.0,0,0,0,0,0,0
110.0,2026-05-17T15:57:05,0016c001f10c2ef6,5.9,2.4,3.6,0.0,7809,702,7107,9.0,0.28,0.33,0.36,388290295,1980311178,3190,11798,1.2,234.3,3.1,2.0,185,122,0,0,0,0,0,0.0,0,0,0,0,0,0
110.4,2026-05-17T15:57:06,0016c001f10c2ef6,10.1,4.0,6.1,0.0,7809,703,7106,9.0,0.28,0.33,0.36,388294206,1980353673,3911,42495,1.2,234.3,3.1,2.0,185,122,0,0,0,0,0,0.0,0,0,0,0,0,0
110.9,2026-05-17T15:57:06,0016c001f10c2ef6,7.1,3.6,3.6,0.0,7809,703,7106,9.0,0.26,0.33,0.36,388297546,1980367725,3340,14052,1.2,234.3,3.1,2.0,185,122,0,0,0,0,0,0.0,0,0,0,0,0,0
111.3,2026-05-17T15:57:07,0016c001f10c2ef6,5.8,2.9,2.9,0.0,7809,703,7106,9.0,0.26,0.33,0.36,388300684,1980379523,3138,11798,1.2,234.3,3.1,2.0,185,122,0,0,0,0,0,0.0,0,0,0,0,0,0
111.7,2026-05-17T15:57:07,0016c001f10c2ef6,9.6,2.8,6.8,0.0,7809,703,7106,9.0,0.26,0.33,0.36,388303846,1980391399,3162,11876,1.2,234.3,3.1,2.0,185,122,0,0,0,0,0,0.0,0,0,0,0,0,0
112.1,2026-05-17T15:57:08,0016c001f10c2ef6,19.6,2.4,17.3,0.0,7809,702,7107,9.0,0.26,0.33,0.36,388307188,1980403197,3342,11798,1.2,234.3,3.1,2.0,185,122,0,0,0,0,0,0.0,0,0,0,0,0,0
112.6,2026-05-17T15:57:08,0016c001f10c2ef6,20.6,1.8,18.8,0.0,7809,703,7106,9.0,0.26,0.33,0.36,388311203,1980445560,4015,42363,1.2,234.3,3.1,2.0,185,122,0,0,0,0,0,0.0,0,0,0,0,0,0
113.0,2026-05-17T15:57:08,0016c001f10c2ef6,20.0,2.9,17.1,0.0,7809,701,7108,9.0,0.26,0.33,0.36,388314770,1980457358,3567,11798,1.2,234.3,3.1,2.0,185,122,0,0,0,0,0,0.0,0,0,0,0,0,0
113.4,2026-05-17T15:57:09,0016c001f10c2ef6,9.9,2.3,7.0,0.6,7809,702,7107,9.0,0.26,0.33,0.36,388318012,1980469156,3242,11798,1.2,234.3,3.1,2.0,185,122,0,0,0,0,0,0.0,0,0,0,0,0,0
113.8,2026-05-17T15:57:09,0016c001f10c2ef6,5.4,2.4,3.0,0.0,7809,702,7107,9.0,0.26,0.33,0.36,388321306,1980480954,3294,11798,1.2,234.3,3.1,2.0,185,122,0,0,0,0,0,0.0,0,0,0,0,0,0
114.2,2026-05-17T15:57:10,0016c001f10c2ef6,5.7,2.3,3.4,0.0,7809,702,7107,9.0,0.26,0.33,0.36,388325553,1980523473,4247,42519,1.2,234.3,3.1,2.0,185,122,0,0,0,0,0,0.0,0,0,0,0,0,0
114.7,2026-05-17T15:57:10,0016c001f10c2ef6,7.4,4.0,3.4,0.0,7809,702,7107,9.0,0.26,0.33,0.36,388328743,1980535271,3190,11798,1.2,234.3,3.1,2.0,185,122,0,0,0,0,0,0.0,0,0,0,0,0,0
115.1,2026-05-17T15:57:11,0016c001f10c2ef6,5.8,2.9,2.9,0.0,7809,702,7107,9.0,0.26,0.33,0.36,388331985,1980547069,3242,11798,1.2,234.3,3.1,2.0,185,122,0,0,0,0,0,0.0,0,0,0,0,0,0
115.6,2026-05-17T15:57:11,0016c001f10c2ef6,10.2,4.6,5.6,0.0,7809,702,7107,9.0,0.26,0.33,0.36,388335227,1980558933,3242,11864,1.2,234.3,3.1,2.0,185,122,0,0,0,0,0,0.0,0,0,0,0,0,0
116.0,2026-05-17T15:57:11,0016c001f10c2ef6,6.2,2.8,3.4,0.0,7809,702,7107,9.0,0.24,0.32,0.36,388338265,1980570731,3038,11798,1.2,234.3,3.1,2.0,185,122,0,0,0,0,0,0.0,0,0,0,0,0,0
116.4,2026-05-17T15:57:12,0016c001f10c2ef6,4.7,1.2,3.5,0.0,7809,702,7107,9.0,0.24,0.32,0.36,388342576,1980613226,4311,42495,1.2,234.3,3.1,2.0,185,122,0,0,0,0,0,0.0,0,0,0,0,0,0
116.9,2026-05-17T15:57:12,0016c001f10c2ef6,10.4,3.8,6.6,0.0,7809,702,7107,9.0,0.24,0.32,0.36,388345766,1980625024,3190,11798,1.2,234.3,3.1,2.0,185,122,0,0,0,0,0,0.0,0,0,0,0,0,0
117.3,2026-05-17T15:57:13,0016c001f10c2ef6,5.2,1.7,3.5,0.0,7809,702,7107,9.0,0.24,0.32,0.36,388348804,1980636822,3038,11798,1.2,234.3,3.1,2.0,185,122,0,0,0,0,0,0.0,0,0,0,0,0,0
117.7,2026-05-17T15:57:13,0016c001f10c2ef6,6.1,2.2,3.9,0.0,7809,702,7107,9.0,0.24,0.32,0.36,388352094,1980648620,3290,11798,1.2,234.3,3.1,2.0,185,122,0,0,0,0,0,0.0,0,0,0,0,0,0
118.2,2026-05-17T15:57:14,0016c001f10c2ef6,5.6,1.5,4.1,0.0,7809,702,7107,9.0,0.24,0.32,0.36,388355184,1980660418,3090,11798,1.2,234.3,3.1,2.0,185,122,0,0,0,0,0,0.0,0,0,0,0,0,0
118.6,2026-05-17T15:57:14,0016c001f10c2ef6,11.6,3.5,4.7,3.5,7809,702,7107,9.0,0.24,0.32,0.36,388359251,1980702781,4067,42363,1.2,234.3,3.1,2.0,185,122,0,0,0,0,0,0.0,0,0,0,0,0,0
119.1,2026-05-17T15:57:15,0016c001f10c2ef6,6.8,2.8,4.0,0.0,7809,702,7107,9.0,0.24,0.32,0.36,388362509,1980714657,3258,11876,1.2,234.3,3.1,2.0,185,122,0,0,0,0,0,0.0,0,0,0,0,0,0
119.5,2026-05-17T15:57:15,0016c001f10c2ef6,5.9,3.5,2.4,0.0,7809,702,7107,9.0,0.24,0.32,0.36,388365599,1980726455,3090,11798,1.2,234.3,3.1,2.0,185,122,0,0,0,0,0,0.0,0,0,0,0,0,0
119.9,2026-05-17T15:57:15,0016c001f10c2ef6,5.7,1.1,4.5,0.0,7809,702,7107,9.0,0.24,0.32,0.36,388368681,1980738253,3082,11798,1.2,234.3,3.1,2.0,185,122,0,0,0,0,0,0.0,0,0,0,0,0,0
120.4,2026-05-17T15:57:16,0016c001f10c2ef6,6.8,2.3,4.5,0.0,7809,702,7107,9.0,0.24,0.32,0.36,388372800,1980780616,4119,42363,1.2,234.3,3.1,2.0,185,122,0,0,0,0,0,0.0,0,0,0,0,0,0
120.9,2026-05-17T15:57:16,0016c001f10c2ef6,10.2,4.6,5.6,0.0,7809,702,7107,9.0,0.22,0.32,0.36,388376042,1980793163,3242,12547,1.2,234.3,3.1,2.0,185,122,0,0,0,0,0,0.0,0,0,0,0,0,0
121.3,2026-05-17T15:57:17,0016c001f10c2ef6,6.8,1.7,5.1,0.0,7809,702,7107,9.0,0.22,0.32,0.36,388379232,1980804961,3190,11798,1.2,234.3,3.1,2.0,185,122,0,0,0,0,0,0.0,0,0,0,0,0,0
121.8,2026-05-17T15:57:17,0016c001f10c2ef6,7.3,4.5,2.8,0.0,7809,702,7107,9.0,0.22,0.32,0.36,388382316,1980818341,3084,13380,1.2,234.3,3.1,2.0,185,122,0,0,0,0,0,0.0,0,0,0,0,0,0
122.2,2026-05-17T15:57:18,0016c001f10c2ef6,6.8,1.6,5.3,0.0,7809,702,7107,9.0,0.22,0.32,0.36,388385350,1980830139,3034,11798,1.2,234.3,3.1,2.0,185,122,0,0,0,0,0,0.0,0,0,0,0,0,0
122.7,2026-05-17T15:57:18,0016c001f10c2ef6,6.7,2.8,3.9,0.0,7809,702,7107,9.0,0.22,0.32,0.36,388389946,1980872502,4596,42363,1.2,234.3,3.1,2.0,185,122,0,0,0,0,0,0.0,0,0,0,0,0,0
123.1,2026-05-17T15:57:19,0016c001f10c2ef6,7.4,1.1,6.3,0.0,7809,702,7107,9.0,0.22,0.32,0.36,388393032,1980884300,3086,11798,1.2,234.3,3.1,2.0,185,122,0,0,0,0,0,0.0,0,0,0,0,0,0
123.5,2026-05-17T15:57:19,0016c001f10c2ef6,19.2,2.9,16.3,0.0,7809,701,7108,9.0,0.22,0.32,0.36,388396070,1980896098,3038,11798,1.2,234.3,3.1,2.0,185,122,0,0,0,0,0,0.0,0,0,0,0,0,0
124.0,2026-05-17T15:57:19,0016c001f10c2ef6,17.5,1.8,15.8,0.0,7809,702,7107,9.0,0.22,0.32,0.36,388399208,1980907896,3138,11798,1.2,234.3,3.1,2.0,185,122,0,0,0,0,0,0.0,0,0,0,0,0,0
124.4,2026-05-17T15:57:20,0016c001f10c2ef6,19.5,1.8,17.2,0.6,7809,701,7108,9.0,0.22,0.32,0.36,388403291,1980950345,4083,42449,1.2,234.3,3.1,2.0,185,122,0,0,0,0,0,0.0,0,0,0,0,0,0
124.9,2026-05-17T15:57:20,0016c001f10c2ef6,12.9,2.6,10.3,0.0,7809,702,7107,9.0,0.22,0.32,0.36,388406433,1980962143,3142,11798,1.2,234.3,3.1,2.0,188,125,3,3,0,0,0,0.0,0,0,0,0,0,0
125.3,2026-05-17T15:57:21,0016c001f10c2ef6,7.3,1.7,5.6,0.0,7809,702,7107,9.0,0.22,0.32,0.36,388409619,1980973941,3186,11798,1.2,234.3,3.1,2.0,188,125,0,0,0,0,0,0.0,0,0,0,0,0,0
125.8,2026-05-17T15:57:21,0016c001f10c2ef6,7.3,2.3,5.1,0.0,7809,703,7106,9.0,0.2,0.31,0.36,388412809,1980985739,3190,11798,1.2,234.3,3.1,2.0,188,125,0,0,0,0,0,0.0,0,0,0,0,0,0
126.3,2026-05-17T15:57:22,0016c001f10c2ef6,9.0,3.0,6.0,0.0,7809,702,7107,9.0,0.2,0.31,0.36,388415945,1980997669,3136,11930,1.2,234.3,3.1,2.0,188,125,0,0,0,0,0,0.0,0,0,0,0,0,0
126.7,2026-05-17T15:57:22,0016c001f10c2ef6,6.3,1.7,4.6,0.0,7809,702,7107,9.0,0.2,0.31,0.36,388420064,1981040032,4119,42363,1.2,234.3,3.1,2.0,188,125,0,0,0,0,0,0.0,0,0,0,0,0,0
127.1,2026-05-17T15:57:23,0016c001f10c2ef6,7.0,2.3,4.7,0.0,7809,702,7107,9.0,0.2,0.31,0.36,388423202,1981051830,3138,11798,1.2,234.3,3.1,2.0,188,125,0,0,0,0,0,0.0,0,0,0,0,0,0
127.6,2026-05-17T15:57:23,0016c001f10c2ef6,6.2,1.7,4.5,0.0,7809,702,7107,9.0,0.2,0.31,0.36,388426288,1981063628,3086,11798,1.2,234.3,3.1,2.0,188,125,0,0,0,0,0,0.0,0,0,0,0,0,0
128.0,2026-05-17T15:57:23,0016c001f10c2ef6,6.9,2.3,4.6,0.0,7809,701,7108,9.0,0.2,0.31,0.36,388429474,1981075426,3186,11798,1.2,234.3,3.1,2.0,188,125,0,0,0,0,0,0.0,0,0,0,0,0,0
128.4,2026-05-17T15:57:24,0016c001f10c2ef6,6.8,2.3,4.5,0.0,7809,701,7108,9.0,0.2,0.31,0.36,388433025,1981087224,3551,11798,1.2,234.3,3.1,2.0,188,125,0,0,0,0,0,0.0,0,0,0,0,0,0
128.8,2026-05-17T15:57:24,0016c001f10c2ef6,8.0,2.9,5.1,0.0,7809,701,7108,9.0,0.2,0.31,0.36,388436579,1981129587,3554,42363,1.2,234.3,3.1,2.0,188,125,0,0,0,0,0,0.0,0,0,0,0,0,0
129.3,2026-05-17T15:57:25,0016c001f10c2ef6,5.6,2.2,3.4,0.0,7809,700,7109,9.0,0.2,0.31,0.36,388439921,1981142068,3342,12481,1.2,234.3,3.1,2.0,188,125,0,0,0,0,0,0.0,0,0,0,0,0,0
129.7,2026-05-17T15:57:25,0016c001f10c2ef6,9.2,3.3,5.4,0.5,7809,702,7107,9.0,0.2,0.31,0.36,388442901,1981155453,2980,13385,1.2,234.3,3.1,2.0,188,125,0,0,0,0,0,0.0,0,0,0,0,0,0
130.2,2026-05-17T15:57:26,0016c001f10c2ef6,4.5,1.1,3.4,0.0,7809,702,7107,9.0,0.2,0.31,0.36,388446087,1981167251,3186,11798,1.2,234.3,3.1,2.0,188,125,0,0,0,0,0,0.0,0,0,0,0,0,0
130.6,2026-05-17T15:57:27,0016c001f10c2ef6,6.3,2.9,3.4,0.0,7809,702,7107,9.0,0.18,0.31,0.35,388450258,1981210680,4171,43429,1.2,234.3,3.1,2.0,188,125,0,0,0,0,0,0.0,0,0,0,0,0,0
131.0,2026-05-17T15:57:27,0016c001f10c2ef6,8.8,4.1,4.7,0.0,7809,699,7110,9.0,0.18,0.31,0.35,388453448,1981222478,3190,11798,1.2,234.3,3.1,2.0,188,125,0,0,0,0,0,0.0,0,0,0,0,0,0
131.5,2026-05-17T15:57:28,0016c001f10c2ef6,11.1,4.7,6.3,0.0,7809,700,7109,9.0,0.18,0.31,0.35,388456736,1981236374,3288,13896,1.2,234.3,3.1,2.0,188,125,0,0,0,0,0,0.0,0,0,0,0,0,0
132.0,2026-05-17T15:57:28,0016c001f10c2ef6,9.4,3.3,6.1,0.0,7809,700,7109,9.0,0.18,0.31,0.35,388459926,1981248238,3190,11864,1.2,234.3,3.1,2.0,188,125,0,0,0,0,0,0.0,0,0,0,0,0,0
132.6,2026-05-17T15:57:29,0016c001f10c2ef6,9.7,2.9,6.8,0.0,7809,700,7109,9.0,0.18,0.31,0.35,388464422,1981290692,4496,42454,1.2,234.3,3.1,2.0,188,125,0,0,0,0,0,0.0,0,0,0,0,0,0
133.0,2026-05-17T15:57:29,0016c001f10c2ef6,6.9,2.3,4.6,0.0,7809,701,7108,9.0,0.18,0.31,0.35,388467612,1981302556,3190,11864,1.2,234.3,3.1,2.0,188,125,0,0,0,0,0,0.0,0,0,0,0,0,0
133.4,2026-05-17T15:57:30,0016c001f10c2ef6,7.3,2.8,4.5,0.0,7809,701,7108,9.0,0.18,0.31,0.35,388470854,1981314354,3242,11798,1.2,234.3,3.1,2.0,188,125,0,0,0,0,0,0.0,0,0,0,0,0,0
133.9,2026-05-17T15:57:30,0016c001f10c2ef6,7.5,2.7,4.3,0.5,7809,703,7106,9.0,0.18,0.31,0.35,388474048,1981326835,3194,12481,1.2,234.3,3.1,2.0,188,125,0,0,0,0,0,0.0,0,0,0,0,0,0
134.3,2026-05-17T15:57:31,0016c001f10c2ef6,6.5,1.6,4.9,0.0,7809,702,7107,9.0,0.18,0.31,0.35,388477296,1981340481,3248,13646,1.2,234.4,3.1,2.0,188,125,0,0,0,0,0,0.0,0,0,0,0,0,0
134.9,2026-05-17T15:57:31,0016c001f10c2ef6,11.0,1.8,9.1,0.0,7809,702,7107,9.0,0.18,0.31,0.35,388481447,1981383255,4151,42774,1.2,234.4,3.1,2.0,188,125,0,0,0,0,0,0.0,0,0,0,0,0,0
135.4,2026-05-17T15:57:32,0016c001f10c2ef6,18.3,2.3,16.0,0.0,7809,703,7106,9.0,0.25,0.32,0.36,388484585,1981395053,3138,11798,1.2,234.4,3.1,2.0,188,125,0,0,0,0,0,0.0,0,0,0,0,0,0
135.9,2026-05-17T15:57:32,0016c001f10c2ef6,18.6,1.4,17.1,0.0,7809,702,7107,9.0,0.25,0.32,0.36,388487835,1981407093,3250,12040,1.2,234.4,3.1,2.0,188,125,0,0,0,0,0,0.0,0,0,0,0,0,0
136.5,2026-05-17T15:57:33,0016c001f10c2ef6,10.7,1.5,9.2,0.0,7809,702,7107,9.0,0.25,0.32,0.36,388491446,1981419133,3611,12040,1.2,234.4,3.1,2.0,188,125,0,0,0,0,0,0.0,0,0,0,0,0,0
137.0,2026-05-17T15:57:33,0016c001f10c2ef6,5.8,1.4,4.3,0.0,7809,702,7107,9.0,0.25,0.32,0.36,388495116,1981461763,3670,42630,1.2,234.4,3.1,2.0,188,125,0,0,0,0,0,0.0,0,0,0,0,0,0
137.7,2026-05-17T15:57:34,0016c001f10c2ef6,6.0,1.8,4.3,0.0,7809,702,7107,9.0,0.25,0.32,0.36,388498330,1981474111,3214,12348,1.2,234.4,3.1,2.0,188,125,0,0,0,0,0,0.0,0,0,0,0,0,0
138.3,2026-05-17T15:57:35,0016c001f10c2ef6,7.9,3.6,4.3,0.0,7809,702,7107,9.0,0.25,0.32,0.36,388501468,1981485975,3138,11864,1.2,234.4,3.1,2.0,188,125,0,0,0,0,0,0.0,0,0,0,0,0,0
138.9,2026-05-17T15:57:35,0016c001f10c2ef6,9.7,4.3,5.3,0.0,7809,701,7108,9.0,0.25,0.32,0.36,388505859,1981528737,4391,42762,1.2,234.4,3.1,2.0,188,125,0,0,0,0,0,0.0,0,0,0,0,0,0
139.5,2026-05-17T15:57:36,0016c001f10c2ef6,8.3,3.3,5.1,0.0,7809,702,7107,9.0,0.25,0.32,0.36,388508897,1981540601,3038,11864,1.2,234.4,3.1,2.0,188,125,0,0,0,0,0,0.0,0,0,0,0,0,0
140.1,2026-05-17T15:57:36,0016c001f10c2ef6,4.3,1.0,3.4,0.0,7809,702,7107,9.0,0.25,0.32,0.36,388511995,1981552641,3098,12040,1.2,234.4,3.1,2.0,188,125,0,0,0,0,0,0.0,0,0,0,0,0,0
140.6,2026-05-17T15:57:37,0016c001f10c2ef6,4.8,1.9,2.9,0.0,7809,703,7106,9.0,0.23,0.31,0.36,388516126,1981595271,4131,42630,1.2,234.4,3.1,2.0,188,125,0,0,0,0,0,0.0,0,0,0,0,0,0
141.1,2026-05-17T15:57:38,0016c001f10c2ef6,5.7,2.2,3.5,0.0,7809,702,7107,9.0,0.23,0.31,0.36,388519264,1981607069,3138,11798,1.2,234.4,3.1,2.0,188,125,0,0,0,0,0,0.0,0,0,0,0,0,0
141.6,2026-05-17T15:57:38,0016c001f10c2ef6,6.7,2.8,3.9,0.0,7809,702,7107,9.0,0.23,0.31,0.36,388522502,1981618867,3238,11798,1.2,234.4,3.1,2.0,188,125,0,0,0,0,0,0.0,0,0,0,0,0,0
142.0,2026-05-17T15:57:38,0016c001f10c2ef6,7.2,2.2,5.0,0.0,7809,703,7106,9.0,0.23,0.31,0.36,388525969,1981630665,3467,11798,1.2,234.4,3.1,2.0,188,125,0,0,0,0,0,0.0,0,0,0,0,0,0
142.4,2026-05-17T15:57:39,0016c001f10c2ef6,6.9,2.3,4.6,0.0,7809,702,7107,9.0,0.23,0.31,0.36,388529155,1981642463,3186,11798,1.2,234.4,3.1,2.0,188,125,0,0,0,0,0,0.0,0,0,0,0,0,0
142.9,2026-05-17T15:57:39,0016c001f10c2ef6,8.5,4.5,4.0,0.0,7809,700,7109,9.0,0.23,0.31,0.36,388533298,1981684929,4143,42466,1.2,234.4,3.1,2.0,188,125,0,0,0,0,0,0.0,0,0,0,0,0,0
143.3,2026-05-17T15:57:40,0016c001f10c2ef6,6.2,2.8,3.4,0.0,7809,701,7108,9.0,0.23,0.31,0.36,388536588,1981696727,3290,11798,1.2,234.4,3.1,2.0,188,125,0,0,0,0,0,0.0,0,0,0,0,0,0
143.7,2026-05-17T15:57:40,0016c001f10c2ef6,5.8,1.8,4.1,0.0,7809,700,7109,9.0,0.23,0.31,0.36,388540010,1981710473,3422,13746,1.2,234.3,3.1,2.0,188,125,0,0,0,0,0,0.0,0,0,0,0,0,0
144.2,2026-05-17T15:57:41,0016c001f10c2ef6,9.1,4.6,4.0,0.6,7809,700,7109,9.0,0.23,0.31,0.36,388543194,1981724245,3184,13772,1.2,234.3,3.1,2.0,188,125,0,0,0,0,0,0.0,0,0,0,0,0,0
144.6,2026-05-17T15:57:41,0016c001f10c2ef6,8.4,3.7,4.7,0.0,7809,701,7108,9.0,0.23,0.31,0.36,388546745,1981736109,3551,11864,1.2,234.3,3.1,2.0,188,125,0,0,0,0,0,0.0,0,0,0,0,0,0
145.1,2026-05-17T15:57:41,0016c001f10c2ef6,6.6,2.7,3.8,0.0,7809,701,7108,9.0,0.29,0.32,0.36,388550243,1981778578,3498,42469,1.2,234.3,3.1,2.0,188,125,0,0,0,0,0,0.0,0,0,0,0,0,0
145.5,2026-05-17T15:57:42,0016c001f10c2ef6,5.6,2.2,3.4,0.0,7809,702,7107,9.0,0.29,0.32,0.36,388553229,1981790376,2986,11798,1.2,234.3,3.1,2.0,188,125,0,0,0,0,0,0.0,0,0,0,0,0,0
146.0,2026-05-17T15:57:42,0016c001f10c2ef6,6.4,2.3,4.0,0.0,7809,702,7107,9.0,0.29,0.32,0.36,388556367,1981802174,3138,11798,1.2,234.3,3.1,2.0,188,125,0,0,0,0,0,0.0,0,0,0,0,0,0
146.4,2026-05-17T15:57:43,0016c001f10c2ef6,17.6,4.1,13.5,0.0,7809,703,7106,9.0,0.29,0.32,0.36,388559609,1981813972,3242,11798,1.2,234.3,3.1,2.0,188,125,0,0,0,0,0,0.0,0,0,0,0,0,0
146.8,2026-05-17T15:57:43,0016c001f10c2ef6,19.5,3.0,16.6,0.0,7809,703,7106,9.0,0.29,0.32,0.36,388563776,1981856441,4167,42469,1.2,234.3,3.1,2.0,188,125,0,0,0,0,0,0.0,0,0,0,0,0,0
147.2,2026-05-17T15:57:44,0016c001f10c2ef6,20.6,3.5,17.1,0.0,7809,704,7105,9.0,0.29,0.32,0.36,388566918,1981868239,3142,11798,1.2,234.3,3.1,2.0,188,125,0,0,0,0,0,0.0,0,0,0,0,0,0
147.7,2026-05-17T15:57:44,0016c001f10c2ef6,17.4,2.3,15.1,0.0,7809,704,7105,9.0,0.29,0.32,0.36,388570156,1981880037,3238,11798,1.2,234.3,3.1,2.0,188,125,0,0,0,0,0,0.0,0,0,0,0,0,0
148.1,2026-05-17T15:57:44,0016c001f10c2ef6,6.8,2.8,4.0,0.0,7809,703,7106,9.0,0.29,0.32,0.36,388573194,1981891835,3038,11798,1.2,234.3,3.1,2.0,188,125,0,0,0,0,0,0.0,0,0,0,0,0,0
148.5,2026-05-17T15:57:45,0016c001f10c2ef6,6.8,1.7,5.1,0.0,7809,703,7106,9.0,0.29,0.32,0.36,388576432,1981903633,3238,11798,1.2,234.3,3.1,2.0,188,125,0,0,0,0,0,0.0,0,0,0,0,0,0
149.0,2026-05-17T15:57:45,0016c001f10c2ef6,6.9,3.4,3.4,0.0,7809,703,7106,9.0,0.29,0.32,0.36,388580451,1981946102,4019,42469,1.2,234.3,3.1,2.0,188,125,0,0,0,0,0,0.0,0,0,0,0,0,0
149.4,2026-05-17T15:57:46,0016c001f10c2ef6,5.1,1.7,3.4,0.0,7809,703,7106,9.0,0.29,0.32,0.36,388583689,1981957900,3238,11798,1.2,234.3,3.1,2.0,188,125,0,0,0,0,0,0.0,0,0,0,0,0,0
149.9,2026-05-17T15:57:46,0016c001f10c2ef6,9.7,3.6,6.1,0.0,7809,702,7107,9.0,0.27,0.32,0.36,388586931,1981969764,3242,11864,1.2,234.3,3.1,2.0,188,125,0,0,0,0,0,0.0,0,0,0,0,0,0
150.4,2026-05-17T15:57:47,0016c001f10c2ef6,10.1,3.0,7.1,0.0,7809,701,7108,9.0,0.27,0.32,0.36,388590193,1981981706,3262,11942,1.2,234.3,3.1,2.0,188,125,0,0,0,0,0,0.0,0,0,0,0,0,0
150.9,2026-05-17T15:57:47,0016c001f10c2ef6,9.5,3.0,6.5,0.0,7809,702,7107,9.0,0.27,0.32,0.36,388594260,1982024241,4067,42535,1.2,234.3,3.1,2.0,188,125,0,0,0,0,0,0.0,0,0,0,0,0,0
151.4,2026-05-17T15:57:48,0016c001f10c2ef6,10.7,3.6,7.1,0.0,7809,701,7108,9.0,0.27,0.32,0.36,388597450,1982036171,3190,11930,1.2,234.3,3.1,2.0,188,125,0,0,0,0,0,0.0,0,0,0,0,0,0
151.9,2026-05-17T15:57:48,0016c001f10c2ef6,9.0,3.0,6.0,0.0,7809,701,7108,9.0,0.27,0.32,0.36,388601069,1982048035,3619,11864,1.2,234.3,3.1,2.0,188,125,0,0,0,0,0,0.0,0,0,0,0,0,0
152.3,2026-05-17T15:57:49,0016c001f10c2ef6,9.5,2.5,7.0,0.0,7809,702,7107,9.0,0.27,0.32,0.36,388604311,1982059899,3242,11864,1.2,234.3,3.1,2.0,188,125,0,0,0,0,0,0.0,0,0,0,0,0,0
152.8,2026-05-17T15:57:49,0016c001f10c2ef6,9.5,2.0,7.5,0.0,7809,701,7108,9.0,0.27,0.32,0.36,388608378,1982102434,4067,42535,1.2,234.3,3.1,2.0,188,125,0,0,0,0,0,0.0,0,0,0,0,0,0
153.3,2026-05-17T15:57:50,0016c001f10c2ef6,9.9,3.6,6.2,0.0,7809,701,7108,9.0,0.27,0.32,0.36,388611568,1982114298,3190,11864,1.2,234.3,3.1,2.0,188,125,0,0,0,0,0,0.0,0,0,0,0,0,0
153.8,2026-05-17T15:57:50,0016c001f10c2ef6,9.5,4.0,5.5,0.0,7809,703,7106,9.0,0.27,0.32,0.36,388614810,1982126162,3242,11864,1.2,234.3,3.1,2.0,188,125,0,0,0,0,0,0.0,0,0,0,0,0,0
154.3,2026-05-17T15:57:51,0016c001f10c2ef6,8.2,2.6,5.6,0.0,7809,702,7107,9.0,0.27,0.32,0.36,388618000,1982138026,3190,11864,1.2,234.5,3.1,2.0,193,129,5,4,0,0,0,0.0,0,0,0,0,0,0
154.8,2026-05-17T15:57:51,0016c001f10c2ef6,11.6,4.5,6.5,0.5,7809,702,7107,9.0,0.41,0.35,0.37,388621755,1982164782,3755,26756,1.2,234.5,3.1,2.0,193,129,0,0,0,0,0,0.0,0,0,0,0,0,0
155.3,2026-05-17T15:57:52,0016c001f10c2ef6,10.2,4.1,6.1,0.0,7809,702,7107,9.0,0.41,0.35,0.37,388625361,1982192425,3606,27643,1.2,234.5,3.1,2.0,193,129,0,0,0,0,0,0.0,0,0,0,0,0,0
155.8,2026-05-17T15:57:52,0016c001f10c2ef6,10.1,3.5,6.6,0.0,7809,702,7107,9.0,0.41,0.35,0.37,388628727,1982204375,3366,11950,1.2,234.5,3.1,2.0,193,129,0,0,0,0,0,0.0,0,0,0,0,0,0
156.3,2026-05-17T15:57:53,0016c001f10c2ef6,8.2,3.1,5.2,0.0,7809,702,7107,9.0,0.41,0.35,0.37,388631817,1982216239,3090,11864,1.2,234.5,3.1,2.0,193,129,0,0,0,0,0,0.0,0,0,0,0,0,0
156.7,2026-05-17T15:57:53,0016c001f10c2ef6,6.3,1.7,4.6,0.0,7809,701,7108,9.0,0.41,0.35,0.37,388635055,1982228037,3238,11798,1.2,234.5,3.1,2.0,193,129,0,0,0,0,0,0.0,0,0,0,0,0,0
157.1,2026-05-17T15:57:53,0016c001f10c2ef6,6.9,2.9,4.0,0.0,7809,702,7107,9.0,0.41,0.35,0.37,388639018,1982270506,3963,42469,1.2,234.5,3.1,2.0,193,129,0,0,0,0,0,0.0,0,0,0,0,0,0
157.5,2026-05-17T15:57:54,0016c001f10c2ef6,6.3,1.7,4.6,0.0,7809,702,7107,9.0,0.41,0.35,0.37,388642156,1982282320,3138,11814,1.2,234.5,3.1,2.0,193,129,0,0,0,0,0,0.0,0,0,0,0,0,0
158.0,2026-05-17T15:57:54,0016c001f10c2ef6,16.8,1.7,15.0,0.0,7809,702,7107,9.0,0.41,0.35,0.37,388645294,1982294118,3138,11798,1.2,234.5,3.1,2.0,193,129,0,0,0,0,0,0.0,0,0,0,0,0,0
158.4,2026-05-17T15:57:55,0016c001f10c2ef6,20.6,1.8,18.8,0.0,7809,703,7106,9.0,0.41,0.35,0.37,388648384,1982305916,3090,11798,1.2,234.5,3.1,2.0,193,129,0,0,0,0,0,0.0,0,0,0,0,0,0
158.8,2026-05-17T15:57:55,0016c001f10c2ef6,18.9,1.8,17.2,0.0,7809,702,7107,9.0,0.41,0.35,0.37,388651522,1982317714,3138,11798,1.2,234.5,3.1,2.0,193,129,0,0,0,0,0,0.0,0,0,0,0,0,0
159.3,2026-05-17T15:57:56,0016c001f10c2ef6,16.3,4.1,12.2,0.0,7809,702,7107,9.0,0.41,0.35,0.37,388655481,1982360183,3959,42469,1.2,234.5,3.1,2.0,193,129,0,0,0,0,0,0.0,0,0,0,0,0,0
159.7,2026-05-17T15:57:56,0016c001f10c2ef6,6.1,1.7,4.5,0.0,7809,702,7107,9.0,0.37,0.34,0.37,388658671,1982371981,3190,11798,1.2,234.5,3.1,2.0,193,129,0,0,0,0,0,0.0,0,0,0,0,0,0
160.1,2026-05-17T15:57:56,0016c001f10c2ef6,6.3,2.3,4.0,0.0,7809,703,7106,9.0,0.37,0.34,0.37,388661913,1982383779,3242,11798,1.2,234.5,3.1,2.0,193,129,0,0,0,0,0,0.0,0,0,0,0,0,0
160.6,2026-05-17T15:57:57,0016c001f10c2ef6,5.8,1.7,4.1,0.0,7809,703,7106,9.0,0.37,0.34,0.37,388665091,1982395709,3178,11930,1.2,234.5,3.1,2.0,193,129,0,0,0,0,0,0.0,0,0,0,0,0,0
161.0,2026-05-17T15:57:57,0016c001f10c2ef6,6.4,1.7,4.7,0.0,7809,703,7106,9.0,0.37,0.34,0.37,388669262,1982438178,4171,42469,1.2,234.5,3.1,2.0,193,129,0,0,0,0,0,0.0,0,0,0,0,0,0
161.5,2026-05-17T15:57:58,0016c001f10c2ef6,11.0,4.7,6.3,0.0,7809,703,7106,9.0,0.37,0.34,0.37,388672881,1982450042,3619,11864,1.2,234.5,3.1,2.0,193,129,0,0,0,0,0,0.0,0,0,0,0,0,0
162.0,2026-05-17T15:57:58,0016c001f10c2ef6,10.3,2.9,7.4,0.0,7809,702,7107,9.0,0.37,0.34,0.37,388676123,1982461906,3242,11864,1.2,234.5,3.1,2.0,193,129,0,0,0,0,0,0.0,0,0,0,0,0,0
162.4,2026-05-17T15:57:59,0016c001f10c2ef6,13.4,4.0,7.9,1.5,7809,700,7109,9.0,0.37,0.34,0.37,388679209,1982473770,3086,11864,1.2,238.8,3.1,2.0,193,129,0,0,0,0,0,0.0,0,0,0,0,0,0
163.0,2026-05-17T15:58:00,0016c001f10c2ef6,10.5,3.4,7.1,0.0,7809,702,7107,9.0,0.37,0.34,0.37,388696762,1987258952,17553,4785182,1.2,234.5,3.1,2.0,193,129,0,0,0,0,0,0.0,0,0,0,0,0,0
163.6,2026-05-17T15:58:01,0016c001f10c2ef6,14.5,7.5,7.0,0.0,7809,701,7108,9.0,0.37,0.34,0.37,388710364,1987294054,13602,35102,1.2,234.5,3.1,2.0,193,129,0,0,0,0,0,0.0,0,0,0,0,0,0
164.1,2026-05-17T15:58:01,0016c001f10c2ef6,9.6,4.1,5.6,0.0,7809,701,7108,9.0,0.37,0.34,0.37,388713606,1987305918,3242,11864,1.2,234.5,3.1,2.0,193,129,0,0,0,0,0,0.0,0,0,0,0,0,0
164.6,2026-05-17T15:58:02,0016c001f10c2ef6,7.2,2.2,5.0,0.0,7809,701,7108,9.0,0.42,0.35,0.37,388716696,1987317716,3090,11798,1.2,234.5,3.1,2.0,193,129,0,0,0,0,0,0.0,0,0,0,0,0,0
165.0,2026-05-17T15:58:02,0016c001f10c2ef6,7.2,2.8,4.4,0.0,7809,701,7108,9.0,0.42,0.35,0.37,388720711,1987360185,4015,42469,1.2,234.5,3.1,2.0,193,129,0,0,0,0,0,0.0,0,0,0,0,0,0
165.4,2026-05-17T15:58:03,0016c001f10c2ef6,8.1,3.5,4.7,0.0,7809,701,7108,9.0,0.42,0.35,0.37,388723901,1987371983,3190,11798,1.2,234.5,3.1,2.0,193,129,0,0,0,0,0,0.0,0,0,0,0,0,0
165.9,2026-05-17T15:58:03,0016c001f10c2ef6,7.0,1.8,5.3,0.0,7809,701,7108,9.0,0.42,0.35,0.37,388728923,1987387455,5022,15472,1.2,234.5,3.1,2.0,193,129,0,0,0,0,0,0.0,0,0,0,0,0,0
166.3,2026-05-17T15:58:03,0016c001f10c2ef6,5.7,1.7,4.0,0.0,7809,701,7108,9.0,0.42,0.35,0.37,388732233,1987399331,3310,11876,1.2,234.5,3.1,2.0,193,129,0,0,0,0,0,0.0,0,0,0,0,0,0
166.7,2026-05-17T15:58:04,0016c001f10c2ef6,6.3,2.3,4.0,0.0,7809,701,7108,9.0,0.42,0.35,0.37,388735423,1987411129,3190,11798,1.2,234.5,3.1,2.0,193,129,0,0,0,0,0,0.0,0,0,0,0,0,0
167.2,2026-05-17T15:58:04,0016c001f10c2ef6,7.7,2.7,4.9,0.0,7809,701,7108,9.0,0.42,0.35,0.37,388741326,1987457216,5903,46087,1.2,234.5,3.1,2.0,193,129,0,0,0,0,0,0.0,0,0,0,0,0,0
167.6,2026-05-17T15:58:05,0016c001f10c2ef6,8.1,3.5,4.6,0.0,7809,701,7108,9.0,0.42,0.35,0.37,388744516,1987469014,3190,11798,1.2,234.5,3.1,2.0,193,129,0,0,0,0,0,0.0,0,0,0,0,0,0
168.0,2026-05-17T15:58:05,0016c001f10c2ef6,5.6,1.7,3.9,0.0,7809,701,7108,9.0,0.42,0.35,0.37,388747650,1987480812,3134,11798,1.2,234.5,3.1,2.0,193,129,0,0,0,0,0,0.0,0,0,0,0,0,0
168.5,2026-05-17T15:58:06,0016c001f10c2ef6,5.7,2.9,2.9,0.0,7809,701,7108,9.0,0.42,0.35,0.37,388752624,1987496356,4974,15544,1.2,234.5,3.1,2.0,193,129,0,0,0,0,0,0.0,0,0,0,0,0,0
168.9,2026-05-17T15:58:06,0016c001f10c2ef6,6.4,2.3,4.0,0.0,7809,701,7108,9.0,0.42,0.35,0.37,388755862,1987508154,3238,11798,1.2,234.4,3.1,2.0,193,129,0,0,0,0,0,0.0,0,0,0,0,0,0
169.4,2026-05-17T15:58:07,0016c001f10c2ef6,17.5,4.1,13.4,0.0,7809,701,7108,9.0,0.42,0.35,0.37,388759829,1987550689,3967,42535,1.2,234.4,3.1,2.0,193,129,0,0,0,0,0,0.0,0,0,0,0,0,0
169.8,2026-05-17T15:58:07,0016c001f10c2ef6,18.9,1.7,17.1,0.0,7809,700,7109,9.0,0.55,0.38,0.38,388764899,1987566105,5070,15416,1.2,234.4,3.1,2.0,193,129,0,0,0,0,0,0.0,0,0,0,0,0,0
170.3,2026-05-17T15:58:07,0016c001f10c2ef6,20.0,1.7,18.3,0.0,7809,701,7108,9.0,0.55,0.38,0.38,388768089,1987577903,3190,11798,1.2,234.4,3.1,2.0,193,129,0,0,0,0,0,0.0,0,0,0,0,0,0
170.7,2026-05-17T15:58:08,0016c001f10c2ef6,16.5,2.4,14.1,0.0,7809,702,7107,9.0,0.55,0.38,0.38,388771227,1987589701,3138,11798,1.2,234.4,3.1,2.0,193,129,0,0,0,0,0,0.0,0,0,0,0,0,0
171.1,2026-05-17T15:58:08,0016c001f10c2ef6,5.9,3.5,2.4,0.0,7809,701,7108,9.0,0.55,0.38,0.38,388775294,1987632170,4067,42469,1.2,234.4,3.1,2.0,193,129,0,0,0,0,0,0.0,0,0,0,0,0,0
171.5,2026-05-17T15:58:09,0016c001f10c2ef6,6.9,2.9,4.0,0.0,7809,701,7108,9.0,0.55,0.38,0.38,388778865,1987643968,3571,11798,1.2,234.4,3.1,2.0,193,129,0,0,0,0,0,0.0,0,0,0,0,0,0
172.0,2026-05-17T15:58:09,0016c001f10c2ef6,6.2,2.3,4.0,0.0,7809,702,7107,9.0,0.55,0.38,0.38,388782051,1987655766,3186,11798,1.2,234.4,3.1,2.0,193,129,0,0,0,0,0,0.0,0,0,0,0,0,0
172.4,2026-05-17T15:58:10,0016c001f10c2ef6,7.0,2.9,4.1,0.0,7809,702,7107,9.0,0.55,0.38,0.38,388785189,1987667564,3138,11798,1.2,234.4,3.1,2.0,193,129,0,0,0,0,0,0.0,0,0,0,0,0,0
172.8,2026-05-17T15:58:10,0016c001f10c2ef6,5.7,2.3,3.4,0.0,7809,701,7108,9.0,0.55,0.38,0.38,388788403,1987679518,3214,11954,1.2,234.4,3.1,2.0,193,129,0,0,0,0,0,0.0,0,0,0,0,0,0
173.3,2026-05-17T15:58:10,0016c001f10c2ef6,6.7,2.6,3.6,0.5,7809,701,7108,9.0,0.55,0.38,0.38,388792370,1987721987,3967,42469,1.2,234.4,3.1,2.0,193,129,0,0,0,0,0,0.0,0,0,0,0,0,0
173.7,2026-05-17T15:58:11,0016c001f10c2ef6,6.8,1.7,5.1,0.0,7809,701,7108,9.0,0.55,0.38,0.38,388795608,1987733785,3238,11798,1.2,234.4,3.1,2.0,193,129,0,0,0,0,0,0.0,0,0,0,0,0,0
174.2,2026-05-17T15:58:11,0016c001f10c2ef6,7.2,2.8,4.4,0.0,7809,702,7107,9.0,0.55,0.38,0.38,388798870,1987745661,3262,11876,1.2,234.4,3.1,2.0,193,129,0,0,0,0,0,0.0,0,0,0,0,0,0
174.7,2026-05-17T15:58:12,0016c001f10c2ef6,8.7,3.1,5.6,0.0,7809,701,7108,9.0,0.51,0.37,0.37,388802060,1987757525,3190,11864,1.2,234.4,3.1,2.0,193,129,0,0,0,0,0,0.0,0,0,0,0,0,0
175.1,2026-05-17T15:58:12,0016c001f10c2ef6,9.8,4.6,5.2,0.0,7809,702,7107,9.0,0.51,0.37,0.37,388806127,1987800060,4067,42535,1.2,234.4,3.1,2.0,193,129,0,0,0,0,0,0.0,0,0,0,0,0,0
175.6,2026-05-17T15:58:13,0016c001f10c2ef6,14.0,6.7,7.3,0.0,7809,703,7106,9.0,0.51,0.37,0.37,388809317,1987811924,3190,11864,1.2,234.4,3.1,2.0,193,129,0,0,0,0,0,0.0,0,0,0,0,0,0
176.0,2026-05-17T15:58:13,0016c001f10c2ef6,7.3,2.8,4.5,0.0,7809,702,7107,9.0,0.51,0.37,0.37,388812355,1987823722,3038,11798,1.2,234.4,3.1,2.0,193,129,0,0,0,0,0,0.0,0,0,0,0,0,0
176.5,2026-05-17T15:58:14,0016c001f10c2ef6,5.3,1.8,3.5,0.0,7809,702,7107,9.0,0.51,0.37,0.37,388815645,1987835520,3290,11798,1.2,234.4,3.1,2.0,193,129,0,0,0,0,0,0.0,0,0,0,0,0,0
176.9,2026-05-17T15:58:14,0016c001f10c2ef6,6.7,2.8,3.9,0.0,7809,702,7107,9.0,0.51,0.37,0.37,388818735,1987847384,3090,11864,1.2,234.4,3.1,2.0,193,129,0,0,0,0,0,0.0,0,0,0,0,0,0
177.3,2026-05-17T15:58:14,0016c001f10c2ef6,6.9,2.3,4.6,0.0,7809,702,7107,9.0,0.51,0.37,0.37,388822798,1987889853,4063,42469,1.2,234.4,3.1,2.0,193,129,0,0,0,0,0,0.0,0,0,0,0,0,0
177.7,2026-05-17T15:58:15,0016c001f10c2ef6,7.5,2.3,5.2,0.0,7809,701,7108,9.0,0.51,0.37,0.37,388825836,1987901651,3038,11798,1.2,234.4,3.1,2.0,193,129,0,0,0,0,0,0.0,0,0,0,0,0,0
178.2,2026-05-17T15:58:15,0016c001f10c2ef6,5.8,2.3,3.5,0.0,7809,701,7108,9.0,0.51,0.37,0.37,388829126,1987913449,3290,11798,1.2,234.4,3.1,2.0,193,129,0,0,0,0,0,0.0,0,0,0,0,0,0
178.6,2026-05-17T15:58:16,0016c001f10c2ef6,6.9,2.3,4.6,0.0,7809,701,7108,9.0,0.51,0.37,0.37,388832368,1987925247,3242,11798,1.2,234.4,3.1,2.0,193,129,0,0,0,0,0,0.0,0,0,0,0,0,0
179.0,2026-05-17T15:58:16,0016c001f10c2ef6,5.7,2.3,3.4,0.0,7809,701,7108,9.0,0.51,0.37,0.37,388835478,1987937131,3110,11884,1.2,234.4,3.1,2.0,193,129,0,0,0,0,0,0.0,0,0,0,0,0,0
179.5,2026-05-17T15:58:17,0016c001f10c2ef6,7.1,2.4,4.7,0.0,7809,701,7108,9.0,0.47,0.37,0.37,388839593,1987979600,4115,42469,1.2,234.4,3.1,2.0,193,129,0,0,0,0,0,0.0,0,0,0,0,0,0
179.9,2026-05-17T15:58:17,0016c001f10c2ef6,6.3,1.1,5.1,0.0,7809,700,7109,9.0,0.47,0.37,0.37,388842631,1987991398,3038,11798,1.2,234.4,3.1,2.0,193,129,0,0,0,0,0,0.0,0,0,0,0,0,0
180.3,2026-05-17T15:58:17,0016c001f10c2ef6,6.9,2.3,4.6,0.0,7809,703,7106,9.0,0.47,0.37,0.37,388845921,1988003262,3290,11864,1.2,234.4,3.1,2.0,193,129,0,0,0,0,0,0.0,0,0,0,0,0,0
180.8,2026-05-17T15:58:18,0016c001f10c2ef6,19.7,6.2,13.5,0.0,7809,702,7107,9.0,0.47,0.37,0.37,388849163,1988015126,3242,11864,1.2,234.4,3.1,2.0,193,129,0,0,0,0,0,0.0,0,0,0,0,0,0
181.2,2026-05-17T15:58:18,0016c001f10c2ef6,19.3,1.2,18.1,0.0,7809,702,7107,9.0,0.47,0.37,0.37,388853559,1988057595,4396,42469,1.2,234.4,3.1,2.0,193,129,0,0,0,0,0,0.0,0,0,0,0,0,0
181.7,2026-05-17T15:58:19,0016c001f10c2ef6,20.0,3.5,16.5,0.0,7809,702,7107,9.0,0.47,0.37,0.37,388856797,1988069393,3238,11798,1.2,234.4,3.1,2.0,193,129,0,0,0,0,0,0.0,0,0,0,0,0,0
182.1,2026-05-17T15:58:19,0016c001f10c2ef6,20.2,3.6,16.7,0.0,7809,702,7107,9.0,0.47,0.37,0.37,388860039,1988081191,3242,11798,1.2,234.4,3.1,2.0,193,129,0,0,0,0,0,0.0,0,0,0,0,0,0
182.5,2026-05-17T15:58:20,0016c001f10c2ef6,7.4,2.9,4.6,0.0,7809,702,7107,9.0,0.47,0.37,0.37,388863129,1988092989,3090,11798,1.2,234.4,3.1,2.0,193,129,0,0,0,0,0,0.0,0,0,0,0,0,0
183.0,2026-05-17T15:58:20,0016c001f10c2ef6,6.7,1.7,5.1,0.0,7809,702,7107,9.0,0.47,0.37,0.37,388866419,1988104787,3290,11798,1.2,234.4,3.1,2.0,193,129,0,0,0,0,0,0.0,0,0,0,0,0,0
183.4,2026-05-17T15:58:21,0016c001f10c2ef6,6.2,2.3,4.0,0.0,7809,702,7107,9.0,0.47,0.37,0.37,388870334,1988147256,3915,42469,1.2,234.4,3.1,2.0,193,129,0,0,0,0,0,0.0,0,0,0,0,0,0
183.8,2026-05-17T15:58:21,0016c001f10c2ef6,7.6,3.5,3.5,0.6,7809,702,7107,9.0,0.47,0.37,0.37,388873524,1988159054,3190,11798,1.2,234.4,3.1,2.0,193,129,0,0,0,0,0,0.0,0,0,0,0,0,0
184.2,2026-05-17T15:58:21,0016c001f10c2ef6,5.7,1.7,4.0,0.0,7809,704,7105,9.0,0.51,0.38,0.38,388876762,1988170852,3238,11798,1.2,234.4,3.1,2.0,193,129,0,0,0,0,0,0.0,0,0,0,0,0,0
184.7,2026-05-17T15:58:22,0016c001f10c2ef6,5.2,2.3,2.9,0.0,7809,704,7105,9.0,0.51,0.38,0.38,388880004,1988182650,3242,11798,1.2,234.4,3.1,2.0,193,129,0,0,0,0,0,0.0,0,0,0,0,0,0
185.1,2026-05-17T15:58:22,0016c001f10c2ef6,6.9,2.9,4.0,0.0,7809,704,7105,9.0,0.51,0.38,0.38,388883194,1988194448,3190,11798,1.2,234.4,3.1,2.0,193,129,0,0,0,0,0,0.0,0,0,0,0,0,0
185.5,2026-05-17T15:58:23,0016c001f10c2ef6,6.3,3.2,3.2,0.0,7809,704,7105,9.0,0.51,0.38,0.38,388887209,1988236917,4015,42469,1.2,234.4,3.1,2.0,193,129,0,0,0,0,0,0.0,0,0,0,0,0,0
186.1,2026-05-17T15:58:23,0016c001f10c2ef6,11.2,4.6,6.6,0.0,7809,703,7106,9.0,0.51,0.38,0.38,388890451,1988248781,3242,11864,1.2,234.4,3.1,2.0,193,129,0,0,0,0,0,0.0,0,0,0,0,0,0
186.5,2026-05-17T15:58:24,0016c001f10c2ef6,6.3,1.7,4.6,0.0,7809,703,7106,9.0,0.51,0.38,0.38,388893541,1988260579,3090,11798,1.2,234.4,3.1,2.0,193,129,0,0,0,0,0,0.0,0,0,0,0,0,0
186.9,2026-05-17T15:58:24,0016c001f10c2ef6,7.2,2.2,5.0,0.0,7809,702,7107,9.0,0.51,0.38,0.38,388896779,1988272377,3238,11798,1.2,234.4,3.1,2.0,193,129,0,0,0,0,0,0.0,0,0,0,0,0,0
187.3,2026-05-17T15:58:24,0016c001f10c2ef6,4.7,2.4,2.4,0.0,7809,702,7107,9.0,0.51,0.38,0.38,388900846,1988314846,4067,42469,1.2,234.4,3.1,2.0,193,129,0,0,0,0,0,0.0,0,0,0,0,0,0
187.8,2026-05-17T15:58:25,0016c001f10c2ef6,7.0,1.8,5.3,0.0,7809,702,7107,9.0,0.51,0.38,0.38,388904088,1988326644,3242,11798,1.2,234.4,3.1,2.0,193,129,0,0,0,0,0,0.0,0,0,0,0,0,0
188.2,2026-05-17T15:58:25,0016c001f10c2ef6,5.7,2.3,3.4,0.0,7809,702,7107,9.0,0.51,0.38,0.38,388907276,1988338508,3188,11864,1.2,234.4,3.1,2.0,193,129,0,0,0,0,0,0.0,0,0,0,0,0,0
188.6,2026-05-17T15:58:26,0016c001f10c2ef6,6.5,3.0,3.6,0.0,7809,701,7108,9.0,0.51,0.38,0.38,388910566,1988350306,3290,11798,1.2,234.4,3.1,2.0,193,129,0,0,0,0,0,0.0,0,0,0,0,0,0
189.0,2026-05-17T15:58:26,0016c001f10c2ef6,5.9,1.2,4.7,0.0,7809,702,7107,9.0,0.55,0.39,0.38,388913756,1988362104,3190,11798,1.2,234.4,3.1,2.0,193,129,0,0,0,0,0,0.0,0,0,0,0,0,0
189.4,2026-05-17T15:58:27,0016c001f10c2ef6,6.0,2.4,3.6,0.0,7809,701,7108,9.0,0.55,0.39,0.38,388917947,1988404651,4191,42547,1.2,234.4,3.1,2.0,193,129,0,0,0,0,0,0.0,0,0,0,0,0,0
189.9,2026-05-17T15:58:27,0016c001f10c2ef6,6.5,4.1,2.4,0.0,7809,702,7107,9.0,0.55,0.39,0.38,388921085,1988416449,3138,11798,1.2,234.4,3.1,2.0,193,129,0,0,0,0,0,0.0,0,0,0,0,0,0
190.3,2026-05-17T15:58:27,0016c001f10c2ef6,5.9,1.8,4.1,0.0,7809,702,7107,9.0,0.55,0.39,0.38,388924275,1988428247,3190,11798,1.2,234.4,3.1,2.0,193,129,0,0,0,0,0,0.0,0,0,0,0,0,0
190.7,2026-05-17T15:58:28,0016c001f10c2ef6,6.4,3.5,2.9,0.0,7809,702,7107,9.0,0.55,0.39,0.38,388927517,1988440045,3242,11798,1.2,234.4,3.1,2.0,193,129,0,0,0,0,0,0.0,0,0,0,0,0,0
191.2,2026-05-17T15:58:28,0016c001f10c2ef6,9.1,3.0,6.1,0.0,7809,701,7108,9.0,0.55,0.39,0.38,388931136,1988451909,3619,11864,1.2,234.4,3.1,2.0,193,129,0,0,0,0,0,0.0,0,0,0,0,0,0
191.6,2026-05-17T15:58:29,0016c001f10c2ef6,8.1,3.5,4.7,0.0,7809,702,7107,9.0,0.55,0.39,0.38,388935203,1988494378,4067,42469,1.2,234.4,3.1,2.0,193,129,0,0,0,0,0,0.0,0,0,0,0,0,0
192.0,2026-05-17T15:58:29,0016c001f10c2ef6,6.4,2.9,3.5,0.0,7809,702,7107,9.0,0.55,0.39,0.38,388938445,1988506176,3242,11798,1.2,234.4,3.1,2.0,193,129,0,0,0,0,0,0.0,0,0,0,0,0,0
192.5,2026-05-17T15:58:30,0016c001f10c2ef6,17.8,2.4,15.4,0.0,7809,702,7107,9.0,0.55,0.39,0.38,388941635,1988517974,3190,11798,1.2,234.4,3.1,2.0,193,129,0,0,0,0,0,0.0,0,0,0,0,0,0
192.9,2026-05-17T15:58:30,0016c001f10c2ef6,17.9,1.2,16.7,0.0,7809,702,7107,9.0,0.55,0.39,0.38,388944773,1988529772,3138,11798,1.2,234.4,3.1,2.0,193,129,0,0,0,0,0,0.0,0,0,0,0,0,0
193.3,2026-05-17T15:58:30,0016c001f10c2ef6,19.0,3.0,16.1,0.0,7809,702,7107,9.0,0.55,0.39,0.38,388947911,1988541570,3138,11798,1.2,234.4,3.1,2.0,193,129,0,0,0,0,0,0.0,0,0,0,0,0,0
193.8,2026-05-17T15:58:31,0016c001f10c2ef6,15.9,3.5,12.4,0.0,7809,702,7107,9.0,0.55,0.39,0.38,388951874,1988584039,3963,42469,1.2,234.4,3.1,2.0,193,129,0,0,0,0,0,0.0,0,0,0,0,0,0
194.2,2026-05-17T15:58:31,0016c001f10c2ef6,5.4,2.4,3.0,0.0,7809,702,7107,9.0,0.5,0.38,0.38,388955064,1988595837,3190,11798,1.2,234.4,3.1,2.0,193,129,0,0,0,0,0,0.0,0,0,0,0,0,0
194.6,2026-05-17T15:58:32,0016c001f10c2ef6,5.2,1.7,3.5,0.0,7809,701,7108,9.0,0.5,0.38,0.38,388958306,1988607635,3242,11798,1.2,234.4,3.1,2.0,193,129,0,0,0,0,0,0.0,0,0,0,0,0,0
195.0,2026-05-17T15:58:33,0016c001f10c2ef6,5.7,2.3,3.4,0.0,7809,702,7107,9.0,0.5,0.38,0.38,388961448,1988619433,3142,11798,1.2,234.4,3.1,2.0,193,129,0,0,0,0,0,0.0,0,0,0,0,0,0
195.5,2026-05-17T15:58:33,0016c001f10c2ef6,6.4,2.3,4.1,0.0,7809,701,7108,9.0,0.5,0.38,0.38,388965615,1988661902,4167,42469,1.2,234.4,3.1,2.0,193,129,0,0,0,0,0,0.0,0,0,0,0,0,0
195.9,2026-05-17T15:58:34,0016c001f10c2ef6,6.1,3.0,3.0,0.0,7809,702,7107,9.0,0.5,0.38,0.38,388968805,1988673700,3190,11798,1.2,234.4,3.1,2.0,193,129,0,0,0,0,0,0.0,0,0,0,0,0,0
196.3,2026-05-17T15:58:34,0016c001f10c2ef6,9.7,2.1,7.7,0.0,7809,701,7108,9.0,0.5,0.38,0.38,388971995,1988685564,3190,11864,1.2,234.4,3.1,2.0,193,129,0,0,0,0,0,0.0,0,0,0,0,0,0
196.8,2026-05-17T15:58:35,0016c001f10c2ef6,5.7,4.5,1.1,0.0,7809,703,7106,9.0,0.5,0.38,0.38,388975237,1988697362,3242,11798,1.2,234.4,3.1,2.0,193,129,0,0,0,0,0,0.0,0,0,0,0,0,0
197.2,2026-05-17T15:58:35,0016c001f10c2ef6,6.4,2.9,3.5,0.0,7809,703,7106,9.0,0.5,0.38,0.38,388978427,1988709160,3190,11798,1.2,234.4,3.1,2.0,193,129,0,0,0,0,0,0.0,0,0,0,0,0,0
197.6,2026-05-17T15:58:36,0016c001f10c2ef6,6.9,2.3,4.6,0.0,7809,702,7107,9.0,0.5,0.38,0.38,388982514,1988751707,4087,42547,1.2,234.4,3.1,2.0,193,129,0,0,0,0,0,0.0,0,0,0,0,0,0
198.1,2026-05-17T15:58:36,0016c001f10c2ef6,5.2,1.7,3.5,0.0,7809,702,7107,9.0,0.5,0.38,0.38,388985704,1988763505,3190,11798,1.2,234.4,3.1,2.0,193,129,0,0,0,0,0,0.0,0,0,0,0,0,0
198.5,2026-05-17T15:58:36,0016c001f10c2ef6,6.5,2.4,4.1,0.0,7809,702,7107,9.0,0.5,0.38,0.38,388989118,1988775465,3414,11960,1.2,234.4,3.1,2.0,193,129,0,0,0,0,0,0.0,0,0,0,0,0,0
198.9,2026-05-17T15:58:37,0016c001f10c2ef6,5.3,1.2,4.1,0.0,7809,701,7108,9.0,0.46,0.37,0.37,388992156,1988787263,3038,11798,1.2,234.4,3.1,2.0,193,129,0,0,0,0,0,0.0,0,0,0,0,0,0
199.3,2026-05-17T15:58:37,0016c001f10c2ef6,7.1,2.4,4.7,0.0,7809,701,7108,9.0,0.46,0.37,0.37,388995446,1988799061,3290,11798,1.2,234.4,3.1,2.0,193,129,0,0,0,0,0,0.0,0,0,0,0,0,0
199.7,2026-05-17T15:58:38,0016c001f10c2ef6,7.1,4.1,2.9,0.0,7809,703,7106,9.0,0.46,0.37,0.37,388999565,1988841530,4119,42469,1.2,234.4,3.1,2.0,193,129,0,0,0,0,0,0.0,0,0,0,0,0,0
200.2,2026-05-17T15:58:38,0016c001f10c2ef6,6.9,2.3,4.6,0.0,7809,702,7107,9.0,0.46,0.37,0.37,389002703,1988853328,3138,11798,1.2,234.4,3.1,2.0,193,129,0,0,0,0,0,0.0,0,0,0,0,0,0
200.6,2026-05-17T15:58:39,0016c001f10c2ef6,6.4,3.5,2.9,0.0,7809,703,7106,9.0,0.46,0.37,0.37,389006170,1988865126,3467,11798,1.2,234.4,3.1,2.0,193,129,0,0,0,0,0,0.0,0,0,0,0,0,0
201.0,2026-05-17T15:58:39,0016c001f10c2ef6,5.9,2.4,3.5,0.0,7809,702,7107,9.0,0.46,0.37,0.37,389009408,1988876924,3238,11798,1.2,234.4,3.1,2.0,193,129,0,0,0,0,0,0.0,0,0,0,0,0,0
201.5,2026-05-17T15:58:39,0016c001f10c2ef6,10.5,3.5,7.0,0.0,7809,704,7105,9.0,0.46,0.37,0.37,389013423,1988919459,4015,42535,1.2,234.4,3.1,2.0,193,129,0,0,0,0,0,0.0,0,0,0,0,0,0
201.9,2026-05-17T15:58:40,0016c001f10c2ef6,6.5,3.0,3.6,0.0,7809,704,7105,9.0,0.46,0.37,0.37,389016613,1988931257,3190,11798,1.2,234.4,3.1,2.0,193,129,0,0,0,0,0,0.0,0,0,0,0,0,0
202.3,2026-05-17T15:58:40,0016c001f10c2ef6,6.9,1.7,5.2,0.0,7809,703,7106,9.0,0.46,0.37,0.37,389020003,1988943297,3390,12040,1.2,234.4,3.1,2.0,193,129,0,0,0,0,0,0.0,0,0,0,0,0,0
202.7,2026-05-17T15:58:41,0016c001f10c2ef6,4.2,1.2,3.0,0.0,7809,704,7105,9.0,0.46,0.37,0.37,389023193,1988955095,3190,11798,1.2,234.4,3.1,2.0,193,129,0,0,0,0,0,0.0,0,0,0,0,0,0
203.2,2026-05-17T15:58:41,0016c001f10c2ef6,6.9,2.3,4.6,0.0,7809,703,7106,9.0,0.46,0.37,0.37,389026435,1988966893,3242,11798,1.2,234.4,3.1,2.0,193,129,0,0,0,0,0,0.0,0,0,0,0,0,0
203.6,2026-05-17T15:58:42,0016c001f10c2ef6,7.5,2.9,4.6,0.0,7809,703,7106,9.0,0.51,0.39,0.38,389030606,1989009362,4171,42469,1.2,234.3,3.1,2.0,193,129,0,0,0,0,0,0.0,0,0,0,0,0,0
204.0,2026-05-17T15:58:42,0016c001f10c2ef6,19.2,2.4,16.8,0.0,7809,703,7106,9.0,0.51,0.39,0.38,389033696,1989021160,3090,11798,1.2,234.3,3.1,2.0,193,129,0,0,0,0,0,0.0,0,0,0,0,0,0
204.4,2026-05-17T15:58:42,0016c001f10c2ef6,18.7,1.8,16.9,0.0,7809,702,7107,9.0,0.51,0.39,0.38,389036834,1989032958,3138,11798,1.2,234.3,3.1,2.0,193,129,0,0,0,0,0,0.0,0,0,0,0,0,0
204.9,2026-05-17T15:58:43,0016c001f10c2ef6,21.4,4.0,17.3,0.0,7809,702,7107,9.0,0.51,0.39,0.38,389039972,1989044756,3138,11798,1.2,234.3,3.1,2.0,193,129,0,0,0,0,0,0.0,0,0,0,0,0,0
205.3,2026-05-17T15:58:43,0016c001f10c2ef6,11.1,2.3,8.8,0.0,7809,703,7106,9.0,0.51,0.39,0.38,389043110,1989056554,3138,11798,1.2,234.3,3.1,2.0,193,129,0,0,0,0,0,0.0,0,0,0,0,0,0
205.7,2026-05-17T15:58:44,0016c001f10c2ef6,7.5,3.4,4.0,0.0,7809,703,7106,9.0,0.51,0.39,0.38,389047073,1989099023,3963,42469,1.2,234.3,3.1,2.0,193,129,0,0,0,0,0,0.0,0,0,0,0,0,0
206.2,2026-05-17T15:58:44,0016c001f10c2ef6,6.8,1.1,5.1,0.6,7809,703,7106,9.0,0.51,0.39,0.38,389050415,1989110821,3342,11798,1.2,234.3,3.1,2.0,193,129,0,0,0,0,0,0.0,0,0,0,0,0,0
206.7,2026-05-17T15:58:45,0016c001f10c2ef6,10.6,3.5,7.0,0.0,7809,703,7106,9.0,0.51,0.39,0.38,389053557,1989122751,3142,11930,1.2,234.3,3.1,2.0,193,129,0,0,0,0,0,0.0,0,0,0,0,0,0
207.1,2026-05-17T15:58:45,0016c001f10c2ef6,6.2,2.2,3.9,0.0,7809,703,7106,9.0,0.51,0.39,0.38,389056899,1989134549,3342,11798,1.2,234.3,3.1,2.0,193,129,0,0,0,0,0,0.0,0,0,0,0,0,0
207.5,2026-05-17T15:58:45,0016c001f10c2ef6,5.8,2.3,3.5,0.0,7809,703,7106,9.0,0.51,0.39,0.38,389060037,1989146347,3138,11798,1.2,234.3,3.1,2.0,193,129,0,0,0,0,0,0.0,0,0,0,0,0,0
207.9,2026-05-17T15:58:46,0016c001f10c2ef6,8.1,2.3,5.8,0.0,7809,703,7106,9.0,0.51,0.39,0.38,389064156,1989188816,4119,42469,1.2,234.3,3.1,2.0,193,129,0,0,0,0,0,0.0,0,0,0,0,0,0
208.4,2026-05-17T15:58:46,0016c001f10c2ef6,6.9,2.3,4.6,0.0,7809,703,7106,9.0,0.51,0.39,0.38,389067194,1989200614,3038,11798,1.2,234.3,3.1,2.0,193,129,0,0,0,0,0,0.0,0,0,0,0,0,0
208.8,2026-05-17T15:58:47,0016c001f10c2ef6,6.8,4.0,2.8,0.0,7809,703,7106,9.0,0.47,0.38,0.38,389070432,1989212412,3238,11798,1.2,234.1,3.1,2.0,193,129,0,0,0,0,0,0.0,0,0,0,0,0,0
209.2,2026-05-17T15:58:47,0016c001f10c2ef6,5.7,1.7,4.0,0.0,7809,703,7106,9.0,0.47,0.38,0.38,389073622,1989224210,3190,11798,1.2,234.1,3.1,2.0,193,129,0,0,0,0,0,0.0,0,0,0,0,0,0
209.6,2026-05-17T15:58:48,0016c001f10c2ef6,5.2,1.7,3.5,0.0,7809,703,7106,9.0,0.47,0.38,0.38,389077637,1989266679,4015,42469,1.2,234.1,3.1,2.0,193,129,0,0,0,0,0,0.0,0,0,0,0,0,0
210.1,2026-05-17T15:58:48,0016c001f10c2ef6,6.2,2.3,4.0,0.0,7809,702,7107,9.0,0.47,0.38,0.38,389080879,1989278477,3242,11798,1.2,234.1,3.1,2.0,193,129,0,0,0,0,0,0.0,0,0,0,0,0,0
210.5,2026-05-17T15:58:48,0016c001f10c2ef6,6.7,2.8,3.9,0.0,7809,703,7106,9.0,0.47,0.38,0.38,389084446,1989290275,3567,11798,1.2,234.1,3.1,2.0,193,129,0,0,0,0,0,0.0,0,0,0,0,0,0
210.9,2026-05-17T15:58:49,0016c001f10c2ef6,7.0,3.5,3.5,0.0,7809,702,7107,9.0,0.47,0.38,0.38,389087484,1989302073,3038,11798,1.2,234.1,3.1,2.0,193,129,0,0,0,0,0,0.0,0,0,0,0,0,0
211.4,2026-05-17T15:58:49,0016c001f10c2ef6,5.2,2.3,2.9,0.0,7809,702,7107,9.0,0.47,0.38,0.38,389090722,1989313871,3238,11798,1.2,234.1,3.1,2.0,193,129,0,0,0,0,0,0.0,0,0,0,0,0,0
211.8,2026-05-17T15:58:50,0016c001f10c2ef6,10.0,3.2,6.8,0.0,7809,702,7107,9.0,0.47,0.38,0.38,389094841,1989356406,4119,42535,1.2,234.0,3.1,2.0,193,129,0,0,0,0,0,0.0,0,0,0,0,0,0
212.3,2026-05-17T15:58:50,0016c001f10c2ef6,8.8,2.9,5.9,0.0,7809,701,7108,9.0,0.47,0.38,0.38,389098031,1989368270,3190,11864,1.2,234.0,3.1,2.0,193,129,0,0,0,0,0,0.0,0,0,0,0,0,0
212.9,2026-05-17T15:58:51,0016c001f10c2ef6,10.3,3.0,7.4,0.0,7809,702,7107,9.0,0.47,0.38,0.38,389101293,1989380212,3262,11942,1.2,234.0,3.1,2.0,193,129,0,0,0,0,0,0.0,0,0,0,0,0,0
213.3,2026-05-17T15:58:51,0016c001f10c2ef6,8.0,2.9,5.1,0.0,7809,701,7108,9.0,0.47,0.38,0.38,389104331,1989392010,3038,11798,1.2,234.0,3.1,2.0,193,129,0,0,0,0,0,0.0,0,0,0,0,0,0
213.7,2026-05-17T15:58:52,0016c001f10c2ef6,6.5,1.8,4.7,0.0,7809,702,7107,9.0,0.43,0.37,0.37,389108498,1989434479,4167,42469,1.2,234.0,3.1,2.0,193,129,0,0,0,0,0,0.0,0,0,0,0,0,0
214.1,2026-05-17T15:58:52,0016c001f10c2ef6,7.4,2.3,5.1,0.0,7809,701,7108,9.0,0.43,0.37,0.37,389111640,1989446277,3142,11798,1.2,234.0,3.1,2.0,193,129,0,0,0,0,0,0.0,0,0,0,0,0,0
214.6,2026-05-17T15:58:53,0016c001f10c2ef6,6.8,2.3,4.5,0.0,7809,701,7108,9.0,0.43,0.37,0.37,389114882,1989458075,3242,11798,1.2,234.0,3.1,2.0,193,129,0,0,0,0,0,0.0,0,0,0,0,0,0
215.0,2026-05-17T15:58:53,0016c001f10c2ef6,5.3,2.3,2.9,0.0,7809,701,7108,9.0,0.43,0.37,0.37,389118120,1989469873,3238,11798,1.2,234.0,3.1,2.0,193,129,0,0,0,0,0,0.0,0,0,0,0,0,0
215.4,2026-05-17T15:58:53,0016c001f10c2ef6,16.8,3.0,13.8,0.0,7809,703,7106,9.0,0.43,0.37,0.37,389121262,1989481671,3142,11798,1.2,234.0,3.1,2.0,193,129,0,0,0,0,0,0.0,0,0,0,0,0,0
215.8,2026-05-17T15:58:54,0016c001f10c2ef6,19.8,4.1,15.7,0.0,7809,703,7106,9.0,0.43,0.37,0.37,389125277,1989524140,4015,42469,1.2,234.0,3.1,2.0,193,129,0,0,0,0,0,0.0,0,0,0,0,0,0
216.3,2026-05-17T15:58:54,0016c001f10c2ef6,20.1,2.3,17.8,0.0,7809,703,7106,9.0,0.43,0.37,0.37,389128467,1989535938,3190,11798,1.2,234.0,3.1,2.0,193,129,0,0,0,0,0,0.0,0,0,0,0,0,0
216.7,2026-05-17T15:58:55,0016c001f10c2ef6,13.8,2.4,11.4,0.0,7809,703,7106,9.0,0.43,0.37,0.37,389131709,1989547736,3242,11798,1.2,234.0,3.1,2.0,193,129,0,0,0,0,0,0.0,0,0,0,0,0,0
217.1,2026-05-17T15:58:55,0016c001f10c2ef6,7.4,2.9,4.0,0.6,7809,704,7105,9.0,0.43,0.37,0.37,389134795,1989559534,3086,11798,1.2,234.0,3.1,2.0,193,129,0,0,0,0,0,0.0,0,0,0,0,0,0
217.6,2026-05-17T15:58:56,0016c001f10c2ef6,6.4,1.7,4.6,0.0,7809,704,7105,9.0,0.43,0.37,0.37,389138085,1989571332,3290,11798,1.2,234.0,3.1,2.0,193,129,0,0,0,0,0,0.0,0,0,0,0,0,0
218.1,2026-05-17T15:58:56,0016c001f10c2ef6,11.3,4.9,6.4,0.0,7809,704,7105,9.0,0.43,0.37,0.37,389142256,1989613867,4171,42535,1.2,234.0,3.1,2.0,193,129,0,0,0,0,0,0.0,0,0,0,0,0,0
218.5,2026-05-17T15:58:56,0016c001f10c2ef6,6.0,1.6,4.4,0.0,7809,704,7105,9.0,0.39,0.37,0.37,389145242,1989625665,2986,11798,1.2,234.0,3.1,2.0,193,129,0,0,0,0,0,0.0,0,0,0,0,0,0
218.9,2026-05-17T15:58:57,0016c001f10c2ef6,5.4,1.8,3.6,0.0,7809,704,7105,9.0,0.39,0.37,0.37,389148532,1989637463,3290,11798,1.2,234.0,3.1,2.0,193,129,0,0,0,0,0,0.0,0,0,0,0,0,0
219.4,2026-05-17T15:58:57,0016c001f10c2ef6,7.8,2.2,5.6,0.0,7809,703,7106,9.0,0.39,0.37,0.37,389151670,1989649261,3138,11798,1.2,234.0,3.1,2.0,193,129,0,0,0,0,0,0.0,0,0,0,0,0,0
219.8,2026-05-17T15:58:58,0016c001f10c2ef6,5.7,2.3,3.4,0.0,7809,703,7106,9.0,0.39,0.37,0.37,389155585,1989691730,3915,42469,1.2,234.0,3.1,2.0,193,129,0,0,0,0,0,0.0,0,0,0,0,0,0
220.2,2026-05-17T15:58:58,0016c001f10c2ef6,7.5,2.3,5.2,0.0,7809,703,7106,9.0,0.39,0.37,0.37,389159304,1989703528,3719,11798,1.2,234.0,3.1,2.0,193,129,0,0,0,0,0,0.0,0,0,0,0,0,0
220.6,2026-05-17T15:58:59,0016c001f10c2ef6,6.3,2.3,4.0,0.0,7809,702,7107,9.0,0.39,0.37,0.37,389162518,1989715404,3214,11876,1.2,234.0,3.1,2.0,193,129,0,0,0,0,0,0.0,0,0,0,0,0,0
221.1,2026-05-17T15:58:59,0016c001f10c2ef6,4.7,2.4,2.4,0.0,7809,703,7106,9.0,0.39,0.37,0.37,389165604,1989727202,3086,11798,1.2,234.0,3.1,2.0,193,129,0,0,0,0,0,0.0,0,0,0,0,0,0
221.5,2026-05-17T15:58:59,0016c001f10c2ef6,7.2,2.8,4.4,0.0,7809,702,7107,9.0,0.39,0.37,0.37,389168794,1989739000,3190,11798,1.2,234.0,3.1,2.0,193,129,0,0,0,0,0,0.0,0,0,0,0,0,0
221.9,2026-05-17T15:59:00,0016c001f10c2ef6,10.8,4.0,5.1,1.7,7809,702,7107,9.0,0.39,0.37,0.37,389172961,1989781469,4167,42469,1.2,234.0,3.1,2.0,193,129,0,0,0,0,0,0.0,0,0,0,0,0,0
222.4,2026-05-17T15:59:00,0016c001f10c2ef6,6.2,1.7,4.5,0.0,7809,703,7106,9.0,0.39,0.37,0.37,389176103,1989793267,3142,11798,1.2,234.0,3.1,2.0,193,129,0,0,0,0,0,0.0,0,0,0,0,0,0
222.8,2026-05-17T15:59:01,0016c001f10c2ef6,6.3,2.9,3.4,0.0,7809,703,7106,9.0,0.39,0.37,0.37,389179393,1989805065,3290,11798,1.2,234.0,3.1,2.0,193,129,0,0,0,0,0,0.0,0,0,0,0,0,0
223.3,2026-05-17T15:59:01,0016c001f10c2ef6,9.1,2.0,7.1,0.0,7809,703,7106,9.0,0.36,0.36,0.37,389182431,1989816929,3038,11864,1.2,234.0,3.1,2.0,193,129,0,0,0,0,0,0.0,0,0,0,0,0,0
223.7,2026-05-17T15:59:02,0016c001f10c2ef6,5.2,2.3,2.9,0.0,7809,703,7106,9.0,0.36,0.36,0.37,389185569,1989828727,3138,11798,1.2,234.0,3.1,2.0,193,129,0,0,0,0,0,0.0,0,0,0,0,0,0
224.2,2026-05-17T15:59:02,0016c001f10c2ef6,8.4,2.2,6.2,0.0,7809,703,7106,9.0,0.36,0.36,0.37,389189688,1989871196,4119,42469,1.2,234.0,3.1,2.0,193,129,0,0,0,0,0,0.0,0,0,0,0,0,0
224.6,2026-05-17T15:59:03,0016c001f10c2ef6,5.8,2.3,3.5,0.0,7809,703,7106,9.0,0.36,0.36,0.37,389192926,1989882994,3238,11798,1.2,234.0,3.1,2.0,193,129,0,0,0,0,0,0.0,0,0,0,0,0,0
225.0,2026-05-17T15:59:03,0016c001f10c2ef6,5.8,1.7,4.1,0.0,7809,703,7106,9.0,0.36,0.36,0.37,389196116,1989894792,3190,11798,1.2,234.0,3.1,2.0,193,129,0,0,0,0,0,0.0,0,0,0,0,0,0
225.4,2026-05-17T15:59:03,0016c001f10c2ef6,5.8,2.9,2.9,0.0,7809,703,7106,9.0,0.36,0.36,0.37,389199102,1989906590,2986,11798,1.2,234.0,3.1,2.0,193,129,0,0,0,0,0,0.0,0,0,0,0,0,0
225.9,2026-05-17T15:59:04,0016c001f10c2ef6,8.0,3.4,4.6,0.0,7809,703,7106,9.0,0.36,0.36,0.37,389203341,1989949828,4239,43238,1.2,234.0,3.1,2.0,193,129,0,0,0,0,0,0.0,0,0,0,0,0,0
226.3,2026-05-17T15:59:04,0016c001f10c2ef6,10.9,5.2,5.7,0.0,7809,702,7107,9.0,0.36,0.36,0.37,389206477,1989963217,3136,13389,1.2,234.0,3.1,2.0,193,129,0,0,0,0,0,0.0,0,0,0,0,0,0
226.7,2026-05-17T15:59:05,0016c001f10c2ef6,10.4,1.7,8.7,0.0,7809,702,7107,9.0,0.36,0.36,0.37,389209667,1989975015,3190,11798,1.2,234.0,3.1,2.0,193,129,0,0,0,0,0,0.0,0,0,0,0,0,0
227.1,2026-05-17T15:59:06,0016c001f10c2ef6,18.7,1.8,17.0,0.0,7809,702,7107,9.0,0.36,0.36,0.37,389213009,1989986879,3342,11864,1.2,234.0,3.1,2.0,193,129,0,0,0,0,0,0.0,0,0,0,0,0,0
227.6,2026-05-17T15:59:06,0016c001f10c2ef6,18.3,2.4,16.0,0.0,7809,703,7106,9.0,0.36,0.36,0.37,389216199,1989998677,3190,11798,1.2,234.0,3.1,2.0,193,129,0,0,0,0,0,0.0,0,0,0,0,0,0
228.0,2026-05-17T15:59:07,0016c001f10c2ef6,19.9,2.9,17.0,0.0,7809,703,7106,9.0,0.33,0.35,0.37,389220162,1990041146,3963,42469,1.2,234.0,3.1,2.0,193,129,0,0,0,0,0,0.0,0,0,0,0,0,0
228.5,2026-05-17T15:59:07,0016c001f10c2ef6,12.0,3.1,8.9,0.0,7809,703,7106,9.0,0.33,0.35,0.37,389223148,1990053010,2986,11864,1.2,234.0,3.1,2.0,193,129,0,0,0,0,0,0.0,0,0,0,0,0,0
228.9,2026-05-17T15:59:08,0016c001f10c2ef6,5.3,1.8,3.5,0.0,7809,703,7106,9.0,0.33,0.35,0.37,389226438,1990064808,3290,11798,1.2,234.0,3.1,2.0,193,129,0,0,0,0,0,0.0,0,0,0,0,0,0
229.3,2026-05-17T15:59:08,0016c001f10c2ef6,5.7,1.7,4.0,0.0,7809,703,7106,9.0,0.33,0.35,0.37,389229528,1990076606,3090,11798,1.2,234.0,3.1,2.0,193,129,0,0,0,0,0,0.0,0,0,0,0,0,0
229.8,2026-05-17T15:59:09,0016c001f10c2ef6,6.9,2.9,4.0,0.0,7809,703,7106,9.0,0.33,0.35,0.37,389232666,1990088404,3138,11798,1.2,234.0,3.1,2.0,193,129,0,0,0,0,0,0.0,0,0,0,0,0,0
230.2,2026-05-17T15:59:09,0016c001f10c2ef6,7.4,4.0,3.4,0.0,7809,703,7106,9.0,0.33,0.35,0.37,389237314,1990130873,4648,42469,1.2,234.0,3.1,2.0,193,129,0,0,0,0,0,0.0,0,0,0,0,0,0
230.6,2026-05-17T15:59:09,0016c001f10c2ef6,5.8,1.7,4.0,0.0,7809,702,7107,9.0,0.33,0.35,0.37,389240456,1990142671,3142,11798,1.2,234.0,3.1,2.0,193,129,0,0,0,0,0,0.0,0,0,0,0,0,0
231.1,2026-05-17T15:59:10,0016c001f10c2ef6,5.1,2.8,2.3,0.0,7809,703,7106,9.0,0.33,0.35,0.37,389243694,1990154469,3238,11798,1.2,234.0,3.1,2.0,193,129,0,0,0,0,0,0.0,0,0,0,0,0,0
231.5,2026-05-17T15:59:10,0016c001f10c2ef6,6.9,2.9,4.0,0.0,7809,702,7107,9.0,0.33,0.35,0.37,389247012,1990166423,3318,11954,1.2,234.0,3.1,2.0,193,129,0,0,0,0,0,0.0,0,0,0,0,0,0
231.9,2026-05-17T15:59:11,0016c001f10c2ef6,6.4,2.3,4.0,0.0,7809,702,7107,9.0,0.33,0.35,0.37,389251135,1990208892,4123,42469,1.2,234.0,3.1,2.0,193,129,0,0,0,0,0,0.0,0,0,0,0,0,0
232.4,2026-05-17T15:59:11,0016c001f10c2ef6,7.3,3.9,3.4,0.0,7809,702,7107,9.0,0.33,0.35,0.37,389254221,1990220690,3086,11798,1.2,234.0,3.1,2.0,193,129,0,0,0,0,0,0.0,0,0,0,0,0,0
232.8,2026-05-17T15:59:12,0016c001f10c2ef6,5.6,2.3,3.4,0.0,7809,703,7106,9.0,0.33,0.35,0.37,389257359,1990232488,3138,11798,1.2,234.0,3.1,2.0,193,129,0,0,0,0,0,0.0,0,0,0,0,0,0
233.2,2026-05-17T15:59:12,0016c001f10c2ef6,5.3,1.2,4.1,0.0,7809,702,7107,9.0,0.39,0.36,0.37,389260545,1990244286,3186,11798,1.2,234.1,3.1,2.0,193,129,0,0,0,0,0,0.0,0,0,0,0,0,0
233.7,2026-05-17T15:59:12,0016c001f10c2ef6,10.3,3.1,7.2,0.0,7809,702,7107,9.0,0.39,0.36,0.37,389263735,1990256150,3190,11864,1.2,234.1,3.1,2.0,193,129,0,0,0,0,0,0.0,0,0,0,0,0,0
234.1,2026-05-17T15:59:13,0016c001f10c2ef6,10.9,4.6,6.3,0.0,7809,701,7108,9.0,0.39,0.36,0.37,389267958,1990298619,4223,42469,1.2,234.1,3.1,2.0,193,129,0,0,0,0,0,0.0,0,0,0,0,0,0
234.5,2026-05-17T15:59:13,0016c001f10c2ef6,5.2,1.7,3.4,0.0,7809,703,7106,9.0,0.39,0.36,0.37,389271200,1990310417,3242,11798,1.2,234.1,3.1,2.0,193,129,0,0,0,0,0,0.0,0,0,0,0,0,0
235.0,2026-05-17T15:59:14,0016c001f10c2ef6,6.2,2.8,3.4,0.0,7809,703,7106,9.0,0.39,0.36,0.37,389274342,1990322215,3142,11798,1.2,234.1,3.1,2.0,193,129,0,0,0,0,0,0.0,0,0,0,0,0,0
235.4,2026-05-17T15:59:14,0016c001f10c2ef6,6.2,2.2,3.9,0.0,7809,703,7106,9.0,0.39,0.36,0.37,389277480,1990334013,3138,11798,1.2,234.1,3.1,2.0,193,129,0,0,0,0,0,0.0,0,0,0,0,0,0
235.9,2026-05-17T15:59:15,0016c001f10c2ef6,6.0,2.2,3.8,0.0,7809,702,7107,9.0,0.39,0.36,0.37,389280722,1990346494,3242,12481,1.2,234.1,3.1,2.0,193,129,0,0,0,0,0,0.0,0,0,0,0,0,0
236.3,2026-05-17T15:59:15,0016c001f10c2ef6,9.9,3.5,5.8,0.6,7809,701,7108,9.0,0.39,0.36,0.37,389284955,1990390643,4233,44149,1.2,234.2,3.1,2.0,193,129,0,0,0,0,0,0.0,0,0,0,0,0,0
236.7,2026-05-17T15:59:15,0016c001f10c2ef6,6.9,3.5,3.5,0.0,7809,701,7108,9.0,0.39,0.36,0.37,389288045,1990402441,3090,11798,1.2,234.2,3.1,2.0,193,129,0,0,0,0,0,0.0,0,0,0,0,0,0
237.2,2026-05-17T15:59:16,0016c001f10c2ef6,7.3,2.8,4.5,0.0,7809,701,7108,9.0,0.39,0.36,0.37,389291231,1990414239,3186,11798,1.2,234.2,3.1,2.0,193,129,0,0,0,0,0,0.0,0,0,0,0,0,0
237.6,2026-05-17T15:59:16,0016c001f10c2ef6,5.7,1.7,4.0,0.0,7809,701,7108,9.0,0.39,0.36,0.37,389294317,1990426103,3086,11864,1.2,234.2,3.1,2.0,193,129,0,0,0,0,0,0.0,0,0,0,0,0,0
238.0,2026-05-17T15:59:17,0016c001f10c2ef6,7.0,2.1,4.8,0.0,7809,701,7108,9.0,0.52,0.39,0.38,389298292,1990469738,3975,43635,1.2,234.2,3.1,2.0,193,129,0,0,0,0,0,0.0,0,0,0,0,0,0
238.5,2026-05-17T15:59:17,0016c001f10c2ef6,19.8,3.5,16.3,0.0,7809,701,7108,9.0,0.52,0.39,0.38,389301382,1990481536,3090,11798,1.2,234.2,3.1,2.0,193,129,0,0,0,0,0,0.0,0,0,0,0,0,0
238.9,2026-05-17T15:59:18,0016c001f10c2ef6,18.1,2.3,15.8,0.0,7809,701,7108,9.0,0.52,0.39,0.38,389304620,1990493334,3238,11798,1.2,234.2,3.1,2.0,193,129,0,0,0,0,0,0.0,0,0,0,0,0,0
239.4,2026-05-17T15:59:18,0016c001f10c2ef6,19.5,4.1,15.4,0.0,7809,703,7106,9.0,0.52,0.39,0.38,389307658,1990505132,3038,11798,1.2,234.2,3.1,2.0,193,129,0,0,0,0,0,0.0,0,0,0,0,0,0
239.8,2026-05-17T15:59:19,0016c001f10c2ef6,11.7,1.8,9.9,0.0,7809,703,7106,9.0,0.52,0.39,0.38,389311277,1990516930,3619,11798,1.2,234.2,3.1,2.0,193,129,0,0,0,0,0,0.0,0,0,0,0,0,0
240.2,2026-05-17T15:59:19,0016c001f10c2ef6,8.0,2.9,5.1,0.0,7809,703,7106,9.0,0.52,0.39,0.38,389315600,1990559399,4323,42469,1.2,234.2,3.1,2.0,193,129,0,0,0,0,0,0.0,0,0,0,0,0,0
240.7,2026-05-17T15:59:19,0016c001f10c2ef6,5.6,1.1,4.5,0.0,7809,703,7106,9.0,0.52,0.39,0.38,389318686,1990571197,3086,11798,1.2,234.2,3.1,2.0,193,129,0,0,0,0,0,0.0,0,0,0,0,0,0
241.1,2026-05-17T15:59:20,0016c001f10c2ef6,5.8,2.3,3.5,0.0,7809,703,7106,9.0,0.52,0.39,0.38,389321724,1990582995,3038,11798,1.2,234.2,3.1,2.0,193,129,0,0,0,0,0,0.0,0,0,0,0,0,0
241.5,2026-05-17T15:59:20,0016c001f10c2ef6,6.8,2.3,4.5,0.0,7809,703,7106,9.0,0.52,0.39,0.38,389324962,1990594793,3238,11798,1.2,234.2,3.1,2.0,193,129,0,0,0,0,0,0.0,0,0,0,0,0,0
241.9,2026-05-17T15:59:21,0016c001f10c2ef6,5.7,0.6,5.1,0.0,7809,703,7106,9.0,0.52,0.39,0.38,389328052,1990606591,3090,11798,1.2,234.2,3.1,2.0,193,129,0,0,0,0,0,0.0,0,0,0,0,0,0
242.4,2026-05-17T15:59:21,0016c001f10c2ef6,8.6,3.4,5.2,0.0,7809,703,7106,9.0,0.52,0.39,0.38,389332219,1990649060,4167,42469,1.2,234.2,3.1,2.0,195,131,2,2,0,0,0,0.0,0,0,0,0,0,0
242.8,2026-05-17T15:59:22,0016c001f10c2ef6,5.6,2.3,3.4,0.0,7809,703,7106,9.0,0.47,0.38,0.38,389335305,1990660858,3086,11798,1.2,234.3,3.1,2.0,195,131,0,0,0,0,0,0.0,0,0,0,0,0,0
243.2,2026-05-17T15:59:22,0016c001f10c2ef6,7.4,1.7,5.7,0.0,7809,702,7107,9.0,0.47,0.38,0.38,389340425,1990676522,5120,15664,1.2,234.3,3.1,2.0,195,131,0,0,0,0,0,0.0,0,0,0,0,0,0
243.7,2026-05-17T15:59:22,0016c001f10c2ef6,8.8,3.6,5.2,0.0,7809,702,7107,9.0,0.47,0.38,0.38,389343567,1990688386,3142,11864,1.2,234.3,3.1,2.0,195,131,0,0,0,0,0,0.0,0,0,0,0,0,0
244.2,2026-05-17T15:59:23,0016c001f10c2ef6,6.2,2.8,3.4,0.0,7809,702,7107,9.0,0.47,0.38,0.38,389347706,1990730933,4139,42547,1.2,234.3,3.1,2.0,195,131,0,0,0,0,0,0.0,0,0,0,0,0,0
244.6,2026-05-17T15:59:23,0016c001f10c2ef6,6.2,2.3,4.0,0.0,7809,702,7107,9.0,0.47,0.38,0.38,389350944,1990742731,3238,11798,1.2,234.3,3.1,2.0,195,131,0,0,0,0,0,0.0,0,0,0,0,0,0
245.0,2026-05-17T15:59:24,0016c001f10c2ef6,6.9,2.3,4.6,0.0,7809,702,7107,9.0,0.47,0.38,0.38,389355862,1990758147,4918,15416,1.2,234.3,3.1,2.0,195,131,0,0,0,0,0,0.0,0,0,0,0,0,0
245.5,2026-05-17T15:59:24,0016c001f10c2ef6,6.8,2.8,4.0,0.0,7809,702,7107,9.0,0.47,0.38,0.38,389358948,1990769945,3086,11798,1.2,234.3,3.1,2.0,195,131,0,0,0,0,0,0.0,0,0,0,0,0,0
245.9,2026-05-17T15:59:25,0016c001f10c2ef6,7.8,2.9,4.4,0.5,7809,702,7107,9.0,0.47,0.38,0.38,389362248,1990784055,3300,14110,1.2,234.3,3.1,2.0,195,131,0,0,0,0,0,0.0,0,0,0,0,0,0
246.4,2026-05-17T15:59:25,0016c001f10c2ef6,9.6,3.9,5.6,0.0,7809,702,7107,9.0,0.47,0.38,0.38,389366267,1990826549,4019,42494,1.2,234.3,3.1,2.0,195,131,0,0,0,0,0,0.0,0,0,0,0,0,0
246.8,2026-05-17T15:59:26,0016c001f10c2ef6,6.0,2.2,3.8,0.0,7809,702,7107,9.0,0.47,0.38,0.38,389369505,1990839292,3238,12743,1.2,234.3,3.1,2.0,195,131,0,0,0,0,0,0.0,0,0,0,0,0,0
247.3,2026-05-17T15:59:26,0016c001f10c2ef6,7.3,2.2,5.0,0.0,7809,702,7107,9.0,0.47,0.38,0.38,389372793,1990851090,3288,11798,1.2,234.3,3.1,2.0,195,131,0,0,0,0,0,0.0,0,0,0,0,0,0
247.7,2026-05-17T15:59:26,0016c001f10c2ef6,6.2,2.3,4.0,0.0,7809,703,7106,9.0,0.44,0.38,0.37,389377611,1990866562,4818,15472,1.2,234.3,3.1,2.0,195,131,0,0,0,0,0,0.0,0,0,0,0,0,0
248.1,2026-05-17T15:59:27,0016c001f10c2ef6,6.5,1.8,4.7,0.0,7809,703,7106,9.0,0.44,0.38,0.37,389381574,1990909056,3963,42494,1.2,234.3,3.1,2.0,195,131,0,0,0,0,0,0.0,0,0,0,0,0,0
248.5,2026-05-17T15:59:27,0016c001f10c2ef6,6.4,2.9,3.5,0.0,7809,704,7105,9.0,0.44,0.38,0.37,389384864,1990920854,3290,11798,1.2,234.3,3.1,2.0,195,131,0,0,0,0,0,0.0,0,0,0,0,0,0
249.1,2026-05-17T15:59:28,0016c001f10c2ef6,10.9,5.4,5.4,0.0,7809,703,7106,9.0,0.44,0.38,0.37,389387902,1990932718,3038,11864,1.2,234.3,3.1,2.0,195,131,0,0,0,0,0,0.0,0,0,0,0,0,0
249.5,2026-05-17T15:59:28,0016c001f10c2ef6,5.2,2.3,2.9,0.0,7809,703,7106,9.0,0.44,0.38,0.37,389392988,1990948260,5086,15542,1.2,234.3,3.1,2.0,195,131,0,0,0,0,0,0.0,0,0,0,0,0,0
249.9,2026-05-17T15:59:29,0016c001f10c2ef6,19.1,2.9,16.2,0.0,7809,703,7106,9.0,0.44,0.38,0.37,389396178,1990960058,3190,11798,1.2,234.3,3.1,2.0,195,131,0,0,0,0,0,0.0,0,0,0,0,0,0
250.3,2026-05-17T15:59:29,0016c001f10c2ef6,21.3,3.0,17.2,1.2,7809,703,7106,9.0,0.44,0.38,0.37,389400245,1991002552,4067,42494,1.2,234.3,3.1,2.0,195,131,0,0,0,0,0,0.0,0,0,0,0,0,0
250.8,2026-05-17T15:59:30,0016c001f10c2ef6,19.7,2.9,16.8,0.0,7809,704,7105,9.0,0.44,0.38,0.37,389403331,1991014350,3086,11798,1.2,234.3,3.1,2.0,195,131,0,0,0,0,0,0.0,0,0,0,0,0,0
251.2,2026-05-17T15:59:30,0016c001f10c2ef6,12.2,1.7,10.5,0.0,7809,704,7105,9.0,0.44,0.38,0.37,389406469,1991026148,3138,11798,1.2,234.3,3.1,2.0,195,131,0,0,0,0,0,0.0,0,0,0,0,0,0
251.6,2026-05-17T15:59:30,0016c001f10c2ef6,8.8,4.7,4.1,0.0,7809,703,7106,9.0,0.44,0.38,0.37,389409857,1991041756,3388,15608,1.2,234.3,3.1,2.0,195,131,0,0,0,0,0,0.0,0,0,0,0,0,0
252.1,2026-05-17T15:59:31,0016c001f10c2ef6,7.2,2.8,4.4,0.0,7809,703,7106,9.0,0.44,0.38,0.37,389413047,1991053554,3190,11798,1.2,234.3,3.1,2.0,195,131,0,0,0,0,0,0.0,0,0,0,0,0,0
252.5,2026-05-17T15:59:31,0016c001f10c2ef6,5.7,2.8,2.8,0.0,7809,704,7105,9.0,0.4,0.37,0.37,389416962,1991096048,3915,42494,1.2,234.3,3.1,2.0,195,131,0,0,0,0,0,0.0,0,0,0,0,0,0
252.9,2026-05-17T15:59:32,0016c001f10c2ef6,7.0,2.3,4.7,0.0,7809,704,7105,9.0,0.4,0.37,0.37,389420048,1991107846,3086,11798,1.2,234.3,3.1,2.0,195,131,0,0,0,0,0,0.0,0,0,0,0,0,0
253.4,2026-05-17T15:59:32,0016c001f10c2ef6,5.2,1.7,3.5,0.0,7809,704,7105,9.0,0.4,0.37,0.37,389423234,1991119644,3186,11798,1.2,234.3,3.1,2.0,195,131,0,0,0,0,0,0.0,0,0,0,0,0,0
253.8,2026-05-17T15:59:33,0016c001f10c2ef6,7.0,2.9,3.5,0.6,7809,704,7105,9.0,0.4,0.37,0.37,389426424,1991131442,3190,11798,1.2,234.3,3.1,2.0,195,131,0,0,0,0,0,0.0,0,0,0,0,0,0
254.3,2026-05-17T15:59:33,0016c001f10c2ef6,8.7,3.6,5.1,0.0,7809,704,7105,9.0,0.4,0.37,0.37,389431411,1991175839,4987,44397,1.2,234.3,3.1,2.0,195,131,0,0,0,0,0,0.0,0,0,0,0,0,0
254.7,2026-05-17T15:59:33,0016c001f10c2ef6,10.6,3.9,6.7,0.0,7809,704,7105,9.0,0.4,0.37,0.37,389435413,1991189474,4002,13635,1.2,234.3,3.1,2.0,195,131,0,0,0,0,0,0.0,0,0,0,0,0,0
255.1,2026-05-17T15:59:34,0016c001f10c2ef6,5.7,2.3,3.4,0.0,7809,703,7106,9.0,0.4,0.37,0.37,389438655,1991201272,3242,11798,1.2,234.3,3.1,2.0,195,131,0,0,0,0,0,0.0,0,0,0,0,0,0
255.6,2026-05-17T15:59:34,0016c001f10c2ef6,6.7,2.2,4.5,0.0,7809,703,7106,9.0,0.4,0.37,0.37,389441793,1991213070,3138,11798,1.2,234.3,3.1,2.0,195,131,0,0,0,0,0,0.0,0,0,0,0,0,0
256.0,2026-05-17T15:59:35,0016c001f10c2ef6,6.0,2.2,3.8,0.0,7809,703,7106,9.0,0.4,0.37,0.37,389444979,1991224868,3186,11798,1.2,234.3,3.1,2.0,195,131,0,0,0,0,0,0.0,0,0,0,0,0,0
256.5,2026-05-17T15:59:35,0016c001f10c2ef6,6.5,2.9,3.5,0.0,7809,702,7107,9.0,0.4,0.37,0.37,389448994,1991267362,4015,42494,1.2,234.4,3.1,2.0,195,131,0,0,0,0,0,0.0,0,0,0,0,0,0
256.9,2026-05-17T15:59:36,0016c001f10c2ef6,7.0,3.5,3.5,0.0,7809,702,7107,9.0,0.4,0.37,0.37,389452184,1991279160,3190,11798,1.2,234.4,3.1,2.0,195,131,0,0,0,0,0,0.0,0,0,0,0,0,0
257.3,2026-05-17T15:59:36,0016c001f10c2ef6,5.7,1.7,4.0,0.0,7809,702,7107,9.0,0.37,0.37,0.37,389457258,1991294616,5074,15456,1.2,234.4,3.1,2.0,195,131,0,0,0,0,0,0.0,0,0,0,0,0,0
257.7,2026-05-17T15:59:36,0016c001f10c2ef6,7.4,4.6,2.9,0.0,7809,702,7107,9.0,0.37,0.37,0.37,389460400,1991306414,3142,11798,1.2,234.4,3.1,2.0,195,131,0,0,0,0,0,0.0,0,0,0,0,0,0
258.2,2026-05-17T15:59:37,0016c001f10c2ef6,6.3,2.3,4.0,0.0,7809,702,7107,9.0,0.37,0.37,0.37,389463642,1991318212,3242,11798,1.2,234.4,3.1,2.0,195,131,0,0,0,0,0,0.0,0,0,0,0,0,0
258.6,2026-05-17T15:59:37,0016c001f10c2ef6,6.9,3.4,3.4,0.0,7809,702,7107,9.0,0.37,0.37,0.37,389467809,1991360706,4167,42494,1.2,234.4,3.1,2.0,195,131,0,0,0,0,0,0.0,0,0,0,0,0,0
259.0,2026-05-17T15:59:38,0016c001f10c2ef6,6.2,1.7,4.5,0.0,7809,703,7106,9.0,0.37,0.37,0.37,389471051,1991372504,3242,11798,1.2,234.4,3.1,2.0,195,131,0,0,0,0,0,0.0,0,0,0,0,0,0
259.5,2026-05-17T15:59:39,0016c001f10c2ef6,10.3,3.4,6.9,0.0,7809,703,7106,9.0,0.37,0.37,0.37,389474518,1991384368,3467,11864,1.2,234.4,3.1,2.0,195,131,0,0,0,0,0,0.0,0,0,0,0,0,0
260.0,2026-05-17T15:59:40,0016c001f10c2ef6,6.4,1.7,4.6,0.0,7809,703,7106,9.0,0.37,0.37,0.37,389477880,1991396244,3362,11876,1.2,234.4,3.1,2.0,195,131,0,0,0,0,0,0.0,0,0,0,0,0,0
260.4,2026-05-17T15:59:40,0016c001f10c2ef6,7.4,3.4,4.0,0.0,7809,703,7106,9.0,0.37,0.37,0.37,389481947,1991438738,4067,42494,1.2,234.4,3.1,2.0,195,131,0,0,0,0,0,0.0,0,0,0,0,0,0
260.8,2026-05-17T15:59:40,0016c001f10c2ef6,6.3,1.7,4.6,0.0,7809,703,7106,9.0,0.37,0.37,0.37,389485265,1991450692,3318,11954,1.2,234.4,3.1,2.0,195,131,0,0,0,0,0,0.0,0,0,0,0,0,0
261.3,2026-05-17T15:59:41,0016c001f10c2ef6,13.4,1.2,12.2,0.0,7809,702,7107,9.0,0.37,0.37,0.37,389488455,1991462490,3190,11798,1.2,234.4,3.1,2.0,195,131,0,0,0,0,0,0.0,0,0,0,0,0,0
261.7,2026-05-17T15:59:41,0016c001f10c2ef6,23.7,4.6,18.5,0.6,7809,701,7108,9.0,0.37,0.37,0.37,389491695,1991477150,3240,14660,1.2,234.4,3.1,2.0,195,131,0,0,0,0,0,0.0,0,0,0,0,0,0
262.1,2026-05-17T15:59:42,0016c001f10c2ef6,19.7,2.9,16.8,0.0,7809,701,7108,9.0,0.37,0.37,0.37,389494985,1991488948,3290,11798,1.2,234.4,3.1,2.0,195,131,0,0,0,0,0,0.0,0,0,0,0,0,0
262.6,2026-05-17T15:59:42,0016c001f10c2ef6,19.5,3.4,16.1,0.0,7809,701,7108,9.0,0.5,0.39,0.38,389499046,1991532472,4061,43524,1.2,234.4,3.1,2.0,195,131,0,0,0,0,0,0.0,0,0,0,0,0,0
263.0,2026-05-17T15:59:43,0016c001f10c2ef6,6.3,1.1,5.1,0.0,7809,701,7108,9.0,0.5,0.39,0.38,389502236,1991544270,3190,11798,1.2,234.4,3.1,2.0,195,131,0,0,0,0,0,0.0,0,0,0,0,0,0
263.4,2026-05-17T15:59:43,0016c001f10c2ef6,8.1,4.7,3.5,0.0,7809,701,7108,9.0,0.5,0.39,0.38,389505478,1991556068,3242,11798,1.2,234.4,3.1,2.0,195,131,0,0,0,0,0,0.0,0,0,0,0,0,0
263.9,2026-05-17T15:59:43,0016c001f10c2ef6,6.6,2.8,3.9,0.0,7809,701,7108,9.0,0.5,0.39,0.38,389508668,1991567866,3190,11798,1.2,234.4,3.1,2.0,195,131,0,0,0,0,0,0.0,0,0,0,0,0,0
264.3,2026-05-17T15:59:44,0016c001f10c2ef6,5.6,1.1,4.5,0.0,7809,701,7108,9.0,0.5,0.39,0.38,389512527,1991610441,3859,42575,1.2,234.4,3.1,2.0,195,131,0,0,0,0,0,0.0,0,0,0,0,0,0
264.8,2026-05-17T15:59:44,0016c001f10c2ef6,9.6,4.1,5.6,0.0,7809,701,7108,9.0,0.5,0.39,0.38,389516029,1991622305,3502,11864,1.2,234.4,3.1,2.0,195,131,0,0,0,0,0,0.0,0,0,0,0,0,0
265.2,2026-05-17T15:59:45,0016c001f10c2ef6,6.7,2.8,3.9,0.0,7809,700,7109,9.0,0.5,0.39,0.38,389519219,1991634103,3190,11798,1.2,234.4,3.1,2.0,195,131,0,0,0,0,0,0.0,0,0,0,0,0,0
265.7,2026-05-17T15:59:45,0016c001f10c2ef6,6.1,1.7,4.5,0.0,7809,701,7108,9.0,0.5,0.39,0.38,389522357,1991645901,3138,11798,1.2,234.4,3.1,2.0,195,131,0,0,0,0,0,0.0,0,0,0,0,0,0
266.1,2026-05-17T15:59:46,0016c001f10c2ef6,5.7,2.3,3.4,0.0,7809,702,7107,9.0,0.5,0.39,0.38,389525547,1991657699,3190,11798,1.2,234.4,3.1,2.0,195,131,0,0,0,0,0,0.0,0,0,0,0,0,0
266.5,2026-05-17T15:59:46,0016c001f10c2ef6,7.3,3.4,3.9,0.0,7809,703,7106,9.0,0.5,0.39,0.38,389529666,1991700274,4119,42575,1.2,234.4,3.1,2.0,195,131,0,0,0,0,0,0.0,0,0,0,0,0,0
267.0,2026-05-17T15:59:47,0016c001f10c2ef6,6.9,1.1,5.7,0.0,7809,703,7106,9.0,0.5,0.39,0.38,389532804,1991712072,3138,11798,1.2,234.4,3.1,2.0,195,131,0,0,0,0,0,0.0,0,0,0,0,0,0
267.4,2026-05-17T15:59:47,0016c001f10c2ef6,5.8,1.7,4.0,0.0,7809,703,7106,9.0,0.46,0.39,0.37,389535946,1991723870,3142,11798,1.2,234.4,3.1,2.0,195,131,0,0,0,0,0,0.0,0,0,0,0,0,0
267.8,2026-05-17T15:59:47,0016c001f10c2ef6,7.7,2.2,5.5,0.0,7809,704,7105,9.0,0.46,0.39,0.37,389539312,1991736429,3366,12559,1.2,234.4,3.1,2.0,195,131,0,0,0,0,0,0.0,0,0,0,0,0,0
268.3,2026-05-17T15:59:48,0016c001f10c2ef6,7.4,2.3,5.1,0.0,7809,704,7105,9.0,0.46,0.39,0.37,389542398,1991749732,3086,13303,1.2,234.4,3.1,2.0,195,131,0,0,0,0,0,0.0,0,0,0,0,0,0
268.7,2026-05-17T15:59:48,0016c001f10c2ef6,7.5,1.7,5.8,0.0,7809,704,7105,9.0,0.46,0.39,0.37,389546663,1991792307,4265,42575,1.2,234.5,3.1,2.0,195,131,0,0,0,0,0,0.0,0,0,0,0,0,0
269.1,2026-05-17T15:59:49,0016c001f10c2ef6,6.8,2.8,4.0,0.0,7809,704,7105,9.0,0.46,0.39,0.37,389550230,1991804105,3567,11798,1.2,234.5,3.1,2.0,195,131,0,0,0,0,0,0.0,0,0,0,0,0,0
269.5,2026-05-17T15:59:49,0016c001f10c2ef6,5.3,2.3,2.9,0.0,7809,704,7105,9.0,0.46,0.39,0.37,389553316,1991815903,3086,11798,1.2,234.5,3.1,2.0,195,131,0,0,0,0,0,0.0,0,0,0,0,0,0
270.0,2026-05-17T15:59:50,0016c001f10c2ef6,10.0,3.0,7.0,0.0,7809,703,7106,9.0,0.46,0.39,0.37,389556406,1991827767,3090,11864,1.2,234.5,3.1,2.0,195,131,0,0,0,0,0,0.0,0,0,0,0,0,0
270.5,2026-05-17T15:59:50,0016c001f10c2ef6,6.3,2.9,3.4,0.0,7809,703,7106,9.0,0.46,0.39,0.37,389560473,1991870342,4067,42575,1.2,234.5,3.1,2.0,195,131,0,0,0,0,0,0.0,0,0,0,0,0,0
270.9,2026-05-17T15:59:50,0016c001f10c2ef6,7.0,3.5,3.5,0.0,7809,703,7106,9.0,0.46,0.39,0.37,389563663,1991882140,3190,11798,1.2,234.5,3.1,2.0,195,131,0,0,0,0,0,0.0,0,0,0,0,0,0
271.3,2026-05-17T15:59:51,0016c001f10c2ef6,6.4,1.2,5.2,0.0,7809,704,7105,9.0,0.46,0.39,0.37,389567005,1991893938,3342,11798,1.2,234.5,3.1,2.0,200,135,5,4,0,0,0,0.0,0,0,0,0,0,0
271.8,2026-05-17T15:59:51,0016c001f10c2ef6,6.2,1.1,5.1,0.0,7809,704,7105,9.0,0.46,0.39,0.37,389570143,1991905736,3138,11798,1.2,234.5,3.1,2.0,200,135,0,0,0,0,0,0.0,0,0,0,0,0,0
272.2,2026-05-17T15:59:52,0016c001f10c2ef6,6.3,1.7,4.6,0.0,7809,703,7106,9.0,0.74,0.45,0.39,389573181,1991917534,3038,11798,1.2,234.5,3.1,2.0,200,135,0,0,0,0,0,0.0,0,0,0,0,0,0
272.6,2026-05-17T15:59:52,0016c001f10c2ef6,12.0,2.9,9.1,0.0,7809,703,7106,9.0,0.74,0.45,0.39,389577372,1991960195,4191,42661,1.2,234.5,3.1,2.0,200,135,0,0,0,0,0,0.0,0,0,0,0,0,0
273.0,2026-05-17T15:59:53,0016c001f10c2ef6,18.6,2.3,16.3,0.0,7809,703,7106,9.0,0.74,0.45,0.39,389580406,1991971993,3034,11798,1.2,234.5,3.1,2.0,200,135,0,0,0,0,0,0.0,0,0,0,0,0,0
273.5,2026-05-17T15:59:53,0016c001f10c2ef6,20.2,3.5,16.8,0.0,7809,703,7106,9.0,0.74,0.45,0.39,389583592,1991983791,3186,11798,1.2,234.5,3.1,2.0,200,135,0,0,0,0,0,0.0,0,0,0,0,0,0
273.9,2026-05-17T15:59:53,0016c001f10c2ef6,20.2,1.2,19.1,0.0,7809,704,7105,9.0,0.74,0.45,0.39,389586682,1991995589,3090,11798,1.2,234.5,3.1,2.0,200,135,0,0,0,0,0,0.0,0,0,0,0,0,0
274.3,2026-05-17T15:59:54,0016c001f10c2ef6,8.8,1.8,7.0,0.0,7809,704,7105,9.0,0.74,0.45,0.39,389589920,1992007387,3238,11798,1.2,234.5,3.1,2.0,200,135,0,0,0,0,0,0.0,0,0,0,0,0,0
274.8,2026-05-17T15:59:54,0016c001f10c2ef6,6.2,1.7,4.5,0.0,7809,704,7105,9.0,0.74,0.45,0.39,389594039,1992049962,4119,42575,1.2,234.5,3.1,2.0,200,135,0,0,0,0,0,0.0,0,0,0,0,0,0
275.3,2026-05-17T15:59:55,0016c001f10c2ef6,9.1,3.0,6.1,0.0,7809,704,7105,9.0,0.74,0.45,0.39,389597077,1992061826,3038,11864,1.2,234.5,3.1,2.0,200,135,0,0,0,0,0,0.0,0,0,0,0,0,0
275.7,2026-05-17T15:59:55,0016c001f10c2ef6,6.7,1.7,5.0,0.0,7809,704,7105,9.0,0.74,0.45,0.39,389600367,1992073624,3290,11798,1.2,234.5,3.1,2.0,200,135,0,0,0,0,0,0.0,0,0,0,0,0,0
276.1,2026-05-17T15:59:56,0016c001f10c2ef6,6.1,2.8,2.8,0.6,7809,704,7105,9.0,0.74,0.45,0.39,389603505,1992085422,3138,11798,1.2,234.2,3.1,2.0,200,135,0,0,0,0,0,0.0,0,0,0,0,0,0
276.6,2026-05-17T15:59:56,0016c001f10c2ef6,5.6,2.3,3.4,0.0,7809,704,7105,9.0,0.74,0.45,0.39,389607472,1992127997,3967,42575,1.2,234.2,3.1,2.0,200,135,0,0,0,0,0,0.0,0,0,0,0,0,0
277.0,2026-05-17T15:59:57,0016c001f10c2ef6,7.4,3.4,4.0,0.0,7809,704,7105,9.0,0.68,0.44,0.39,389610762,1992139795,3290,11798,1.2,234.2,3.1,2.0,200,135,0,0,0,0,0,0.0,0,0,0,0,0,0
277.4,2026-05-17T15:59:57,0016c001f10c2ef6,6.2,3.4,2.8,0.0,7809,704,7105,9.0,0.68,0.44,0.39,389613748,1992151593,2986,11798,1.2,234.2,3.1,2.0,200,135,0,0,0,0,0,0.0,0,0,0,0,0,0
277.9,2026-05-17T15:59:57,0016c001f10c2ef6,7.0,2.3,4.7,0.0,7809,704,7105,9.0,0.68,0.44,0.39,389617038,1992164074,3290,12481,1.2,234.2,3.1,2.0,200,135,0,0,0,0,0,0.0,0,0,0,0,0,0
278.3,2026-05-17T15:59:58,0016c001f10c2ef6,8.8,3.3,5.5,0.0,7809,703,7106,9.0,0.68,0.44,0.39,389620226,1992177442,3188,13368,1.2,234.2,3.1,2.0,200,135,0,0,0,0,0,0.0,0,0,0,0,0,0
278.7,2026-05-17T15:59:58,0016c001f10c2ef6,6.8,2.8,4.0,0.0,7809,703,7106,9.0,0.68,0.44,0.39,389624874,1992220017,4648,42575,1.2,234.2,3.1,2.0,200,135,0,0,0,0,0,0.0,0,0,0,0,0,0
279.2,2026-05-17T15:59:59,0016c001f10c2ef6,6.1,2.2,3.9,0.0,7809,702,7107,9.0,0.68,0.44,0.39,389627960,1992231815,3086,11798,1.2,234.2,3.1,2.0,200,135,0,0,0,0,0,0.0,0,0,0,0,0,0
279.6,2026-05-17T15:59:59,0016c001f10c2ef6,6.3,2.3,4.0,0.0,7809,702,7107,9.0,0.68,0.44,0.39,389630946,1992243613,2986,11798,1.2,234.2,3.1,2.0,200,135,0,0,0,0,0,0.0,0,0,0,0,0,0
280.0,2026-05-17T16:00:00,0016c001f10c2ef6,7.3,3.4,3.9,0.0,7809,702,7107,9.0,0.68,0.44,0.39,389634136,1992255411,3190,11798,1.2,234.2,3.1,2.0,0,0,-200,-135,0,0,0,0.0,0,0,0,0,0,0
280.5,2026-05-17T16:00:00,0016c001f10c2ef6,9.6,2.5,7.1,0.0,7809,702,7107,9.0,0.68,0.44,0.39,389638355,1992298050,4219,42639,1.2,234.2,3.1,2.0,0,0,0,0,0,0,0,0.0,0,0,0,0,0,0
281.0,2026-05-17T16:00:01,0016c001f10c2ef6,10.8,4.1,6.7,0.0,7809,702,7107,9.0,0.68,0.44,0.39,389641445,1992309912,3090,11862,1.2,234.2,3.1,2.0,0,0,0,0,0,0,0,0.0,0,0,0,0,0,0
281.4,2026-05-17T16:00:01,0016c001f10c2ef6,9.7,2.8,5.1,1.7,7809,702,7107,9.0,0.68,0.44,0.39,389644579,1992321708,3134,11796,1.2,234.2,3.1,2.0,0,0,0,0,0,0,0,0.0,0,0,0,0,0,0
281.9,2026-05-17T16:00:01,0016c001f10c2ef6,7.0,2.3,4.7,0.0,7809,702,7107,9.0,0.63,0.43,0.39,389647565,1992333504,2986,11796,1.2,234.2,3.1,2.0,0,0,0,0,0,0,0,0.0,0,0,0,0,0,0
282.3,2026-05-17T16:00:02,0016c001f10c2ef6,6.3,2.3,4.0,0.0,7809,702,7107,9.0,0.63,0.43,0.39,389650803,1992345300,3238,11796,1.2,234.2,3.1,2.0,0,0,0,0,0,0,0,0.0,0,0,0,0,0,0
282.7,2026-05-17T16:00:02,0016c001f10c2ef6,7.3,1.1,6.2,0.0,7809,702,7107,9.0,0.63,0.43,0.39,389654974,1992387873,4171,42573,1.2,234.2,3.1,2.0,0,0,0,0,0,0,0,0.0,0,0,0,0,0,0
283.2,2026-05-17T16:00:03,0016c001f10c2ef6,7.4,2.8,4.5,0.0,7809,702,7107,9.0,0.63,0.43,0.39,389658032,1992399747,3058,11874,1.2,234.2,3.1,2.0,0,0,0,0,0,0,0,0.0,0,0,0,0,0,0
283.6,2026-05-17T16:00:03,0016c001f10c2ef6,7.5,2.9,4.6,0.0,7809,704,7105,9.0,0.63,0.43,0.39,389661270,1992411543,3238,11796,1.2,234.2,3.1,2.0,0,0,0,0,0,0,0,0.0,0,0,0,0,0,0
284.0,2026-05-17T16:00:04,0016c001f10c2ef6,7.9,1.1,6.8,0.0,7809,703,7106,9.0,0.63,0.43,0.39,389664308,1992423339,3038,11796,1.2,234.2,3.1,2.0,0,0,0,0,0,0,0,0.0,0,0,0,0,0,0
284.5,2026-05-17T16:00:04,0016c001f10c2ef6,19.9,1.8,18.1,0.0,7809,703,7106,9.0,0.63,0.43,0.39,389667546,1992435135,3238,11796,1.2,234.2,3.1,2.0,0,0,0,0,0,0,0,0.0,0,0,0,0,0,0
284.9,2026-05-17T16:00:04,0016c001f10c2ef6,20.6,2.3,18.3,0.0,7809,704,7105,9.0,0.63,0.43,0.39,389671717,1992477708,4171,42573,1.2,234.2,3.1,2.0,0,0,0,0,0,0,0,0.0,0,0,0,0,0,0
285.3,2026-05-17T16:00:05,0016c001f10c2ef6,20.0,2.3,17.7,0.0,7809,704,7105,9.0,0.63,0.43,0.39,389674807,1992489504,3090,11796,1.2,234.2,3.1,2.0,0,0,0,0,0,0,0,0.0,0,0,0,0,0,0
285.8,2026-05-17T16:00:05,0016c001f10c2ef6,10.0,2.8,7.2,0.0,7809,702,7107,9.0,0.63,0.43,0.39,389678097,1992501300,3290,11796,1.2,234.2,3.1,2.0,0,0,0,0,0,0,0,0.0,0,0,0,0,0,0
286.3,2026-05-17T16:00:06,0016c001f10c2ef6,9.3,2.9,6.4,0.0,7809,702,7107,9.0,0.63,0.43,0.39,389681183,1992513162,3086,11862,1.2,234.2,3.1,2.0,0,0,0,0,0,0,0,0.0,0,0,0,0,0,0
286.7,2026-05-17T16:00:06,0016c001f10c2ef6,6.4,1.8,4.1,0.6,7809,703,7106,9.0,0.58,0.42,0.39,389685098,1992555735,3915,42573,1.2,234.2,3.1,2.0,0,0,0,0,0,0,0,0.0,0,0,0,0,0,0
287.1,2026-05-17T16:00:07,0016c001f10c2ef6,7.2,2.2,5.0,0.0,7809,703,7106,9.0,0.58,0.42,0.39,389688336,1992567531,3238,11796,1.2,234.2,3.1,2.0,0,0,0,0,0,0,0,0.0,0,0,0,0,0,0
287.6,2026-05-17T16:00:07,0016c001f10c2ef6,5.6,1.1,4.5,0.0,7809,704,7105,9.0,0.58,0.42,0.39,389691526,1992579327,3190,11796,1.2,234.2,3.1,2.0,0,0,0,0,0,0,0,0.0,0,0,0,0,0,0
288.0,2026-05-17T16:00:08,0016c001f10c2ef6,6.9,4.0,2.9,0.0,7809,703,7106,9.0,0.58,0.42,0.39,389694772,1992592916,3246,13589,1.2,234.2,3.1,2.0,0,0,0,0,0,0,0,0.0,0,0,0,0,0,0
288.5,2026-05-17T16:00:08,0016c001f10c2ef6,8.3,3.6,4.7,0.0,7809,704,7105,9.0,0.58,0.42,0.39,389698287,1992604712,3515,11796,1.2,234.2,3.1,2.0,0,0,0,0,0,0,0,0.0,0,0,0,0,0,0
288.9,2026-05-17T16:00:08,0016c001f10c2ef6,7.5,2.3,5.2,0.0,7809,703,7106,9.0,0.58,0.42,0.39,389702556,1992649340,4269,44628,1.2,234.2,3.1,2.0,0,0,0,0,0,0,0,0.0,0,0,0,0,0,0
289.4,2026-05-17T16:00:09,0016c001f10c2ef6,6.6,2.8,3.9,0.0,7809,703,7106,9.0,0.58,0.42,0.39,389705746,1992661136,3190,11796,1.2,234.2,3.1,2.0,0,0,0,0,0,0,0,0.0,0,0,0,0,0,0
289.8,2026-05-17T16:00:09,0016c001f10c2ef6,5.2,1.7,3.5,0.0,7809,703,7106,9.0,0.58,0.42,0.39,389708780,1992672932,3034,11796,1.2,234.2,3.1,2.0,0,0,0,0,0,0,0,0.0,0,0,0,0,0,0
290.2,2026-05-17T16:00:10,0016c001f10c2ef6,7.4,1.7,5.7,0.0,7809,703,7106,9.0,0.58,0.42,0.39,389711994,1992684884,3214,11952,1.2,234.2,3.1,2.0,0,0,0,0,0,0,0,0.0,0,0,0,0,0,0
290.6,2026-05-17T16:00:10,0016c001f10c2ef6,5.2,1.7,3.5,0.0,7809,703,7106,9.0,0.58,0.42,0.39,389715849,1992696680,3855,11796,1.2,234.2,3.1,2.0,0,0,0,0,0,0,0,0.0,0,0,0,0,0,0
291.1,2026-05-17T16:00:11,0016c001f10c2ef6,8.9,4.4,4.4,0.0,7809,704,7105,9.0,0.58,0.42,0.39,389719423,1992739412,3574,42732,1.2,234.2,3.1,2.0,0,0,0,0,0,0,0,0.0,0,0,0,0,0,0
291.6,2026-05-17T16:00:12,0016c001f10c2ef6,9.6,4.0,5.6,0.0,7809,703,7106,9.0,0.53,0.42,0.38,389722561,1992751274,3138,11862,1.2,234.2,3.1,2.0,0,0,0,0,0,0,0,0.0,0,0,0,0,0,0
292.0,2026-05-17T16:00:12,0016c001f10c2ef6,7.8,2.2,5.0,0.6,7809,703,7106,9.0,0.53,0.42,0.38,389725651,1992763070,3090,11796,1.2,234.2,3.1,2.0,0,0,0,0,0,0,0,0.0,0,0,0,0,0,0
292.4,2026-05-17T16:00:13,0016c001f10c2ef6,7.9,2.8,5.1,0.0,7809,703,7106,9.0,0.53,0.42,0.38,389728837,1992774866,3186,11796,1.2,234.2,3.1,2.0,0,0,0,0,0,0,0,0.0,0,0,0,0,0,0
292.9,2026-05-17T16:00:13,0016c001f10c2ef6,6.3,2.9,3.4,0.0,7809,704,7105,9.0,0.53,0.42,0.38,389732700,1992817520,3863,42654,1.2,234.2,3.1,2.0,0,0,0,0,0,0,0,0.0,0,0,0,0,0,0
293.3,2026-05-17T16:00:14,0016c001f10c2ef6,6.9,2.3,4.6,0.0,7809,703,7106,9.0,0.53,0.42,0.38,389735786,1992829316,3086,11796,1.2,234.2,3.1,2.0,0,0,0,0,0,0,0,0.0,0,0,0,0,0,0
293.7,2026-05-17T16:00:14,0016c001f10c2ef6,6.2,2.3,4.0,0.0,7809,704,7105,9.0,0.53,0.42,0.38,389738972,1992841112,3186,11796,1.2,234.2,3.1,2.0,0,0,0,0,0,0,0,0.0,0,0,0,0,0,0
294.2,2026-05-17T16:00:15,0016c001f10c2ef6,6.7,2.2,4.5,0.0,7809,704,7105,9.0,0.53,0.42,0.38,389742010,1992852908,3038,11796,1.2,234.2,3.1,2.0,0,0,0,0,0,0,0,0.0,0,0,0,0,0,0
294.6,2026-05-17T16:00:15,0016c001f10c2ef6,5.2,2.3,2.9,0.0,7809,704,7105,9.0,0.53,0.42,0.38,389745148,1992864704,3138,11796,1.2,234.2,3.1,2.0,0,0,0,0,0,0,0,0.0,0,0,0,0,0,0
295.0,2026-05-17T16:00:15,0016c001f10c2ef6,7.3,3.4,4.0,0.0,7809,704,7105,9.0,0.53,0.42,0.38,389749163,1992907358,4015,42654,1.2,234.2,3.1,2.0,0,0,0,0,0,0,0,0.0,0,0,0,0,0,0
295.5,2026-05-17T16:00:16,0016c001f10c2ef6,6.8,1.1,5.7,0.0,7809,704,7105,9.0,0.53,0.42,0.38,389752197,1992919154,3034,11796,1.2,234.2,3.1,2.0,0,0,0,0,0,0,0,0.0,0,0,0,0,0,0
295.9,2026-05-17T16:00:16,0016c001f10c2ef6,19.0,3.0,16.1,0.0,7809,703,7106,9.0,0.53,0.42,0.38,389755507,1992931036,3310,11882,1.2,234.2,3.1,2.0,0,0,0,0,0,0,0,0.0,0,0,0,0,0,0
296.3,2026-05-17T16:00:17,0016c001f10c2ef6,18.4,2.9,15.5,0.0,7809,703,7106,9.0,0.57,0.43,0.39,389758749,1992942832,3242,11796,1.2,234.2,3.1,2.0,0,0,0,0,0,0,0,0.0,0,0,0,0,0,0
296.8,2026-05-17T16:00:17,0016c001f10c2ef6,19.7,1.7,18.0,0.0,7809,703,7106,9.0,0.57,0.43,0.39,389762712,1992985486,3963,42654,1.2,234.2,3.1,2.0,0,0,0,0,0,0,0,0.0,0,0,0,0,0,0
297.2,2026-05-17T16:00:18,0016c001f10c2ef6,12.1,1.7,10.3,0.0,7809,703,7106,9.0,0.57,0.43,0.39,389765698,1992997282,2986,11796,1.2,234.2,3.1,2.0,0,0,0,0,0,0,0,0.0,0,0,0,0,0,0
297.6,2026-05-17T16:00:18,0016c001f10c2ef6,6.4,2.3,4.1,0.0,7809,703,7106,9.0,0.57,0.43,0.39,389768888,1993009078,3190,11796,1.2,234.2,3.1,2.0,0,0,0,0,0,0,0,0.0,0,0,0,0,0,0
298.1,2026-05-17T16:00:18,0016c001f10c2ef6,6.2,2.8,3.4,0.0,7809,703,7106,9.0,0.57,0.43,0.39,389772026,1993020874,3138,11796,1.2,234.2,3.1,2.0,0,0,0,0,0,0,0,0.0,0,0,0,0,0,0
298.5,2026-05-17T16:00:19,0016c001f10c2ef6,6.6,2.2,4.4,0.0,7809,703,7106,9.0,0.57,0.43,0.39,389775641,1993032670,3615,11796,1.2,234.2,3.1,2.0,0,0,0,0,0,0,0,0.0,0,0,0,0,0,0
299.0,2026-05-17T16:00:19,0016c001f10c2ef6,7.8,2.8,5.0,0.0,7809,703,7106,9.0,0.57,0.43,0.39,389779556,1993075324,3915,42654,1.2,234.2,3.1,2.0,0,0,0,0,0,0,0,0.0,0,0,0,0,0,0
299.4,2026-05-17T16:00:20,0016c001f10c2ef6,6.3,1.7,4.6,0.0,7809,703,7106,9.0,0.57,0.43,0.39,389782694,1993087120,3138,11796,1.2,234.2,3.1,2.0,0,0,0,0,0,0,0,0.0,0,0,0,0,0,0
299.9,2026-05-17T16:00:20,0016c001f10c2ef6,4.9,0.5,4.4,0.0,7809,703,7106,9.0,0.57,0.43,0.39,389785844,1993099224,3150,12104,1.2,234.2,3.1,2.0,0,0,0,0,0,0,0,0.0,0,0,0,0,0,0
300.3,2026-05-17T16:00:21,0016c001f10c2ef6,6.8,2.3,4.5,0.0,7809,704,7105,9.0,0.57,0.43,0.39,389789086,1993111020,3242,11796,1.2,234.2,3.1,2.0,0,0,0,0,0,0,0,0.0,0,0,0,0,0,0
300.7,2026-05-17T16:00:21,0016c001f10c2ef6,6.7,2.2,4.5,0.0,7809,703,7106,9.0,0.57,0.43,0.39,389792172,1993122816,3086,11796,1.2,234.2,3.1,2.0,2,2,2,2,0,0,0,0.0,0,0,0,0,0,0
301.2,2026-05-17T16:00:22,0016c001f10c2ef6,9.1,4.5,4.5,0.0,7809,703,7106,9.0,0.57,0.43,0.39,389796437,1993165536,4265,42720,1.2,234.2,3.1,2.0,2,2,0,0,0,0,0,0.0,0,0,0,0,0,0
301.6,2026-05-17T16:00:22,0016c001f10c2ef6,9.2,3.1,6.1,0.0,7809,703,7106,9.0,0.6,0.44,0.39,389799575,1993177398,3138,11862,1.2,234.2,3.1,2.0,2,2,0,0,0,0,0,0.0,0,0,0,0,0,0
302.1,2026-05-17T16:00:22,0016c001f10c2ef6,6.8,2.3,4.5,0.0,7809,703,7106,9.0,0.6,0.44,0.39,389802561,1993189194,2986,11796,1.2,234.2,3.1,2.0,2,2,0,0,0,0,0,0.0,0,0,0,0,0,0
302.5,2026-05-17T16:00:23,0016c001f10c2ef6,5.8,1.8,4.1,0.0,7809,704,7105,9.0,0.6,0.44,0.39,389805747,1993200990,3186,11796,1.2,234.2,3.1,2.0,2,2,0,0,0,0,0,0.0,0,0,0,0,0,0
302.9,2026-05-17T16:00:23,0016c001f10c2ef6,7.3,2.8,4.0,0.6,7809,703,7106,9.0,0.6,0.44,0.39,389809662,1993243644,3915,42654,1.2,234.2,3.1,2.0,2,2,0,0,0,0,0,0.0,0,0,0,0,0,0
303.3,2026-05-17T16:00:24,0016c001f10c2ef6,6.9,2.3,4.6,0.0,7809,704,7105,9.0,0.6,0.44,0.39,389812760,1993255550,3098,11906,1.2,234.2,3.1,2.0,2,2,0,0,0,0,0,0.0,0,0,0,0,0,0
303.8,2026-05-17T16:00:24,0016c001f10c2ef6,6.1,1.7,4.4,0.0,7809,703,7106,9.0,0.6,0.44,0.39,389815950,1993267346,3190,11796,1.2,234.2,3.1,2.0,2,2,0,0,0,0,0,0.0,0,0,0,0,0,0
304.2,2026-05-17T16:00:25,0016c001f10c2ef6,5.7,2.9,2.9,0.0,7809,704,7105,9.0,0.6,0.44,0.39,389819136,1993279142,3186,11796,1.2,234.2,3.1,2.0,2,2,0,0,0,0,0,0.0,0,0,0,0,0,0
304.6,2026-05-17T16:00:25,0016c001f10c2ef6,5.3,2.3,2.9,0.0,7809,704,7105,9.0,0.6,0.44,0.39,389822122,1993290938,2986,11796,1.2,234.2,3.1,2.0,2,2,0,0,0,0,0,0.0,0,0,0,0,0,0
305.1,2026-05-17T16:00:25,0016c001f10c2ef6,6.4,2.9,3.5,0.0,7809,703,7106,9.0,0.6,0.44,0.39,389826393,1993333592,4271,42654,1.2,234.2,3.1,2.0,2,2,0,0,0,0,0,0.0,0,0,0,0,0,0
305.5,2026-05-17T16:00:26,0016c001f10c2ef6,5.5,2.2,3.3,0.0,7809,704,7105,9.0,0.6,0.44,0.39,389829483,1993345388,3090,11796,1.2,234.2,3.1,2.0,2,2,0,0,0,0,0,0.0,0,0,0,0,0,0
305.9,2026-05-17T16:00:26,0016c001f10c2ef6,7.3,2.8,4.5,0.0,7809,703,7106,9.0,0.6,0.44,0.39,389832621,1993357184,3138,11796,1.2,234.2,3.1,2.0,2,2,0,0,0,0,0,0.0,0,0,0,0,0,0
306.4,2026-05-17T16:00:27,0016c001f10c2ef6,6.6,3.3,3.3,0.0,7809,703,7106,9.0,0.64,0.45,0.39,389835911,1993368980,3290,11796,1.2,234.2,3.1,2.0,2,2,0,0,0,0,0,0.0,0,0,0,0,0,0
306.9,2026-05-17T16:00:27,0016c001f10c2ef6,8.9,3.0,5.9,0.0,7809,703,7106,9.0,0.64,0.45,0.39,389839946,1993411778,4035,42798,1.2,234.2,3.1,2.0,2,2,0,0,0,0,0,0.0,0,0,0,0,0,0
307.3,2026-05-17T16:00:28,0016c001f10c2ef6,18.5,2.3,16.2,0.0,7809,703,7106,9.0,0.64,0.45,0.39,389842932,1993423574,2986,11796,1.2,234.2,3.1,2.0,2,2,0,0,0,0,0,0.0,0,0,0,0,0,0
307.8,2026-05-17T16:00:28,0016c001f10c2ef6,18.6,1.7,16.9,0.0,7809,704,7105,9.0,0.64,0.45,0.39,389846170,1993435370,3238,11796,1.2,234.2,3.1,2.0,2,2,0,0,0,0,0,0.0,0,0,0,0,0,0
308.2,2026-05-17T16:00:29,0016c001f10c2ef6,19.4,1.7,17.7,0.0,7809,703,7106,9.0,0.64,0.45,0.39,389849637,1993447166,3467,11796,1.2,234.2,3.1,2.0,2,2,0,0,0,0,0,0.0,0,0,0,0,0,0
308.6,2026-05-17T16:00:29,0016c001f10c2ef6,12.9,1.2,11.2,0.6,7809,703,7106,9.0,0.64,0.45,0.39,389852723,1993458962,3086,11796,1.2,234.2,3.1,2.0,2,2,0,0,0,0,0,0.0,0,0,0,0,0,0
309.1,2026-05-17T16:00:29,0016c001f10c2ef6,5.7,1.7,4.0,0.0,7809,703,7106,9.0,0.64,0.45,0.39,389856738,1993501616,4015,42654,1.2,234.2,3.1,2.0,2,2,0,0,0,0,0,0.0,0,0,0,0,0,0
309.5,2026-05-17T16:00:30,0016c001f10c2ef6,7.5,2.9,4.6,0.0,7809,704,7105,9.0,0.64,0.45,0.39,389859772,1993513412,3034,11796,1.2,234.2,3.1,2.0,2,2,0,0,0,0,0,0.0,0,0,0,0,0,0
309.9,2026-05-17T16:00:30,0016c001f10c2ef6,6.2,1.7,4.5,0.0,7809,704,7105,9.0,0.64,0.45,0.39,389862910,1993525208,3138,11796,1.2,234.2,3.1,2.0,2,2,0,0,0,0,0,0.0,0,0,0,0,0,0
310.3,2026-05-17T16:00:31,0016c001f10c2ef6,6.3,2.3,4.0,0.0,7809,703,7106,9.0,0.64,0.45,0.39,389865996,1993537004,3086,11796,1.2,234.2,3.1,2.0,2,2,0,0,0,0,0,0.0,0,0,0,0,0,0
310.8,2026-05-17T16:00:31,0016c001f10c2ef6,5.8,1.7,4.0,0.0,7809,704,7105,9.0,0.64,0.45,0.39,389869082,1993548800,3086,11796,1.2,234.2,3.1,2.0,2,2,0,0,0,0,0,0.0,0,0,0,0,0,0
311.2,2026-05-17T16:00:32,0016c001f10c2ef6,6.3,1.7,4.0,0.6,7809,703,7106,9.0,0.75,0.47,0.4,389873145,1993591454,4063,42654,1.2,234.3,3.1,2.0,2,2,0,0,0,0,0,0.0,0,0,0,0,0,0
311.6,2026-05-17T16:00:32,0016c001f10c2ef6,5.7,1.7,4.0,0.0,7809,704,7105,9.0,0.75,0.47,0.4,389876335,1993603250,3190,11796,1.2,234.3,3.1,2.0,2,2,0,0,0,0,0,0.0,0,0,0,0,0,0
312.1,2026-05-17T16:00:33,0016c001f10c2ef6,10.2,4.9,5.4,0.0,7809,704,7105,9.0,0.75,0.47,0.4,389879577,1993615112,3242,11862,1.2,234.3,3.1,2.0,2,2,0,0,0,0,0,0.0,0,0,0,0,0,0
312.6,2026-05-17T16:00:33,0016c001f10c2ef6,5.6,2.2,3.3,0.0,7809,704,7105,9.0,0.75,0.47,0.4,389882563,1993626908,2986,11796,1.2,234.3,3.1,2.0,2,2,0,0,0,0,0,0.0,0,0,0,0,0,0
313.0,2026-05-17T16:00:33,0016c001f10c2ef6,6.2,2.3,4.0,0.0,7809,704,7105,9.0,0.75,0.47,0.4,389886526,1993669562,3963,42654,1.2,234.5,3.1,2.0,2,2,0,0,0,0,0,0.0,0,0,0,0,0,0
313.4,2026-05-17T16:00:34,0016c001f10c2ef6,8.0,2.3,5.7,0.0,7809,703,7106,9.0,0.75,0.47,0.4,389889612,1993681358,3086,11796,1.2,234.5,3.1,2.0,2,2,0,0,0,0,0,0.0,0,0,0,0,0,0
313.9,2026-05-17T16:00:34,0016c001f10c2ef6,6.7,2.2,4.5,0.0,7809,703,7106,9.0,0.75,0.47,0.4,389892750,1993693154,3138,11796,1.2,234.5,3.1,2.0,2,2,0,0,0,0,0,0.0,0,0,0,0,0,0
314.3,2026-05-17T16:00:35,0016c001f10c2ef6,6.2,1.1,5.1,0.0,7809,702,7107,9.0,0.75,0.47,0.4,389895908,1993705028,3158,11874,1.2,234.5,3.1,2.0,2,2,0,0,0,0,0,0.0,0,0,0,0,0,0
314.7,2026-05-17T16:00:35,0016c001f10c2ef6,6.9,2.3,4.6,0.0,7809,703,7106,9.0,0.75,0.47,0.4,389898994,1993716824,3086,11796,1.2,234.5,3.1,2.0,2,2,0,0,0,0,0,0.0,0,0,0,0,0,0
315.2,2026-05-17T16:00:36,0016c001f10c2ef6,7.3,2.2,5.1,0.0,7809,702,7107,9.0,0.75,0.47,0.4,389903057,1993759478,4063,42654,1.2,234.5,3.1,2.0,2,2,0,0,0,0,0,0.0,0,0,0,0,0,0
315.6,2026-05-17T16:00:36,0016c001f10c2ef6,7.4,2.8,4.5,0.0,7809,703,7106,9.0,0.75,0.47,0.4,389906247,1993771274,3190,11796,1.2,234.5,3.1,2.0,2,2,0,0,0,0,0,0.0,0,0,0,0,0,0
316.0,2026-05-17T16:00:36,0016c001f10c2ef6,6.2,2.8,3.4,0.0,7809,702,7107,9.0,0.68,0.46,0.4,389909285,1993783070,3038,11796,1.2,234.5,3.1,2.0,2,2,0,0,0,0,0,0.0,0,0,0,0,0,0
316.5,2026-05-17T16:00:37,0016c001f10c2ef6,7.3,2.2,5.0,0.0,7809,703,7106,9.0,0.68,0.46,0.4,389912471,1993794866,3186,11796,1.2,234.5,3.1,2.0,2,2,0,0,0,0,0,0.0,0,0,0,0,0,0
316.9,2026-05-17T16:00:37,0016c001f10c2ef6,7.7,2.2,5.5,0.0,7809,702,7107,9.0,0.68,0.46,0.4,389915661,1993806662,3190,11796,1.2,234.3,3.1,2.0,2,2,0,0,0,0,0,0.0,0,0,0,0,0,0
317.4,2026-05-17T16:00:38,0016c001f10c2ef6,10.3,3.9,6.4,0.0,7809,702,7107,9.0,0.68,0.46,0.4,389919836,1993849382,4175,42720,1.2,234.3,3.1,2.0,2,2,0,0,0,0,0,0.0,0,0,0,0,0,0
317.9,2026-05-17T16:00:38,0016c001f10c2ef6,5.5,1.6,3.8,0.0,7809,702,7107,9.0,0.68,0.46,0.4,389923503,1993861178,3667,11796,1.2,234.3,3.1,2.0,2,2,0,0,0,0,0,0.0,0,0,0,0,0,0
318.3,2026-05-17T16:00:39,0016c001f10c2ef6,6.2,1.7,4.5,0.0,7809,703,7106,9.0,0.68,0.46,0.4,389926641,1993872974,3138,11796,1.2,234.3,3.1,2.0,2,2,0,0,0,0,0,0.0,0,0,0,0,0,0
318.7,2026-05-17T16:00:39,0016c001f10c2ef6,16.0,1.8,14.2,0.0,7809,703,7106,9.0,0.68,0.46,0.4,389929883,1993884770,3242,11796,1.2,234.3,3.1,2.0,2,2,0,0,0,0,0,0.0,0,0,0,0,0,0
319.2,2026-05-17T16:00:40,0016c001f10c2ef6,19.7,2.9,16.8,0.0,7809,702,7107,9.0,0.68,0.46,0.4,389933978,1993927580,4095,42810,1.2,234.3,3.1,2.0,2,2,0,0,0,0,0,0.0,0,0,0,0,0,0
319.6,2026-05-17T16:00:40,0016c001f10c2ef6,21.1,2.9,18.1,0.0,7809,702,7107,9.0,0.68,0.46,0.4,389937168,1993939376,3190,11796,1.2,234.3,3.1,2.0,2,2,0,0,0,0,0,0.0,0,0,0,0,0,0
320.0,2026-05-17T16:00:40,0016c001f10c2ef6,15.3,2.3,13.0,0.0,7809,703,7106,9.0,0.68,0.46,0.4,389940254,1993951172,3086,11796,1.2,234.3,3.1,2.0,2,2,0,0,0,0,0,0.0,0,0,0,0,0,0
320.5,2026-05-17T16:00:41,0016c001f10c2ef6,5.2,1.7,3.5,0.0,7809,703,7106,9.0,0.68,0.46,0.4,389943492,1993962968,3238,11796,1.2,234.3,3.1,2.0,2,2,0,0,0,0,0,0.0,0,0,0,0,0,0
320.9,2026-05-17T16:00:41,0016c001f10c2ef6,6.7,2.2,4.5,0.0,7809,703,7106,9.0,0.71,0.47,0.4,389946582,1993974764,3090,11796,1.2,234.3,3.1,2.0,2,2,0,0,0,0,0,0.0,0,0,0,0,0,0
321.3,2026-05-17T16:00:42,0016c001f10c2ef6,8.4,2.8,5.6,0.0,7809,703,7106,9.0,0.71,0.47,0.4,389950649,1994017434,4067,42670,1.2,234.3,3.1,2.0,2,2,0,0,0,0,0,0.0,0,0,0,0,0,0
321.8,2026-05-17T16:00:42,0016c001f10c2ef6,8.0,4.0,4.0,0.0,7809,703,7106,9.0,0.71,0.47,0.4,389953835,1994029230,3186,11796,1.2,234.3,3.1,2.0,2,2,0,0,0,0,0,0.0,0,0,0,0,0,0
322.2,2026-05-17T16:00:43,0016c001f10c2ef6,7.2,2.8,3.9,0.6,7809,703,7106,9.0,0.71,0.47,0.4,389957149,1994041104,3314,11874,1.2,234.3,3.1,2.0,2,2,0,0,0,0,0,0.0,0,0,0,0,0,0
322.7,2026-05-17T16:00:43,0016c001f10c2ef6,8.0,4.0,4.0,0.0,7809,703,7106,9.0,0.71,0.47,0.4,389960339,1994052966,3190,11862,1.2,234.3,3.1,2.0,2,2,0,0,0,0,0,0.0,0,0,0,0,0,0
323.2,2026-05-17T16:00:44,0016c001f10c2ef6,9.2,3.6,5.6,0.0,7809,703,7106,9.0,0.71,0.47,0.4,389964562,1994095686,4223,42720,1.2,234.2,3.1,2.0,2,2,0,0,0,0,0,0.0,0,0,0,0,0,0
323.7,2026-05-17T16:00:44,0016c001f10c2ef6,10.7,3.6,7.1,0.0,7809,702,7107,9.0,0.71,0.47,0.4,389967600,1994107548,3038,11862,1.2,234.2,3.1,2.0,2,2,0,0,0,0,0,0.0,0,0,0,0,0,0
324.1,2026-05-17T16:00:45,0016c001f10c2ef6,6.9,2.9,4.0,0.0,7809,702,7107,9.0,0.71,0.47,0.4,389970790,1994119344,3190,11796,1.2,234.2,3.1,2.0,2,2,0,0,0,0,0,0.0,0,0,0,0,0,0
324.5,2026-05-17T16:00:46,0016c001f10c2ef6,6.4,1.7,4.6,0.0,7809,702,7107,9.0,0.71,0.47,0.4,389973876,1994131140,3086,11796,1.2,234.2,3.1,2.0,2,2,0,0,0,0,0,0.0,0,0,0,0,0,0
325.0,2026-05-17T16:00:46,0016c001f10c2ef6,6.9,1.7,5.1,0.0,7809,702,7107,9.0,0.71,0.47,0.4,389977218,1994142936,3342,11796,1.2,234.2,3.1,2.0,2,2,0,0,0,0,0,0.0,0,0,0,0,0,0
325.4,2026-05-17T16:00:47,0016c001f10c2ef6,6.2,2.3,4.0,0.0,7809,702,7107,9.0,0.71,0.47,0.4,389981337,1994185590,4119,42654,1.2,234.2,3.1,2.0,2,2,0,0,0,0,0,0.0,0,0,0,0,0,0
325.8,2026-05-17T16:00:47,0016c001f10c2ef6,5.7,2.3,3.4,0.0,7809,703,7106,9.0,0.73,0.48,0.41,389984323,1994197386,2986,11796,1.2,234.2,3.1,2.0,2,2,0,0,0,0,0,0.0,0,0,0,0,0,0
326.3,2026-05-17T16:00:47,0016c001f10c2ef6,6.3,1.7,4.6,0.0,7809,703,7106,9.0,0.73,0.48,0.41,389987513,1994209182,3190,11796,1.2,234.2,3.1,2.0,2,2,0,0,0,0,0,0.0,0,0,0,0,0,0
326.7,2026-05-17T16:00:48,0016c001f10c2ef6,6.7,2.2,4.5,0.0,7809,703,7106,9.0,0.73,0.48,0.41,389990703,1994220978,3190,11796,1.2,234.2,3.1,2.0,2,2,0,0,0,0,0,0.0,0,0,0,0,0,0
327.1,2026-05-17T16:00:48,0016c001f10c2ef6,5.8,1.2,4.6,0.0,7809,703,7106,9.0,0.73,0.48,0.41,389993913,1994232860,3210,11882,1.2,234.2,3.1,2.0,2,2,0,0,0,0,0,0.0,0,0,0,0,0,0
327.6,2026-05-17T16:00:49,0016c001f10c2ef6,7.9,2.8,5.1,0.0,7809,704,7105,9.0,0.73,0.48,0.41,389998509,1994275514,4596,42654,1.2,234.2,3.1,2.0,2,2,0,0,0,0,0,0.0,0,0,0,0,0,0
328.0,2026-05-17T16:00:49,0016c001f10c2ef6,6.4,2.3,4.0,0.0,7809,704,7105,9.0,0.73,0.48,0.41,390001599,1994287310,3090,11796,1.2,234.2,3.1,2.0,2,2,0,0,0,0,0,0.0,0,0,0,0,0,0
328.5,2026-05-17T16:00:50,0016c001f10c2ef6,6.0,2.7,3.3,0.0,7809,703,7106,9.0,0.73,0.48,0.41,390004889,1994299106,3290,11796,1.2,234.2,3.1,2.0,2,2,0,0,0,0,0,0.0,0,0,0,0,0,0
329.0,2026-05-17T16:00:50,0016c001f10c2ef6,9.8,3.4,6.3,0.0,7809,704,7105,9.0,0.73,0.48,0.41,390007927,1994310968,3038,11862,1.2,234.2,3.1,2.0,2,2,0,0,0,0,0,0.0,0,0,0,0,0,0
329.4,2026-05-17T16:00:51,0016c001f10c2ef6,6.3,2.3,4.0,0.0,7809,703,7106,9.0,0.73,0.48,0.41,390012042,1994353622,4115,42654,1.2,234.2,3.1,2.0,2,2,0,0,0,0,0,0.0,0,0,0,0,0,0
329.8,2026-05-17T16:00:51,0016c001f10c2ef6,4.7,1.2,3.6,0.0,7809,703,7106,9.0,0.73,0.48,0.41,390015080,1994365418,3038,11796,1.2,234.2,3.1,2.0,2,2,0,0,0,0,0,0.0,0,0,0,0,0,0
330.3,2026-05-17T16:00:51,0016c001f10c2ef6,17.4,2.9,14.5,0.0,7809,703,7106,9.0,0.73,0.48,0.41,390018318,1994377214,3238,11796,1.2,234.2,3.1,2.0,2,2,0,0,0,0,0,0.0,0,0,0,0,0,0
330.7,2026-05-17T16:00:52,0016c001f10c2ef6,20.8,3.5,17.3,0.0,7809,703,7106,9.0,0.76,0.49,0.41,390021460,1994389010,3142,11796,1.2,234.2,3.1,2.0,2,2,0,0,0,0,0,0.0,0,0,0,0,0,0
331.1,2026-05-17T16:00:52,0016c001f10c2ef6,19.2,1.7,17.4,0.0,7809,704,7105,9.0,0.76,0.49,0.41,390024598,1994400806,3138,11796,1.2,234.3,3.1,2.0,2,2,0,0,0,0,0,0.0,0,0,0,0,0,0
331.6,2026-05-17T16:00:53,0016c001f10c2ef6,17.2,3.6,13.6,0.0,7809,704,7105,9.0,0.76,0.49,0.41,390028613,1994443460,4015,42654,1.2,234.3,3.1,2.0,2,2,0,0,0,0,0,0.0,0,0,0,0,0,0
332.0,2026-05-17T16:00:53,0016c001f10c2ef6,5.7,2.3,3.4,0.0,7809,704,7105,9.0,0.76,0.49,0.41,390031851,1994455256,3238,11796,1.2,234.3,3.1,2.0,2,2,0,0,0,0,0,0.0,0,0,0,0,0,0
332.4,2026-05-17T16:00:54,0016c001f10c2ef6,7.9,2.2,5.6,0.0,7809,703,7106,9.0,0.76,0.49,0.41,390034837,1994467052,2986,11796,1.2,234.3,3.1,2.0,2,2,0,0,0,0,0,0.0,0,0,0,0,0,0
332.9,2026-05-17T16:00:54,0016c001f10c2ef6,6.4,1.7,4.6,0.0,7809,703,7106,9.0,0.76,0.49,0.41,390037969,1994478980,3132,11928,1.2,234.3,3.1,2.0,2,2,0,0,0,0,0,0.0,0,0,0,0,0,0
333.3,2026-05-17T16:00:55,0016c001f10c2ef6,7.3,2.3,5.1,0.0,7809,703,7106,9.0,0.76,0.49,0.41,390042084,1994521634,4115,42654,1.2,234.3,3.1,2.0,2,2,0,0,0,0,0,0.0,0,0,0,0,0,0
333.7,2026-05-17T16:00:55,0016c001f10c2ef6,7.4,2.9,4.0,0.6,7809,703,7106,9.0,0.76,0.49,0.41,390045222,1994533430,3138,11796,1.2,234.3,3.1,2.0,2,2,0,0,0,0,0,0.0,0,0,0,0,0,0
334.2,2026-05-17T16:00:55,0016c001f10c2ef6,9.1,3.0,6.1,0.0,7809,702,7107,9.0,0.76,0.49,0.41,390048412,1994545292,3190,11862,1.2,234.3,3.1,2.0,2,2,0,0,0,0,0,0.0,0,0,0,0,0,0
334.7,2026-05-17T16:00:56,0016c001f10c2ef6,9.0,2.5,6.5,0.0,7809,702,7107,9.0,0.76,0.49,0.41,390051550,1994557154,3138,11862,1.2,234.3,3.1,2.0,2,2,0,0,0,0,0,0.0,0,0,0,0,0,0
335.2,2026-05-17T16:00:56,0016c001f10c2ef6,10.1,4.0,6.0,0.0,7809,702,7107,9.0,0.76,0.49,0.41,390054688,1994569016,3138,11862,1.2,234.3,3.1,2.0,2,2,0,0,0,0,0,0.0,0,0,0,0,0,0
335.6,2026-05-17T16:00:57,0016c001f10c2ef6,9.7,4.6,5.1,0.0,7809,702,7107,9.0,1.1,0.56,0.44,390058755,1994611736,4067,42720,1.2,234.3,3.1,2.0,2,2,0,0,0,0,0,0.0,0,0,0,0,0,0
336.1,2026-05-17T16:00:57,0016c001f10c2ef6,10.7,3.4,7.3,0.0,7809,702,7107,9.0,1.1,0.56,0.44,390061945,1994623598,3190,11862,1.2,234.3,3.1,2.0,2,2,0,0,0,0,0,0.0,0,0,0,0,0,0
336.6,2026-05-17T16:00:58,0016c001f10c2ef6,9.8,4.4,5.4,0.0,7809,702,7107,9.0,1.1,0.56,0.44,390064983,1994635460,3038,11862,1.2,234.2,3.1,2.0,2,2,0,0,0,0,0,0.0,0,0,0,0,0,0
337.1,2026-05-17T16:00:58,0016c001f10c2ef6,6.1,2.2,3.9,0.0,7809,704,7105,9.0,1.1,0.56,0.44,390068069,1994647256,3086,11796,1.2,234.2,3.1,2.0,2,2,0,0,0,0,0,0.0,0,0,0,0,0,0
337.5,2026-05-17T16:00:59,0016c001f10c2ef6,6.3,2.3,4.0,0.0,7809,702,7107,9.0,1.1,0.56,0.44,390072409,1994689910,4340,42654,1.2,234.2,3.1,2.0,2,2,0,0,0,0,0,0.0,0,0,0,0,0,0
337.9,2026-05-17T16:00:59,0016c001f10c2ef6,7.2,3.3,3.9,0.0,7809,703,7106,9.0,1.1,0.56,0.44,390075567,1994701784,3158,11874,1.2,234.2,3.1,2.0,2,2,0,0,0,0,0,0.0,0,0,0,0,0,0
338.3,2026-05-17T16:01:00,0016c001f10c2ef6,6.7,3.4,3.4,0.0,7809,703,7106,9.0,1.1,0.56,0.44,390078701,1994713580,3134,11796,1.2,234.2,3.1,2.0,2,2,0,0,0,0,0,0.0,0,0,0,0,0,0
338.8,2026-05-17T16:01:00,0016c001f10c2ef6,5.1,1.7,3.4,0.0,7809,703,7106,9.0,1.1,0.56,0.44,390081839,1994725376,3138,11796,1.2,234.2,3.1,2.0,2,2,0,0,0,0,0,0.0,0,0,0,0,0,0
339.2,2026-05-17T16:01:00,0016c001f10c2ef6,6.8,2.3,4.5,0.0,7809,703,7106,9.0,1.1,0.56,0.44,390084877,1994737172,3038,11796,1.2,234.2,3.1,2.0,2,2,0,0,0,0,0,0.0,0,0,0,0,0,0
339.6,2026-05-17T16:01:01,0016c001f10c2ef6,7.8,2.8,5.0,0.0,7809,703,7106,9.0,1.1,0.56,0.44,390088836,1994779826,3959,42654,1.2,234.2,3.1,2.0,2,2,0,0,0,0,0,0.0,0,0,0,0,0,0
340.1,2026-05-17T16:01:01,0016c001f10c2ef6,5.1,1.7,3.4,0.0,7809,703,7106,9.0,1.1,0.56,0.44,390091874,1994791622,3038,11796,1.2,234.2,3.1,2.0,2,2,0,0,0,0,0,0.0,0,0,0,0,0,0
340.5,2026-05-17T16:01:02,0016c001f10c2ef6,5.6,1.7,4.0,0.0,7809,702,7107,9.0,1.09,0.57,0.44,390095008,1994803418,3134,11796,1.2,234.2,3.1,2.0,2,2,0,0,0,0,0,0.0,0,0,0,0,0,0
341.0,2026-05-17T16:01:02,0016c001f10c2ef6,8.6,1.7,5.7,1.1,7809,703,7106,9.0,1.09,0.57,0.44,390097994,1994815214,2986,11796,1.2,234.2,3.1,2.0,2,2,0,0,0,0,0,0.0,0,0,0,0,0,0
341.4,2026-05-17T16:01:03,0016c001f10c2ef6,8.0,2.9,5.1,0.0,7809,702,7107,9.0,1.09,0.57,0.44,390102061,1994857868,4067,42654,1.2,234.2,3.1,2.0,2,2,0,0,0,0,0,0.0,0,0,0,0,0,0
341.8,2026-05-17T16:01:03,0016c001f10c2ef6,22.3,3.9,18.4,0.0,7809,702,7107,9.0,1.09,0.57,0.44,390105147,1994869664,3086,11796,1.2,234.2,3.1,2.0,2,2,0,0,0,0,0,0.0,0,0,0,0,0,0
342.3,2026-05-17T16:01:04,0016c001f10c2ef6,18.0,1.7,16.3,0.0,7809,703,7106,9.0,1.09,0.57,0.44,390108285,1994881460,3138,11796,1.2,234.2,3.1,2.0,2,2,0,0,0,0,0,0.0,0,0,0,0,0,0
342.7,2026-05-17T16:01:04,0016c001f10c2ef6,20.8,2.9,17.9,0.0,7809,703,7106,9.0,1.09,0.57,0.44,390111319,1994893256,3034,11796,1.2,234.2,3.1,2.0,2,2,0,0,0,0,0,0.0,0,0,0,0,0,0
343.1,2026-05-17T16:01:04,0016c001f10c2ef6,12.5,2.8,9.7,0.0,7809,703,7106,9.0,1.09,0.57,0.44,390114353,1994905052,3034,11796,1.2,234.2,3.1,2.0,2,2,0,0,0,0,0,0.0,0,0,0,0,0,0
343.6,2026-05-17T16:01:05,0016c001f10c2ef6,6.6,2.2,4.4,0.0,7809,703,7106,9.0,1.09,0.57,0.44,390118368,1994947706,4015,42654,1.2,234.2,3.1,2.0,2,2,0,0,0,0,0,0.0,0,0,0,0,0,0
344.0,2026-05-17T16:01:05,0016c001f10c2ef6,5.7,2.3,3.4,0.0,7809,703,7106,9.0,1.09,0.57,0.44,390121454,1994959502,3086,11796,1.2,234.2,3.1,2.0,2,2,0,0,0,0,0,0.0,0,0,0,0,0,0
344.5,2026-05-17T16:01:06,0016c001f10c2ef6,6.3,2.3,4.0,0.0,7809,704,7105,9.0,1.09,0.57,0.44,390124592,1994971298,3138,11796,1.2,234.2,3.1,2.0,2,2,0,0,0,0,0,0.0,0,0,0,0,0,0
344.9,2026-05-17T16:01:06,0016c001f10c2ef6,6.7,1.7,5.1,0.0,7809,703,7106,9.0,1.09,0.57,0.44,390127678,1994983094,3086,11796,1.2,234.2,3.1,2.0,2,2,0,0,0,0,0,0.0,0,0,0,0,0,0
345.3,2026-05-17T16:01:07,0016c001f10c2ef6,5.4,1.2,4.2,0.0,7809,702,7107,9.0,1.08,0.58,0.44,390130862,1994994956,3184,11862,1.2,234.2,3.1,2.0,2,2,0,0,0,0,0,0.0,0,0,0,0,0,0
345.7,2026-05-17T16:01:07,0016c001f10c2ef6,7.3,2.8,4.5,0.0,7809,703,7106,9.0,1.08,0.58,0.44,390135001,1995037688,4139,42732,1.2,234.2,3.1,2.0,2,2,0,0,0,0,0,0.0,0,0,0,0,0,0
346.2,2026-05-17T16:01:07,0016c001f10c2ef6,7.3,1.7,5.1,0.6,7809,703,7106,9.0,1.08,0.58,0.44,390138139,1995049484,3138,11796,1.2,234.2,3.1,2.0,2,2,0,0,0,0,0,0.0,0,0,0,0,0,0
346.6,2026-05-17T16:01:08,0016c001f10c2ef6,7.2,3.9,3.3,0.0,7809,702,7107,9.0,1.08,0.58,0.44,390141325,1995061280,3186,11796,1.2,234.3,3.1,2.0,2,2,0,0,0,0,0,0.0,0,0,0,0,0,0
347.1,2026-05-17T16:01:08,0016c001f10c2ef6,10.1,4.0,6.0,0.0,7809,702,7107,9.0,1.08,0.58,0.44,390144944,1995073142,3619,11862,1.2,234.3,3.1,2.0,2,2,0,0,0,0,0,0.0,0,0,0,0,0,0
347.6,2026-05-17T16:01:09,0016c001f10c2ef6,9.0,2.5,6.5,0.0,7809,702,7107,9.0,1.08,0.58,0.44,390149115,1995115862,4171,42720,1.2,234.3,3.1,2.0,2,2,0,0,0,0,0,0.0,0,0,0,0,0,0
348.1,2026-05-17T16:01:09,0016c001f10c2ef6,11.3,3.9,7.4,0.0,7809,702,7107,9.0,1.08,0.58,0.44,390152253,1995127724,3138,11862,1.2,234.3,3.1,2.0,2,2,0,0,0,0,0,0.0,0,0,0,0,0,0
348.6,2026-05-17T16:01:10,0016c001f10c2ef6,8.4,2.5,5.9,0.0,7809,701,7108,9.0,1.08,0.58,0.44,390155571,1995139742,3318,12018,1.2,234.3,3.1,2.0,2,2,0,0,0,0,0,0.0,0,0,0,0,0,0
349.1,2026-05-17T16:01:10,0016c001f10c2ef6,9.5,4.0,5.5,0.0,7809,702,7107,9.0,1.08,0.58,0.44,390158761,1995151604,3190,11862,1.2,234.3,3.1,2.0,2,2,0,0,0,0,0,0.0,0,0,0,0,0,0
349.6,2026-05-17T16:01:11,0016c001f10c2ef6,10.3,3.9,6.4,0.0,7809,702,7107,9.0,1.08,0.58,0.44,390162676,1995195007,3915,43403,1.2,234.3,3.1,2.0,2,2,0,0,0,0,0,0.0,0,0,0,0,0,0
350.0,2026-05-17T16:01:11,0016c001f10c2ef6,9.1,4.6,4.6,0.0,7809,702,7107,9.0,0.99,0.57,0.44,390166018,1995206803,3342,11796,1.2,234.3,3.1,2.0,2,2,0,0,0,0,0,0.0,0,0,0,0,0,0
350.5,2026-05-17T16:01:12,0016c001f10c2ef6,6.2,2.3,4.0,0.0,7809,702,7107,9.0,0.99,0.57,0.44,390169378,1995220279,3360,13476,1.2,234.3,3.1,2.0,2,2,0,0,0,0,0,0.0,0,0,0,0,0,0
350.9,2026-05-17T16:01:12,0016c001f10c2ef6,9.6,5.6,3.9,0.0,7809,702,7107,9.0,0.99,0.57,0.44,390172516,1995232075,3138,11796,1.2,234.3,3.1,2.0,2,2,0,0,0,0,0,0.0,0,0,0,0,0,0
351.3,2026-05-17T16:01:13,0016c001f10c2ef6,6.2,3.4,2.8,0.0,7809,702,7107,9.0,0.99,0.57,0.44,390175502,1995243871,2986,11796,1.2,234.3,3.1,2.0,2,2,0,0,0,0,0,0.0,0,0,0,0,0,0
351.8,2026-05-17T16:01:13,0016c001f10c2ef6,7.1,3.0,3.6,0.6,7809,702,7107,9.0,0.99,0.57,0.44,390179621,1995286525,4119,42654,1.2,234.3,3.1,2.0,2,2,0,0,0,0,0,0.0,0,0,0,0,0,0
352.2,2026-05-17T16:01:13,0016c001f10c2ef6,6.9,1.7,5.2,0.0,7809,703,7106,9.0,0.99,0.57,0.44,390182863,1995298321,3242,11796,1.2,234.3,3.1,2.0,2,2,0,0,0,0,0,0.0,0,0,0,0,0,0
352.6,2026-05-17T16:01:14,0016c001f10c2ef6,6.9,1.7,5.1,0.0,7809,703,7106,9.0,0.99,0.57,0.44,390186101,1995310117,3238,11796,1.2,234.3,3.1,2.0,2,2,0,0,0,0,0,0.0,0,0,0,0,0,0
353.1,2026-05-17T16:01:14,0016c001f10c2ef6,11.9,1.7,10.2,0.0,7809,704,7105,9.0,0.99,0.57,0.44,390189239,1995321913,3138,11796,1.2,234.3,3.1,2.0,2,2,0,0,0,0,0,0.0,0,0,0,0,0,0
353.5,2026-05-17T16:01:15,0016c001f10c2ef6,20.2,2.4,17.9,0.0,7809,703,7106,9.0,0.99,0.57,0.44,390192277,1995333709,3038,11796,1.2,234.3,3.1,2.0,2,2,0,0,0,0,0,0.0,0,0,0,0,0,0
353.9,2026-05-17T16:01:15,0016c001f10c2ef6,20.4,3.0,17.4,0.0,7809,703,7106,9.0,0.99,0.57,0.44,390196444,1995376363,4167,42654,1.2,234.3,3.1,2.0,2,2,0,0,0,0,0,0.0,0,0,0,0,0,0
354.3,2026-05-17T16:01:16,0016c001f10c2ef6,18.7,1.8,17.0,0.0,7809,703,7106,9.0,0.99,0.57,0.44,390199634,1995388159,3190,11796,1.2,234.3,3.1,2.0,2,2,0,0,0,0,0,0.0,0,0,0,0,0,0
354.8,2026-05-17T16:01:16,0016c001f10c2ef6,9.1,3.5,5.6,0.0,7809,703,7106,9.0,0.99,0.57,0.44,390202772,1995400021,3138,11862,1.2,234.3,3.1,2.0,2,2,0,0,0,0,0,0.0,0,0,0,0,0,0
355.3,2026-05-17T16:01:16,0016c001f10c2ef6,6.7,1.7,5.0,0.0,7809,703,7106,9.0,0.91,0.56,0.44,390205862,1995411817,3090,11796,1.2,234.3,3.1,2.0,2,2,0,0,0,0,0,0.0,0,0,0,0,0,0
355.7,2026-05-17T16:01:17,0016c001f10c2ef6,5.9,1.2,4.7,0.0,7809,703,7106,9.0,0.91,0.56,0.44,390209825,1995454471,3963,42654,1.2,234.3,3.1,2.0,2,2,0,0,0,0,0,0.0,0,0,0,0,0,0
356.1,2026-05-17T16:01:18,0016c001f10c2ef6,7.3,2.8,4.5,0.0,7809,703,7106,9.0,0.91,0.56,0.44,390213011,1995466267,3186,11796,1.2,234.3,3.1,2.0,2,2,0,0,0,0,0,0.0,0,0,0,0,0,0
356.6,2026-05-17T16:01:19,0016c001f10c2ef6,6.3,2.3,4.0,0.0,7809,703,7106,9.0,0.91,0.56,0.44,390216049,1995478063,3038,11796,1.2,234.3,3.1,2.0,2,2,0,0,0,0,0,0.0,0,0,0,0,0,0
357.0,2026-05-17T16:01:19,0016c001f10c2ef6,6.8,2.8,4.0,0.0,7809,703,7106,9.0,0.91,0.56,0.44,390219716,1995489859,3667,11796,1.2,234.3,3.1,2.0,2,2,0,0,0,0,0,0.0,0,0,0,0,0,0
357.4,2026-05-17T16:01:19,0016c001f10c2ef6,6.6,2.2,4.4,0.0,7809,703,7106,9.0,0.91,0.56,0.44,390222702,1995501655,2986,11796,1.2,234.3,3.1,2.0,2,2,0,0,0,0,0,0.0,0,0,0,0,0,0
357.9,2026-05-17T16:01:20,0016c001f10c2ef6,7.8,2.8,5.0,0.0,7809,703,7106,9.0,0.91,0.56,0.44,390226613,1995544309,3911,42654,1.2,234.3,3.1,2.0,2,2,0,0,0,0,0,0.0,0,0,0,0,0,0
358.3,2026-05-17T16:01:20,0016c001f10c2ef6,5.2,1.1,4.0,0.0,7809,704,7105,9.0,0.91,0.56,0.44,390229699,1995556105,3086,11796,1.2,234.3,3.1,2.0,2,2,0,0,0,0,0,0.0,0,0,0,0,0,0
358.8,2026-05-17T16:01:21,0016c001f10c2ef6,5.3,1.8,3.5,0.0,7809,704,7105,9.0,0.91,0.56,0.44,390232733,1995567901,3034,11796,1.2,234.3,3.1,2.0,2,2,0,0,0,0,0,0.0,0,0,0,0,0,0
359.2,2026-05-17T16:01:21,0016c001f10c2ef6,5.9,3.0,3.0,0.0,7809,703,7106,9.0,0.91,0.56,0.44,390235819,1995579697,3086,11796,1.2,234.3,3.1,2.0,3,3,1,1,0,0,0,0.0,0,0,0,0,0,0
359.6,2026-05-17T16:01:22,0016c001f10c2ef6,8.9,2.8,6.1,0.0,7809,704,7105,9.0,0.91,0.56,0.44,390240142,1995624225,4323,44528,1.2,234.1,3.1,2.0,3,3,0,0,0,0,0,0.0,0,0,0,0,0,0
360.1,2026-05-17T16:01:22,0016c001f10c2ef6,13.8,5.9,7.4,0.5,7809,703,7106,9.0,0.84,0.55,0.44,390243174,1995638053,3032,13828,1.2,234.1,3.1,2.0,3,3,0,0,0,0,0,0.0,0,0,0,0,0,0
360.6,2026-05-17T16:01:23,0016c001f10c2ef6,8.0,4.0,4.0,0.0,7809,703,7106,9.0,0.84,0.55,0.44,390246260,1995649849,3086,11796,1.2,234.1,3.1,2.0,3,3,0,0,0,0,0,0.0,0,0,0,0,0,0
361.0,2026-05-17T16:01:23,0016c001f10c2ef6,6.9,2.9,4.0,0.0,7809,702,7107,9.0,0.84,0.55,0.44,390249498,1995661645,3238,11796,1.2,234.1,3.1,2.0,3,3,0,0,0,0,0,0.0,0,0,0,0,0,0
361.4,2026-05-17T16:01:23,0016c001f10c2ef6,6.9,2.9,4.0,0.0,7809,704,7105,9.0,0.84,0.55,0.44,390252660,1995673519,3162,11874,1.2,234.1,3.1,2.0,3,3,0,0,0,0,0,0.0,0,0,0,0,0,0
361.9,2026-05-17T16:01:24,0016c001f10c2ef6,6.4,2.9,3.5,0.0,7809,704,7105,9.0,0.84,0.55,0.44,390256623,1995716254,3963,42735,1.2,234.1,3.1,2.0,3,3,0,0,0,0,0,0.0,0,0,0,0,0,0
362.3,2026-05-17T16:01:24,0016c001f10c2ef6,6.9,2.3,4.6,0.0,7809,704,7105,9.0,0.84,0.55,0.44,390259761,1995728050,3138,11796,1.2,234.1,3.1,2.0,3,3,0,0,0,0,0,0.0,0,0,0,0,0,0
362.7,2026-05-17T16:01:25,0016c001f10c2ef6,6.9,1.7,4.6,0.6,7809,704,7105,9.0,0.84,0.55,0.44,390262847,1995739846,3086,11796,1.2,234.1,3.1,2.0,3,3,0,0,0,0,0,0.0,0,0,0,0,0,0
363.2,2026-05-17T16:01:25,0016c001f10c2ef6,6.2,1.7,4.5,0.0,7809,704,7105,9.0,0.84,0.55,0.44,390265985,1995751642,3138,11796,1.2,234.1,3.1,2.0,3,3,0,0,0,0,0,0.0,0,0,0,0,0,0
363.6,2026-05-17T16:01:26,0016c001f10c2ef6,6.1,2.8,3.3,0.0,7809,704,7105,9.0,0.84,0.55,0.44,390269019,1995763438,3034,11796,1.2,234.1,3.1,2.0,3,3,0,0,0,0,0,0.0,0,0,0,0,0,0
364.0,2026-05-17T16:01:26,0016c001f10c2ef6,6.3,2.3,4.0,0.0,7809,702,7107,9.0,0.84,0.55,0.44,390272930,1995806173,3911,42735,1.2,234.1,3.1,2.0,3,3,0,0,0,0,0,0.0,0,0,0,0,0,0
364.5,2026-05-17T16:01:27,0016c001f10c2ef6,9.5,2.8,6.7,0.0,7809,703,7106,9.0,0.84,0.55,0.44,390276016,1995817969,3086,11796,1.2,234.1,3.1,2.0,3,3,0,0,0,0,0,0.0,0,0,0,0,0,0
364.9,2026-05-17T16:01:27,0016c001f10c2ef6,18.7,2.7,16.0,0.0,7809,704,7105,9.0,0.85,0.56,0.44,390279050,1995829765,3034,11796,1.2,234.1,3.1,2.0,3,3,0,0,0,0,0,0.0,0,0,0,0,0,0
365.4,2026-05-17T16:01:27,0016c001f10c2ef6,19.2,1.7,17.4,0.0,7809,703,7106,9.0,0.85,0.56,0.44,390282084,1995841561,3034,11796,1.2,234.1,3.1,2.0,3,3,0,0,0,0,0,0.0,0,0,0,0,0,0
365.8,2026-05-17T16:01:28,0016c001f10c2ef6,17.6,1.2,16.5,0.0,7809,703,7106,9.0,0.85,0.56,0.44,390285995,1995884296,3911,42735,1.2,234.1,3.1,2.0,3,3,0,0,0,0,0,0.0,0,0,0,0,0,0
366.3,2026-05-17T16:01:28,0016c001f10c2ef6,11.5,2.9,8.6,0.0,7809,703,7106,9.0,0.85,0.56,0.44,390289081,1995896092,3086,11796,1.2,234.1,3.1,2.0,3,3,0,0,0,0,0,0.0,0,0,0,0,0,0
366.7,2026-05-17T16:01:29,0016c001f10c2ef6,6.6,2.8,3.9,0.0,7809,703,7106,9.0,0.85,0.56,0.44,390292696,1995908571,3615,12479,1.2,234.1,3.1,2.0,3,3,0,0,0,0,0,0.0,0,0,0,0,0,0
367.1,2026-05-17T16:01:29,0016c001f10c2ef6,7.1,4.1,2.9,0.0,7809,703,7106,9.0,0.85,0.56,0.44,390295828,1995921965,3132,13394,1.2,234.3,3.1,2.0,3,3,0,0,0,0,0,0.0,0,0,0,0,0,0
367.6,2026-05-17T16:01:30,0016c001f10c2ef6,7.2,2.2,5.0,0.0,7809,703,7106,9.0,0.85,0.56,0.44,390298914,1995933761,3086,11796,1.2,234.3,3.1,2.0,3,3,0,0,0,0,0,0.0,0,0,0,0,0,0
368.0,2026-05-17T16:01:30,0016c001f10c2ef6,6.2,2.3,4.0,0.0,7809,702,7107,9.0,0.85,0.56,0.44,390302773,1995976496,3859,42735,1.2,234.3,3.1,2.0,3,3,0,0,0,0,0,0.0,0,0,0,0,0,0
368.4,2026-05-17T16:01:30,0016c001f10c2ef6,7.3,3.4,3.9,0.0,7809,702,7107,9.0,0.85,0.56,0.44,390306015,1995988292,3242,11796,1.2,234.3,3.1,2.0,3,3,0,0,0,0,0,0.0,0,0,0,0,0,0
368.9,2026-05-17T16:01:31,0016c001f10c2ef6,6.3,2.9,3.4,0.0,7809,702,7107,9.0,0.85,0.56,0.44,390309001,1996000088,2986,11796,1.2,234.3,3.1,2.0,3,3,0,0,0,0,0,0.0,0,0,0,0,0,0
369.3,2026-05-17T16:01:31,0016c001f10c2ef6,6.4,1.7,4.6,0.0,7809,702,7107,9.0,0.85,0.56,0.44,390312311,1996011962,3310,11874,1.2,234.3,3.1,2.0,3,3,0,0,0,0,0,0.0,0,0,0,0,0,0
369.7,2026-05-17T16:01:32,0016c001f10c2ef6,6.8,2.3,4.5,0.0,7809,703,7106,9.0,0.79,0.55,0.44,390315449,1996023758,3138,11796,1.2,234.3,3.1,2.0,3,3,0,0,0,0,0,0.0,0,0,0,0,0,0
370.2,2026-05-17T16:01:32,0016c001f10c2ef6,10.4,4.7,5.7,0.0,7809,703,7106,9.0,0.79,0.55,0.44,390319416,1996066559,3967,42801,1.2,234.3,3.1,2.0,3,3,0,0,0,0,0,0.0,0,0,0,0,0,0
370.6,2026-05-17T16:01:33,0016c001f10c2ef6,6.4,2.3,4.0,0.0,7809,703,7106,9.0,0.79,0.55,0.44,390322706,1996078355,3290,11796,1.2,234.3,3.1,2.0,3,3,0,0,0,0,0,0.0,0,0,0,0,0,0
371.0,2026-05-17T16:01:33,0016c001f10c2ef6,6.2,2.2,3.9,0.0,7809,702,7107,9.0,0.79,0.55,0.44,390325896,1996090151,3190,11796,1.2,234.3,3.1,2.0,3,3,0,0,0,0,0,0.0,0,0,0,0,0,0
371.5,2026-05-17T16:01:34,0016c001f10c2ef6,7.2,3.3,3.9,0.0,7809,702,7107,9.0,0.79,0.55,0.44,390329034,1996101947,3138,11796,1.2,234.3,3.1,2.0,3,3,0,0,0,0,0,0.0,0,0,0,0,0,0
371.9,2026-05-17T16:01:34,0016c001f10c2ef6,6.4,1.7,4.6,0.0,7809,703,7106,9.0,0.79,0.55,0.44,390332949,1996144682,3915,42735,1.2,234.1,3.1,2.0,3,3,0,0,0,0,0,0.0,0,0,0,0,0,0
372.3,2026-05-17T16:01:34,0016c001f10c2ef6,7.6,2.9,4.7,0.0,7809,703,7106,9.0,0.79,0.55,0.44,390335983,1996156478,3034,11796,1.2,234.1,3.1,2.0,3,3,0,0,0,0,0,0.0,0,0,0,0,0,0
372.8,2026-05-17T16:01:35,0016c001f10c2ef6,5.6,2.3,3.4,0.0,7809,703,7106,9.0,0.79,0.55,0.44,390339169,1996168274,3186,11796,1.2,234.1,3.1,2.0,3,3,0,0,0,0,0,0.0,0,0,0,0,0,0
373.2,2026-05-17T16:01:35,0016c001f10c2ef6,5.9,2.4,3.5,0.0,7809,703,7106,9.0,0.79,0.55,0.44,390342155,1996180070,2986,11796,1.2,234.1,3.1,2.0,3,3,0,0,0,0,0,0.0,0,0,0,0,0,0
373.6,2026-05-17T16:01:36,0016c001f10c2ef6,6.4,1.7,4.6,0.0,7809,702,7107,9.0,0.79,0.55,0.44,390345293,1996191866,3138,11796,1.2,234.1,3.1,2.0,3,3,0,0,0,0,0,0.0,0,0,0,0,0,0
374.0,2026-05-17T16:01:36,0016c001f10c2ef6,5.3,1.8,3.6,0.0,7809,702,7107,9.0,0.79,0.55,0.44,390349276,1996234687,3983,42821,1.2,234.1,3.1,2.0,3,3,0,0,0,0,0,0.0,0,0,0,0,0,0
374.4,2026-05-17T16:01:36,0016c001f10c2ef6,5.9,2.9,2.9,0.0,7809,703,7106,9.0,0.79,0.55,0.44,390352414,1996246483,3138,11796,1.2,234.1,3.1,2.0,3,3,0,0,0,0,0,0.0,0,0,0,0,0,0
374.9,2026-05-17T16:01:37,0016c001f10c2ef6,6.6,2.2,4.4,0.0,7809,702,7107,9.0,0.72,0.54,0.43,390355808,1996259807,3394,13324,1.2,234.1,3.1,2.0,3,3,0,0,0,0,0,0.0,0,0,0,0,0,0
375.4,2026-05-17T16:01:37,0016c001f10c2ef6,12.2,3.4,8.3,0.5,7809,703,7106,9.0,0.72,0.54,0.43,390358944,1996271669,3136,11862,1.2,234.1,3.1,2.0,3,3,0,0,0,0,0,0.0,0,0,0,0,0,0
375.8,2026-05-17T16:01:38,0016c001f10c2ef6,5.2,2.9,2.3,0.0,7809,703,7106,9.0,0.72,0.54,0.43,390362234,1996284186,3290,12517,1.2,234.1,3.1,2.0,3,3,0,0,0,0,0,0.0,0,0,0,0,0,0
376.2,2026-05-17T16:01:38,0016c001f10c2ef6,19.4,3.4,16.0,0.0,7809,703,7106,9.0,0.72,0.54,0.43,390366347,1996326921,4113,42735,1.2,234.1,3.1,2.0,3,3,0,0,0,0,0,0.0,0,0,0,0,0,0
376.7,2026-05-17T16:01:39,0016c001f10c2ef6,19.9,2.8,17.0,0.0,7809,704,7105,9.0,0.72,0.54,0.43,390369966,1996339400,3619,12479,1.2,234.1,3.1,2.0,3,3,0,0,0,0,0,0.0,0,0,0,0,0,0
377.1,2026-05-17T16:01:39,0016c001f10c2ef6,22.0,4.2,17.9,0.0,7809,704,7105,9.0,0.72,0.54,0.43,390372998,1996352798,3032,13398,1.2,234.1,3.1,2.0,3,3,0,0,0,0,0,0.0,0,0,0,0,0,0
377.5,2026-05-17T16:01:40,0016c001f10c2ef6,15.2,2.3,12.9,0.0,7809,704,7105,9.0,0.72,0.54,0.43,390376136,1996364594,3138,11796,1.2,234.1,3.1,2.0,3,3,0,0,0,0,0,0.0,0,0,0,0,0,0
377.9,2026-05-17T16:01:40,0016c001f10c2ef6,6.3,2.9,3.4,0.0,7809,704,7105,9.0,0.72,0.54,0.43,390380379,1996407485,4243,42891,1.2,234.1,3.1,2.0,3,3,0,0,0,0,0,0.0,0,0,0,0,0,0
378.4,2026-05-17T16:01:40,0016c001f10c2ef6,8.6,3.4,4.6,0.6,7809,703,7106,9.0,0.72,0.54,0.43,390383517,1996419281,3138,11796,1.2,234.1,3.1,2.0,3,3,0,0,0,0,0,0.0,0,0,0,0,0,0
378.8,2026-05-17T16:01:41,0016c001f10c2ef6,6.4,1.7,4.6,0.0,7809,703,7106,9.0,0.72,0.54,0.43,390386607,1996431077,3090,11796,1.2,234.1,3.1,2.0,3,3,0,0,0,0,0,0.0,0,0,0,0,0,0
379.2,2026-05-17T16:01:41,0016c001f10c2ef6,5.7,3.4,2.3,0.0,7809,703,7106,9.0,0.72,0.54,0.43,390389793,1996442873,3186,11796,1.2,234.1,3.1,2.0,3,3,0,0,0,0,0,0.0,0,0,0,0,0,0
379.6,2026-05-17T16:01:42,0016c001f10c2ef6,5.9,1.8,4.1,0.0,7809,704,7105,9.0,0.66,0.53,0.43,390392883,1996454669,3090,11796,1.2,234.1,3.1,2.0,3,3,0,0,0,0,0,0.0,0,0,0,0,0,0
380.1,2026-05-17T16:01:42,0016c001f10c2ef6,6.7,2.8,3.9,0.0,7809,703,7106,9.0,0.66,0.53,0.43,390397102,1996497470,4219,42801,1.2,234.1,3.1,2.0,3,3,0,0,0,0,0,0.0,0,0,0,0,0,0
380.6,2026-05-17T16:01:43,0016c001f10c2ef6,12.9,5.5,7.5,0.0,7809,703,7106,9.0,0.66,0.53,0.43,390400188,1996509332,3086,11862,1.2,234.1,3.1,2.0,3,3,0,0,0,0,0,0.0,0,0,0,0,0,0
381.0,2026-05-17T16:01:43,0016c001f10c2ef6,5.2,2.3,2.9,0.0,7809,703,7106,9.0,0.66,0.53,0.43,390403326,1996521128,3138,11796,1.2,234.1,3.1,2.0,3,3,0,0,0,0,0,0.0,0,0,0,0,0,0
381.4,2026-05-17T16:01:43,0016c001f10c2ef6,7.4,2.9,4.6,0.0,7809,703,7106,9.0,0.66,0.53,0.43,390406468,1996532924,3142,11796,1.2,234.1,3.1,2.0,3,3,0,0,0,0,0,0.0,0,0,0,0,0,0
381.8,2026-05-17T16:01:44,0016c001f10c2ef6,5.2,1.7,3.5,0.0,7809,702,7107,9.0,0.66,0.53,0.43,390409654,1996544720,3186,11796,1.2,234.1,3.1,2.0,3,3,0,0,0,0,0,0.0,0,0,0,0,0,0
382.3,2026-05-17T16:01:44,0016c001f10c2ef6,8.7,2.2,6.5,0.0,7809,702,7107,9.0,0.66,0.53,0.43,390413725,1996587455,4071,42735,1.2,234.1,3.1,2.0,3,3,0,0,0,0,0,0.0,0,0,0,0,0,0
382.7,2026-05-17T16:01:45,0016c001f10c2ef6,5.2,2.3,2.9,0.0,7809,702,7107,9.0,0.66,0.53,0.43,390417015,1996599251,3290,11796,1.2,234.1,3.1,2.0,3,3,0,0,0,0,0,0.0,0,0,0,0,0,0
383.1,2026-05-17T16:01:45,0016c001f10c2ef6,6.9,2.9,4.0,0.0,7809,702,7107,9.0,0.66,0.53,0.43,390420105,1996611047,3090,11796,1.2,234.0,3.1,2.0,3,3,0,0,0,0,0,0.0,0,0,0,0,0,0
383.6,2026-05-17T16:01:46,0016c001f10c2ef6,5.7,1.7,4.0,0.0,7809,703,7106,9.0,0.66,0.53,0.43,390423347,1996622843,3242,11796,1.2,233.8,3.1,2.0,3,3,0,0,0,0,0,0.0,0,0,0,0,0,0
384.0,2026-05-17T16:01:46,0016c001f10c2ef6,5.7,1.1,4.6,0.0,7809,703,7106,9.0,0.66,0.53,0.43,390427358,1996665578,4011,42735,1.2,233.8,3.1,2.0,3,3,0,0,0,0,0,0.0,0,0,0,0,0,0
384.5,2026-05-17T16:01:47,0016c001f10c2ef6,6.7,2.2,4.5,0.0,7809,702,7107,9.0,0.61,0.52,0.43,390430344,1996677374,2986,11796,1.2,233.8,3.1,2.0,3,3,0,0,0,0,0,0.0,0,0,0,0,0,0
384.9,2026-05-17T16:01:47,0016c001f10c2ef6,7.0,2.9,4.1,0.0,7809,702,7107,9.0,0.61,0.52,0.43,390433654,1996689931,3310,12557,1.2,233.8,3.1,2.0,3,3,0,0,0,0,0,0.0,0,0,0,0,0,0
385.3,2026-05-17T16:01:47,0016c001f10c2ef6,10.3,4.6,5.7,0.0,7809,703,7106,9.0,0.61,0.52,0.43,390436896,1996701727,3242,11796,1.2,233.8,3.1,2.0,3,3,0,0,0,0,0,0.0,0,0,0,0,0,0
385.8,2026-05-17T16:01:48,0016c001f10c2ef6,8.9,3.4,5.4,0.0,7809,703,7106,9.0,0.61,0.52,0.43,390440032,1996715167,3136,13440,1.2,233.8,3.1,2.0,3,3,0,0,0,0,0,0.0,0,0,0,0,0,0
386.3,2026-05-17T16:01:48,0016c001f10c2ef6,11.1,4.8,6.3,0.0,7809,701,7108,9.0,0.61,0.52,0.43,390444580,1996757968,4548,42801,1.2,233.8,3.1,2.0,3,3,0,0,0,0,0,0.0,0,0,0,0,0,0
386.7,2026-05-17T16:01:49,0016c001f10c2ef6,8.6,2.3,5.7,0.6,7809,701,7108,9.0,0.61,0.52,0.43,390447822,1996771557,3242,13589,1.2,233.8,3.1,2.0,3,3,0,0,0,0,0,0.0,0,0,0,0,0,0
387.2,2026-05-17T16:01:49,0016c001f10c2ef6,7.6,2.9,4.7,0.0,7809,702,7107,9.0,0.61,0.52,0.43,390450960,1996783353,3138,11796,1.2,233.8,3.1,2.0,3,3,0,0,0,0,0,0.0,0,0,0,0,0,0
387.6,2026-05-17T16:01:50,0016c001f10c2ef6,14.6,3.5,11.1,0.0,7809,701,7108,9.0,0.61,0.52,0.43,390454244,1996797123,3284,13770,1.2,233.8,3.1,2.0,3,3,0,0,0,0,0,0.0,0,0,0,0,0,0
388.0,2026-05-17T16:01:50,0016c001f10c2ef6,19.8,1.7,18.0,0.0,7809,701,7108,9.0,0.61,0.52,0.43,390457743,1996823811,3499,26688,1.2,233.8,3.1,2.0,3,3,0,0,0,0,0,0.0,0,0,0,0,0,0
388.5,2026-05-17T16:01:51,0016c001f10c2ef6,20.9,3.2,17.6,0.0,7809,702,7107,9.0,0.61,0.52,0.43,390461141,1996851735,3398,27924,1.2,233.8,3.1,2.0,9,9,6,6,0,0,0,0.0,0,0,0,0,0,0
388.9,2026-05-17T16:01:52,0016c001f10c2ef6,18.2,3.5,14.7,0.0,7809,702,7107,9.0,0.61,0.52,0.43,390464273,1996863597,3132,11862,1.2,233.8,3.1,2.0,9,9,0,0,0,0,0,0.0,0,0,0,0,0,0
389.3,2026-05-17T16:01:52,0016c001f10c2ef6,6.3,1.7,4.6,0.0,7809,703,7106,9.0,0.56,0.51,0.43,390467463,1996875393,3190,11796,1.2,233.8,3.1,2.0,9,9,0,0,0,0,0,0.0,0,0,0,0,0,0
389.8,2026-05-17T16:01:53,0016c001f10c2ef6,5.6,1.7,4.0,0.0,7809,703,7106,9.0,0.56,0.51,0.43,390470805,1996887189,3342,11796,1.2,233.7,3.1,2.0,9,9,0,0,0,0,0,0.0,0,0,0,0,0,0
390.2,2026-05-17T16:01:53,0016c001f10c2ef6,7.9,3.4,4.5,0.0,7809,702,7107,9.0,0.56,0.51,0.43,390474924,1996930005,4119,42816,1.2,233.7,3.1,2.0,9,9,0,0,0,0,0,0.0,0,0,0,0,0,0
390.7,2026-05-17T16:01:54,0016c001f10c2ef6,5.8,2.3,3.5,0.0,7809,703,7106,9.0,0.56,0.51,0.43,390478060,1996942666,3136,12661,1.2,233.7,3.1,2.0,9,9,0,0,0,0,0,0.0,0,0,0,0,0,0
391.1,2026-05-17T16:01:54,0016c001f10c2ef6,7.2,3.3,3.9,0.0,7809,703,7106,9.0,0.56,0.51,0.43,390481298,1996954462,3238,11796,1.2,233.7,3.1,2.0,9,9,0,0,0,0,0,0.0,0,0,0,0,0,0
391.6,2026-05-17T16:01:54,0016c001f10c2ef6,9.1,4.1,5.1,0.0,7809,703,7106,9.0,0.56,0.51,0.43,390484540,1996966324,3242,11862,1.2,233.7,3.1,2.0,9,9,0,0,0,0,0,0.0,0,0,0,0,0,0
392.1,2026-05-17T16:01:55,0016c001f10c2ef6,11.2,3.4,7.8,0.0,7809,702,7107,9.0,0.56,0.51,0.43,390488607,1997009206,4067,42882,1.2,233.7,3.1,2.0,9,9,0,0,0,0,0,0.0,0,0,0,0,0,0
392.6,2026-05-17T16:01:55,0016c001f10c2ef6,10.2,3.6,6.6,0.0,7809,703,7106,9.0,0.56,0.51,0.43,390491817,1997021146,3210,11940,1.2,233.7,3.1,2.0,9,9,0,0,0,0,0,0.0,0,0,0,0,0,0
393.1,2026-05-17T16:01:56,0016c001f10c2ef6,10.1,4.5,5.5,0.0,7809,702,7107,9.0,0.56,0.51,0.43,390495007,1997033008,3190,11862,1.2,233.7,3.1,2.0,9,9,0,0,0,0,0,0.0,0,0,0,0,0,0
393.6,2026-05-17T16:01:56,0016c001f10c2ef6,9.6,2.5,7.1,0.0,7809,702,7107,9.0,0.56,0.51,0.43,390498197,1997044870,3190,11862,1.2,233.7,3.1,2.0,9,9,0,0,0,0,0,0.0,0,0,0,0,0,0
394.1,2026-05-17T16:01:57,0016c001f10c2ef6,10.3,3.4,6.9,0.0,7809,702,7107,9.0,0.52,0.5,0.42,390501900,1997056732,3703,11862,1.2,233.5,3.1,2.0,9,9,0,0,0,0,0,0.0,0,0,0,0,0,0
394.6,2026-05-17T16:01:57,0016c001f10c2ef6,10.7,3.1,7.7,0.0,7809,702,7107,9.0,0.52,0.5,0.42,390505610,1997099614,3710,42882,1.2,233.5,3.1,2.0,9,9,0,0,0,0,0,0.0,0,0,0,0,0,0
395.1,2026-05-17T16:01:58,0016c001f10c2ef6,14.8,5.9,8.4,0.5,7809,702,7107,9.0,0.52,0.5,0.42,390508904,1997112540,3294,12926,1.2,233.5,3.1,2.0,9,9,0,0,0,0,0,0.0,0,0,0,0,0,0
395.6,2026-05-17T16:01:58,0016c001f10c2ef6,9.5,2.5,7.0,0.0,7809,702,7107,9.0,0.52,0.5,0.42,390512088,1997126341,3184,13801,1.2,233.5,3.1,2.0,9,9,0,0,0,0,0,0.0,0,0,0,0,0,0
396.1,2026-05-17T16:01:59,0016c001f10c2ef6,10.7,3.9,6.8,0.0,7809,702,7107,9.0,0.52,0.5,0.42,390515707,1997138203,3619,11862,1.2,233.5,3.1,2.0,9,9,0,0,0,0,0,0.0,0,0,0,0,0,0
396.6,2026-05-17T16:01:59,0016c001f10c2ef6,9.4,3.9,5.4,0.0,7809,702,7107,9.0,0.52,0.5,0.42,390519670,1997181110,3963,42907,1.2,233.7,3.1,2.0,9,9,0,0,0,0,0,0.0,0,0,0,0,0,0
397.1,2026-05-17T16:02:00,0016c001f10c2ef6,9.4,3.6,5.7,0.0,7809,702,7107,9.0,0.52,0.5,0.42,390522860,1997192972,3190,11862,1.2,233.7,3.1,2.0,9,9,0,0,0,0,0,0.0,0,0,0,0,0,0
397.6,2026-05-17T16:02:00,0016c001f10c2ef6,8.6,2.0,6.6,0.0,7809,701,7108,9.0,0.52,0.5,0.42,390526102,1997204834,3242,11862,1.2,233.7,3.1,2.0,9,9,0,0,0,0,0,0.0,0,0,0,0,0,0
398.0,2026-05-17T16:02:01,0016c001f10c2ef6,9.1,3.6,5.6,0.0,7809,701,7108,9.0,0.52,0.5,0.42,390529344,1997216696,3242,11862,1.2,233.7,3.1,2.0,9,9,0,0,0,0,0,0.0,0,0,0,0,0,0
398.5,2026-05-17T16:02:01,0016c001f10c2ef6,9.2,3.6,5.6,0.0,7809,702,7107,9.0,0.52,0.5,0.42,390533567,1997259603,4223,42907,1.2,233.7,3.1,2.0,9,9,0,0,0,0,0,0.0,0,0,0,0,0,0
399.0,2026-05-17T16:02:02,0016c001f10c2ef6,13.3,3.1,10.2,0.0,7809,702,7107,9.0,0.56,0.51,0.43,390536705,1997271465,3138,11862,1.2,233.7,3.1,2.0,9,9,0,0,0,0,0,0.0,0,0,0,0,0,0
399.4,2026-05-17T16:02:02,0016c001f10c2ef6,18.6,2.9,15.7,0.0,7809,701,7108,9.0,0.56,0.51,0.43,390539743,1997283261,3038,11796,1.2,233.7,3.1,2.0,9,9,0,0,0,0,0,0.0,0,0,0,0,0,0
399.9,2026-05-17T16:02:03,0016c001f10c2ef6,19.4,2.4,17.1,0.0,7809,703,7106,9.0,0.56,0.51,0.43,390542981,1997295057,3238,11796,1.2,233.8,3.1,2.0,9,9,0,0,0,0,0,0.0,0,0,0,0,0,0
400.3,2026-05-17T16:02:03,0016c001f10c2ef6,18.6,2.3,16.4,0.0,7809,702,7107,9.0,0.56,0.51,0.43,390547172,1997337976,4191,42919,1.2,233.8,3.1,2.0,9,9,0,0,0,0,0,0.0,0,0,0,0,0,0
400.8,2026-05-17T16:02:04,0016c001f10c2ef6,12.4,5.6,5.6,1.1,7809,703,7106,9.0,0.56,0.51,0.43,390550310,1997349772,3138,11796,1.2,233.8,3.1,2.0,9,9,0,0,0,0,0,0.0,0,0,0,0,0,0
401.2,2026-05-17T16:02:04,0016c001f10c2ef6,9.5,4.5,4.5,0.6,7809,704,7105,9.0,0.56,0.51,0.43,390553650,1997363842,3340,14070,1.2,233.8,3.1,2.0,9,9,0,0,0,0,0,0.0,0,0,0,0,0,0
401.6,2026-05-17T16:02:04,0016c001f10c2ef6,8.5,2.3,5.6,0.6,7809,703,7106,9.0,0.56,0.51,0.43,390556636,1997375638,2986,11796,1.2,233.8,3.1,2.0,9,9,0,0,0,0,0,0.0,0,0,0,0,0,0
402.1,2026-05-17T16:02:05,0016c001f10c2ef6,5.9,1.1,4.9,0.0,7809,702,7107,9.0,0.56,0.51,0.43,390559822,1997387434,3186,11796,1.2,233.8,3.1,2.0,9,9,0,0,0,0,0,0.0,0,0,0,0,0,0
402.5,2026-05-17T16:02:05,0016c001f10c2ef6,7.4,3.4,4.0,0.0,7809,703,7106,9.0,0.56,0.51,0.43,390563581,1997430275,3759,42841,1.2,233.9,3.1,2.0,9,9,0,0,0,0,0,0.0,0,0,0,0,0,0
402.9,2026-05-17T16:02:06,0016c001f10c2ef6,6.2,1.7,4.5,0.0,7809,702,7107,9.0,0.56,0.51,0.43,390566771,1997442071,3190,11796,1.2,233.8,3.1,2.0,9,9,0,0,0,0,0,0.0,0,0,0,0,0,0
403.4,2026-05-17T16:02:06,0016c001f10c2ef6,5.1,1.7,3.4,0.0,7809,702,7107,9.0,0.56,0.51,0.43,390569905,1997453867,3134,11796,1.2,233.8,3.1,2.0,9,9,0,0,0,0,0,0.0,0,0,0,0,0,0
403.8,2026-05-17T16:02:07,0016c001f10c2ef6,7.4,2.9,4.6,0.0,7809,702,7107,9.0,0.59,0.52,0.43,390573095,1997465663,3190,11796,1.2,233.8,3.1,2.0,9,9,0,0,0,0,0,0.0,0,0,0,0,0,0
404.3,2026-05-17T16:02:07,0016c001f10c2ef6,9.9,3.9,5.9,0.0,7809,702,7107,9.0,0.59,0.52,0.43,390576279,1997478386,3184,12723,1.2,233.8,3.1,2.0,9,9,0,0,0,0,0,0.0,0,0,0,0,0,0
404.7,2026-05-17T16:02:08,0016c001f10c2ef6,6.8,1.7,5.1,0.0,7809,702,7107,9.0,0.59,0.52,0.43,390580246,1997521227,3967,42841,1.2,233.8,3.1,2.0,9,9,0,0,0,0,0,0.0,0,0,0,0,0,0
405.2,2026-05-17T16:02:08,0016c001f10c2ef6,6.3,2.3,4.0,0.0,7809,703,7106,9.0,0.59,0.52,0.43,390583508,1997533109,3262,11882,1.2,233.8,3.1,2.0,9,9,0,0,0,0,0,0.0,0,0,0,0,0,0
405.6,2026-05-17T16:02:08,0016c001f10c2ef6,6.0,1.6,4.4,0.0,7809,702,7107,9.0,0.59,0.52,0.43,390587175,1997544905,3667,11796,1.2,233.8,3.1,2.0,9,9,0,0,0,0,0,0.0,0,0,0,0,0,0
406.0,2026-05-17T16:02:09,0016c001f10c2ef6,7.9,2.8,5.1,0.0,7809,702,7107,9.0,0.59,0.52,0.43,390590417,1997556701,3242,11796,1.2,233.8,3.1,2.0,9,9,0,0,0,0,0,0.0,0,0,0,0,0,0
406.5,2026-05-17T16:02:09,0016c001f10c2ef6,7.3,2.8,4.5,0.0,7809,702,7107,9.0,0.59,0.52,0.43,390594484,1997599542,4067,42841,1.2,233.6,3.1,2.0,9,9,0,0,0,0,0,0.0,0,0,0,0,0,0
406.9,2026-05-17T16:02:10,0016c001f10c2ef6,8.6,5.2,3.4,0.0,7809,702,7107,9.0,0.59,0.52,0.43,390597726,1997611338,3242,11796,1.2,233.6,3.1,2.0,9,9,0,0,0,0,0,0.0,0,0,0,0,0,0
407.3,2026-05-17T16:02:10,0016c001f10c2ef6,7.2,2.2,5.0,0.0,7809,701,7108,9.0,0.59,0.52,0.43,390600944,1997623356,3218,12018,1.2,233.6,3.1,2.0,9,9,0,0,0,0,0,0.0,0,0,0,0,0,0
407.7,2026-05-17T16:02:11,0016c001f10c2ef6,7.3,2.3,5.1,0.0,7809,702,7107,9.0,0.59,0.52,0.43,390604234,1997635152,3290,11796,1.2,233.6,3.1,2.0,9,9,0,0,0,0,0,0.0,0,0,0,0,0,0
408.2,2026-05-17T16:02:11,0016c001f10c2ef6,7.3,1.7,5.6,0.0,7809,701,7108,9.0,0.59,0.52,0.43,390607220,1997646948,2986,11796,1.2,233.6,3.1,2.0,9,9,0,0,0,0,0,0.0,0,0,0,0,0,0
408.6,2026-05-17T16:02:11,0016c001f10c2ef6,8.0,2.8,5.1,0.0,7809,700,7109,9.0,0.54,0.51,0.43,390611439,1997689789,4219,42841,1.2,233.6,3.1,2.0,9,9,0,0,0,0,0,0.0,0,0,0,0,0,0
409.0,2026-05-17T16:02:12,0016c001f10c2ef6,5.6,1.7,3.9,0.0,7809,701,7108,9.0,0.54,0.51,0.43,390614629,1997701585,3190,11796,1.2,233.6,3.1,2.0,9,9,0,0,0,0,0,0.0,0,0,0,0,0,0
409.5,2026-05-17T16:02:12,0016c001f10c2ef6,11.9,5.9,5.9,0.0,7809,702,7107,9.0,0.54,0.51,0.43,390617819,1997713447,3190,11862,1.2,233.6,3.1,2.0,9,9,0,0,0,0,0,0.0,0,0,0,0,0,0
410.0,2026-05-17T16:02:13,0016c001f10c2ef6,10.2,3.6,6.6,0.0,7809,702,7107,9.0,0.54,0.51,0.43,390621061,1997725309,3242,11862,1.2,233.6,3.1,2.0,9,9,0,0,0,0,0,0.0,0,0,0,0,0,0
410.5,2026-05-17T16:02:13,0016c001f10c2ef6,14.9,3.6,11.3,0.0,7809,702,7107,9.0,0.54,0.51,0.43,390625232,1997768216,4171,42907,1.2,233.9,3.1,2.0,9,9,0,0,0,0,0,0.0,0,0,0,0,0,0
410.9,2026-05-17T16:02:14,0016c001f10c2ef6,23.3,5.1,17.6,0.6,7809,702,7107,9.0,0.54,0.51,0.43,390628520,1997783775,3288,15559,1.2,233.8,3.1,2.0,9,9,0,0,0,0,0,0.0,0,0,0,0,0,0
411.4,2026-05-17T16:02:14,0016c001f10c2ef6,20.1,3.6,16.6,0.0,7809,703,7106,9.0,0.54,0.51,0.43,390631710,1997795571,3190,11796,1.2,233.8,3.1,2.0,9,9,0,0,0,0,0,0.0,0,0,0,0,0,0
411.8,2026-05-17T16:02:15,0016c001f10c2ef6,19.4,3.3,16.1,0.0,7809,702,7107,9.0,0.54,0.51,0.43,390634796,1997807367,3086,11796,1.2,233.8,3.1,2.0,9,9,0,0,0,0,0,0.0,0,0,0,0,0,0
412.2,2026-05-17T16:02:15,0016c001f10c2ef6,5.7,1.7,4.0,0.0,7809,700,7109,9.0,0.54,0.51,0.43,390637934,1997819163,3138,11796,1.2,233.8,3.1,2.0,9,9,0,0,0,0,0,0.0,0,0,0,0,0,0
412.7,2026-05-17T16:02:16,0016c001f10c2ef6,6.9,2.3,4.6,0.0,7809,701,7108,9.0,0.54,0.51,0.43,390642001,1997862085,4067,42922,1.2,233.8,3.1,2.0,9,9,0,0,0,0,0,0.0,0,0,0,0,0,0
413.1,2026-05-17T16:02:16,0016c001f10c2ef6,5.7,1.7,4.0,0.0,7809,701,7108,9.0,0.54,0.51,0.43,390645191,1997873881,3190,11796,1.2,233.8,3.1,2.0,9,9,0,0,0,0,0,0.0,0,0,0,0,0,0
413.6,2026-05-17T16:02:16,0016c001f10c2ef6,5.1,1.5,3.6,0.0,7809,701,7108,9.0,0.5,0.5,0.43,390648241,1997885919,3050,12038,1.2,233.8,3.1,2.0,9,9,0,0,0,0,0,0.0,0,0,0,0,0,0
414.0,2026-05-17T16:02:17,0016c001f10c2ef6,6.2,1.7,4.5,0.0,7809,700,7109,9.0,0.5,0.5,0.43,390651379,1997897715,3138,11796,1.2,233.8,3.1,2.0,9,9,0,0,0,0,0,0.0,0,0,0,0,0,0
414.5,2026-05-17T16:02:17,0016c001f10c2ef6,6.7,3.4,3.4,0.0,7809,700,7109,9.0,0.5,0.5,0.43,390655078,1997909511,3699,11796,1.2,233.8,3.1,2.0,9,9,0,0,0,0,0,0.0,0,0,0,0,0,0
414.9,2026-05-17T16:02:18,0016c001f10c2ef6,6.9,2.3,4.6,0.0,7809,702,7107,9.0,0.5,0.5,0.43,390658376,1997952433,3298,42922,1.2,233.8,3.1,2.0,9,9,0,0,0,0,0,0.0,0,0,0,0,0,0
415.3,2026-05-17T16:02:18,0016c001f10c2ef6,7.0,1.8,5.3,0.0,7809,701,7108,9.0,0.5,0.5,0.43,390662043,1997964229,3667,11796,1.2,233.8,3.1,2.0,9,9,0,0,0,0,0,0.0,0,0,0,0,0,0
415.8,2026-05-17T16:02:19,0016c001f10c2ef6,9.4,2.5,6.9,0.0,7809,701,7108,9.0,0.5,0.5,0.43,390665305,1997976169,3262,11940,1.2,233.8,3.1,2.0,9,9,0,0,0,0,0,0.0,0,0,0,0,0,0
416.3,2026-05-17T16:02:19,0016c001f10c2ef6,5.3,1.5,3.4,0.5,7809,701,7108,9.0,0.5,0.5,0.43,390668455,1997989129,3150,12960,1.2,233.8,3.1,2.0,9,9,0,0,0,0,0,0.0,0,0,0,0,0,0
416.7,2026-05-17T16:02:20,0016c001f10c2ef6,8.0,4.0,4.0,0.0,7809,701,7108,9.0,0.5,0.5,0.43,390672522,1998032051,4067,42922,1.2,233.8,3.1,2.0,9,9,0,0,0,0,0,0.0,0,0,0,0,0,0
417.2,2026-05-17T16:02:20,0016c001f10c2ef6,6.4,2.3,4.0,0.0,7809,701,7108,9.0,0.5,0.5,0.43,390675660,1998043847,3138,11796,1.2,233.8,3.1,2.0,9,9,0,0,0,0,0,0.0,0,0,0,0,0,0
417.6,2026-05-17T16:02:20,0016c001f10c2ef6,6.9,1.7,5.2,0.0,7809,701,7108,9.0,0.5,0.5,0.43,390678902,1998055643,3242,11796,1.2,233.8,3.1,2.0,15,12,6,3,0,0,0,0.0,0,0,0,0,0,0
418.0,2026-05-17T16:02:21,0016c001f10c2ef6,6.8,2.3,4.5,0.0,7809,701,7108,9.0,0.5,0.5,0.43,390681992,1998067442,3090,11799,1.2,233.8,3.1,2.0,15,12,0,0,0,0,0,0.0,0,0,0,0,0,0
418.4,2026-05-17T16:02:21,0016c001f10c2ef6,5.9,1.2,4.7,0.0,7809,701,7108,9.0,0.46,0.49,0.42,390685130,1998079241,3138,11799,1.2,233.8,3.1,2.0,15,12,0,0,0,0,0,0.0,0,0,0,0,0,0
418.9,2026-05-17T16:02:22,0016c001f10c2ef6,6.9,2.9,4.0,0.0,7809,701,7108,9.0,0.46,0.49,0.42,390689353,1998122166,4223,42925,1.2,233.8,3.1,2.0,15,12,0,0,0,0,0,0.0,0,0,0,0,0,0
419.3,2026-05-17T16:02:22,0016c001f10c2ef6,5.8,2.9,2.9,0.0,7809,701,7108,9.0,0.46,0.49,0.42,390692643,1998133965,3290,11799,1.2,233.8,3.1,2.0,15,12,0,0,0,0,0,0.0,0,0,0,0,0,0
419.7,2026-05-17T16:02:23,0016c001f10c2ef6,7.3,3.4,3.9,0.0,7809,702,7107,9.0,0.46,0.49,0.42,390695781,1998145764,3138,11799,1.2,233.8,3.1,2.0,15,12,0,0,0,0,0,0.0,0,0,0,0,0,0
420.2,2026-05-17T16:02:23,0016c001f10c2ef6,6.9,2.9,4.0,0.0,7809,702,7107,9.0,0.46,0.49,0.42,390698971,1998157563,3190,11799,1.2,233.8,3.1,2.0,15,12,0,0,0,0,0,0.0,0,0,0,0,0,0
420.6,2026-05-17T16:02:24,0016c001f10c2ef6,7.1,1.6,5.5,0.0,7809,701,7108,9.0,0.46,0.49,0.42,390702986,1998200488,4015,42925,1.2,233.8,3.1,2.0,15,12,0,0,0,0,0,0.0,0,0,0,0,0,0
421.1,2026-05-17T16:02:25,0016c001f10c2ef6,9.3,3.6,5.7,0.0,7809,701,7108,9.0,0.46,0.49,0.42,390706024,1998212353,3038,11865,1.2,233.8,3.1,2.0,15,12,0,0,0,0,0,0.0,0,0,0,0,0,0
421.5,2026-05-17T16:02:25,0016c001f10c2ef6,6.5,1.2,5.3,0.0,7809,701,7108,9.0,0.46,0.49,0.42,390709314,1998224152,3290,11799,1.2,233.8,3.1,2.0,15,12,0,0,0,0,0,0.0,0,0,0,0,0,0
422.0,2026-05-17T16:02:26,0016c001f10c2ef6,11.5,2.9,8.6,0.0,7809,701,7108,9.0,0.46,0.49,0.42,390712352,1998235951,3038,11799,1.2,233.8,3.1,2.0,15,12,0,0,0,0,0,0.0,0,0,0,0,0,0
422.4,2026-05-17T16:02:26,0016c001f10c2ef6,20.2,1.2,19.1,0.0,7809,701,7108,9.0,0.46,0.49,0.42,390715590,1998247750,3238,11799,1.2,233.8,3.1,2.0,15,12,0,0,0,0,0,0.0,0,0,0,0,0,0
422.9,2026-05-17T16:02:27,0016c001f10c2ef6,19.5,1.8,17.8,0.0,7809,700,7109,9.0,0.46,0.49,0.42,390719761,1998290675,4171,42925,1.2,233.8,3.1,2.0,15,12,0,0,0,0,0,0.0,0,0,0,0,0,0
423.3,2026-05-17T16:02:27,0016c001f10c2ef6,18.5,1.2,17.3,0.0,7809,701,7108,9.0,0.42,0.49,0.42,390722847,1998302474,3086,11799,1.2,233.8,3.1,2.0,15,12,0,0,0,0,0,0.0,0,0,0,0,0,0
423.7,2026-05-17T16:02:27,0016c001f10c2ef6,7.6,1.8,5.8,0.0,7809,700,7109,9.0,0.42,0.49,0.42,390725905,1998314351,3058,11877,1.2,233.8,3.1,2.0,15,12,0,0,0,0,0,0.0,0,0,0,0,0,0
424.2,2026-05-17T16:02:28,0016c001f10c2ef6,6.3,1.7,4.6,0.0,7809,701,7108,9.0,0.42,0.49,0.42,390729091,1998326150,3186,11799,1.2,233.8,3.1,2.0,15,12,0,0,0,0,0,0.0,0,0,0,0,0,0
424.6,2026-05-17T16:02:28,0016c001f10c2ef6,5.9,2.4,3.5,0.0,7809,700,7109,9.0,0.42,0.49,0.42,390732642,1998337949,3551,11799,1.2,233.8,3.1,2.0,15,12,0,0,0,0,0,0.0,0,0,0,0,0,0
425.0,2026-05-17T16:02:29,0016c001f10c2ef6,7.6,2.4,5.3,0.0,7809,701,7108,9.0,0.42,0.49,0.42,390736296,1998380874,3654,42925,1.2,233.8,3.1,2.0,15,12,0,0,0,0,0,0.0,0,0,0,0,0,0
425.5,2026-05-17T16:02:29,0016c001f10c2ef6,6.4,1.7,4.6,0.0,7809,701,7108,9.0,0.42,0.49,0.42,390739438,1998392673,3142,11799,1.2,233.8,3.1,2.0,15,12,0,0,0,0,0,0.0,0,0,0,0,0,0
425.9,2026-05-17T16:02:30,0016c001f10c2ef6,5.8,1.7,4.1,0.0,7809,700,7109,9.0,0.42,0.49,0.42,390742624,1998404472,3186,11799,1.2,233.8,3.1,2.0,15,12,0,0,0,0,0,0.0,0,0,0,0,0,0
426.4,2026-05-17T16:02:30,0016c001f10c2ef6,9.0,4.0,5.0,0.0,7809,702,7107,9.0,0.42,0.49,0.42,390745814,1998416337,3190,11865,1.2,233.8,3.1,2.0,15,12,0,0,0,0,0,0.0,0,0,0,0,0,0
426.9,2026-05-17T16:02:31,0016c001f10c2ef6,11.7,4.1,7.1,0.5,7809,702,7107,9.0,0.42,0.49,0.42,390749725,1998459328,3911,42991,1.2,233.8,3.1,2.0,15,12,0,0,0,0,0,0.0,0,0,0,0,0,0
427.4,2026-05-17T16:02:31,0016c001f10c2ef6,9.1,2.0,7.1,0.0,7809,701,7108,9.0,0.42,0.49,0.42,390752863,1998471193,3138,11865,1.2,233.8,3.1,2.0,15,12,0,0,0,0,0,0.0,0,0,0,0,0,0
427.8,2026-05-17T16:02:31,0016c001f10c2ef6,5.9,2.4,3.5,0.0,7809,701,7108,9.0,0.42,0.49,0.42,390756001,1998482992,3138,11799,1.2,233.8,3.1,2.0,15,12,0,0,0,0,0,0.0,0,0,0,0,0,0
428.2,2026-05-17T16:02:32,0016c001f10c2ef6,5.7,2.3,3.4,0.0,7809,703,7106,9.0,0.39,0.48,0.42,390759039,1998494791,3038,11799,1.2,233.8,3.1,2.0,15,12,0,0,0,0,0,0.0,0,0,0,0,0,0
428.6,2026-05-17T16:02:32,0016c001f10c2ef6,6.9,3.5,3.5,0.0,7809,702,7107,9.0,0.39,0.48,0.42,390762125,1998506590,3086,11799,1.2,233.8,3.1,2.0,15,12,0,0,0,0,0,0.0,0,0,0,0,0,0
429.1,2026-05-17T16:02:33,0016c001f10c2ef6,8.5,2.8,5.6,0.0,7809,702,7107,9.0,0.39,0.48,0.42,390766244,1998549515,4119,42925,1.2,233.8,3.1,2.0,15,12,0,0,0,0,0,0.0,0,0,0,0,0,0
429.5,2026-05-17T16:02:33,0016c001f10c2ef6,7.4,4.3,3.2,0.0,7809,702,7107,9.0,0.39,0.48,0.42,390769434,1998561314,3190,11799,1.2,233.8,3.1,2.0,15,12,0,0,0,0,0,0.0,0,0,0,0,0,0
429.9,2026-05-17T16:02:34,0016c001f10c2ef6,6.8,2.3,4.5,0.0,7809,702,7107,9.0,0.39,0.48,0.42,390772672,1998573113,3238,11799,1.2,233.8,3.1,2.0,15,12,0,0,0,0,0,0.0,0,0,0,0,0,0
430.4,2026-05-17T16:02:34,0016c001f10c2ef6,6.2,1.7,4.5,0.0,7809,701,7108,9.0,0.39,0.48,0.42,390775810,1998584912,3138,11799,1.2,233.8,3.1,2.0,15,12,0,0,0,0,0,0.0,0,0,0,0,0,0
430.8,2026-05-17T16:02:34,0016c001f10c2ef6,6.4,1.7,4.6,0.0,7809,702,7107,9.0,0.39,0.48,0.42,390779829,1998627903,4019,42991,1.2,233.8,3.1,2.0,15,12,0,0,0,0,0,0.0,0,0,0,0,0,0
431.2,2026-05-17T16:02:35,0016c001f10c2ef6,6.4,1.8,4.7,0.0,7809,701,7108,9.0,0.39,0.48,0.42,390782915,1998639702,3086,11799,1.2,233.8,3.1,2.0,15,12,0,0,0,0,0,0.0,0,0,0,0,0,0
431.6,2026-05-17T16:02:35,0016c001f10c2ef6,6.9,2.3,4.6,0.0,7809,702,7107,9.0,0.39,0.48,0.42,390786177,1998651579,3262,11877,1.2,233.8,3.1,2.0,15,12,0,0,0,0,0,0.0,0,0,0,0,0,0
432.1,2026-05-17T16:02:36,0016c001f10c2ef6,5.8,2.3,3.5,0.0,7809,701,7108,9.0,0.39,0.48,0.42,390789467,1998663378,3290,11799,1.2,233.8,3.1,2.0,15,12,0,0,0,0,0,0.0,0,0,0,0,0,0
432.5,2026-05-17T16:02:36,0016c001f10c2ef6,11.1,4.0,7.1,0.0,7809,700,7109,9.0,0.39,0.48,0.42,390792605,1998675243,3138,11865,1.2,233.8,3.1,2.0,15,12,0,0,0,0,0,0.0,0,0,0,0,0,0
433.0,2026-05-17T16:02:37,0016c001f10c2ef6,10.7,3.1,7.7,0.0,7809,700,7109,9.0,0.36,0.47,0.42,390796874,1998718300,4269,43057,1.2,233.8,3.1,2.0,15,12,0,0,0,0,0,0.0,0,0,0,0,0,0
433.5,2026-05-17T16:02:37,0016c001f10c2ef6,15.2,3.6,11.7,0.0,7809,700,7109,9.0,0.36,0.47,0.42,390800012,1998730165,3138,11865,1.2,233.8,3.1,2.0,15,12,0,0,0,0,0,0.0,0,0,0,0,0,0
433.9,2026-05-17T16:02:38,0016c001f10c2ef6,18.6,2.3,16.3,0.0,7809,700,7109,9.0,0.36,0.47,0.42,390803154,1998741964,3142,11799,1.2,233.8,3.1,2.0,15,12,0,0,0,0,0,0.0,0,0,0,0,0,0
434.4,2026-05-17T16:02:38,0016c001f10c2ef6,19.8,1.7,18.0,0.0,7809,700,7109,9.0,0.36,0.47,0.42,390806344,1998753763,3190,11799,1.2,233.8,3.1,2.0,15,12,0,0,0,0,0,0.0,0,0,0,0,0,0
434.8,2026-05-17T16:02:38,0016c001f10c2ef6,19.3,2.4,16.9,0.0,7809,701,7108,9.0,0.36,0.47,0.42,390810563,1998796688,4219,42925,1.2,233.8,3.1,2.0,15,12,0,0,0,0,0,0.0,0,0,0,0,0,0
435.2,2026-05-17T16:02:39,0016c001f10c2ef6,8.0,2.9,5.2,0.0,7809,701,7108,9.0,0.36,0.47,0.42,390814030,1998808487,3467,11799,1.2,233.8,3.1,2.0,15,12,0,0,0,0,0,0.0,0,0,0,0,0,0
435.6,2026-05-17T16:02:39,0016c001f10c2ef6,6.9,2.3,4.6,0.0,7809,701,7108,9.0,0.36,0.47,0.42,390817164,1998820286,3134,11799,1.2,233.8,3.1,2.0,15,12,0,0,0,0,0,0.0,0,0,0,0,0,0
436.0,2026-05-17T16:02:40,0016c001f10c2ef6,7.0,3.5,3.5,0.0,7809,701,7108,9.0,0.36,0.47,0.42,390820306,1998832085,3142,11799,1.2,233.8,3.1,2.0,15,12,0,0,0,0,0,0.0,0,0,0,0,0,0
436.5,2026-05-17T16:02:40,0016c001f10c2ef6,5.6,1.7,4.0,0.0,7809,702,7107,9.0,0.36,0.47,0.42,390823520,1998844040,3214,11955,1.2,233.8,3.1,2.0,15,12,0,0,0,0,0,0.0,0,0,0,0,0,0
436.9,2026-05-17T16:02:41,0016c001f10c2ef6,6.2,2.2,3.9,0.0,7809,702,7107,9.0,0.36,0.47,0.42,390827431,1998886965,3911,42925,1.2,233.8,3.1,2.0,15,12,0,0,0,0,0,0.0,0,0,0,0,0,0
437.4,2026-05-17T16:02:41,0016c001f10c2ef6,6.4,2.1,4.3,0.0,7809,701,7108,9.0,0.36,0.47,0.42,390830465,1998898764,3034,11799,1.2,233.8,3.1,2.0,15,12,0,0,0,0,0,0.0,0,0,0,0,0,0
437.8,2026-05-17T16:02:42,0016c001f10c2ef6,5.6,1.7,3.9,0.0,7809,701,7108,9.0,0.36,0.47,0.42,390833551,1998910563,3086,11799,1.2,233.8,3.1,2.0,15,12,0,0,0,0,0,0.0,0,0,0,0,0,0
438.3,2026-05-17T16:02:42,0016c001f10c2ef6,6.8,2.8,4.0,0.0,7809,701,7108,9.0,0.33,0.46,0.41,390836893,1998922362,3342,11799,1.2,233.8,3.1,2.0,15,12,0,0,0,0,0,0.0,0,0,0,0,0,0
438.7,2026-05-17T16:02:42,0016c001f10c2ef6,9.5,3.2,6.3,0.0,7809,702,7107,9.0,0.33,0.46,0.41,390840031,1998934227,3138,11865,1.2,233.8,3.1,2.0,15,12,0,0,0,0,0,0.0,0,0,0,0,0,0
439.2,2026-05-17T16:02:43,0016c001f10c2ef6,11.1,5.6,5.6,0.0,7809,702,7107,9.0,0.33,0.46,0.41,390844118,1998977296,4087,43069,1.2,233.8,3.1,2.0,15,12,0,0,0,0,0,0.0,0,0,0,0,0,0
439.7,2026-05-17T16:02:43,0016c001f10c2ef6,5.6,1.1,4.5,0.0,7809,701,7108,9.0,0.33,0.46,0.41,390847204,1998989095,3086,11799,1.2,233.8,3.1,2.0,15,12,0,0,0,0,0,0.0,0,0,0,0,0,0
440.1,2026-05-17T16:02:44,0016c001f10c2ef6,6.5,2.4,4.1,0.0,7809,702,7107,9.0,0.33,0.46,0.41,390850190,1999000894,2986,11799,1.2,233.7,3.1,2.0,15,12,0,0,0,0,0,0.0,0,0,0,0,0,0
440.5,2026-05-17T16:02:44,0016c001f10c2ef6,5.8,1.8,4.1,0.0,7809,702,7107,9.0,0.33,0.46,0.41,390853380,1999012693,3190,11799,1.2,233.7,3.1,2.0,15,12,0,0,0,0,0,0.0,0,0,0,0,0,0
440.9,2026-05-17T16:02:45,0016c001f10c2ef6,6.3,2.3,4.0,0.0,7809,702,7107,9.0,0.33,0.46,0.41,390857603,1999055618,4223,42925,1.2,233.7,3.1,2.0,15,12,0,0,0,0,0,0.0,0,0,0,0,0,0
441.4,2026-05-17T16:02:45,0016c001f10c2ef6,6.9,3.4,3.4,0.0,7809,702,7107,9.0,0.33,0.46,0.41,390860793,1999067417,3190,11799,1.2,233.7,3.1,2.0,15,12,0,0,0,0,0,0.0,0,0,0,0,0,0
441.8,2026-05-17T16:02:45,0016c001f10c2ef6,5.8,1.2,4.7,0.0,7809,702,7107,9.0,0.33,0.46,0.41,390863879,1999079216,3086,11799,1.2,233.7,3.1,2.0,15,12,0,0,0,0,0,0.0,0,0,0,0,0,0
442.2,2026-05-17T16:02:46,0016c001f10c2ef6,7.4,2.8,4.5,0.0,7809,701,7108,9.0,0.33,0.46,0.41,390866965,1999091015,3086,11799,1.2,233.7,3.1,2.0,15,12,0,0,0,0,0,0.0,0,0,0,0,0,0
442.6,2026-05-17T16:02:46,0016c001f10c2ef6,5.2,1.1,4.0,0.0,7809,701,7108,9.0,0.33,0.46,0.41,390870155,1999102814,3190,11799,1.2,233.7,3.1,2.0,15,12,0,0,0,0,0,0.0,0,0,0,0,0,0
443.1,2026-05-17T16:02:47,0016c001f10c2ef6,7.4,2.3,5.1,0.0,7809,701,7108,9.0,0.3,0.45,0.41,390874274,1999145739,4119,42925,1.2,233.7,3.1,2.0,15,12,0,0,0,0,0,0.0,0,0,0,0,0,0
443.5,2026-05-17T16:02:47,0016c001f10c2ef6,8.0,2.9,5.2,0.0,7809,701,7108,9.0,0.3,0.45,0.41,390877360,1999157538,3086,11799,1.2,233.7,3.1,2.0,15,12,0,0,0,0,0,0.0,0,0,0,0,0,0
443.9,2026-05-17T16:02:48,0016c001f10c2ef6,5.9,2.4,3.5,0.0,7809,700,7109,9.0,0.3,0.45,0.41,390880598,1999169337,3238,11799,1.2,233.7,3.1,2.0,15,12,0,0,0,0,0,0.0,0,0,0,0,0,0
444.4,2026-05-17T16:02:48,0016c001f10c2ef6,9.1,5.1,4.1,0.0,7809,700,7109,9.0,0.3,0.45,0.41,390883912,1999181288,3314,11951,1.2,233.7,3.1,2.0,15,12,0,0,0,0,0,0.0,0,0,0,0,0,0
444.9,2026-05-17T16:02:49,0016c001f10c2ef6,13.4,4.5,8.9,0.0,7809,701,7108,9.0,0.3,0.45,0.41,390887992,1999193153,4080,11865,1.2,233.7,3.1,2.0,15,12,0,0,0,0,0,0.0,0,0,0,0,0,0
445.3,2026-05-17T16:02:49,0016c001f10c2ef6,21.3,3.4,17.8,0.0,7809,701,7108,9.0,0.3,0.45,0.41,390891602,1999236078,3610,42925,1.2,233.7,3.1,2.0,15,12,0,0,0,0,0,0.0,0,0,0,0,0,0
445.8,2026-05-17T16:02:49,0016c001f10c2ef6,18.8,1.2,17.6,0.0,7809,701,7108,9.0,0.3,0.45,0.41,390894736,1999247877,3134,11799,1.2,233.7,3.1,2.0,15,12,0,0,0,0,0,0.0,0,0,0,0,0,0
446.2,2026-05-17T16:02:50,0016c001f10c2ef6,21.0,2.4,18.0,0.6,7809,701,7108,9.0,0.3,0.45,0.41,390897774,1999259676,3038,11799,1.2,233.7,3.1,2.0,15,12,0,0,0,0,0,0.0,0,0,0,0,0,0
446.6,2026-05-17T16:02:50,0016c001f10c2ef6,10.3,1.7,8.6,0.0,7809,701,7108,9.0,0.3,0.45,0.41,390900860,1999271475,3086,11799,1.2,233.7,3.1,2.0,15,12,0,0,0,0,0,0.0,0,0,0,0,0,0
447.0,2026-05-17T16:02:51,0016c001f10c2ef6,7.0,2.3,4.7,0.0,7809,702,7107,9.0,0.3,0.45,0.41,390904975,1999314400,4115,42925,1.2,233.8,3.1,2.0,15,12,0,0,0,0,0,0.0,0,0,0,0,0,0
447.5,2026-05-17T16:02:51,0016c001f10c2ef6,7.9,3.4,4.5,0.0,7809,702,7107,9.0,0.3,0.45,0.41,390908013,1999326199,3038,11799,1.2,233.8,3.1,2.0,15,12,0,0,0,0,0,0.0,0,0,0,0,0,0
447.9,2026-05-17T16:02:52,0016c001f10c2ef6,6.9,3.5,3.5,0.0,7809,702,7107,9.0,0.44,0.48,0.42,390911251,1999337998,3238,11799,1.2,233.8,3.1,2.0,15,12,0,0,0,0,0,0.0,0,0,0,0,0,0
448.3,2026-05-17T16:02:52,0016c001f10c2ef6,8.2,2.2,6.0,0.0,7809,702,7107,9.0,0.44,0.48,0.42,390914341,1999349797,3090,11799,1.2,233.8,3.1,2.0,15,12,0,0,0,0,0,0.0,0,0,0,0,0,0
448.8,2026-05-17T16:02:52,0016c001f10c2ef6,6.4,2.3,4.1,0.0,7809,703,7106,9.0,0.44,0.48,0.42,390917527,1999361596,3186,11799,1.2,233.9,3.1,2.0,15,12,0,0,0,0,0,0.0,0,0,0,0,0,0
449.2,2026-05-17T16:02:53,0016c001f10c2ef6,7.6,2.4,5.3,0.0,7809,703,7106,9.0,0.44,0.48,0.42,390921598,1999404521,4071,42925,1.2,233.9,3.1,2.0,15,12,0,0,0,0,0,0.0,0,0,0,0,0,0
449.6,2026-05-17T16:02:53,0016c001f10c2ef6,7.4,1.1,6.3,0.0,7809,702,7107,9.0,0.44,0.48,0.42,390924732,1999416320,3134,11799,1.2,233.9,3.1,2.0,15,12,0,0,0,0,0,0.0,0,0,0,0,0,0
450.1,2026-05-17T16:02:54,0016c001f10c2ef6,7.6,2.2,5.4,0.0,7809,701,7108,9.0,0.44,0.48,0.42,390927974,1999428185,3242,11865,1.2,233.9,3.1,2.0,15,12,0,0,0,0,0,0.0,0,0,0,0,0,0
450.5,2026-05-17T16:02:54,0016c001f10c2ef6,9.1,4.0,5.1,0.0,7809,701,7108,9.0,0.44,0.48,0.42,390931112,1999440050,3138,11865,1.2,233.9,3.1,2.0,15,12,0,0,0,0,0,0.0,0,0,0,0,0,0
451.0,2026-05-17T16:02:55,0016c001f10c2ef6,9.0,3.0,6.0,0.0,7809,701,7108,9.0,0.44,0.48,0.42,390935283,1999483041,4171,42991,1.2,233.9,3.1,2.0,15,12,0,0,0,0,0,0.0,0,0,0,0,0,0
451.5,2026-05-17T16:02:55,0016c001f10c2ef6,10.0,4.0,6.0,0.0,7809,702,7107,9.0,0.44,0.48,0.42,390938473,1999494906,3190,11865,1.2,233.9,3.1,2.0,15,12,0,0,0,0,0,0.0,0,0,0,0,0,0
452.0,2026-05-17T16:02:56,0016c001f10c2ef6,8.8,3.6,5.2,0.0,7809,702,7107,9.0,0.44,0.48,0.42,390941715,1999506771,3242,11865,1.2,233.9,3.1,2.0,15,12,0,0,0,0,0,0.0,0,0,0,0,0,0
452.5,2026-05-17T16:02:56,0016c001f10c2ef6,10.0,3.5,6.5,0.0,7809,701,7108,9.0,0.48,0.49,0.42,390944905,1999518636,3190,11865,1.2,233.9,3.1,2.0,15,12,0,0,0,0,0,0.0,0,0,0,0,0,0
453.0,2026-05-17T16:02:57,0016c001f10c2ef6,9.2,3.6,5.6,0.0,7809,702,7107,9.0,0.48,0.49,0.42,390948660,1999530501,3755,11865,1.2,233.9,3.1,2.0,15,12,0,0,0,0,0,0.0,0,0,0,0,0,0
453.5,2026-05-17T16:02:58,0016c001f10c2ef6,11.7,4.6,7.1,0.0,7809,702,7107,9.0,0.48,0.49,0.42,390952370,1999573492,3710,42991,1.2,233.9,3.1,2.0,15,12,0,0,0,0,0,0.0,0,0,0,0,0,0
454.0,2026-05-17T16:02:58,0016c001f10c2ef6,9.9,4.7,5.2,0.0,7809,701,7108,9.0,0.48,0.49,0.42,390955456,1999585357,3086,11865,1.2,233.9,3.1,2.0,15,12,0,0,0,0,0,0.0,0,0,0,0,0,0
454.4,2026-05-17T16:02:59,0016c001f10c2ef6,7.4,2.3,5.1,0.0,7809,701,7108,9.0,0.48,0.49,0.42,390958975,1999597156,3519,11799,1.2,233.9,3.1,2.0,15,12,0,0,0,0,0,0.0,0,0,0,0,0,0
454.8,2026-05-17T16:02:59,0016c001f10c2ef6,5.8,2.3,3.5,0.0,7809,702,7107,9.0,0.48,0.49,0.42,390962231,1999609099,3256,11943,1.2,233.9,3.1,2.0,15,12,0,0,0,0,0,0.0,0,0,0,0,0,0
455.3,2026-05-17T16:03:00,0016c001f10c2ef6,9.2,3.4,5.7,0.0,7809,702,7107,9.0,0.48,0.49,0.42,390966246,1999652024,4015,42925,1.2,233.9,3.1,2.0,15,12,0,0,0,0,0,0.0,0,0,0,0,0,0
455.7,2026-05-17T16:03:00,0016c001f10c2ef6,5.3,1.8,3.5,0.0,7809,702,7107,9.0,0.48,0.49,0.42,390969332,1999663823,3086,11799,1.2,233.9,3.1,2.0,15,12,0,0,0,0,0,0.0,0,0,0,0,0,0
456.1,2026-05-17T16:03:01,0016c001f10c2ef6,7.5,2.3,5.2,0.0,7809,702,7107,9.0,0.48,0.49,0.42,390972470,1999675622,3138,11799,1.2,233.9,3.1,2.0,15,12,0,0,0,0,0,0.0,0,0,0,0,0,0
456.6,2026-05-17T16:03:01,0016c001f10c2ef6,13.5,2.4,11.2,0.0,7809,702,7107,9.0,0.48,0.49,0.42,390975556,1999687421,3086,11799,1.2,233.9,3.1,2.0,15,12,0,0,0,0,0,0.0,0,0,0,0,0,0
457.0,2026-05-17T16:03:01,0016c001f10c2ef6,19.3,1.2,18.1,0.0,7809,703,7106,9.0,0.48,0.49,0.42,390978590,1999699220,3034,11799,1.2,233.9,3.1,2.0,15,12,0,0,0,0,0,0.0,0,0,0,0,0,0
457.4,2026-05-17T16:03:02,0016c001f10c2ef6,20.7,3.4,17.2,0.0,7809,702,7107,9.0,0.48,0.49,0.42,390982605,1999742145,4015,42925,1.2,233.9,3.1,2.0,15,12,0,0,0,0,0,0.0,0,0,0,0,0,0
457.8,2026-05-17T16:03:02,0016c001f10c2ef6,20.6,1.2,19.4,0.0,7809,702,7107,9.0,0.52,0.5,0.43,390985691,1999753944,3086,11799,1.2,233.9,3.1,2.0,15,12,0,0,0,0,0,0.0,0,0,0,0,0,0
458.3,2026-05-17T16:03:03,0016c001f10c2ef6,5.8,2.3,3.5,0.0,7809,702,7107,9.0,0.52,0.5,0.43,390988829,1999765743,3138,11799,1.2,233.9,3.1,2.0,15,12,0,0,0,0,0,0.0,0,0,0,0,0,0
458.7,2026-05-17T16:03:03,0016c001f10c2ef6,4.5,1.1,3.4,0.0,7809,701,7108,9.0,0.52,0.5,0.43,390991963,1999777542,3134,11799,1.2,233.9,3.1,2.0,15,12,0,0,0,0,0,0.0,0,0,0,0,0,0
459.2,2026-05-17T16:03:04,0016c001f10c2ef6,9.1,3.0,6.1,0.0,7809,701,7108,9.0,0.52,0.5,0.43,390996034,1999820533,4071,42991,1.2,233.9,3.1,2.0,15,12,0,0,0,0,0,0.0,0,0,0,0,0,0
459.6,2026-05-17T16:03:04,0016c001f10c2ef6,6.5,2.4,4.1,0.0,7809,702,7107,9.0,0.52,0.5,0.43,390999068,1999832332,3034,11799,1.2,233.9,3.1,2.0,15,12,0,0,0,0,0,0.0,0,0,0,0,0,0
460.1,2026-05-17T16:03:05,0016c001f10c2ef6,12.4,3.4,7.3,1.7,7809,701,7108,9.0,0.52,0.5,0.43,391002102,1999844131,3034,11799,1.2,233.9,3.1,2.0,15,12,0,0,0,0,0,0.0,0,0,0,0,0,0
460.5,2026-05-17T16:03:05,0016c001f10c2ef6,6.4,2.3,4.1,0.0,7809,702,7107,9.0,0.52,0.5,0.43,391005188,1999855930,3086,11799,1.2,233.9,3.1,2.0,15,12,0,0,0,0,0,0.0,0,0,0,0,0,0
460.9,2026-05-17T16:03:05,0016c001f10c2ef6,6.7,1.1,5.6,0.0,7809,702,7107,9.0,0.52,0.5,0.43,391008326,1999867729,3138,11799,1.2,233.9,3.1,2.0,15,12,0,0,0,0,0,0.0,0,0,0,0,0,0
461.3,2026-05-17T16:03:06,0016c001f10c2ef6,8.0,4.0,4.0,0.0,7809,701,7108,9.0,0.52,0.5,0.43,391012341,1999910654,4015,42925,1.2,233.9,3.1,2.0,15,12,0,0,0,0,0,0.0,0,0,0,0,0,0
461.8,2026-05-17T16:03:06,0016c001f10c2ef6,6.1,2.8,3.4,0.0,7809,702,7107,9.0,0.52,0.5,0.43,391015479,1999922453,3138,11799,1.2,233.9,3.1,2.0,15,12,0,0,0,0,0,0.0,0,0,0,0,0,0
462.2,2026-05-17T16:03:07,0016c001f10c2ef6,4.7,1.2,3.5,0.0,7809,702,7107,9.0,0.52,0.5,0.43,391018513,1999934252,3034,11799,1.2,233.9,3.1,2.0,15,12,0,0,0,0,0,0.0,0,0,0,0,0,0
462.6,2026-05-17T16:03:07,0016c001f10c2ef6,6.4,2.3,4.1,0.0,7809,702,7107,9.0,0.72,0.54,0.44,391021671,1999946129,3158,11877,1.2,233.9,3.1,2.0,15,12,0,0,0,0,0,0.0,0,0,0,0,0,0
463.0,2026-05-17T16:03:07,0016c001f10c2ef6,7.6,2.4,5.3,0.0,7809,703,7106,9.0,0.72,0.54,0.44,391024805,1999957928,3134,11799,1.2,233.9,3.1,2.0,15,12,0,0,0,0,0,0.0,0,0,0,0,0,0
463.5,2026-05-17T16:03:08,0016c001f10c2ef6,7.3,2.2,5.0,0.0,7809,702,7107,9.0,0.72,0.54,0.44,391028720,2000000853,3915,42925,1.2,233.9,3.1,2.0,15,12,0,0,0,0,0,0.0,0,0,0,0,0,0
463.9,2026-05-17T16:03:08,0016c001f10c2ef6,6.5,2.4,4.1,0.0,7809,702,7107,9.0,0.72,0.54,0.44,391031958,2000012652,3238,11799,1.2,233.9,3.1,2.0,15,12,0,0,0,0,0,0.0,0,0,0,0,0,0
464.4,2026-05-17T16:03:09,0016c001f10c2ef6,9.8,2.9,6.8,0.0,7809,701,7108,9.0,0.72,0.54,0.44,391035577,2000024517,3619,11865,1.2,233.9,3.1,2.0,15,12,0,0,0,0,0,0.0,0,0,0,0,0,0
464.8,2026-05-17T16:03:09,0016c001f10c2ef6,9.1,3.5,5.6,0.0,7809,699,7110,9.0,0.72,0.54,0.44,391038663,2000036382,3086,11865,1.2,233.9,3.1,2.0,15,12,0,0,0,0,0,0.0,0,0,0,0,0,0
465.3,2026-05-17T16:03:10,0016c001f10c2ef6,6.8,2.8,4.0,0.0,7809,701,7108,9.0,0.72,0.54,0.44,391042682,2000079307,4019,42925,1.2,233.9,3.1,2.0,15,12,0,0,0,0,0,0.0,0,0,0,0,0,0
465.7,2026-05-17T16:03:10,0016c001f10c2ef6,8.0,3.4,4.6,0.0,7809,701,7108,9.0,0.72,0.54,0.44,391045844,2000091262,3162,11955,1.2,233.9,3.1,2.0,15,12,0,0,0,0,0,0.0,0,0,0,0,0,0
466.1,2026-05-17T16:03:11,0016c001f10c2ef6,5.8,1.2,4.6,0.0,7809,701,7108,9.0,0.72,0.54,0.44,391048930,2000103061,3086,11799,1.2,233.9,3.1,2.0,15,12,0,0,0,0,0,0.0,0,0,0,0,0,0
466.5,2026-05-17T16:03:11,0016c001f10c2ef6,5.8,1.7,4.0,0.0,7809,701,7108,9.0,0.72,0.54,0.44,391051964,2000114860,3034,11799,1.2,233.9,3.1,2.0,15,12,0,0,0,0,0,0.0,0,0,0,0,0,0
467.0,2026-05-17T16:03:11,0016c001f10c2ef6,6.4,2.9,3.5,0.0,7809,701,7108,9.0,0.72,0.54,0.44,391055102,2000126659,3138,11799,1.2,233.9,3.1,2.0,15,12,0,0,0,0,0,0.0,0,0,0,0,0,0
467.4,2026-05-17T16:03:12,0016c001f10c2ef6,6.7,2.2,4.5,0.0,7809,702,7107,9.0,0.75,0.55,0.44,391059117,2000169584,4015,42925,1.2,233.9,3.1,2.0,15,12,0,0,0,0,0,0.0,0,0,0,0,0,0
467.8,2026-05-17T16:03:12,0016c001f10c2ef6,10.0,3.5,6.5,0.0,7809,701,7108,9.0,0.75,0.55,0.44,391062203,2000181383,3086,11799,1.2,233.9,3.1,2.0,15,12,0,0,0,0,0,0.0,0,0,0,0,0,0
468.2,2026-05-17T16:03:13,0016c001f10c2ef6,22.4,4.7,17.6,0.0,7809,701,7108,9.0,0.75,0.55,0.44,391065289,2000193182,3086,11799,1.2,233.8,3.1,2.0,15,12,0,0,0,0,0,0.0,0,0,0,0,0,0
468.7,2026-05-17T16:03:13,0016c001f10c2ef6,19.4,2.9,16.5,0.0,7809,701,7108,9.0,0.75,0.55,0.44,391068579,2000204981,3290,11799,1.2,233.8,3.1,2.0,15,12,0,0,0,0,0,0.0,0,0,0,0,0,0
469.1,2026-05-17T16:03:14,0016c001f10c2ef6,18.8,1.8,17.1,0.0,7809,701,7108,9.0,0.75,0.55,0.44,391071565,2000216780,2986,11799,1.2,233.8,3.1,2.0,15,12,0,0,0,0,0,0.0,0,0,0,0,0,0
469.5,2026-05-17T16:03:14,0016c001f10c2ef6,13.5,2.3,11.1,0.0,7809,702,7107,9.0,0.75,0.55,0.44,391075732,2000259705,4167,42925,1.2,233.9,3.1,2.0,15,12,0,0,0,0,0,0.0,0,0,0,0,0,0
470.0,2026-05-17T16:03:14,0016c001f10c2ef6,9.5,4.5,5.0,0.0,7809,702,7107,9.0,0.75,0.55,0.44,391078870,2000271570,3138,11865,1.2,233.9,3.1,2.0,15,12,0,0,0,0,0,0.0,0,0,0,0,0,0
470.5,2026-05-17T16:03:15,0016c001f10c2ef6,7.9,3.5,4.5,0.0,7809,701,7108,9.0,0.75,0.55,0.44,391082132,2000283513,3262,11943,1.2,233.9,3.1,2.0,15,12,0,0,0,0,0,0.0,0,0,0,0,0,0
471.0,2026-05-17T16:03:15,0016c001f10c2ef6,9.5,2.5,7.0,0.0,7809,702,7107,9.0,0.75,0.55,0.44,391085368,2000295420,3236,11907,1.2,233.9,3.1,2.0,15,12,0,0,0,0,0,0.0,0,0,0,0,0,0
471.5,2026-05-17T16:03:16,0016c001f10c2ef6,9.2,3.6,5.6,0.0,7809,702,7107,9.0,0.75,0.55,0.44,391089539,2000338411,4171,42991,1.2,233.9,3.1,2.0,15,12,0,0,0,0,0,0.0,0,0,0,0,0,0
472.0,2026-05-17T16:03:16,0016c001f10c2ef6,9.0,3.0,6.0,0.0,7809,701,7108,9.0,0.75,0.55,0.44,391092677,2000350276,3138,11865,1.2,233.9,3.1,2.0,15,12,0,0,0,0,0,0.0,0,0,0,0,0,0
472.5,2026-05-17T16:03:17,0016c001f10c2ef6,9.4,3.9,5.4,0.0,7809,700,7109,9.0,0.77,0.55,0.45,391095867,2000362141,3190,11865,1.2,233.9,3.1,2.0,15,12,0,0,0,0,0,0.0,0,0,0,0,0,0
473.0,2026-05-17T16:03:17,0016c001f10c2ef6,13.0,7.2,5.3,0.5,7809,700,7109,9.0,0.77,0.55,0.45,391098905,2000374006,3038,11865,1.2,233.9,3.1,2.0,15,12,0,0,0,0,0,0.0,0,0,0,0,0,0
473.5,2026-05-17T16:03:18,0016c001f10c2ef6,6.4,2.5,3.4,0.5,7809,700,7109,9.0,0.77,0.55,0.45,391102868,2000416931,3963,42925,1.2,233.9,3.1,2.0,15,12,0,0,0,0,0,0.0,0,0,0,0,0,0
474.0,2026-05-17T16:03:18,0016c001f10c2ef6,8.0,2.8,5.1,0.0,7809,701,7108,9.0,0.77,0.55,0.45,391106383,2000429413,3515,12482,1.2,233.9,3.1,2.0,15,12,0,0,0,0,0,0.0,0,0,0,0,0,0
474.4,2026-05-17T16:03:19,0016c001f10c2ef6,5.8,1.8,4.1,0.0,7809,702,7107,9.0,0.77,0.55,0.45,391109469,2000441212,3086,11799,1.2,233.9,3.1,2.0,15,12,0,0,0,0,0,0.0,0,0,0,0,0,0
474.8,2026-05-17T16:03:19,0016c001f10c2ef6,7.6,2.7,4.9,0.0,7809,702,7107,9.0,0.77,0.55,0.45,391112701,2000454593,3232,13381,1.2,233.9,3.1,2.0,15,12,0,0,0,0,0,0.0,0,0,0,0,0,0
475.3,2026-05-17T16:03:20,0016c001f10c2ef6,5.1,1.7,3.4,0.0,7809,702,7107,9.0,0.77,0.55,0.45,391115839,2000466392,3138,11799,1.2,233.9,3.1,2.0,15,12,0,0,0,0,0,0.0,0,0,0,0,0,0
475.7,2026-05-17T16:03:20,0016c001f10c2ef6,6.7,2.2,4.4,0.0,7809,702,7107,9.0,0.77,0.55,0.45,391119806,2000509317,3967,42925,1.2,233.9,3.1,2.0,15,12,0,0,0,0,0,0.0,0,0,0,0,0,0
476.1,2026-05-17T16:03:21,0016c001f10c2ef6,7.4,2.3,4.6,0.6,7809,702,7107,9.0,0.77,0.55,0.45,391122892,2000521116,3086,11799,1.2,233.9,3.1,2.0,16,13,1,1,0,0,0,0.0,0,0,0,0,0,0
476.6,2026-05-17T16:03:21,0016c001f10c2ef6,7.5,2.3,5.2,0.0,7809,702,7107,9.0,0.77,0.55,0.45,391126030,2000532915,3138,11799,1.2,233.9,3.1,2.0,16,13,0,0,0,0,0,0.0,0,0,0,0,0,0
477.0,2026-05-17T16:03:21,0016c001f10c2ef6,5.2,1.7,3.5,0.0,7809,702,7107,9.0,0.7,0.54,0.45,391129110,2000544780,3080,11865,1.2,233.9,3.1,2.0,16,13,0,0,0,0,0,0.0,0,0,0,0,0,0
477.4,2026-05-17T16:03:22,0016c001f10c2ef6,7.0,1.8,5.3,0.0,7809,702,7107,9.0,0.7,0.54,0.45,391133277,2000587705,4167,42925,1.2,233.9,3.1,2.0,16,13,0,0,0,0,0,0.0,0,0,0,0,0,0
477.8,2026-05-17T16:03:22,0016c001f10c2ef6,7.5,2.3,5.2,0.0,7809,702,7107,9.0,0.7,0.54,0.45,391136467,2000599504,3190,11799,1.2,233.9,3.1,2.0,16,13,0,0,0,0,0,0.0,0,0,0,0,0,0
478.3,2026-05-17T16:03:23,0016c001f10c2ef6,9.4,3.5,5.9,0.0,7809,703,7106,9.0,0.7,0.54,0.45,391139781,2000611447,3314,11943,1.2,233.9,3.1,2.0,16,13,0,0,0,0,0,0.0,0,0,0,0,0,0
478.8,2026-05-17T16:03:23,0016c001f10c2ef6,8.9,2.5,6.4,0.0,7809,703,7106,9.0,0.7,0.54,0.45,391143023,2000623312,3242,11865,1.2,233.9,3.1,2.0,16,13,0,0,0,0,0,0.0,0,0,0,0,0,0
479.4,2026-05-17T16:03:24,0016c001f10c2ef6,13.7,3.5,10.2,0.0,7809,701,7108,9.0,0.7,0.54,0.45,391146986,2000666303,3963,42991,1.2,233.9,3.1,2.0,16,13,0,0,0,0,0,0.0,0,0,0,0,0,0
479.8,2026-05-17T16:03:24,0016c001f10c2ef6,19.9,2.8,17.0,0.0,7809,702,7107,9.0,0.7,0.54,0.45,391150284,2000678102,3298,11799,1.2,233.9,3.1,2.0,16,13,0,0,0,0,0,0.0,0,0,0,0,0,0
480.3,2026-05-17T16:03:25,0016c001f10c2ef6,19.5,2.3,17.2,0.0,7809,703,7106,9.0,0.7,0.54,0.45,391153422,2000689901,3138,11799,1.2,234.1,3.1,2.0,16,13,0,0,0,0,0,0.0,0,0,0,0,0,0
480.7,2026-05-17T16:03:25,0016c001f10c2ef6,20.3,2.3,18.1,0.0,7809,704,7105,9.0,0.7,0.54,0.45,391156560,2000701700,3138,11799,1.2,234.1,3.1,2.0,16,13,0,0,0,0,0,0.0,0,0,0,0,0,0
481.1,2026-05-17T16:03:26,0016c001f10c2ef6,7.6,1.8,5.8,0.0,7809,704,7105,9.0,0.7,0.54,0.45,391159594,2000713499,3034,11799,1.2,234.1,3.1,2.0,16,13,0,0,0,0,0,0.0,0,0,0,0,0,0
481.6,2026-05-17T16:03:26,0016c001f10c2ef6,6.9,3.4,3.4,0.0,7809,703,7106,9.0,0.7,0.54,0.45,391163609,2000756424,4015,42925,1.2,234.1,3.1,2.0,16,13,0,0,0,0,0,0.0,0,0,0,0,0,0
482.0,2026-05-17T16:03:26,0016c001f10c2ef6,7.6,3.5,4.1,0.0,7809,703,7106,9.0,0.65,0.54,0.44,391166695,2000768223,3086,11799,1.2,234.1,3.1,2.0,16,13,0,0,0,0,0,0.0,0,0,0,0,0,0
482.4,2026-05-17T16:03:27,0016c001f10c2ef6,9.5,3.9,5.6,0.0,7809,703,7106,9.0,0.65,0.54,0.44,391169781,2000780022,3086,11799,1.2,234.1,3.1,2.0,16,13,0,0,0,0,0,0.0,0,0,0,0,0,0
482.9,2026-05-17T16:03:27,0016c001f10c2ef6,6.8,2.8,4.0,0.0,7809,702,7107,9.0,0.65,0.54,0.44,391172967,2000791821,3186,11799,1.2,234.1,3.1,2.0,16,13,0,0,0,0,0,0.0,0,0,0,0,0,0
483.3,2026-05-17T16:03:28,0016c001f10c2ef6,6.8,2.3,4.5,0.0,7809,702,7107,9.0,0.65,0.54,0.44,391176025,2000803706,3058,11885,1.2,234.1,3.1,2.0,16,13,0,0,0,0,0,0.0,0,0,0,0,0,0
483.7,2026-05-17T16:03:28,0016c001f10c2ef6,6.1,2.2,3.9,0.0,7809,702,7107,9.0,0.65,0.54,0.44,391180469,2000847314,4444,43608,1.2,233.9,3.1,2.0,16,13,0,0,0,0,0,0.0,0,0,0,0,0,0
484.2,2026-05-17T16:03:29,0016c001f10c2ef6,6.2,2.8,3.4,0.0,7809,702,7107,9.0,0.65,0.54,0.44,391183701,2000860695,3232,13381,1.2,233.9,3.1,2.0,16,13,0,0,0,0,0,0.0,0,0,0,0,0,0
484.7,2026-05-17T16:03:29,0016c001f10c2ef6,8.8,4.4,4.4,0.0,7809,702,7107,9.0,0.65,0.54,0.44,391186891,2000872560,3190,11865,1.2,233.9,3.1,2.0,16,13,0,0,0,0,0,0.0,0,0,0,0,0,0
485.2,2026-05-17T16:03:30,0016c001f10c2ef6,9.3,3.9,5.4,0.0,7809,701,7108,9.0,0.65,0.54,0.44,391190133,2000884425,3242,11865,1.2,233.9,3.1,2.0,16,13,0,0,0,0,0,0.0,0,0,0,0,0,0
485.7,2026-05-17T16:03:31,0016c001f10c2ef6,10.1,5.0,5.0,0.0,7809,701,7108,9.0,0.65,0.54,0.44,391194148,2000927416,4015,42991,1.2,233.9,3.1,2.0,16,13,0,0,0,0,0,0.0,0,0,0,0,0,0
486.2,2026-05-17T16:03:31,0016c001f10c2ef6,8.9,2.5,6.4,0.0,7809,702,7107,9.0,0.65,0.54,0.44,391197390,2000939281,3242,11865,1.2,233.9,3.1,2.0,16,13,0,0,0,0,0,0.0,0,0,0,0,0,0
486.7,2026-05-17T16:03:32,0016c001f10c2ef6,8.9,3.0,5.4,0.5,7809,702,7107,9.0,0.65,0.54,0.44,391200428,2000951146,3038,11865,1.2,233.9,3.1,2.0,16,13,0,0,0,0,0,0.0,0,0,0,0,0,0
487.2,2026-05-17T16:03:32,0016c001f10c2ef6,7.4,2.3,5.1,0.0,7809,702,7107,9.0,0.6,0.53,0.44,391203614,2000963628,3186,12482,1.2,233.9,3.1,2.0,16,13,0,0,0,0,0,0.0,0,0,0,0,0,0
487.6,2026-05-17T16:03:33,0016c001f10c2ef6,8.5,4.0,4.5,0.0,7809,702,7107,9.0,0.6,0.53,0.44,391207471,2001008128,3857,44500,1.2,233.9,3.1,2.0,16,13,0,0,0,0,0,0.0,0,0,0,0,0,0
488.1,2026-05-17T16:03:33,0016c001f10c2ef6,6.0,3.3,2.7,0.0,7809,701,7108,9.0,0.6,0.53,0.44,391210609,2001019927,3138,11799,1.2,233.9,3.1,2.0,16,13,0,0,0,0,0,0.0,0,0,0,0,0,0
488.5,2026-05-17T16:03:34,0016c001f10c2ef6,8.3,2.8,5.6,0.0,7809,701,7108,9.0,0.6,0.53,0.44,391213695,2001031726,3086,11799,1.2,233.9,3.1,2.0,16,13,0,0,0,0,0,0.0,0,0,0,0,0,0
488.9,2026-05-17T16:03:34,0016c001f10c2ef6,6.4,2.3,4.0,0.0,7809,701,7108,9.0,0.6,0.53,0.44,391216729,2001043525,3034,11799,1.2,233.9,3.1,2.0,16,13,0,0,0,0,0,0.0,0,0,0,0,0,0
489.4,2026-05-17T16:03:35,0016c001f10c2ef6,6.9,2.9,4.0,0.0,7809,701,7108,9.0,0.6,0.53,0.44,391219863,2001055324,3134,11799,1.2,233.9,3.1,2.0,16,13,0,0,0,0,0,0.0,0,0,0,0,0,0
489.8,2026-05-17T16:03:35,0016c001f10c2ef6,7.3,3.4,3.9,0.0,7809,701,7108,9.0,0.6,0.53,0.44,391223778,2001098249,3915,42925,1.2,233.9,3.1,2.0,16,13,0,0,0,0,0,0.0,0,0,0,0,0,0
490.3,2026-05-17T16:03:36,0016c001f10c2ef6,6.3,1.7,4.6,0.0,7809,701,7108,9.0,0.6,0.53,0.44,391226812,2001110048,3034,11799,1.2,233.9,3.1,2.0,16,13,0,0,0,0,0,0.0,0,0,0,0,0,0
490.7,2026-05-17T16:03:36,0016c001f10c2ef6,6.4,1.2,5.2,0.0,7809,701,7108,9.0,0.6,0.53,0.44,391229846,2001121847,3034,11799,1.2,233.9,3.1,2.0,16,13,0,0,0,0,0,0.0,0,0,0,0,0,0
491.1,2026-05-17T16:03:36,0016c001f10c2ef6,14.8,3.0,11.8,0.0,7809,702,7107,9.0,0.6,0.53,0.44,391232932,2001133646,3086,11799,1.2,233.9,3.1,2.0,16,13,0,0,0,0,0,0.0,0,0,0,0,0,0
491.6,2026-05-17T16:03:37,0016c001f10c2ef6,20.5,2.3,18.1,0.0,7809,701,7108,9.0,0.6,0.53,0.44,391237151,2001176571,4219,42925,1.2,233.9,3.1,2.0,16,13,0,0,0,0,0,0.0,0,0,0,0,0,0
492.0,2026-05-17T16:03:37,0016c001f10c2ef6,20.1,2.2,17.9,0.0,7809,701,7108,9.0,0.71,0.55,0.45,391240189,2001188370,3038,11799,1.2,234.0,3.1,2.0,16,13,0,0,0,0,0,0.0,0,0,0,0,0,0
492.5,2026-05-17T16:03:38,0016c001f10c2ef6,16.0,1.7,14.3,0.0,7809,701,7108,9.0,0.71,0.55,0.45,391243327,2001200169,3138,11799,1.2,234.0,3.1,2.0,16,13,0,0,0,0,0,0.0,0,0,0,0,0,0
492.9,2026-05-17T16:03:38,0016c001f10c2ef6,6.9,2.3,4.6,0.0,7809,702,7107,9.0,0.71,0.55,0.45,391246465,2001211968,3138,11799,1.2,234.0,3.1,2.0,16,13,0,0,0,0,0,0.0,0,0,0,0,0,0
493.3,2026-05-17T16:03:39,0016c001f10c2ef6,6.8,1.7,5.1,0.0,7809,701,7108,9.0,0.71,0.55,0.45,391249603,2001223767,3138,11799,1.2,234.0,3.1,2.0,16,13,0,0,0,0,0,0.0,0,0,0,0,0,0
493.8,2026-05-17T16:03:39,0016c001f10c2ef6,5.7,2.3,3.4,0.0,7809,701,7108,9.0,0.71,0.55,0.45,391253995,2001266692,4392,42925,1.2,234.0,3.1,2.0,16,13,0,0,0,0,0,0.0,0,0,0,0,0,0
494.2,2026-05-17T16:03:39,0016c001f10c2ef6,7.1,3.5,3.5,0.0,7809,703,7106,9.0,0.71,0.55,0.45,391257153,2001278569,3158,11877,1.2,234.0,3.1,2.0,16,13,0,0,0,0,0,0.0,0,0,0,0,0,0
494.6,2026-05-17T16:03:40,0016c001f10c2ef6,7.4,2.3,5.1,0.0,7809,703,7106,9.0,0.71,0.55,0.45,391260187,2001290368,3034,11799,1.2,234.0,3.1,2.0,16,13,0,0,0,0,0,0.0,0,0,0,0,0,0
495.0,2026-05-17T16:03:40,0016c001f10c2ef6,7.5,2.9,4.6,0.0,7809,703,7106,9.0,0.71,0.55,0.45,391263453,2001302323,3266,11955,1.2,234.1,3.1,2.0,16,13,0,0,0,0,0,0.0,0,0,0,0,0,0
495.5,2026-05-17T16:03:41,0016c001f10c2ef6,5.6,1.7,3.9,0.0,7809,703,7106,9.0,0.71,0.55,0.45,391266539,2001314122,3086,11799,1.2,234.1,3.1,2.0,16,13,0,0,0,0,0,0.0,0,0,0,0,0,0
495.9,2026-05-17T16:03:41,0016c001f10c2ef6,6.5,2.9,3.5,0.0,7809,703,7106,9.0,0.71,0.55,0.45,391270554,2001357047,4015,42925,1.2,234.1,3.1,2.0,16,13,0,0,0,0,0,0.0,0,0,0,0,0,0
496.3,2026-05-17T16:03:42,0016c001f10c2ef6,6.3,2.3,4.0,0.0,7809,703,7106,9.0,0.71,0.55,0.45,391273796,2001368846,3242,11799,1.2,234.1,3.1,2.0,16,13,0,0,0,0,0,0.0,0,0,0,0,0,0
496.8,2026-05-17T16:03:42,0016c001f10c2ef6,8.5,4.0,4.5,0.0,7809,703,7106,9.0,0.65,0.54,0.45,391276882,2001380711,3086,11865,1.2,234.1,3.1,2.0,16,13,0,0,0,0,0,0.0,0,0,0,0,0,0
497.2,2026-05-17T16:03:42,0016c001f10c2ef6,8.0,3.4,4.0,0.6,7809,702,7107,9.0,0.65,0.54,0.45,391280066,2001395344,3184,14633,1.2,234.1,3.1,2.0,16,13,0,0,0,0,0,0.0,0,0,0,0,0,0
497.7,2026-05-17T16:03:43,0016c001f10c2ef6,11.2,5.3,5.9,0.0,7809,703,7106,9.0,0.65,0.54,0.45,391284133,2001438350,4067,43006,1.2,234.1,3.1,2.0,16,13,0,0,0,0,0,0.0,0,0,0,0,0,0
498.1,2026-05-17T16:03:43,0016c001f10c2ef6,7.3,2.8,4.5,0.0,7809,702,7107,9.0,0.65,0.54,0.45,391287271,2001451094,3138,12744,1.2,234.1,3.1,2.0,16,13,0,0,0,0,0,0.0,0,0,0,0,0,0
498.5,2026-05-17T16:03:44,0016c001f10c2ef6,6.4,2.3,4.1,0.0,7809,703,7106,9.0,0.65,0.54,0.45,391290351,2001462893,3080,11799,1.2,234.1,3.1,2.0,16,13,0,0,0,0,0,0.0,0,0,0,0,0,0
499.0,2026-05-17T16:03:44,0016c001f10c2ef6,5.7,2.8,2.8,0.0,7809,702,7107,9.0,0.65,0.54,0.45,391293437,2001474692,3086,11799,1.2,234.2,3.1,2.0,16,13,0,0,0,0,0,0.0,0,0,0,0,0,0
499.4,2026-05-17T16:03:45,0016c001f10c2ef6,6.9,2.3,4.6,0.0,7809,702,7107,9.0,0.65,0.54,0.45,391296471,2001486491,3034,11799,1.2,234.2,3.1,2.0,16,13,0,0,0,0,0,0.0,0,0,0,0,0,0
499.8,2026-05-17T16:03:45,0016c001f10c2ef6,5.8,2.3,3.5,0.0,7809,702,7107,9.0,0.65,0.54,0.45,391300434,2001529497,3963,43006,1.2,234.2,3.1,2.0,16,13,0,0,0,0,0,0.0,0,0,0,0,0,0
500.2,2026-05-17T16:03:45,0016c001f10c2ef6,8.8,3.5,4.7,0.6,7809,703,7106,9.0,0.65,0.54,0.45,391303618,2001542836,3184,13339,1.2,234.2,3.1,2.0,16,13,0,0,0,0,0,0.0,0,0,0,0,0,0
500.6,2026-05-17T16:03:46,0016c001f10c2ef6,5.8,1.2,4.7,0.0,7809,703,7106,9.0,0.65,0.54,0.45,391306756,2001554635,3138,11799,1.2,234.2,3.1,2.0,16,13,0,0,0,0,0,0.0,0,0,0,0,0,0
501.1,2026-05-17T16:03:46,0016c001f10c2ef6,6.7,1.7,5.1,0.0,7809,702,7107,9.0,0.65,0.54,0.45,391309790,2001567155,3034,12520,1.2,234.2,3.1,2.0,16,13,0,0,0,0,0,0.0,0,0,0,0,0,0
501.5,2026-05-17T16:03:47,0016c001f10c2ef6,5.6,1.7,3.9,0.0,7809,703,7106,9.0,0.68,0.55,0.45,391313074,2001578954,3284,11799,1.2,234.2,3.1,2.0,16,13,0,0,0,0,0,0.0,0,0,0,0,0,0
502.0,2026-05-17T16:03:47,0016c001f10c2ef6,10.1,4.3,5.8,0.0,7809,702,7107,9.0,0.68,0.55,0.45,391317269,2001622104,4195,43150,1.2,234.2,3.1,2.0,16,13,0,0,0,0,0,0.0,0,0,0,0,0,0
502.5,2026-05-17T16:03:48,0016c001f10c2ef6,11.5,1.7,9.8,0.0,7809,702,7107,9.0,0.68,0.55,0.45,391320407,2001633903,3138,11799,1.2,234.2,3.1,2.0,16,13,0,0,0,0,0,0.0,0,0,0,0,0,0
502.9,2026-05-17T16:03:48,0016c001f10c2ef6,20.0,2.4,17.6,0.0,7809,702,7107,9.0,0.68,0.55,0.45,391323591,2001647983,3184,14080,1.2,234.2,3.1,2.0,16,13,0,0,0,0,0,0.0,0,0,0,0,0,0
503.3,2026-05-17T16:03:49,0016c001f10c2ef6,19.6,1.8,17.9,0.0,7809,702,7107,9.0,0.68,0.55,0.45,391327106,2001659782,3515,11799,1.2,234.2,3.1,2.0,16,13,0,0,0,0,0,0.0,0,0,0,0,0,0
503.7,2026-05-17T16:03:49,0016c001f10c2ef6,19.5,2.3,17.2,0.0,7809,702,7107,9.0,0.68,0.55,0.45,391330140,2001671581,3034,11799,1.2,234.3,3.1,2.0,16,13,0,0,0,0,0,0.0,0,0,0,0,0,0
504.1,2026-05-17T16:03:49,0016c001f10c2ef6,8.8,3.5,5.3,0.0,7809,702,7107,9.0,0.68,0.55,0.45,391334103,2001714587,3963,43006,1.2,234.3,3.1,2.0,16,13,0,0,0,0,0,0.0,0,0,0,0,0,0
504.5,2026-05-17T16:03:50,0016c001f10c2ef6,5.3,1.2,4.1,0.0,7809,702,7107,9.0,0.68,0.55,0.45,391337189,2001726386,3086,11799,1.2,234.3,3.1,2.0,16,13,0,0,0,0,0,0.0,0,0,0,0,0,0
505.0,2026-05-17T16:03:50,0016c001f10c2ef6,6.8,2.3,4.5,0.0,7809,702,7107,9.0,0.68,0.55,0.45,391340275,2001738185,3086,11799,1.2,234.3,3.1,2.0,16,13,0,0,0,0,0,0.0,0,0,0,0,0,0
505.4,2026-05-17T16:03:51,0016c001f10c2ef6,5.7,1.1,4.6,0.0,7809,702,7107,9.0,0.68,0.55,0.45,391343361,2001749984,3086,11799,1.2,234.3,3.1,2.0,21,18,5,5,0,0,0,0.0,0,0,0,0,0,0
505.8,2026-05-17T16:03:51,0016c001f10c2ef6,7.2,2.8,3.9,0.6,7809,702,7107,9.0,0.68,0.55,0.45,391347272,2001792990,3911,43006,1.2,234.3,3.1,2.0,21,18,0,0,0,0,0,0.0,0,0,0,0,0,0
506.3,2026-05-17T16:03:51,0016c001f10c2ef6,6.7,2.8,3.9,0.0,7809,703,7106,9.0,0.62,0.54,0.45,391350462,2001804789,3190,11799,1.2,234.3,3.1,2.0,21,18,0,0,0,0,0,0.0,0,0,0,0,0,0
506.7,2026-05-17T16:03:52,0016c001f10c2ef6,6.6,1.7,5.0,0.0,7809,703,7106,9.0,0.62,0.54,0.45,391353752,2001816588,3290,11799,1.2,234.3,3.1,2.0,21,18,0,0,0,0,0,0.0,0,0,0,0,0,0
507.2,2026-05-17T16:03:52,0016c001f10c2ef6,9.2,2.6,6.6,0.0,7809,703,7106,9.0,0.62,0.54,0.45,391356738,2001828453,2986,11865,1.2,234.3,3.1,2.0,21,18,0,0,0,0,0,0.0,0,0,0,0,0,0
507.6,2026-05-17T16:03:53,0016c001f10c2ef6,5.9,1.8,4.1,0.0,7809,703,7106,9.0,0.62,0.54,0.45,391359928,2001840252,3190,11799,1.2,234.3,3.1,2.0,21,18,0,0,0,0,0,0.0,0,0,0,0,0,0
508.0,2026-05-17T16:03:53,0016c001f10c2ef6,7.3,2.8,4.5,0.0,7809,703,7106,9.0,0.62,0.54,0.45,391364047,2001883258,4119,43006,1.2,234.4,3.1,2.0,21,18,0,0,0,0,0,0.0,0,0,0,0,0,0
508.4,2026-05-17T16:03:54,0016c001f10c2ef6,7.3,2.3,5.1,0.0,7809,703,7106,9.0,0.62,0.54,0.45,391367237,2001895057,3190,11799,1.2,234.3,3.1,2.0,21,18,0,0,0,0,0,0.0,0,0,0,0,0,0
508.9,2026-05-17T16:03:54,0016c001f10c2ef6,6.6,2.8,3.9,0.0,7809,703,7106,9.0,0.62,0.54,0.45,391370491,2001907098,3254,12041,1.2,234.3,3.1,2.0,21,18,0,0,0,0,0,0.0,0,0,0,0,0,0
509.3,2026-05-17T16:03:55,0016c001f10c2ef6,5.1,1.1,4.0,0.0,7809,703,7106,9.0,0.62,0.54,0.45,391373649,2001918975,3158,11877,1.2,234.3,3.1,2.0,21,18,0,0,0,0,0,0.0,0,0,0,0,0,0
509.8,2026-05-17T16:03:55,0016c001f10c2ef6,5.8,1.7,4.1,0.0,7809,703,7106,9.0,0.62,0.54,0.45,391376835,2001930774,3186,11799,1.2,234.3,3.1,2.0,21,18,0,0,0,0,0,0.0,0,0,0,0,0,0
510.2,2026-05-17T16:03:55,0016c001f10c2ef6,6.9,2.9,4.0,0.0,7809,703,7106,9.0,0.62,0.54,0.45,391380802,2001973780,3967,43006,1.2,234.3,3.1,2.0,21,18,0,0,0,0,0,0.0,0,0,0,0,0,0
510.6,2026-05-17T16:03:56,0016c001f10c2ef6,5.1,1.7,3.4,0.0,7809,703,7106,9.0,0.62,0.54,0.45,391383940,2001985579,3138,11799,1.2,234.3,3.1,2.0,21,18,0,0,0,0,0,0.0,0,0,0,0,0,0
511.0,2026-05-17T16:03:56,0016c001f10c2ef6,6.9,2.3,4.6,0.0,7809,703,7106,9.0,0.62,0.54,0.45,391387026,2001997378,3086,11799,1.2,234.3,3.1,2.0,21,18,0,0,0,0,0,0.0,0,0,0,0,0,0
511.5,2026-05-17T16:03:57,0016c001f10c2ef6,5.8,1.2,4.7,0.0,7809,703,7106,9.0,0.57,0.53,0.45,391390164,2002009177,3138,11799,1.2,234.3,3.1,2.0,21,18,0,0,0,0,0,0.0,0,0,0,0,0,0
511.9,2026-05-17T16:03:57,0016c001f10c2ef6,6.9,2.3,4.6,0.0,7809,702,7107,9.0,0.57,0.53,0.45,391394383,2002052183,4219,43006,1.2,234.3,3.1,2.0,21,18,0,0,0,0,0,0.0,0,0,0,0,0,0
512.4,2026-05-17T16:03:58,0016c001f10c2ef6,10.0,3.0,7.0,0.0,7809,702,7107,9.0,0.57,0.53,0.45,391397573,2002064048,3190,11865,1.2,234.3,3.1,2.0,21,18,0,0,0,0,0,0.0,0,0,0,0,0,0
512.9,2026-05-17T16:03:58,0016c001f10c2ef6,11.2,4.6,6.1,0.5,7809,702,7107,9.0,0.57,0.53,0.45,391400867,2002076596,3294,12548,1.2,234.3,3.1,2.0,21,18,0,0,0,0,0,0.0,0,0,0,0,0,0
513.4,2026-05-17T16:03:59,0016c001f10c2ef6,9.9,3.0,6.9,0.0,7809,702,7107,9.0,0.57,0.53,0.45,391404334,2002088461,3467,11865,1.2,234.3,3.1,2.0,21,18,0,0,0,0,0,0.0,0,0,0,0,0,0
513.8,2026-05-17T16:03:59,0016c001f10c2ef6,10.6,2.8,7.8,0.0,7809,702,7107,9.0,0.57,0.53,0.45,391407362,2002101858,3028,13397,1.2,234.3,3.1,2.0,21,18,0,0,0,0,0,0.0,0,0,0,0,0,0
514.3,2026-05-17T16:04:00,0016c001f10c2ef6,19.7,3.3,16.4,0.0,7809,703,7106,9.0,0.57,0.53,0.45,391411273,2002144864,3911,43006,1.2,234.3,3.1,2.0,21,18,0,0,0,0,0,0.0,0,0,0,0,0,0
514.7,2026-05-17T16:04:00,0016c001f10c2ef6,19.5,3.0,16.6,0.0,7809,702,7107,9.0,0.57,0.53,0.45,391414411,2002156663,3138,11799,1.2,234.3,3.1,2.0,21,18,0,0,0,0,0,0.0,0,0,0,0,0,0
515.2,2026-05-17T16:04:00,0016c001f10c2ef6,18.7,2.3,16.4,0.0,7809,702,7107,9.0,0.57,0.53,0.45,391417497,2002168462,3086,11799,1.2,234.3,3.1,2.0,21,18,0,0,0,0,0,0.0,0,0,0,0,0,0
515.6,2026-05-17T16:04:01,0016c001f10c2ef6,8.5,1.7,6.8,0.0,7809,702,7107,9.0,0.57,0.53,0.45,391420531,2002180261,3034,11799,1.2,234.3,3.1,2.0,21,18,0,0,0,0,0,0.0,0,0,0,0,0,0
516.0,2026-05-17T16:04:01,0016c001f10c2ef6,6.9,3.5,3.5,0.0,7809,702,7107,9.0,0.53,0.52,0.44,391424650,2002223267,4119,43006,1.2,234.3,3.1,2.0,21,18,0,0,0,0,0,0.0,0,0,0,0,0,0
516.4,2026-05-17T16:04:02,0016c001f10c2ef6,7.1,2.4,4.7,0.0,7809,702,7107,9.0,0.53,0.52,0.44,391427736,2002235066,3086,11799,1.2,234.3,3.1,2.0,21,18,0,0,0,0,0,0.0,0,0,0,0,0,0
516.9,2026-05-17T16:04:02,0016c001f10c2ef6,6.3,2.3,4.0,0.0,7809,702,7107,9.0,0.53,0.52,0.44,391430922,2002246865,3186,11799,1.2,234.3,3.1,2.0,21,18,0,0,0,0,0,0.0,0,0,0,0,0,0
517.3,2026-05-17T16:04:03,0016c001f10c2ef6,7.4,2.3,5.1,0.0,7809,703,7106,9.0,0.53,0.52,0.44,391434084,2002258742,3162,11877,1.2,234.3,3.1,2.0,21,18,0,0,0,0,0,0.0,0,0,0,0,0,0
517.7,2026-05-17T16:04:04,0016c001f10c2ef6,6.9,2.9,4.0,0.0,7809,701,7108,9.0,0.53,0.52,0.44,391437170,2002270541,3086,11799,1.2,234.3,3.1,2.0,21,18,0,0,0,0,0,0.0,0,0,0,0,0,0
518.2,2026-05-17T16:04:04,0016c001f10c2ef6,7.0,2.3,4.7,0.0,7809,701,7108,9.0,0.53,0.52,0.44,391441337,2002313547,4167,43006,1.2,234.3,3.1,2.0,21,18,0,0,0,0,0,0.0,0,0,0,0,0,0
518.7,2026-05-17T16:04:05,0016c001f10c2ef6,11.7,3.4,8.3,0.0,7809,703,7106,9.0,0.53,0.52,0.44,391444375,2002325412,3038,11865,1.2,234.3,3.1,2.0,21,18,0,0,0,0,0,0.0,0,0,0,0,0,0
519.1,2026-05-17T16:04:05,0016c001f10c2ef6,5.3,2.4,2.9,0.0,7809,703,7106,9.0,0.53,0.52,0.44,391447561,2002337211,3186,11799,1.2,234.3,3.1,2.0,21,18,0,0,0,0,0,0.0,0,0,0,0,0,0
519.6,2026-05-17T16:04:06,0016c001f10c2ef6,8.5,2.8,4.5,1.1,7809,703,7106,9.0,0.53,0.52,0.44,391450651,2002349010,3090,11799,1.2,234.3,3.1,2.0,21,18,0,0,0,0,0,0.0,0,0,0,0,0,0
520.0,2026-05-17T16:04:06,0016c001f10c2ef6,5.7,1.7,4.0,0.0,7809,703,7106,9.0,0.53,0.52,0.44,391454562,2002392016,3911,43006,1.2,234.1,3.1,2.0,21,18,0,0,0,0,0,0.0,0,0,0,0,0,0
520.4,2026-05-17T16:04:07,0016c001f10c2ef6,5.8,1.7,4.1,0.0,7809,703,7106,9.0,0.53,0.52,0.44,391457752,2002403815,3190,11799,1.2,234.3,3.1,2.0,21,18,0,0,0,0,0,0.0,0,0,0,0,0,0
520.9,2026-05-17T16:04:07,0016c001f10c2ef6,6.7,1.7,5.1,0.0,7809,703,7106,9.0,0.53,0.52,0.44,391460936,2002415680,3184,11865,1.2,234.3,3.1,2.0,21,18,0,0,0,0,0,0.0,0,0,0,0,0,0
521.3,2026-05-17T16:04:07,0016c001f10c2ef6,6.4,1.2,5.2,0.0,7809,704,7105,9.0,0.49,0.51,0.44,391464022,2002427479,3086,11799,1.2,234.3,3.1,2.0,21,18,0,0,0,0,0,0.0,0,0,0,0,0,0
521.8,2026-05-17T16:04:08,0016c001f10c2ef6,6.4,1.8,4.7,0.0,7809,703,7106,9.0,0.49,0.51,0.44,391467108,2002439278,3086,11799,1.2,234.3,3.1,2.0,21,18,0,0,0,0,0,0.0,0,0,0,0,0,0
522.2,2026-05-17T16:04:08,0016c001f10c2ef6,7.1,2.9,4.1,0.0,7809,703,7106,9.0,0.49,0.51,0.44,391471171,2002482284,4063,43006,1.2,234.3,3.1,2.0,21,18,0,0,0,0,0,0.0,0,0,0,0,0,0
522.6,2026-05-17T16:04:09,0016c001f10c2ef6,5.7,2.9,2.9,0.0,7809,703,7106,9.0,0.49,0.51,0.44,391474281,2002494169,3110,11885,1.2,234.2,3.1,2.0,21,18,0,0,0,0,0,0.0,0,0,0,0,0,0
523.1,2026-05-17T16:04:09,0016c001f10c2ef6,8.7,4.1,4.1,0.6,7809,703,7106,9.0,0.49,0.51,0.44,391478104,2002507761,3823,13592,1.2,234.2,3.1,2.0,21,18,0,0,0,0,0,0.0,0,0,0,0,0,0
523.5,2026-05-17T16:04:10,0016c001f10c2ef6,6.2,1.7,4.5,0.0,7809,703,7106,9.0,0.49,0.51,0.44,391481240,2002521519,3136,13758,1.2,234.2,3.1,2.0,21,18,0,0,0,0,0,0.0,0,0,0,0,0,0
524.0,2026-05-17T16:04:10,0016c001f10c2ef6,8.4,2.5,5.9,0.0,7809,702,7107,9.0,0.49,0.51,0.44,391485355,2002564672,4115,43153,1.2,234.2,3.1,2.0,21,18,0,0,0,0,0,0.0,0,0,0,0,0,0
524.5,2026-05-17T16:04:11,0016c001f10c2ef6,10.5,4.8,5.7,0.0,7809,702,7107,9.0,0.49,0.51,0.44,391488673,2002576693,3318,12021,1.2,234.2,3.1,2.0,21,18,0,0,0,0,0,0.0,0,0,0,0,0,0
525.0,2026-05-17T16:04:11,0016c001f10c2ef6,8.2,3.1,5.1,0.0,7809,702,7107,9.0,0.49,0.51,0.44,391491763,2002588558,3090,11865,1.2,234.2,3.1,2.0,21,18,0,0,0,0,0,0.0,0,0,0,0,0,0
525.4,2026-05-17T16:04:12,0016c001f10c2ef6,9.8,1.7,8.1,0.0,7809,702,7107,9.0,0.49,0.51,0.44,391494849,2002600357,3086,11799,1.2,234.2,3.1,2.0,21,18,0,0,0,0,0,0.0,0,0,0,0,0,0
525.9,2026-05-17T16:04:12,0016c001f10c2ef6,18.4,1.7,16.8,0.0,7809,700,7109,9.0,0.61,0.54,0.45,391497987,2002612156,3138,11799,1.2,234.2,3.1,2.0,21,18,0,0,0,0,0,0.0,0,0,0,0,0,0
526.3,2026-05-17T16:04:12,0016c001f10c2ef6,20.2,2.3,17.9,0.0,7809,702,7107,9.0,0.61,0.54,0.45,391502002,2002655243,4015,43087,1.2,234.2,3.1,2.0,21,18,0,0,0,0,0,0.0,0,0,0,0,0,0
526.8,2026-05-17T16:04:13,0016c001f10c2ef6,21.8,5.9,15.9,0.0,7809,702,7107,9.0,0.61,0.54,0.45,391505192,2002667042,3190,11799,1.2,234.2,3.1,2.0,21,18,0,0,0,0,0,0.0,0,0,0,0,0,0
527.2,2026-05-17T16:04:13,0016c001f10c2ef6,9.3,2.3,7.0,0.0,7809,703,7106,9.0,0.61,0.54,0.45,391508278,2002678841,3086,11799,1.2,234.2,3.1,2.0,21,18,0,0,0,0,0,0.0,0,0,0,0,0,0
527.6,2026-05-17T16:04:14,0016c001f10c2ef6,6.5,2.9,3.5,0.0,7809,703,7106,9.0,0.61,0.54,0.45,391511464,2002690640,3186,11799,1.2,234.2,3.1,2.0,21,18,0,0,0,0,0,0.0,0,0,0,0,0,0
528.0,2026-05-17T16:04:14,0016c001f10c2ef6,6.8,2.3,4.5,0.0,7809,704,7105,9.0,0.61,0.54,0.45,391514602,2002702439,3138,11799,1.2,234.2,3.1,2.0,21,18,0,0,0,0,0,0.0,0,0,0,0,0,0
528.5,2026-05-17T16:04:15,0016c001f10c2ef6,6.7,2.2,4.5,0.0,7809,705,7104,9.0,0.61,0.54,0.45,391518465,2002745592,3863,43153,1.2,234.2,3.1,2.0,21,18,0,0,0,0,0,0.0,0,0,0,0,0,0
528.9,2026-05-17T16:04:15,0016c001f10c2ef6,5.7,2.3,3.4,0.0,7809,705,7104,9.0,0.61,0.54,0.45,391521551,2002757391,3086,11799,1.2,234.2,3.1,2.0,21,18,0,0,0,0,0,0.0,0,0,0,0,0,0
529.3,2026-05-17T16:04:15,0016c001f10c2ef6,6.2,1.7,4.5,0.0,7809,704,7105,9.0,0.61,0.54,0.45,391524637,2002769190,3086,11799,1.2,234.2,3.1,2.0,21,18,0,0,0,0,0,0.0,0,0,0,0,0,0
529.7,2026-05-17T16:04:16,0016c001f10c2ef6,6.8,3.4,3.4,0.0,7809,704,7105,9.0,0.61,0.54,0.45,391527875,2002780989,3238,11799,1.2,234.2,3.1,2.0,21,18,0,0,0,0,0,0.0,0,0,0,0,0,0
530.2,2026-05-17T16:04:16,0016c001f10c2ef6,9.3,2.9,6.4,0.0,7809,703,7106,9.0,0.61,0.54,0.45,391531894,2002824142,4019,43153,1.2,234.2,3.1,2.0,21,18,0,0,0,0,0,0.0,0,0,0,0,0,0
530.7,2026-05-17T16:04:17,0016c001f10c2ef6,7.1,3.5,2.9,0.6,7809,703,7106,9.0,0.61,0.54,0.45,391534980,2002835941,3086,11799,1.2,234.2,3.1,2.0,21,18,0,0,0,0,0,0.0,0,0,0,0,0,0
531.1,2026-05-17T16:04:17,0016c001f10c2ef6,6.2,3.4,2.8,0.0,7809,703,7106,9.0,0.56,0.53,0.45,391538170,2002847740,3190,11799,1.2,234.2,3.1,2.0,21,18,0,0,0,0,0,0.0,0,0,0,0,0,0
531.5,2026-05-17T16:04:18,0016c001f10c2ef6,6.1,2.2,3.9,0.0,7809,703,7106,9.0,0.56,0.53,0.45,391541412,2002859539,3242,11799,1.2,234.2,3.1,2.0,21,18,0,0,0,0,0,0.0,0,0,0,0,0,0
532.0,2026-05-17T16:04:18,0016c001f10c2ef6,7.8,2.2,5.6,0.0,7809,702,7107,9.0,0.56,0.53,0.45,391544498,2002871338,3086,11799,1.2,234.2,3.1,2.0,21,18,0,0,0,0,0,0.0,0,0,0,0,0,0
532.4,2026-05-17T16:04:18,0016c001f10c2ef6,6.5,2.4,4.1,0.0,7809,702,7107,9.0,0.56,0.53,0.45,391548565,2002914425,4067,43087,1.2,234.2,3.1,2.0,21,18,0,0,0,0,0,0.0,0,0,0,0,0,0
532.8,2026-05-17T16:04:19,0016c001f10c2ef6,7.3,0.6,6.8,0.0,7809,702,7107,9.0,0.56,0.53,0.45,391552028,2002926224,3463,11799,1.2,234.2,3.1,2.0,21,18,0,0,0,0,0,0.0,0,0,0,0,0,0
533.2,2026-05-17T16:04:19,0016c001f10c2ef6,6.4,2.3,4.1,0.0,7809,703,7106,9.0,0.56,0.53,0.45,391555134,2002938101,3106,11877,1.2,234.2,3.1,2.0,21,18,0,0,0,0,0,0.0,0,0,0,0,0,0
533.6,2026-05-17T16:04:20,0016c001f10c2ef6,6.4,1.7,4.7,0.0,7809,702,7107,9.0,0.56,0.53,0.45,391558320,2002949900,3186,11799,1.2,234.2,3.1,2.0,21,18,0,0,0,0,0,0.0,0,0,0,0,0,0
534.1,2026-05-17T16:04:20,0016c001f10c2ef6,6.7,2.2,4.4,0.0,7809,702,7107,9.0,0.56,0.53,0.45,391561406,2002961699,3086,11799,1.2,234.2,3.1,2.0,21,18,0,0,0,0,0,0.0,0,0,0,0,0,0
534.5,2026-05-17T16:04:21,0016c001f10c2ef6,8.1,3.0,5.1,0.0,7809,702,7107,9.0,0.56,0.53,0.45,391565425,2003004786,4019,43087,1.2,234.2,3.1,2.0,21,18,0,0,0,0,0,0.0,0,0,0,0,0,0
535.0,2026-05-17T16:04:21,0016c001f10c2ef6,6.3,1.7,4.6,0.0,7809,702,7107,9.0,0.56,0.53,0.45,391568611,2003016585,3186,11799,1.2,234.2,3.1,2.0,23,20,2,2,0,0,0,0.0,0,0,0,0,0,0
535.5,2026-05-17T16:04:22,0016c001f10c2ef6,9.4,3.1,5.8,0.4,7809,702,7107,9.0,0.56,0.53,0.45,391571749,2003028450,3138,11865,1.2,234.2,3.1,2.0,23,20,0,0,0,0,0,0.0,0,0,0,0,0,0
536.0,2026-05-17T16:04:22,0016c001f10c2ef6,9.0,3.5,5.5,0.0,7809,701,7108,9.0,0.51,0.52,0.44,391574939,2003040315,3190,11865,1.2,234.2,3.1,2.0,23,20,0,0,0,0,0,0.0,0,0,0,0,0,0
536.5,2026-05-17T16:04:23,0016c001f10c2ef6,9.5,5.5,4.0,0.0,7809,702,7107,9.0,0.51,0.52,0.44,391579006,2003083468,4067,43153,1.2,234.2,3.1,2.0,23,20,0,0,0,0,0,0.0,0,0,0,0,0,0
537.0,2026-05-17T16:04:23,0016c001f10c2ef6,16.1,3.5,12.6,0.0,7809,701,7108,9.0,0.51,0.52,0.44,391582044,2003095333,3038,11865,1.2,234.1,3.1,2.0,23,20,0,0,0,0,0,0.0,0,0,0,0,0,0
537.4,2026-05-17T16:04:23,0016c001f10c2ef6,19.0,2.9,16.1,0.0,7809,701,7108,9.0,0.51,0.52,0.44,391585334,2003107132,3290,11799,1.2,234.1,3.1,2.0,23,20,0,0,0,0,0,0.0,0,0,0,0,0,0
537.8,2026-05-17T16:04:24,0016c001f10c2ef6,18.5,2.3,16.2,0.0,7809,701,7108,9.0,0.51,0.52,0.44,391588372,2003118931,3038,11799,1.2,233.9,3.1,2.0,23,20,0,0,0,0,0,0.0,0,0,0,0,0,0
538.3,2026-05-17T16:04:24,0016c001f10c2ef6,17.2,2.9,14.4,0.0,7809,701,7108,9.0,0.51,0.52,0.44,391592335,2003162018,3963,43087,1.2,233.9,3.1,2.0,23,20,0,0,0,0,0,0.0,0,0,0,0,0,0
538.7,2026-05-17T16:04:25,0016c001f10c2ef6,7.9,2.8,5.1,0.0,7809,702,7107,9.0,0.51,0.52,0.44,391595469,2003173817,3134,11799,1.2,233.9,3.1,2.0,23,20,0,0,0,0,0,0.0,0,0,0,0,0,0
539.1,2026-05-17T16:04:25,0016c001f10c2ef6,7.9,2.8,5.1,0.0,7809,701,7108,9.0,0.51,0.52,0.44,391598507,2003185616,3038,11799,1.2,233.9,3.1,2.0,23,20,0,0,0,0,0,0.0,0,0,0,0,0,0
539.5,2026-05-17T16:04:26,0016c001f10c2ef6,5.7,2.3,3.4,0.0,7809,703,7106,9.0,0.51,0.52,0.44,391601541,2003197415,3034,11799,1.2,233.9,3.1,2.0,23,20,0,0,0,0,0,0.0,0,0,0,0,0,0
539.9,2026-05-17T16:04:26,0016c001f10c2ef6,7.4,1.7,5.7,0.0,7809,703,7106,9.0,0.51,0.52,0.44,391604627,2003209214,3086,11799,1.2,233.9,3.1,2.0,23,20,0,0,0,0,0,0.0,0,0,0,0,0,0
540.4,2026-05-17T16:04:26,0016c001f10c2ef6,6.7,1.7,4.5,0.6,7809,703,7106,9.0,0.47,0.51,0.44,391608694,2003252301,4067,43087,1.2,233.9,3.1,2.0,23,20,0,0,0,0,0,0.0,0,0,0,0,0,0
540.8,2026-05-17T16:04:27,0016c001f10c2ef6,7.8,2.8,4.5,0.6,7809,703,7106,9.0,0.47,0.51,0.44,391611900,2003264178,3206,11877,1.2,234.0,3.1,2.0,23,20,0,0,0,0,0,0.0,0,0,0,0,0,0
541.3,2026-05-17T16:04:27,0016c001f10c2ef6,5.9,1.6,4.3,0.0,7809,704,7105,9.0,0.47,0.51,0.44,391615038,2003275977,3138,11799,1.2,234.0,3.1,2.0,23,20,0,0,0,0,0,0.0,0,0,0,0,0,0
541.7,2026-05-17T16:04:28,0016c001f10c2ef6,7.6,2.7,4.9,0.0,7809,703,7106,9.0,0.47,0.51,0.44,391618124,2003287776,3086,11799,1.2,234.0,3.1,2.0,23,20,0,0,0,0,0,0.0,0,0,0,0,0,0
542.2,2026-05-17T16:04:28,0016c001f10c2ef6,11.1,3.9,7.2,0.0,7809,704,7105,9.0,0.47,0.51,0.44,391621591,2003299641,3467,11865,1.2,234.0,3.1,2.0,23,20,0,0,0,0,0,0.0,0,0,0,0,0,0
542.7,2026-05-17T16:04:29,0016c001f10c2ef6,6.4,2.3,4.0,0.0,7809,703,7106,9.0,0.47,0.51,0.44,391625658,2003342728,4067,43087,1.2,234.0,3.1,2.0,23,20,0,0,0,0,0,0.0,0,0,0,0,0,0
543.1,2026-05-17T16:04:29,0016c001f10c2ef6,6.4,2.3,4.0,0.0,7809,703,7106,9.0,0.47,0.51,0.44,391628792,2003354527,3134,11799,1.2,234.0,3.1,2.0,23,20,0,0,0,0,0,0.0,0,0,0,0,0,0
543.5,2026-05-17T16:04:30,0016c001f10c2ef6,7.4,3.4,4.0,0.0,7809,703,7106,9.0,0.47,0.51,0.44,391631830,2003366326,3038,11799,1.2,234.0,3.1,2.0,23,20,0,0,0,0,0,0.0,0,0,0,0,0,0
543.9,2026-05-17T16:04:30,0016c001f10c2ef6,5.2,2.3,2.9,0.0,7809,703,7106,9.0,0.47,0.51,0.44,391634916,2003378125,3086,11799,1.2,234.0,3.1,2.0,23,20,0,0,0,0,0,0.0,0,0,0,0,0,0
544.4,2026-05-17T16:04:30,0016c001f10c2ef6,6.2,2.8,3.4,0.0,7809,703,7106,9.0,0.47,0.51,0.44,391638927,2003421212,4011,43087,1.2,234.0,3.1,2.0,23,20,0,0,0,0,0,0.0,0,0,0,0,0,0
544.8,2026-05-17T16:04:31,0016c001f10c2ef6,5.9,1.8,4.1,0.0,7809,702,7107,9.0,0.47,0.51,0.44,391641965,2003433011,3038,11799,1.2,234.0,3.1,2.0,23,20,0,0,0,0,0,0.0,0,0,0,0,0,0
545.2,2026-05-17T16:04:31,0016c001f10c2ef6,7.3,3.4,4.0,0.0,7809,702,7107,9.0,0.51,0.52,0.45,391644999,2003444810,3034,11799,1.2,234.0,3.1,2.0,23,20,0,0,0,0,0,0.0,0,0,0,0,0,0
545.7,2026-05-17T16:04:32,0016c001f10c2ef6,5.8,1.7,4.1,0.0,7809,702,7107,9.0,0.51,0.52,0.45,391648085,2003456609,3086,11799,1.2,234.0,3.1,2.0,23,20,0,0,0,0,0,0.0,0,0,0,0,0,0
546.1,2026-05-17T16:04:32,0016c001f10c2ef6,6.5,2.4,4.1,0.0,7809,702,7107,9.0,0.51,0.52,0.45,391651119,2003468408,3034,11799,1.2,234.0,3.1,2.0,23,20,0,0,0,0,0,0.0,0,0,0,0,0,0
546.5,2026-05-17T16:04:33,0016c001f10c2ef6,7.6,1.2,4.7,1.8,7809,702,7107,9.0,0.51,0.52,0.45,391655134,2003511495,4015,43087,1.2,234.0,3.1,2.0,23,20,0,0,0,0,0,0.0,0,0,0,0,0,0
546.9,2026-05-17T16:04:33,0016c001f10c2ef6,7.9,3.4,4.5,0.0,7809,702,7107,9.0,0.51,0.52,0.45,391658272,2003523294,3138,11799,1.2,234.0,3.1,2.0,23,20,0,0,0,0,0,0.0,0,0,0,0,0,0
547.4,2026-05-17T16:04:34,0016c001f10c2ef6,8.2,3.1,5.1,0.0,7809,703,7106,9.0,0.51,0.52,0.45,391661358,2003535159,3086,11865,1.2,234.0,3.1,2.0,23,20,0,0,0,0,0,0.0,0,0,0,0,0,0
547.9,2026-05-17T16:04:34,0016c001f10c2ef6,5.7,0.6,5.1,0.0,7809,703,7106,9.0,0.51,0.52,0.45,391664444,2003546958,3086,11799,1.2,234.2,3.1,2.0,23,20,0,0,0,0,0,0.0,0,0,0,0,0,0
548.3,2026-05-17T16:04:34,0016c001f10c2ef6,12.3,2.3,9.9,0.0,7809,702,7107,9.0,0.51,0.52,0.45,391667582,2003558757,3138,11799,1.2,234.2,3.1,2.0,23,20,0,0,0,0,0,0.0,0,0,0,0,0,0
548.7,2026-05-17T16:04:35,0016c001f10c2ef6,20.8,3.0,17.9,0.0,7809,701,7108,9.0,0.51,0.52,0.45,391671669,2003601922,4087,43165,1.2,234.2,3.1,2.0,23,20,0,0,0,0,0,0.0,0,0,0,0,0,0
549.1,2026-05-17T16:04:35,0016c001f10c2ef6,19.4,2.4,17.1,0.0,7809,702,7107,9.0,0.51,0.52,0.45,391674755,2003613721,3086,11799,1.2,234.2,3.1,2.0,23,20,0,0,0,0,0,0.0,0,0,0,0,0,0
549.6,2026-05-17T16:04:37,0016c001f10c2ef6,19.8,2.9,16.9,0.0,7809,702,7107,9.0,0.51,0.52,0.45,391677841,2003625520,3086,11799,1.2,234.2,3.1,2.0,23,20,0,0,0,0,0,0.0,0,0,0,0,0,0
550.0,2026-05-17T16:04:37,0016c001f10c2ef6,7.6,1.8,5.9,0.0,7809,703,7106,9.0,0.51,0.52,0.45,391680927,2003637319,3086,11799,1.2,234.2,3.1,2.0,23,20,0,0,0,0,0,0.0,0,0,0,0,0,0
550.5,2026-05-17T16:04:37,0016c001f10c2ef6,6.2,1.7,4.5,0.0,7809,703,7106,9.0,0.47,0.51,0.44,391685150,2003680406,4223,43087,1.2,234.2,3.1,2.0,23,20,0,0,0,0,0,0.0,0,0,0,0,0,0
550.9,2026-05-17T16:04:38,0016c001f10c2ef6,7.2,1.8,5.4,0.0,7809,703,7106,9.0,0.47,0.51,0.44,391688184,2003692205,3034,11799,1.2,234.2,3.1,2.0,23,20,0,0,0,0,0,0.0,0,0,0,0,0,0
551.3,2026-05-17T16:04:38,0016c001f10c2ef6,6.9,2.9,4.0,0.0,7809,702,7107,9.0,0.47,0.51,0.44,391691218,2003704004,3034,11799,1.2,234.2,3.1,2.0,23,20,0,0,0,0,0,0.0,0,0,0,0,0,0
551.8,2026-05-17T16:04:39,0016c001f10c2ef6,6.9,2.3,4.0,0.6,7809,702,7107,9.0,0.47,0.51,0.44,391694252,2003715803,3034,11799,1.2,234.2,3.1,2.0,23,20,0,0,0,0,0,0.0,0,0,0,0,0,0
552.2,2026-05-17T16:04:39,0016c001f10c2ef6,7.5,2.3,5.2,0.0,7809,702,7107,9.0,0.47,0.51,0.44,391697867,2003727602,3615,11799,1.2,234.2,3.1,2.0,23,20,0,0,0,0,0,0.0,0,0,0,0,0,0
552.7,2026-05-17T16:04:40,0016c001f10c2ef6,10.6,4.0,6.6,0.0,7809,702,7107,9.0,0.47,0.51,0.44,391701886,2003770755,4019,43153,1.2,234.2,3.1,2.0,23,20,0,0,0,0,0,0.0,0,0,0,0,0,0
553.1,2026-05-17T16:04:40,0016c001f10c2ef6,6.4,2.3,4.1,0.0,7809,702,7107,9.0,0.47,0.51,0.44,391704972,2003782554,3086,11799,1.2,234.2,3.1,2.0,23,20,0,0,0,0,0,0.0,0,0,0,0,0,0
553.6,2026-05-17T16:04:41,0016c001f10c2ef6,5.7,2.3,3.4,0.0,7809,702,7107,9.0,0.47,0.51,0.44,391708082,2003794509,3110,11955,1.2,234.2,3.1,2.0,23,20,0,0,0,0,0,0.0,0,0,0,0,0,0
554.0,2026-05-17T16:04:41,0016c001f10c2ef6,6.9,2.3,4.6,0.0,7809,703,7106,9.0,0.47,0.51,0.44,391711168,2003806308,3086,11799,1.2,234.2,3.1,2.0,23,20,0,0,0,0,0,0.0,0,0,0,0,0,0
554.5,2026-05-17T16:04:41,0016c001f10c2ef6,7.4,2.3,5.1,0.0,7809,702,7107,9.0,0.47,0.51,0.44,391714975,2003849395,3807,43087,1.2,234.2,3.1,2.0,23,20,0,0,0,0,0,0.0,0,0,0,0,0,0
554.9,2026-05-17T16:04:42,0016c001f10c2ef6,8.3,3.3,5.0,0.0,7809,702,7107,9.0,0.47,0.51,0.44,391718373,2003861194,3398,11799,1.2,234.2,3.1,2.0,23,20,0,0,0,0,0,0.0,0,0,0,0,0,0
555.3,2026-05-17T16:04:42,0016c001f10c2ef6,6.4,1.7,4.6,0.0,7809,703,7106,9.0,0.43,0.5,0.44,391721459,2003872993,3086,11799,1.2,234.2,3.1,2.0,23,20,0,0,0,0,0,0.0,0,0,0,0,0,0
555.8,2026-05-17T16:04:43,0016c001f10c2ef6,6.4,1.8,4.7,0.0,7809,703,7106,9.0,0.43,0.5,0.44,391724493,2003884792,3034,11799,1.2,234.2,3.1,2.0,23,20,0,0,0,0,0,0.0,0,0,0,0,0,0
556.2,2026-05-17T16:04:43,0016c001f10c2ef6,8.4,3.9,4.5,0.0,7809,703,7106,9.0,0.43,0.5,0.44,391727579,2003896591,3086,11799,1.2,234.2,3.1,2.0,23,20,0,0,0,0,0,0.0,0,0,0,0,0,0
556.6,2026-05-17T16:04:44,0016c001f10c2ef6,4.1,0.6,3.5,0.0,7809,703,7106,9.0,0.43,0.5,0.44,391731562,2003939756,3983,43165,1.2,234.2,3.1,2.0,23,20,0,0,0,0,0,0.0,0,0,0,0,0,0
557.1,2026-05-17T16:04:44,0016c001f10c2ef6,6.8,2.8,4.0,0.0,7809,703,7106,9.0,0.43,0.5,0.44,391734700,2003951555,3138,11799,1.2,234.2,3.1,2.0,23,20,0,0,0,0,0,0.0,0,0,0,0,0,0
557.5,2026-05-17T16:04:44,0016c001f10c2ef6,8.6,2.7,4.9,1.1,7809,703,7106,9.0,0.43,0.5,0.44,391737990,2003963354,3290,11799,1.2,234.2,3.1,2.0,23,20,0,0,0,0,0,0.0,0,0,0,0,0,0
558.0,2026-05-17T16:04:45,0016c001f10c2ef6,9.6,2.9,6.7,0.0,7809,703,7106,9.0,0.43,0.5,0.44,391741028,2003975219,3038,11865,1.2,234.2,3.1,2.0,23,20,0,0,0,0,0,0.0,0,0,0,0,0,0
558.5,2026-05-17T16:04:45,0016c001f10c2ef6,5.1,1.1,4.0,0.0,7809,703,7106,9.0,0.43,0.5,0.44,391744160,2003987060,3132,11841,1.2,234.2,3.1,2.0,23,20,0,0,0,0,0,0.0,0,0,0,0,0,0
558.9,2026-05-17T16:04:46,0016c001f10c2ef6,7.6,2.9,4.7,0.0,7809,701,7108,9.0,0.43,0.5,0.44,391748227,2004030147,4067,43087,1.2,234.2,3.1,2.0,23,20,0,0,0,0,0,0.0,0,0,0,0,0,0
559.3,2026-05-17T16:04:46,0016c001f10c2ef6,6.2,1.7,4.5,0.0,7809,701,7108,9.0,0.43,0.5,0.44,391751261,2004041946,3034,11799,1.2,234.2,3.1,2.0,23,20,0,0,0,0,0,0.0,0,0,0,0,0,0
559.8,2026-05-17T16:04:47,0016c001f10c2ef6,6.2,2.3,4.0,0.0,7809,701,7108,9.0,0.43,0.5,0.44,391754399,2004053745,3138,11799,1.2,234.2,3.1,2.0,23,20,0,0,0,0,0,0.0,0,0,0,0,0,0
560.2,2026-05-17T16:04:47,0016c001f10c2ef6,18.6,2.3,16.3,0.0,7809,702,7107,9.0,0.48,0.51,0.44,391757485,2004065544,3086,11799,1.2,234.2,3.1,2.0,23,20,0,0,0,0,0,0.0,0,0,0,0,0,0
560.6,2026-05-17T16:04:48,0016c001f10c2ef6,20.0,2.9,17.1,0.0,7809,702,7107,9.0,0.48,0.51,0.44,391761552,2004108631,4067,43087,1.2,234.2,3.1,2.0,23,20,0,0,0,0,0,0.0,0,0,0,0,0,0
561.0,2026-05-17T16:04:48,0016c001f10c2ef6,20.5,3.6,16.9,0.0,7809,701,7108,9.0,0.48,0.51,0.44,391764686,2004120430,3134,11799,1.2,234.2,3.1,2.0,23,20,0,0,0,0,0,0.0,0,0,0,0,0,0
561.4,2026-05-17T16:04:48,0016c001f10c2ef6,13.3,2.3,11.0,0.0,7809,702,7107,9.0,0.48,0.51,0.44,391767796,2004132315,3110,11885,1.2,234.2,3.1,2.0,23,20,0,0,0,0,0,0.0,0,0,0,0,0,0
561.9,2026-05-17T16:04:49,0016c001f10c2ef6,7.8,3.3,4.4,0.0,7809,703,7106,9.0,0.48,0.51,0.44,391771311,2004144114,3515,11799,1.2,234.2,3.1,2.0,23,20,0,0,0,0,0,0.0,0,0,0,0,0,0
562.3,2026-05-17T16:04:49,0016c001f10c2ef6,6.8,2.8,4.0,0.0,7809,702,7107,9.0,0.48,0.51,0.44,391774345,2004155913,3034,11799,1.2,234.2,3.1,2.0,23,20,0,0,0,0,0,0.0,0,0,0,0,0,0
562.7,2026-05-17T16:04:50,0016c001f10c2ef6,6.4,2.3,4.1,0.0,7809,703,7106,9.0,0.48,0.51,0.44,391778460,2004199066,4115,43153,1.2,234.2,3.1,2.0,23,20,0,0,0,0,0,0.0,0,0,0,0,0,0
563.2,2026-05-17T16:04:50,0016c001f10c2ef6,9.2,3.1,6.1,0.0,7809,703,7106,9.0,0.48,0.51,0.44,391781446,2004210931,2986,11865,1.2,234.2,3.1,2.0,23,20,0,0,0,0,0,0.0,0,0,0,0,0,0
563.6,2026-05-17T16:04:51,0016c001f10c2ef6,5.2,2.3,2.9,0.0,7809,704,7105,9.0,0.48,0.51,0.44,391784688,2004222730,3242,11799,1.2,234.2,3.1,2.0,23,20,0,0,0,0,0,0.0,0,0,0,0,0,0
564.1,2026-05-17T16:04:51,0016c001f10c2ef6,6.0,1.1,4.9,0.0,7809,703,7106,9.0,0.48,0.51,0.44,391787874,2004234529,3186,11799,1.2,234.2,3.1,2.0,23,20,0,0,0,0,0,0.0,0,0,0,0,0,0
564.5,2026-05-17T16:04:51,0016c001f10c2ef6,8.0,2.3,5.1,0.6,7809,703,7106,9.0,0.48,0.51,0.44,391790912,2004246328,3038,11799,1.2,234.2,3.1,2.0,23,20,0,0,0,0,0,0.0,0,0,0,0,0,0
565.0,2026-05-17T16:04:52,0016c001f10c2ef6,7.3,3.9,3.4,0.0,7809,703,7106,9.0,0.68,0.55,0.46,391795021,2004289481,4109,43153,1.2,234.2,3.1,2.0,23,20,0,0,0,0,0,0.0,0,0,0,0,0,0
565.4,2026-05-17T16:04:52,0016c001f10c2ef6,6.2,1.1,5.1,0.0,7809,703,7106,9.0,0.68,0.55,0.46,391798059,2004301280,3038,11799,1.2,234.2,3.1,2.0,23,20,0,0,0,0,0,0.0,0,0,0,0,0,0
565.8,2026-05-17T16:04:53,0016c001f10c2ef6,6.8,2.3,4.5,0.0,7809,703,7106,9.0,0.68,0.55,0.46,391801245,2004313079,3186,11799,1.2,234.2,3.1,2.0,23,20,0,0,0,0,0,0.0,0,0,0,0,0,0
566.2,2026-05-17T16:04:53,0016c001f10c2ef6,4.6,1.7,2.9,0.0,7809,703,7106,9.0,0.68,0.55,0.46,391804231,2004324878,2986,11799,1.2,234.2,3.1,2.0,23,20,0,0,0,0,0,0.0,0,0,0,0,0,0
566.6,2026-05-17T16:04:54,0016c001f10c2ef6,7.9,2.3,5.6,0.0,7809,703,7106,9.0,0.68,0.55,0.46,391807369,2004336677,3138,11799,1.2,234.2,3.1,2.0,23,20,0,0,0,0,0,0.0,0,0,0,0,0,0
567.0,2026-05-17T16:04:54,0016c001f10c2ef6,5.8,1.7,4.1,0.0,7809,702,7107,9.0,0.68,0.55,0.46,391811280,2004379764,3911,43087,1.2,234.2,3.1,2.0,23,20,0,0,0,0,0,0.0,0,0,0,0,0,0
567.5,2026-05-17T16:04:54,0016c001f10c2ef6,6.1,2.8,3.4,0.0,7809,702,7107,9.0,0.68,0.55,0.46,391814360,2004391629,3080,11865,1.2,234.2,3.1,2.0,23,20,0,0,0,0,0,0.0,0,0,0,0,0,0
567.9,2026-05-17T16:04:55,0016c001f10c2ef6,6.8,2.3,4.5,0.0,7809,703,7106,9.0,0.68,0.55,0.46,391817598,2004403428,3238,11799,1.2,234.2,3.1,2.0,23,20,0,0,0,0,0,0.0,0,0,0,0,0,0
568.4,2026-05-17T16:04:55,0016c001f10c2ef6,9.3,2.5,6.4,0.5,7809,704,7105,9.0,0.68,0.55,0.46,391820688,2004415293,3090,11865,1.2,234.2,3.1,2.0,23,20,0,0,0,0,0,0.0,0,0,0,0,0,0
568.8,2026-05-17T16:04:56,0016c001f10c2ef6,6.3,1.7,4.6,0.0,7809,704,7105,9.0,0.68,0.55,0.46,391824599,2004458380,3911,43087,1.2,234.2,3.1,2.0,23,20,0,0,0,0,0,0.0,0,0,0,0,0,0
569.2,2026-05-17T16:04:56,0016c001f10c2ef6,7.6,2.3,5.2,0.0,7809,703,7106,9.0,0.68,0.55,0.46,391827837,2004470179,3238,11799,1.2,234.2,3.1,2.0,23,20,0,0,0,0,0,0.0,0,0,0,0,0,0
569.6,2026-05-17T16:04:57,0016c001f10c2ef6,7.8,2.8,5.0,0.0,7809,703,7106,9.0,0.71,0.56,0.46,391830927,2004481978,3090,11799,1.2,234.2,3.1,2.0,23,20,0,0,0,0,0,0.0,0,0,0,0,0,0
570.0,2026-05-17T16:04:57,0016c001f10c2ef6,5.6,1.7,3.9,0.0,7809,703,7106,9.0,0.71,0.56,0.46,391834117,2004493777,3190,11799,1.2,234.2,3.1,2.0,23,20,0,0,0,0,0,0.0,0,0,0,0,0,0
570.5,2026-05-17T16:04:57,0016c001f10c2ef6,7.2,3.3,3.3,0.6,7809,703,7106,9.0,0.71,0.56,0.46,391837255,2004505576,3138,11799,1.2,234.2,3.1,2.0,23,20,0,0,0,0,0,0.0,0,0,0,0,0,0
570.9,2026-05-17T16:04:58,0016c001f10c2ef6,6.3,1.7,4.6,0.0,7809,703,7106,9.0,0.71,0.56,0.46,391841270,2004548663,4015,43087,1.2,234.2,3.1,2.0,23,20,0,0,0,0,0,0.0,0,0,0,0,0,0
571.3,2026-05-17T16:04:58,0016c001f10c2ef6,16.4,2.9,13.5,0.0,7809,703,7106,9.0,0.71,0.56,0.46,391844408,2004560462,3138,11799,1.2,234.2,3.1,2.0,23,20,0,0,0,0,0,0.0,0,0,0,0,0,0
571.7,2026-05-17T16:04:59,0016c001f10c2ef6,18.6,2.3,16.4,0.0,7809,703,7106,9.0,0.71,0.56,0.46,391847670,2004572405,3262,11943,1.2,234.2,3.1,2.0,23,20,0,0,0,0,0,0.0,0,0,0,0,0,0
572.2,2026-05-17T16:04:59,0016c001f10c2ef6,19.4,2.3,17.1,0.0,7809,703,7106,9.0,0.71,0.56,0.46,391850808,2004584204,3138,11799,1.2,234.1,3.1,2.0,23,20,0,0,0,0,0,0.0,0,0,0,0,0,0
572.6,2026-05-17T16:05:00,0016c001f10c2ef6,16.2,1.7,14.5,0.0,7809,703,7106,9.0,0.71,0.56,0.46,391853994,2004596003,3186,11799,1.2,234.1,3.1,2.0,23,20,0,0,0,0,0,0.0,0,0,0,0,0,0
573.1,2026-05-17T16:05:00,0016c001f10c2ef6,6.7,3.4,3.4,0.0,7809,702,7107,9.0,0.71,0.56,0.46,391858113,2004639090,4119,43087,1.2,234.1,3.1,2.0,23,20,0,0,0,0,0,0.0,0,0,0,0,0,0
573.5,2026-05-17T16:05:00,0016c001f10c2ef6,10.2,3.1,6.6,0.5,7809,703,7106,9.0,0.71,0.56,0.46,391861151,2004650955,3038,11865,1.2,234.1,3.1,2.0,23,20,0,0,0,0,0,0.0,0,0,0,0,0,0
574.0,2026-05-17T16:05:01,0016c001f10c2ef6,5.1,1.7,3.4,0.0,7809,703,7106,9.0,0.71,0.56,0.46,391864289,2004662754,3138,11799,1.2,234.1,3.1,2.0,23,20,0,0,0,0,0,0.0,0,0,0,0,0,0
574.4,2026-05-17T16:05:01,0016c001f10c2ef6,6.2,1.7,4.5,0.0,7809,703,7106,9.0,0.65,0.55,0.46,391867375,2004674619,3086,11865,1.2,234.1,3.1,2.0,23,20,0,0,0,0,0,0.0,0,0,0,0,0,0
574.8,2026-05-17T16:05:02,0016c001f10c2ef6,6.2,1.7,4.5,0.0,7809,703,7106,9.0,0.65,0.55,0.46,391871286,2004717706,3911,43087,1.2,234.1,3.1,2.0,23,20,0,0,0,0,0,0.0,0,0,0,0,0,0
575.3,2026-05-17T16:05:02,0016c001f10c2ef6,8.5,3.4,5.1,0.0,7809,704,7105,9.0,0.65,0.55,0.46,391874524,2004729505,3238,11799,1.2,234.1,3.1,2.0,23,20,0,0,0,0,0,0.0,0,0,0,0,0,0
575.7,2026-05-17T16:05:03,0016c001f10c2ef6,5.7,1.1,4.6,0.0,7809,704,7105,9.0,0.65,0.55,0.46,391877614,2004741304,3090,11799,1.2,234.1,3.1,2.0,23,20,0,0,0,0,0,0.0,0,0,0,0,0,0
576.1,2026-05-17T16:05:03,0016c001f10c2ef6,5.7,2.3,3.4,0.0,7809,704,7105,9.0,0.65,0.55,0.46,391880700,2004753103,3086,11799,1.2,234.1,3.1,2.0,23,20,0,0,0,0,0,0.0,0,0,0,0,0,0
576.6,2026-05-17T16:05:04,0016c001f10c2ef6,6.3,2.3,4.0,0.0,7809,703,7106,9.0,0.65,0.55,0.46,391883886,2004764902,3186,11799,1.2,234.1,3.1,2.0,23,20,0,0,0,0,0,0.0,0,0,0,0,0,0
577.0,2026-05-17T16:05:04,0016c001f10c2ef6,8.0,2.8,5.1,0.0,7809,702,7107,9.0,0.65,0.55,0.46,391887953,2004807989,4067,43087,1.2,234.1,3.1,2.0,23,20,0,0,0,0,0,0.0,0,0,0,0,0,0
577.4,2026-05-17T16:05:04,0016c001f10c2ef6,5.8,1.7,4.1,0.0,7809,702,7107,9.0,0.65,0.55,0.46,391890991,2004819788,3038,11799,1.2,234.1,3.1,2.0,23,20,0,0,0,0,0,0.0,0,0,0,0,0,0
577.9,2026-05-17T16:05:05,0016c001f10c2ef6,7.3,2.3,5.1,0.0,7809,702,7107,9.0,0.65,0.55,0.46,391894229,2004831587,3238,11799,1.2,234.1,3.1,2.0,23,20,0,0,0,0,0,0.0,0,0,0,0,0,0
578.3,2026-05-17T16:05:05,0016c001f10c2ef6,7.3,2.8,4.5,0.0,7809,704,7105,9.0,0.65,0.55,0.46,391897315,2004843386,3086,11799,1.2,234.1,3.1,2.0,23,20,0,0,0,0,0,0.0,0,0,0,0,0,0
578.8,2026-05-17T16:05:06,0016c001f10c2ef6,13.5,4.0,6.5,3.0,7809,703,7106,9.0,0.65,0.55,0.46,391901018,2004855251,3703,11865,1.2,234.1,3.1,2.0,23,20,0,0,0,0,0,0.0,0,0,0,0,0,0
579.3,2026-05-17T16:05:06,0016c001f10c2ef6,12.3,4.6,5.6,2.1,7809,703,7106,9.0,0.6,0.54,0.46,391904572,2004898404,3554,43153,1.2,234.1,3.1,2.0,23,20,0,0,0,0,0,0.0,0,0,0,0,0,0
579.8,2026-05-17T16:05:07,0016c001f10c2ef6,8.0,3.0,5.0,0.0,7809,703,7106,9.0,0.6,0.54,0.46,391907886,2004910347,3314,11943,1.2,234.1,3.1,2.0,23,20,0,0,0,0,0,0.0,0,0,0,0,0,0
580.3,2026-05-17T16:05:07,0016c001f10c2ef6,9.6,3.0,6.6,0.0,7809,703,7106,9.0,0.6,0.54,0.46,391911128,2004922212,3242,11865,1.2,234.1,3.1,2.0,23,20,0,0,0,0,0,0.0,0,0,0,0,0,0
580.8,2026-05-17T16:05:08,0016c001f10c2ef6,10.2,4.4,5.9,0.0,7809,703,7106,9.0,0.6,0.54,0.46,391914370,2004934077,3242,11865,1.2,234.1,3.1,2.0,23,20,0,0,0,0,0,0.0,0,0,0,0,0,0
581.3,2026-05-17T16:05:08,0016c001f10c2ef6,11.9,5.9,5.9,0.0,7809,703,7106,9.0,0.6,0.54,0.46,391919022,2004977230,4652,43153,1.2,234.1,3.1,2.0,23,20,0,0,0,0,0,0.0,0,0,0,0,0,0
581.8,2026-05-17T16:05:09,0016c001f10c2ef6,8.6,2.0,6.6,0.0,7809,703,7106,9.0,0.6,0.54,0.46,391922212,2004989095,3190,11865,1.2,234.1,3.1,2.0,23,20,0,0,0,0,0,0.0,0,0,0,0,0,0
582.3,2026-05-17T16:05:10,0016c001f10c2ef6,9.5,4.0,5.5,0.0,7809,702,7107,9.0,0.6,0.54,0.46,391925454,2005000960,3242,11865,1.2,234.1,3.1,2.0,23,20,0,0,0,0,0,0.0,0,0,0,0,0,0
582.8,2026-05-17T16:05:11,0016c001f10c2ef6,14.4,3.1,11.3,0.0,7809,703,7106,9.0,0.6,0.54,0.46,391928568,2005012981,3114,12021,1.2,234.1,3.1,2.0,23,20,0,0,0,0,0,0.0,0,0,0,0,0,0
583.2,2026-05-17T16:05:11,0016c001f10c2ef6,21.0,4.2,16.8,0.0,7809,703,7106,9.0,0.6,0.54,0.46,391932631,2005056068,4063,43087,1.2,234.1,3.1,2.0,23,20,0,0,0,0,0,0.0,0,0,0,0,0,0
583.7,2026-05-17T16:05:12,0016c001f10c2ef6,18.1,1.2,17.0,0.0,7809,703,7106,9.0,0.6,0.54,0.46,391935669,2005067867,3038,11799,1.2,234.1,3.1,2.0,23,20,0,0,0,0,0,0.0,0,0,0,0,0,0
584.1,2026-05-17T16:05:12,0016c001f10c2ef6,19.7,2.9,16.2,0.6,7809,704,7105,9.0,0.6,0.54,0.46,391938807,2005079666,3138,11799,1.2,234.1,3.1,2.0,23,20,0,0,0,0,0,0.0,0,0,0,0,0,0
584.6,2026-05-17T16:05:12,0016c001f10c2ef6,5.1,1.7,3.4,0.0,7809,704,7105,9.0,0.55,0.53,0.45,391941893,2005091465,3086,11799,1.2,234.1,3.1,2.0,23,20,0,0,0,0,0,0.0,0,0,0,0,0,0
585.0,2026-05-17T16:05:13,0016c001f10c2ef6,8.0,4.0,4.0,0.0,7809,703,7106,9.0,0.55,0.53,0.45,391945752,2005134552,3859,43087,1.2,234.1,3.1,2.0,23,20,0,0,0,0,0,0.0,0,0,0,0,0,0
585.5,2026-05-17T16:05:13,0016c001f10c2ef6,8.0,2.9,5.1,0.0,7809,703,7106,9.0,0.55,0.53,0.45,391948786,2005146351,3034,11799,1.2,234.1,3.1,2.0,23,20,0,0,0,0,0,0.0,0,0,0,0,0,0
585.9,2026-05-17T16:05:14,0016c001f10c2ef6,6.2,2.3,4.0,0.0,7809,703,7106,9.0,0.55,0.53,0.45,391951820,2005158150,3034,11799,1.2,234.1,3.1,2.0,23,20,0,0,0,0,0,0.0,0,0,0,0,0,0
586.4,2026-05-17T16:05:14,0016c001f10c2ef6,9.0,2.3,6.8,0.0,7809,703,7106,9.0,0.55,0.53,0.45,391954906,2005169949,3086,11799,1.2,234.1,3.1,2.0,23,20,0,0,0,0,0,0.0,0,0,0,0,0,0
586.8,2026-05-17T16:05:15,0016c001f10c2ef6,4.7,1.7,2.9,0.0,7809,703,7106,9.0,0.55,0.53,0.45,391957940,2005181748,3034,11799,1.2,234.1,3.1,2.0,23,20,0,0,0,0,0,0.0,0,0,0,0,0,0
587.2,2026-05-17T16:05:15,0016c001f10c2ef6,6.8,2.8,4.0,0.0,7809,702,7107,9.0,0.55,0.53,0.45,391962111,2005224835,4171,43087,1.2,234.1,3.1,2.0,23,20,0,0,0,0,0,0.0,0,0,0,0,0,0
587.7,2026-05-17T16:05:15,0016c001f10c2ef6,5.8,2.9,2.9,0.0,7809,702,7107,9.0,0.55,0.53,0.45,391965473,2005236712,3362,11877,1.2,234.1,3.1,2.0,23,20,0,0,0,0,0,0.0,0,0,0,0,0,0
588.2,2026-05-17T16:05:16,0016c001f10c2ef6,8.9,3.4,5.4,0.0,7809,702,7107,9.0,0.55,0.53,0.45,391968459,2005248577,2986,11865,1.2,234.1,3.1,2.0,23,20,0,0,0,0,0,0.0,0,0,0,0,0,0
588.6,2026-05-17T16:05:16,0016c001f10c2ef6,6.1,2.2,3.9,0.0,7809,702,7107,9.0,0.55,0.53,0.45,391971597,2005260376,3138,11799,1.2,234.1,3.1,2.0,23,20,0,0,0,0,0,0.0,0,0,0,0,0,0
589.1,2026-05-17T16:05:17,0016c001f10c2ef6,5.5,1.7,3.9,0.0,7809,702,7107,9.0,0.55,0.53,0.45,391975716,2005303463,4119,43087,1.2,234.1,3.1,2.0,23,20,0,0,0,0,0,0.0,0,0,0,0,0,0
589.5,2026-05-17T16:05:17,0016c001f10c2ef6,7.9,3.4,4.0,0.6,7809,703,7106,9.0,0.59,0.54,0.46,391978902,2005315262,3186,11799,1.2,234.1,3.1,2.0,23,20,0,0,0,0,0,0.0,0,0,0,0,0,0
589.9,2026-05-17T16:05:18,0016c001f10c2ef6,6.9,2.9,4.0,0.0,7809,703,7106,9.0,0.59,0.54,0.46,391981888,2005327061,2986,11799,1.2,234.1,3.1,2.0,23,20,0,0,0,0,0,0.0,0,0,0,0,0,0
590.3,2026-05-17T16:05:18,0016c001f10c2ef6,6.5,3.5,2.9,0.0,7809,703,7106,9.0,0.59,0.54,0.46,391984974,2005338860,3086,11799,1.2,234.1,3.1,2.0,23,20,0,0,0,0,0,0.0,0,0,0,0,0,0
590.8,2026-05-17T16:05:19,0016c001f10c2ef6,6.1,2.2,3.9,0.0,7809,703,7106,9.0,0.59,0.54,0.46,391988164,2005350659,3190,11799,1.2,234.1,3.1,2.0,23,20,0,0,0,0,0,0.0,0,0,0,0,0,0
591.2,2026-05-17T16:05:19,0016c001f10c2ef6,6.2,2.8,3.4,0.0,7809,703,7106,9.0,0.59,0.54,0.46,391992556,2005393746,4392,43087,1.2,234.1,3.1,2.0,23,20,0,0,0,0,0,0.0,0,0,0,0,0,0
591.6,2026-05-17T16:05:19,0016c001f10c2ef6,8.3,3.9,4.4,0.0,7809,703,7106,9.0,0.59,0.54,0.46,391995642,2005405545,3086,11799,1.2,234.1,3.1,2.0,23,20,0,0,0,0,0,0.0,0,0,0,0,0,0
592.0,2026-05-17T16:05:20,0016c001f10c2ef6,4.7,1.2,3.5,0.0,7809,702,7107,9.0,0.59,0.54,0.46,391998780,2005417344,3138,11799,1.2,234.1,3.1,2.0,23,20,0,0,0,0,0,0.0,0,0,0,0,0,0
592.5,2026-05-17T16:05:20,0016c001f10c2ef6,7.3,3.4,3.9,0.0,7809,702,7107,9.0,0.59,0.54,0.46,392001866,2005429143,3086,11799,1.2,234.1,3.1,2.0,23,20,0,0,0,0,0,0.0,0,0,0,0,0,0
592.9,2026-05-17T16:05:21,0016c001f10c2ef6,6.2,1.1,5.1,0.0,7809,702,7107,9.0,0.59,0.54,0.46,392005156,2005440942,3290,11799,1.2,234.1,3.1,2.0,23,20,0,0,0,0,0,0.0,0,0,0,0,0,0
593.4,2026-05-17T16:05:21,0016c001f10c2ef6,11.0,4.3,6.7,0.0,7809,701,7108,9.0,0.59,0.54,0.46,392009171,2005484095,4015,43153,1.2,234.1,3.1,2.0,23,20,0,0,0,0,0,0.0,0,0,0,0,0,0
593.9,2026-05-17T16:05:22,0016c001f10c2ef6,9.2,3.1,5.6,0.5,7809,701,7108,9.0,0.59,0.54,0.46,392012209,2005495960,3038,11865,1.2,234.1,3.1,2.0,23,20,0,0,0,0,0,0.0,0,0,0,0,0,0
594.3,2026-05-17T16:05:22,0016c001f10c2ef6,12.6,1.8,10.2,0.6,7809,701,7108,9.0,0.7,0.56,0.46,392015499,2005507825,3290,11865,1.2,234.1,3.1,2.0,23,20,0,0,0,0,0,0.0,0,0,0,0,0,0
594.7,2026-05-17T16:05:23,0016c001f10c2ef6,19.5,2.3,17.2,0.0,7809,702,7107,9.0,0.7,0.56,0.46,392018485,2005519624,2986,11799,1.2,234.1,3.1,2.0,23,20,0,0,0,0,0,0.0,0,0,0,0,0,0
595.2,2026-05-17T16:05:23,0016c001f10c2ef6,19.5,3.0,16.6,0.0,7809,702,7107,9.0,0.7,0.56,0.46,392022520,2005562789,4035,43165,1.2,234.1,3.1,2.0,23,20,0,0,0,0,0,0.0,0,0,0,0,0,0
595.6,2026-05-17T16:05:23,0016c001f10c2ef6,20.7,1.8,18.9,0.0,7809,702,7107,9.0,0.7,0.56,0.46,392025554,2005574588,3034,11799,1.2,234.1,3.1,2.0,23,20,0,0,0,0,0,0.0,0,0,0,0,0,0
596.1,2026-05-17T16:05:24,0016c001f10c2ef6,7.4,1.5,5.9,0.0,7809,702,7107,9.0,0.7,0.56,0.46,392028588,2005586387,3034,11799,1.2,234.1,3.1,2.0,23,20,0,0,0,0,0,0.0,0,0,0,0,0,0
596.5,2026-05-17T16:05:24,0016c001f10c2ef6,27.0,1.7,5.6,19.7,7809,702,7107,9.0,0.7,0.56,0.46,392031726,2005598869,3138,12482,1.2,234.1,3.1,2.0,23,20,0,0,0,0,0,0.0,0,0,0,0,0,0
596.9,2026-05-17T16:05:25,0016c001f10c2ef6,13.1,3.4,2.9,6.9,7809,702,7107,9.0,0.7,0.56,0.46,392034806,2005612255,3080,13386,1.2,234.1,3.1,2.0,23,20,0,0,0,0,0,0.0,0,0,0,0,0,0
597.3,2026-05-17T16:05:25,0016c001f10c2ef6,6.3,2.3,4.0,0.0,7809,702,7107,9.0,0.7,0.56,0.46,392038817,2005655342,4011,43087,1.2,234.1,3.1,2.0,23,20,0,0,0,0,0,0.0,0,0,0,0,0,0
597.8,2026-05-17T16:05:26,0016c001f10c2ef6,6.4,2.1,4.3,0.0,7809,702,7107,9.0,0.7,0.56,0.46,392041959,2005667141,3142,11799,1.2,234.1,3.1,2.0,23,20,0,0,0,0,0,0.0,0,0,0,0,0,0
598.2,2026-05-17T16:05:26,0016c001f10c2ef6,6.8,2.3,4.5,0.0,7809,702,7107,9.0,0.7,0.56,0.46,392045149,2005678940,3190,11799,1.2,234.1,3.1,2.0,23,20,0,0,0,0,0,0.0,0,0,0,0,0,0
598.6,2026-05-17T16:05:26,0016c001f10c2ef6,7.2,3.3,3.9,0.0,7809,702,7107,9.0,0.7,0.56,0.46,392048439,2005690739,3290,11799,1.2,234.1,3.1,2.0,23,20,0,0,0,0,0,0.0,0,0,0,0,0,0
599.1,2026-05-17T16:05:27,0016c001f10c2ef6,10.1,3.5,6.6,0.0,7809,702,7107,9.0,0.72,0.57,0.47,392052454,2005733892,4015,43153,1.2,234.1,3.1,2.0,23,20,0,0,0,0,0,0.0,0,0,0,0,0,0
599.6,2026-05-17T16:05:27,0016c001f10c2ef6,6.9,3.4,2.9,0.6,7809,703,7106,9.0,0.72,0.57,0.47,392055596,2005745691,3142,11799,1.2,234.1,3.1,2.0,23,20,0,0,0,0,0,0.0,0,0,0,0,0,0
600.0,2026-05-17T16:05:28,0016c001f10c2ef6,7.9,4.0,4.0,0.0,7809,702,7107,9.0,0.72,0.57,0.47,392058834,2005757490,3238,11799,1.2,234.1,3.1,2.0,23,20,0,0,0,0,0,0.0,0,0,0,0,0,0
600.4,2026-05-17T16:05:28,0016c001f10c2ef6,7.2,2.2,4.4,0.6,7809,702,7107,9.0,0.72,0.57,0.47,392061944,2005769375,3110,11885,1.2,234.3,3.1,2.0,23,20,0,0,0,0,0,0.0,0,0,0,0,0,0
600.8,2026-05-17T16:05:29,0016c001f10c2ef6,13.2,3.4,3.4,6.3,7809,701,7108,9.0,0.72,0.57,0.47,392065615,2005781857,3671,12482,1.2,234.3,3.1,2.0,23,20,0,0,0,0,0,0.0,0,0,0,0,0,0
601.3,2026-05-17T16:05:29,0016c001f10c2ef6,7.8,2.2,5.6,0.0,7809,701,7108,9.0,0.72,0.57,0.47,392069682,2005824944,4067,43087,1.2,234.3,3.1,2.0,23,20,0,0,0,0,0,0.0,0,0,0,0,0,0
601.7,2026-05-17T16:05:30,0016c001f10c2ef6,7.2,2.2,5.0,0.0,7809,702,7107,9.0,0.72,0.57,0.47,392072862,2005838322,3180,13378,1.2,234.3,3.1,2.0,23,20,0,0,0,0,0,0.0,0,0,0,0,0,0
602.1,2026-05-17T16:05:30,0016c001f10c2ef6,6.1,3.3,2.8,0.0,7809,702,7107,9.0,0.72,0.57,0.47,392075952,2005850121,3090,11799,1.2,234.3,3.1,2.0,23,20,0,0,0,0,0,0.0,0,0,0,0,0,0
602.6,2026-05-17T16:05:30,0016c001f10c2ef6,6.2,1.7,4.5,0.0,7809,702,7107,9.0,0.72,0.57,0.47,392079190,2005861920,3238,11799,1.2,234.3,3.1,2.0,23,20,0,0,0,0,0,0.0,0,0,0,0,0,0
603.0,2026-05-17T16:05:31,0016c001f10c2ef6,6.8,2.3,4.5,0.0,7809,702,7107,9.0,0.72,0.57,0.47,392082380,2005873719,3190,11799,1.2,234.3,3.1,2.0,23,20,0,0,0,0,0,0.0,0,0,0,0,0,0
603.4,2026-05-17T16:05:31,0016c001f10c2ef6,7.5,2.9,4.6,0.0,7809,701,7108,9.0,0.72,0.57,0.47,392086395,2005916806,4015,43087,1.2,234.3,3.1,2.0,23,20,0,0,0,0,0,0.0,0,0,0,0,0,0
603.8,2026-05-17T16:05:32,0016c001f10c2ef6,9.8,3.3,6.5,0.0,7809,701,7108,9.0,0.67,0.56,0.46,392089585,2005928605,3190,11799,1.2,234.3,3.1,2.0,23,20,0,0,0,0,0,0.0,0,0,0,0,0,0
604.3,2026-05-17T16:05:32,0016c001f10c2ef6,8.9,3.4,5.4,0.0,7809,701,7108,9.0,0.67,0.56,0.46,392092671,2005940470,3086,11865,1.2,234.3,3.1,2.0,23,20,0,0,0,0,0,0.0,0,0,0,0,0,0
604.8,2026-05-17T16:05:33,0016c001f10c2ef6,5.6,2.8,2.8,0.0,7809,701,7108,9.0,0.67,0.56,0.46,392095861,2005952269,3190,11799,1.2,234.3,3.1,2.0,23,20,0,0,0,0,0,0.0,0,0,0,0,0,0
605.2,2026-05-17T16:05:33,0016c001f10c2ef6,5.8,1.7,4.0,0.0,7809,701,7108,9.0,0.67,0.56,0.46,392099051,2005964068,3190,11799,1.2,234.3,3.1,2.0,23,20,0,0,0,0,0,0.0,0,0,0,0,0,0
605.6,2026-05-17T16:05:33,0016c001f10c2ef6,15.5,2.3,12.1,1.1,7809,702,7107,9.0,0.67,0.56,0.46,392103018,2006007155,3967,43087,1.2,234.3,3.1,2.0,23,20,0,0,0,0,0,0.0,0,0,0,0,0,0
606.0,2026-05-17T16:05:34,0016c001f10c2ef6,18.8,1.8,17.1,0.0,7809,702,7107,9.0,0.67,0.56,0.46,392106308,2006018954,3290,11799,1.2,234.3,3.1,2.0,23,20,0,0,0,0,0,0.0,0,0,0,0,0,0
606.5,2026-05-17T16:05:34,0016c001f10c2ef6,18.4,2.2,16.2,0.0,7809,702,7107,9.0,0.67,0.56,0.46,392109394,2006030819,3086,11865,1.2,234.3,3.1,2.0,23,20,0,0,0,0,0,0.0,0,0,0,0,0,0
606.9,2026-05-17T16:05:35,0016c001f10c2ef6,19.7,2.9,16.8,0.0,7809,703,7106,9.0,0.67,0.56,0.46,392112432,2006042684,3038,11865,1.2,234.3,3.1,2.0,23,20,0,0,0,0,0,0.0,0,0,0,0,0,0
607.4,2026-05-17T16:05:35,0016c001f10c2ef6,10.2,2.3,5.1,2.8,7809,702,7107,9.0,0.67,0.56,0.46,392116551,2006085771,4119,43087,1.2,234.4,3.1,2.0,23,20,0,0,0,0,0,0.0,0,0,0,0,0,0
607.8,2026-05-17T16:05:36,0016c001f10c2ef6,7.5,3.5,4.0,0.0,7809,702,7107,9.0,0.67,0.56,0.46,392119689,2006097570,3138,11799,1.2,234.4,3.1,2.0,23,20,0,0,0,0,0,0.0,0,0,0,0,0,0
608.2,2026-05-17T16:05:36,0016c001f10c2ef6,5.3,1.2,4.1,0.0,7809,702,7107,9.0,0.67,0.56,0.46,392122973,2006109435,3284,11865,1.2,234.4,3.1,2.0,23,20,0,0,0,0,0,0.0,0,0,0,0,0,0
608.6,2026-05-17T16:05:36,0016c001f10c2ef6,6.9,2.3,4.6,0.0,7809,701,7108,9.0,0.61,0.55,0.46,392126063,2006121234,3090,11799,1.2,234.4,3.1,2.0,23,20,0,0,0,0,0,0.0,0,0,0,0,0,0
609.1,2026-05-17T16:05:37,0016c001f10c2ef6,7.5,1.7,5.7,0.0,7809,701,7108,9.0,0.61,0.55,0.46,392129301,2006133033,3238,11799,1.2,234.4,3.1,2.0,23,20,0,0,0,0,0,0.0,0,0,0,0,0,0
609.6,2026-05-17T16:05:37,0016c001f10c2ef6,11.4,4.0,7.4,0.0,7809,703,7106,9.0,0.61,0.55,0.46,392133372,2006176186,4071,43153,1.2,234.4,3.1,2.0,23,20,0,0,0,0,0,0.0,0,0,0,0,0,0
610.0,2026-05-17T16:05:38,0016c001f10c2ef6,5.6,1.1,4.5,0.0,7809,703,7106,9.0,0.61,0.55,0.46,392136610,2006187985,3238,11799,1.2,234.4,3.1,2.0,23,20,0,0,0,0,0,0.0,0,0,0,0,0,0
610.4,2026-05-17T16:05:38,0016c001f10c2ef6,7.2,2.8,4.4,0.0,7809,703,7106,9.0,0.61,0.55,0.46,392140125,2006199784,3515,11799,1.2,234.4,3.1,2.0,23,20,0,0,0,0,0,0.0,0,0,0,0,0,0
610.9,2026-05-17T16:05:39,0016c001f10c2ef6,8.7,4.0,4.0,0.6,7809,702,7107,9.0,0.61,0.55,0.46,392143439,2006212344,3314,12560,1.2,234.4,3.1,2.0,23,20,0,0,0,0,0,0.0,0,0,0,0,0,0
611.3,2026-05-17T16:05:39,0016c001f10c2ef6,5.1,1.7,3.4,0.0,7809,702,7107,9.0,0.61,0.55,0.46,392147500,2006257026,4061,44682,1.2,234.4,3.1,2.0,23,20,0,0,0,0,0,0.0,0,0,0,0,0,0
611.7,2026-05-17T16:05:40,0016c001f10c2ef6,6.0,2.2,3.8,0.0,7809,702,7107,9.0,0.61,0.55,0.46,392150766,2006268981,3266,11955,1.2,234.4,3.1,2.0,23,20,0,0,0,0,0,0.0,0,0,0,0,0,0
612.2,2026-05-17T16:05:40,0016c001f10c2ef6,6.6,2.2,4.4,0.0,7809,702,7107,9.0,0.61,0.55,0.46,392153804,2006280780,3038,11799,1.2,234.4,3.1,2.0,23,20,0,0,0,0,0,0.0,0,0,0,0,0,0
612.6,2026-05-17T16:05:40,0016c001f10c2ef6,7.5,1.7,5.2,0.6,7809,702,7107,9.0,0.61,0.55,0.46,392156890,2006292579,3086,11799,1.2,234.4,3.1,2.0,23,20,0,0,0,0,0,0.0,0,0,0,0,0,0
613.0,2026-05-17T16:05:41,0016c001f10c2ef6,6.9,3.4,3.4,0.0,7809,701,7108,9.0,0.61,0.55,0.46,392160076,2006304378,3186,11799,1.2,234.4,3.1,2.0,23,20,0,0,0,0,0,0.0,0,0,0,0,0,0
613.5,2026-05-17T16:05:41,0016c001f10c2ef6,6.9,2.9,4.0,0.0,7809,702,7107,9.0,0.56,0.54,0.46,392164147,2006347465,4071,43087,1.2,234.4,3.1,2.0,23,20,0,0,0,0,0,0.0,0,0,0,0,0,0
613.9,2026-05-17T16:05:42,0016c001f10c2ef6,6.9,2.9,4.0,0.0,7809,702,7107,9.0,0.56,0.54,0.46,392167489,2006359264,3342,11799,1.2,234.4,3.1,2.0,23,20,0,0,0,0,0,0.0,0,0,0,0,0,0
614.3,2026-05-17T16:05:43,0016c001f10c2ef6,9.6,4.5,5.1,0.0,7809,702,7107,9.0,0.56,0.54,0.46,392170627,2006371063,3138,11799,1.2,234.4,3.1,2.0,23,20,0,0,0,0,0,0.0,0,0,0,0,0,0
614.8,2026-05-17T16:05:44,0016c001f10c2ef6,10.2,3.6,6.6,0.0,7809,702,7107,9.0,0.56,0.54,0.46,392173765,2006382928,3138,11865,1.2,234.4,3.1,2.0,23,20,0,0,0,0,0,0.0,0,0,0,0,0,0
615.2,2026-05-17T16:05:44,0016c001f10c2ef6,5.7,2.3,3.4,0.0,7809,703,7106,9.0,0.56,0.54,0.46,392176903,2006394727,3138,11799,1.2,234.4,3.1,2.0,23,20,0,0,0,0,0,0.0,0,0,0,0,0,0
615.7,2026-05-17T16:05:44,0016c001f10c2ef6,8.8,3.5,4.7,0.6,7809,702,7107,9.0,0.56,0.54,0.46,392181126,2006438497,4223,43770,1.2,234.4,3.1,2.0,23,20,0,0,0,0,0,0.0,0,0,0,0,0,0
616.1,2026-05-17T16:05:45,0016c001f10c2ef6,6.2,2.8,3.4,0.0,7809,702,7107,9.0,0.56,0.54,0.46,392184426,2006452108,3300,13611,1.2,234.4,3.1,2.0,23,20,0,0,0,0,0,0.0,0,0,0,0,0,0
616.6,2026-05-17T16:05:45,0016c001f10c2ef6,6.9,2.1,4.8,0.0,7809,702,7107,9.0,0.56,0.54,0.46,392187568,2006463907,3142,11799,1.2,234.4,3.1,2.0,23,20,0,0,0,0,0,0.0,0,0,0,0,0,0
617.0,2026-05-17T16:05:46,0016c001f10c2ef6,9.9,1.8,8.2,0.0,7809,702,7107,9.0,0.56,0.54,0.46,392190706,2006475706,3138,11799,1.2,234.4,3.1,2.0,23,20,0,0,0,0,0,0.0,0,0,0,0,0,0
617.4,2026-05-17T16:05:46,0016c001f10c2ef6,18.8,1.8,17.1,0.0,7809,701,7108,9.0,0.56,0.54,0.46,392194669,2006518793,3963,43087,1.2,234.4,3.1,2.0,23,20,0,0,0,0,0,0.0,0,0,0,0,0,0
617.9,2026-05-17T16:05:47,0016c001f10c2ef6,21.1,3.4,17.7,0.0,7809,701,7108,9.0,0.56,0.54,0.46,392197855,2006530658,3186,11865,1.2,234.3,3.1,2.0,23,20,0,0,0,0,0,0.0,0,0,0,0,0,0
618.3,2026-05-17T16:05:47,0016c001f10c2ef6,19.6,1.8,17.3,0.6,7809,701,7108,9.0,0.84,0.6,0.48,392200893,2006542457,3038,11799,1.2,234.3,3.1,2.0,23,20,0,0,0,0,0,0.0,0,0,0,0,0,0
618.7,2026-05-17T16:05:47,0016c001f10c2ef6,9.4,2.4,7.1,0.0,7809,702,7107,9.0,0.84,0.6,0.48,392204255,2006554334,3362,11877,1.2,234.3,3.1,2.0,23,20,0,0,0,0,0,0.0,0,0,0,0,0,0
619.2,2026-05-17T16:05:48,0016c001f10c2ef6,5.7,1.7,4.0,0.0,7809,702,7107,9.0,0.84,0.6,0.48,392207345,2006566816,3090,12482,1.2,234.3,3.1,2.0,23,20,0,0,0,0,0,0.0,0,0,0,0,0,0
619.6,2026-05-17T16:05:48,0016c001f10c2ef6,9.9,3.5,5.2,1.2,7809,702,7107,9.0,0.84,0.6,0.48,392211512,2006609903,4167,43087,1.2,234.3,3.1,2.0,23,20,0,0,0,0,0,0.0,0,0,0,0,0,0
620.1,2026-05-17T16:05:49,0016c001f10c2ef6,8.9,3.1,5.8,0.0,7809,703,7106,9.0,0.84,0.6,0.48,392214696,2006623367,3184,13464,1.2,234.3,3.1,2.0,23,20,0,0,0,0,0,0.0,0,0,0,0,0,0
620.5,2026-05-17T16:05:49,0016c001f10c2ef6,6.4,2.7,3.7,0.0,7809,703,7106,9.0,0.84,0.6,0.48,392218267,2006635166,3571,11799,1.2,234.3,3.1,2.0,23,20,0,0,0,0,0,0.0,0,0,0,0,0,0
620.9,2026-05-17T16:05:50,0016c001f10c2ef6,6.8,2.3,4.5,0.0,7809,702,7107,9.0,0.84,0.6,0.48,392221301,2006646965,3034,11799,1.2,234.3,3.1,2.0,23,20,0,0,0,0,0,0.0,0,0,0,0,0,0
621.4,2026-05-17T16:05:50,0016c001f10c2ef6,7.3,1.7,5.6,0.0,7809,702,7107,9.0,0.84,0.6,0.48,392224387,2006658764,3086,11799,1.2,234.3,3.1,2.0,23,20,0,0,0,0,0,0.0,0,0,0,0,0,0
621.8,2026-05-17T16:05:51,0016c001f10c2ef6,6.9,2.9,4.0,0.0,7809,702,7107,9.0,0.84,0.6,0.48,392228402,2006701851,4015,43087,1.2,234.3,3.1,2.0,23,20,0,0,0,0,0,0.0,0,0,0,0,0,0
622.2,2026-05-17T16:05:51,0016c001f10c2ef6,6.7,1.7,5.1,0.0,7809,702,7107,9.0,0.84,0.6,0.48,392231588,2006713650,3186,11799,1.2,234.3,3.1,2.0,28,25,5,5,0,0,0,0.0,0,0,0,0,0,0
622.6,2026-05-17T16:05:51,0016c001f10c2ef6,7.7,3.0,4.1,0.6,7809,702,7107,9.0,0.84,0.6,0.48,392234778,2006725449,3190,11799,1.2,234.3,3.1,2.0,28,25,0,0,0,0,0,0.0,0,0,0,0,0,0
623.1,2026-05-17T16:05:52,0016c001f10c2ef6,6.3,1.7,4.6,0.0,7809,702,7107,9.0,0.84,0.6,0.48,392237916,2006737248,3138,11799,1.2,234.3,3.1,2.0,28,25,0,0,0,0,0,0.0,0,0,0,0,0,0
623.5,2026-05-17T16:05:52,0016c001f10c2ef6,6.2,2.3,4.0,0.0,7809,702,7107,9.0,0.85,0.61,0.48,392241931,2006780335,4015,43087,1.2,234.3,3.1,2.0,28,25,0,0,0,0,0,0.0,0,0,0,0,0,0
623.9,2026-05-17T16:05:53,0016c001f10c2ef6,6.8,2.3,4.0,0.6,7809,702,7107,9.0,0.85,0.61,0.48,392245017,2006792134,3086,11799,1.2,234.3,3.1,2.0,28,25,0,0,0,0,0,0.0,0,0,0,0,0,0
624.4,2026-05-17T16:05:53,0016c001f10c2ef6,6.0,2.7,3.3,0.0,7809,702,7107,9.0,0.85,0.61,0.48,392248055,2006803933,3038,11799,1.2,234.3,3.1,2.0,28,25,0,0,0,0,0,0.0,0,0,0,0,0,0
624.8,2026-05-17T16:05:54,0016c001f10c2ef6,6.4,1.2,5.3,0.0,7809,701,7108,9.0,0.85,0.61,0.48,392251345,2006815732,3290,11799,1.2,234.3,3.1,2.0,28,25,0,0,0,0,0,0.0,0,0,0,0,0,0
625.3,2026-05-17T16:05:54,0016c001f10c2ef6,8.4,2.5,5.9,0.0,7809,700,7109,9.0,0.85,0.61,0.48,392254435,2006827597,3090,11865,1.2,234.3,3.1,2.0,28,25,0,0,0,0,0,0.0,0,0,0,0,0,0
625.7,2026-05-17T16:05:54,0016c001f10c2ef6,7.5,3.5,4.0,0.0,7809,701,7108,9.0,0.85,0.61,0.48,392258446,2006870684,4011,43087,1.2,234.1,3.1,2.0,28,25,0,0,0,0,0,0.0,0,0,0,0,0,0
626.1,2026-05-17T16:05:55,0016c001f10c2ef6,6.3,2.9,3.4,0.0,7809,701,7108,9.0,0.85,0.61,0.48,392261688,2006882483,3242,11799,1.2,234.1,3.1,2.0,28,25,0,0,0,0,0,0.0,0,0,0,0,0,0
626.6,2026-05-17T16:05:55,0016c001f10c2ef6,5.1,1.7,3.4,0.0,7809,701,7108,9.0,0.85,0.61,0.48,392264950,2006894360,3262,11877,1.2,234.1,3.1,2.0,28,25,0,0,0,0,0,0.0,0,0,0,0,0,0
627.0,2026-05-17T16:05:56,0016c001f10c2ef6,4.7,1.2,3.5,0.0,7809,701,7108,9.0,0.85,0.61,0.48,392268040,2006906159,3090,11799,1.2,234.1,3.1,2.0,28,25,0,0,0,0,0,0.0,0,0,0,0,0,0
627.4,2026-05-17T16:05:56,0016c001f10c2ef6,5.7,2.9,2.9,0.0,7809,702,7107,9.0,0.85,0.61,0.48,392271226,2006917958,3186,11799,1.2,234.1,3.1,2.0,28,25,0,0,0,0,0,0.0,0,0,0,0,0,0
627.8,2026-05-17T16:05:57,0016c001f10c2ef6,7.4,2.3,5.1,0.0,7809,702,7107,9.0,0.85,0.61,0.48,392275245,2006961045,4019,43087,1.2,234.1,3.1,2.0,28,25,0,0,0,0,0,0.0,0,0,0,0,0,0
628.3,2026-05-17T16:05:57,0016c001f10c2ef6,6.9,2.3,4.6,0.0,7809,703,7106,9.0,0.78,0.6,0.48,392278587,2006972844,3342,11799,1.2,234.1,3.1,2.0,28,25,0,0,0,0,0,0.0,0,0,0,0,0,0
628.7,2026-05-17T16:05:57,0016c001f10c2ef6,19.5,2.9,16.7,0.0,7809,703,7106,9.0,0.78,0.6,0.48,392281725,2006984643,3138,11799,1.2,234.1,3.1,2.0,28,25,0,0,0,0,0,0.0,0,0,0,0,0,0
629.2,2026-05-17T16:05:58,0016c001f10c2ef6,20.7,2.2,17.3,1.1,7809,703,7106,9.0,0.78,0.6,0.48,392284915,2006997125,3190,12482,1.2,234.1,3.1,2.0,28,25,0,0,0,0,0,0.0,0,0,0,0,0,0
629.6,2026-05-17T16:05:58,0016c001f10c2ef6,24.7,1.8,18.8,4.1,7809,703,7106,9.0,0.78,0.6,0.48,392289028,2007041814,4113,44689,1.2,234.1,3.1,2.0,28,25,0,0,0,0,0,0.0,0,0,0,0,0,0
630.0,2026-05-17T16:05:59,0016c001f10c2ef6,14.6,3.9,10.7,0.0,7809,703,7106,9.0,0.78,0.6,0.48,392292647,2007053613,3619,11799,1.2,234.1,3.1,2.0,28,25,0,0,0,0,0,0.0,0,0,0,0,0,0
630.5,2026-05-17T16:05:59,0016c001f10c2ef6,10.2,3.3,7.0,0.0,7809,703,7106,9.0,0.78,0.6,0.48,392295889,2007065478,3242,11865,1.2,234.1,3.1,2.0,28,25,0,0,0,0,0,0.0,0,0,0,0,0,0
631.0,2026-05-17T16:06:00,0016c001f10c2ef6,10.1,4.0,6.1,0.0,7809,703,7106,9.0,0.78,0.6,0.48,392299079,2007077343,3190,11865,1.2,234.1,3.1,2.0,28,25,0,0,0,0,0,0.0,0,0,0,0,0,0
631.5,2026-05-17T16:06:00,0016c001f10c2ef6,10.0,3.5,6.5,0.0,7809,703,7106,9.0,0.78,0.6,0.48,392302269,2007089208,3190,11865,1.2,234.1,3.1,2.0,28,25,0,0,0,0,0,0.0,0,0,0,0,0,0
632.0,2026-05-17T16:06:01,0016c001f10c2ef6,10.7,5.1,5.6,0.0,7809,703,7106,9.0,0.78,0.6,0.48,392306284,2007132361,4015,43153,1.2,234.1,3.1,2.0,28,25,0,0,0,0,0,0.0,0,0,0,0,0,0
632.4,2026-05-17T16:06:01,0016c001f10c2ef6,7.4,3.4,4.0,0.0,7809,703,7106,9.0,0.78,0.6,0.48,392309422,2007144160,3138,11799,1.2,234.1,3.1,2.0,28,25,0,0,0,0,0,0.0,0,0,0,0,0,0
632.8,2026-05-17T16:06:02,0016c001f10c2ef6,5.2,2.3,2.9,0.0,7809,702,7107,9.0,0.72,0.59,0.47,392312512,2007155959,3090,11799,1.2,234.1,3.1,2.0,28,25,0,0,0,0,0,0.0,0,0,0,0,0,0
633.3,2026-05-17T16:06:02,0016c001f10c2ef6,6.7,2.8,3.9,0.0,7809,702,7107,9.0,0.72,0.59,0.47,392315698,2007167824,3186,11865,1.2,234.1,3.1,2.0,28,25,0,0,0,0,0,0.0,0,0,0,0,0,0
633.7,2026-05-17T16:06:02,0016c001f10c2ef6,5.7,1.1,4.6,0.0,7809,702,7107,9.0,0.72,0.59,0.47,392319869,2007210911,4171,43087,1.2,234.1,3.1,2.0,28,25,0,0,0,0,0,0.0,0,0,0,0,0,0
634.1,2026-05-17T16:06:03,0016c001f10c2ef6,8.1,2.9,4.6,0.6,7809,702,7107,9.0,0.72,0.59,0.47,392323131,2007222788,3262,11877,1.2,234.1,3.1,2.0,28,25,0,0,0,0,0,0.0,0,0,0,0,0,0
634.5,2026-05-17T16:06:03,0016c001f10c2ef6,7.2,3.3,3.9,0.0,7809,702,7107,9.0,0.72,0.59,0.47,392326269,2007234587,3138,11799,1.2,234.1,3.1,2.0,28,25,0,0,0,0,0,0.0,0,0,0,0,0,0
635.0,2026-05-17T16:06:04,0016c001f10c2ef6,6.4,1.7,4.6,0.0,7809,702,7107,9.0,0.72,0.59,0.47,392329359,2007246386,3090,11799,1.2,234.1,3.1,2.0,28,25,0,0,0,0,0,0.0,0,0,0,0,0,0
635.4,2026-05-17T16:06:04,0016c001f10c2ef6,7.0,1.8,5.3,0.0,7809,702,7107,9.0,0.72,0.59,0.47,392332597,2007258185,3238,11799,1.2,234.1,3.1,2.0,28,25,0,0,0,0,0,0.0,0,0,0,0,0,0
635.8,2026-05-17T16:06:05,0016c001f10c2ef6,5.8,1.8,4.1,0.0,7809,702,7107,9.0,0.72,0.59,0.47,392336460,2007301272,3863,43087,1.2,234.1,3.1,2.0,28,25,0,0,0,0,0,0.0,0,0,0,0,0,0
636.2,2026-05-17T16:06:05,0016c001f10c2ef6,7.6,4.1,3.5,0.0,7809,702,7107,9.0,0.72,0.59,0.47,392339650,2007313071,3190,11799,1.2,234.1,3.1,2.0,28,25,0,0,0,0,0,0.0,0,0,0,0,0,0
636.6,2026-05-17T16:06:05,0016c001f10c2ef6,6.4,1.7,4.6,0.0,7809,702,7107,9.0,0.72,0.59,0.47,392342888,2007324870,3238,11799,1.2,234.1,3.1,2.0,28,25,0,0,0,0,0,0.0,0,0,0,0,0,0
637.1,2026-05-17T16:06:06,0016c001f10c2ef6,10.4,3.0,7.5,0.0,7809,702,7107,9.0,0.72,0.59,0.47,392346026,2007336735,3138,11865,1.2,234.1,3.1,2.0,28,25,0,0,0,0,0,0.0,0,0,0,0,0,0
637.6,2026-05-17T16:06:06,0016c001f10c2ef6,8.2,3.1,5.1,0.0,7809,703,7106,9.0,0.72,0.59,0.47,392349112,2007348600,3086,11865,1.2,234.1,3.1,2.0,28,25,0,0,0,0,0,0.0,0,0,0,0,0,0
638.1,2026-05-17T16:06:07,0016c001f10c2ef6,12.4,5.7,6.7,0.0,7809,703,7106,9.0,0.74,0.59,0.48,392353179,2007391819,4067,43219,1.2,234.1,3.1,2.0,28,25,0,0,0,0,0,0.0,0,0,0,0,0,0
638.5,2026-05-17T16:06:07,0016c001f10c2ef6,11.9,4.1,6.7,1.0,7809,702,7107,9.0,0.74,0.59,0.48,392356317,2007403684,3138,11865,1.2,234.1,3.1,2.0,28,25,0,0,0,0,0,0.0,0,0,0,0,0,0
639.0,2026-05-17T16:06:08,0016c001f10c2ef6,11.0,3.7,6.8,0.5,7809,702,7107,9.0,0.74,0.59,0.48,392359479,2007417428,3162,13744,1.2,234.0,3.1,2.0,28,25,0,0,0,0,0,0.0,0,0,0,0,0,0
639.4,2026-05-17T16:06:08,0016c001f10c2ef6,7.7,3.0,4.8,0.0,7809,702,7107,9.0,0.74,0.59,0.48,392362715,2007431186,3236,13758,1.2,234.0,3.1,2.0,28,25,0,0,0,0,0,0.0,0,0,0,0,0,0
639.9,2026-05-17T16:06:09,0016c001f10c2ef6,13.3,4.4,8.9,0.0,7809,702,7107,9.0,0.74,0.59,0.48,392367311,2007474420,4596,43234,1.2,234.0,3.1,2.0,28,25,0,0,0,0,0,0.0,0,0,0,0,0,0
640.3,2026-05-17T16:06:09,0016c001f10c2ef6,20.2,1.2,17.3,1.8,7809,703,7106,9.0,0.74,0.59,0.48,392370449,2007486219,3138,11799,1.2,234.0,3.1,2.0,28,25,0,0,0,0,0,0.0,0,0,0,0,0,0
640.7,2026-05-17T16:06:09,0016c001f10c2ef6,19.3,1.8,17.5,0.0,7809,702,7107,9.0,0.74,0.59,0.48,392373563,2007498174,3114,11955,1.2,234.0,3.1,2.0,28,25,0,0,0,0,0,0.0,0,0,0,0,0,0
641.2,2026-05-17T16:06:10,0016c001f10c2ef6,19.4,2.4,17.0,0.0,7809,702,7107,9.0,0.74,0.59,0.48,392376701,2007509973,3138,11799,1.2,234.0,3.1,2.0,28,25,0,0,0,0,0,0.0,0,0,0,0,0,0
641.6,2026-05-17T16:06:10,0016c001f10c2ef6,7.5,2.3,5.2,0.0,7809,702,7107,9.0,0.74,0.59,0.48,392379943,2007521772,3242,11799,1.2,234.0,3.1,2.0,28,25,0,0,0,0,0,0.0,0,0,0,0,0,0
642.0,2026-05-17T16:06:11,0016c001f10c2ef6,6.8,3.4,3.4,0.0,7809,702,7107,9.0,0.74,0.59,0.48,392384110,2007564940,4167,43168,1.2,234.0,3.1,2.0,28,25,0,0,0,0,0,0.0,0,0,0,0,0,0
642.4,2026-05-17T16:06:11,0016c001f10c2ef6,5.8,2.3,3.5,0.0,7809,702,7107,9.0,0.74,0.59,0.48,392387200,2007576739,3090,11799,1.2,234.0,3.1,2.0,28,25,0,0,0,0,0,0.0,0,0,0,0,0,0
642.9,2026-05-17T16:06:12,0016c001f10c2ef6,5.9,1.8,4.1,0.0,7809,701,7108,9.0,0.68,0.58,0.47,392390338,2007588538,3138,11799,1.2,234.0,3.1,2.0,28,25,0,0,0,0,0,0.0,0,0,0,0,0,0
643.3,2026-05-17T16:06:12,0016c001f10c2ef6,8.7,4.0,4.0,0.6,7809,701,7108,9.0,0.68,0.58,0.47,392393476,2007600337,3138,11799,1.2,234.0,3.1,2.0,28,25,0,0,0,0,0,0.0,0,0,0,0,0,0
643.7,2026-05-17T16:06:12,0016c001f10c2ef6,6.3,2.9,3.4,0.0,7809,701,7108,9.0,0.68,0.58,0.47,392397175,2007612136,3699,11799,1.2,234.0,3.1,2.0,28,25,0,0,0,0,0,0.0,0,0,0,0,0,0
644.2,2026-05-17T16:06:13,0016c001f10c2ef6,9.5,4.2,5.3,0.0,7809,702,7107,9.0,0.68,0.58,0.47,392400729,2007655370,3554,43234,1.2,234.0,3.1,2.0,28,25,0,0,0,0,0,0.0,0,0,0,0,0,0
644.6,2026-05-17T16:06:13,0016c001f10c2ef6,5.8,1.7,4.0,0.0,7809,701,7108,9.0,0.68,0.58,0.47,392403971,2007667169,3242,11799,1.2,234.0,3.1,2.0,28,25,0,0,0,0,0,0.0,0,0,0,0,0,0
645.1,2026-05-17T16:06:14,0016c001f10c2ef6,7.9,2.8,5.1,0.0,7809,702,7107,9.0,0.68,0.58,0.47,392407061,2007679651,3090,12482,1.2,234.0,3.1,2.0,28,25,0,0,0,0,0,0.0,0,0,0,0,0,0
645.5,2026-05-17T16:06:14,0016c001f10c2ef6,8.3,3.6,4.8,0.0,7809,701,7108,9.0,0.68,0.58,0.47,392410241,2007693028,3180,13377,1.2,234.0,3.1,2.0,28,25,0,0,0,0,0,0.0,0,0,0,0,0,0
645.9,2026-05-17T16:06:15,0016c001f10c2ef6,6.3,2.3,4.0,0.0,7809,701,7108,9.0,0.68,0.58,0.47,392414308,2007736196,4067,43168,1.2,234.0,3.1,2.0,28,25,0,0,0,0,0,0.0,0,0,0,0,0,0
646.3,2026-05-17T16:06:16,0016c001f10c2ef6,7.2,3.0,4.2,0.0,7809,701,7108,9.0,0.68,0.58,0.47,392417346,2007747995,3038,11799,1.2,234.0,3.1,2.0,28,25,0,0,0,0,0,0.0,0,0,0,0,0,0
646.8,2026-05-17T16:06:16,0016c001f10c2ef6,7.1,1.8,5.3,0.0,7809,702,7107,9.0,0.68,0.58,0.47,392420480,2007759794,3134,11799,1.2,234.0,3.1,2.0,28,25,0,0,0,0,0,0.0,0,0,0,0,0,0
647.2,2026-05-17T16:06:17,0016c001f10c2ef6,6.4,2.3,4.0,0.0,7809,701,7108,9.0,0.68,0.58,0.47,392423670,2007771593,3190,11799,1.2,234.0,3.1,2.0,28,25,0,0,0,0,0,0.0,0,0,0,0,0,0
647.6,2026-05-17T16:06:17,0016c001f10c2ef6,5.2,2.3,2.9,0.0,7809,701,7108,9.0,0.63,0.57,0.47,392426808,2007783392,3138,11799,1.2,234.0,3.1,2.0,28,25,0,0,0,0,0,0.0,0,0,0,0,0,0
648.1,2026-05-17T16:06:18,0016c001f10c2ef6,8.0,3.4,4.6,0.0,7809,701,7108,9.0,0.63,0.57,0.47,392430875,2007826560,4067,43168,1.2,234.0,3.1,2.0,28,25,0,0,0,0,0,0.0,0,0,0,0,0,0
648.5,2026-05-17T16:06:18,0016c001f10c2ef6,6.6,2.2,4.4,0.0,7809,702,7107,9.0,0.63,0.57,0.47,392433861,2007838359,2986,11799,1.2,234.0,3.1,2.0,28,25,0,0,0,0,0,0.0,0,0,0,0,0,0
649.0,2026-05-17T16:06:19,0016c001f10c2ef6,6.4,2.9,3.5,0.0,7809,702,7107,9.0,0.63,0.57,0.47,392436947,2007850158,3086,11799,1.2,234.0,3.1,2.0,28,25,0,0,0,0,0,0.0,0,0,0,0,0,0
649.5,2026-05-17T16:06:19,0016c001f10c2ef6,9.9,3.5,6.4,0.0,7809,702,7107,9.0,0.63,0.57,0.47,392440666,2007862023,3719,11865,1.2,234.0,3.1,2.0,28,25,0,0,0,0,0,0.0,0,0,0,0,0,0
650.0,2026-05-17T16:06:20,0016c001f10c2ef6,10.2,4.6,5.6,0.0,7809,702,7107,9.0,0.63,0.57,0.47,392444805,2007905335,4139,43312,1.2,234.1,3.1,2.0,28,25,0,0,0,0,0,0.0,0,0,0,0,0,0
650.4,2026-05-17T16:06:20,0016c001f10c2ef6,6.4,2.9,3.5,0.0,7809,702,7107,9.0,0.63,0.57,0.47,392447995,2007917134,3190,11799,1.2,234.1,3.1,2.0,28,25,0,0,0,0,0,0.0,0,0,0,0,0,0
650.8,2026-05-17T16:06:21,0016c001f10c2ef6,6.3,1.7,4.6,0.0,7809,701,7108,9.0,0.63,0.57,0.47,392451197,2007929175,3202,12041,1.2,234.1,3.1,2.0,28,25,0,0,0,0,0,0.0,0,0,0,0,0,0
651.3,2026-05-17T16:06:21,0016c001f10c2ef6,6.4,2.5,3.9,0.0,7809,703,7106,9.0,0.63,0.57,0.47,392454335,2007940974,3138,11799,1.2,234.1,3.1,2.0,28,25,0,0,0,0,0,0.0,0,0,0,0,0,0
651.9,2026-05-17T16:06:22,0016c001f10c2ef6,19.9,2.6,17.3,0.0,7809,702,7107,9.0,0.63,0.57,0.47,392457938,2007967665,3603,26691,1.2,234.1,3.1,2.0,31,28,3,3,0,0,0,0.0,0,0,0,0,0,0
652.3,2026-05-17T16:06:22,0016c001f10c2ef6,20.0,2.9,17.1,0.0,7809,702,7107,9.0,0.63,0.57,0.47,392461538,2007996074,3600,28409,1.2,234.1,3.1,2.0,31,28,0,0,0,0,0,0.0,0,0,0,0,0,0
652.7,2026-05-17T16:06:22,0016c001f10c2ef6,20.6,2.4,18.2,0.0,7809,702,7107,9.0,0.9,0.63,0.49,392464672,2008007874,3134,11800,1.2,234.1,3.1,2.0,31,28,0,0,0,0,0,0.0,0,0,0,0,0,0
653.1,2026-05-17T16:06:23,0016c001f10c2ef6,10.9,2.9,8.0,0.0,7809,703,7106,9.0,0.9,0.63,0.49,392467758,2008019674,3086,11800,1.2,234.1,3.1,2.0,31,28,0,0,0,0,0,0.0,0,0,0,0,0,0
653.6,2026-05-17T16:06:23,0016c001f10c2ef6,6.4,1.2,5.2,0.0,7809,702,7107,9.0,0.9,0.63,0.49,392470796,2008031474,3038,11800,1.2,234.1,3.1,2.0,31,28,0,0,0,0,0,0.0,0,0,0,0,0,0
654.0,2026-05-17T16:06:24,0016c001f10c2ef6,6.6,2.8,3.9,0.0,7809,702,7107,9.0,0.9,0.63,0.49,392474807,2008074643,4011,43169,1.2,234.1,3.1,2.0,31,28,0,0,0,0,0,0.0,0,0,0,0,0,0
654.5,2026-05-17T16:06:24,0016c001f10c2ef6,6.0,2.7,3.3,0.0,7809,702,7107,9.0,0.9,0.63,0.49,392477893,2008086443,3086,11800,1.2,234.1,3.1,2.0,31,28,0,0,0,0,0,0.0,0,0,0,0,0,0
654.9,2026-05-17T16:06:25,0016c001f10c2ef6,6.5,2.4,4.1,0.0,7809,702,7107,9.0,0.9,0.63,0.49,392481083,2008098243,3190,11800,1.2,234.0,3.1,2.0,31,28,0,0,0,0,0,0.0,0,0,0,0,0,0
655.4,2026-05-17T16:06:25,0016c001f10c2ef6,14.8,6.6,6.6,1.5,7809,701,7108,9.0,0.9,0.63,0.49,392484371,2008112927,3288,14684,1.2,234.0,3.1,2.0,31,28,0,0,0,0,0,0.0,0,0,0,0,0,0
655.9,2026-05-17T16:06:26,0016c001f10c2ef6,10.1,4.1,6.0,0.0,7809,702,7107,9.0,0.9,0.63,0.49,392487409,2008124793,3038,11866,1.2,234.0,3.1,2.0,31,28,0,0,0,0,0,0.0,0,0,0,0,0,0
656.3,2026-05-17T16:06:26,0016c001f10c2ef6,7.1,2.4,4.7,0.0,7809,702,7107,9.0,0.9,0.63,0.49,392491622,2008168992,4213,44199,1.2,234.0,3.1,2.0,31,28,0,0,0,0,0,0.0,0,0,0,0,0,0
656.7,2026-05-17T16:06:26,0016c001f10c2ef6,6.3,2.9,3.4,0.0,7809,703,7106,9.0,0.9,0.63,0.49,392494660,2008180792,3038,11800,1.2,234.0,3.1,2.0,31,28,0,0,0,0,0,0.0,0,0,0,0,0,0
657.2,2026-05-17T16:06:27,0016c001f10c2ef6,5.9,2.1,3.7,0.0,7809,703,7106,9.0,0.9,0.63,0.49,392497746,2008192592,3086,11800,1.2,234.0,3.1,2.0,31,28,0,0,0,0,0,0.0,0,0,0,0,0,0
657.6,2026-05-17T16:06:27,0016c001f10c2ef6,8.0,2.9,5.2,0.0,7809,703,7106,9.0,0.99,0.65,0.5,392501008,2008204470,3262,11878,1.2,234.0,3.1,2.0,31,28,0,0,0,0,0,0.0,0,0,0,0,0,0
658.0,2026-05-17T16:06:28,0016c001f10c2ef6,5.3,1.8,3.5,0.0,7809,702,7107,9.0,0.99,0.65,0.5,392505071,2008247720,4063,43250,1.2,234.0,3.1,2.0,31,28,0,0,0,0,0,0.0,0,0,0,0,0,0
658.5,2026-05-17T16:06:28,0016c001f10c2ef6,6.8,2.3,4.5,0.0,7809,703,7106,9.0,0.99,0.65,0.5,392508209,2008259520,3138,11800,1.2,234.0,3.1,2.0,31,28,0,0,0,0,0,0.0,0,0,0,0,0,0
658.9,2026-05-17T16:06:29,0016c001f10c2ef6,7.0,3.5,3.5,0.0,7809,703,7106,9.0,0.99,0.65,0.5,392511399,2008271320,3190,11800,1.2,234.0,3.1,2.0,31,28,0,0,0,0,0,0.0,0,0,0,0,0,0
659.3,2026-05-17T16:06:29,0016c001f10c2ef6,5.2,1.7,3.4,0.0,7809,703,7106,9.0,0.99,0.65,0.5,392514918,2008283120,3519,11800,1.2,234.0,3.1,2.0,31,28,0,0,0,0,0,0.0,0,0,0,0,0,0
659.7,2026-05-17T16:06:29,0016c001f10c2ef6,7.3,1.7,5.1,0.6,7809,702,7107,9.0,0.99,0.65,0.5,392518208,2008294920,3290,11800,1.2,234.0,3.1,2.0,31,28,0,0,0,0,0,0.0,0,0,0,0,0,0
660.2,2026-05-17T16:06:30,0016c001f10c2ef6,7.4,3.4,4.0,0.0,7809,702,7107,9.0,0.99,0.65,0.5,392522171,2008338170,3963,43250,1.2,234.0,3.1,2.0,31,28,0,0,0,0,0,0.0,0,0,0,0,0,0
660.6,2026-05-17T16:06:30,0016c001f10c2ef6,6.2,2.8,3.4,0.0,7809,702,7107,9.0,0.99,0.65,0.5,392525361,2008349970,3190,11800,1.2,234.0,3.1,2.0,31,28,0,0,0,0,0,0.0,0,0,0,0,0,0
661.1,2026-05-17T16:06:31,0016c001f10c2ef6,8.7,3.1,5.6,0.0,7809,703,7106,9.0,0.99,0.65,0.5,392528603,2008361836,3242,11866,1.2,234.0,3.1,2.0,31,28,0,0,0,0,0,0.0,0,0,0,0,0,0
661.5,2026-05-17T16:06:31,0016c001f10c2ef6,6.9,1.7,5.1,0.0,7809,703,7106,9.0,0.99,0.65,0.5,392531689,2008373636,3086,11800,1.2,234.0,3.1,2.0,31,28,0,0,0,0,0,0.0,0,0,0,0,0,0
661.9,2026-05-17T16:06:32,0016c001f10c2ef6,5.2,2.3,2.9,0.0,7809,703,7106,9.0,0.99,0.65,0.5,392534775,2008385436,3086,11800,1.2,234.0,3.1,2.0,31,28,0,0,0,0,0,0.0,0,0,0,0,0,0
662.4,2026-05-17T16:06:32,0016c001f10c2ef6,6.4,2.3,4.1,0.0,7809,702,7107,9.0,0.91,0.64,0.5,392538842,2008428686,4067,43250,1.2,234.0,3.1,2.0,31,28,0,0,0,0,0,0.0,0,0,0,0,0,0
662.8,2026-05-17T16:06:32,0016c001f10c2ef6,6.4,2.9,3.5,0.0,7809,702,7107,9.0,0.91,0.64,0.5,392541980,2008440486,3138,11800,1.2,234.0,3.1,2.0,31,28,0,0,0,0,0,0.0,0,0,0,0,0,0
663.2,2026-05-17T16:06:33,0016c001f10c2ef6,18.6,1.7,16.9,0.0,7809,702,7107,9.0,0.91,0.64,0.5,392545170,2008452286,3190,11800,1.2,234.0,3.1,2.0,31,28,0,0,0,0,0,0.0,0,0,0,0,0,0
663.6,2026-05-17T16:06:33,0016c001f10c2ef6,19.4,2.3,17.1,0.0,7809,702,7107,9.0,0.91,0.64,0.5,392548208,2008464086,3038,11800,1.2,234.0,3.1,2.0,31,28,0,0,0,0,0,0.0,0,0,0,0,0,0
664.0,2026-05-17T16:06:34,0016c001f10c2ef6,19.5,1.8,17.8,0.0,7809,702,7107,9.0,0.91,0.64,0.5,392551959,2008490778,3751,26692,1.2,234.0,3.1,2.0,31,28,0,0,0,0,0,0.0,0,0,0,0,0,0
664.5,2026-05-17T16:06:34,0016c001f10c2ef6,13.8,2.9,10.9,0.0,7809,703,7106,9.0,0.91,0.64,0.5,392555513,2008519136,3554,28358,1.2,234.0,3.1,2.0,31,28,0,0,0,0,0,0.0,0,0,0,0,0,0
664.9,2026-05-17T16:06:35,0016c001f10c2ef6,4.6,2.3,2.3,0.0,7809,703,7106,9.0,0.91,0.64,0.5,392558551,2008530936,3038,11800,1.2,234.0,3.1,2.0,31,28,0,0,0,0,0,0.0,0,0,0,0,0,0
665.3,2026-05-17T16:06:35,0016c001f10c2ef6,5.9,2.4,3.6,0.0,7809,702,7107,9.0,0.91,0.64,0.5,392561809,2008542814,3258,11878,1.2,234.0,3.1,2.0,31,28,0,0,0,0,0,0.0,0,0,0,0,0,0
665.7,2026-05-17T16:06:35,0016c001f10c2ef6,7.2,2.2,5.0,0.0,7809,702,7107,9.0,0.91,0.64,0.5,392564947,2008554614,3138,11800,1.2,234.0,3.1,2.0,31,28,0,0,0,0,0,0.0,0,0,0,0,0,0
666.2,2026-05-17T16:06:36,0016c001f10c2ef6,8.2,2.1,6.2,0.0,7809,702,7107,9.0,0.91,0.64,0.5,392569170,2008597930,4223,43316,1.2,234.0,3.1,2.0,31,28,0,0,0,0,0,0.0,0,0,0,0,0,0
666.6,2026-05-17T16:06:36,0016c001f10c2ef6,7.5,3.5,4.0,0.0,7809,702,7107,9.0,0.91,0.64,0.5,392572208,2008609730,3038,11800,1.2,234.0,3.1,2.0,31,28,0,0,0,0,0,0.0,0,0,0,0,0,0
667.0,2026-05-17T16:06:37,0016c001f10c2ef6,5.7,2.3,3.4,0.0,7809,702,7107,9.0,0.92,0.65,0.5,392575502,2008621530,3294,11800,1.2,234.0,3.1,2.0,31,28,0,0,0,0,0,0.0,0,0,0,0,0,0
667.4,2026-05-17T16:06:37,0016c001f10c2ef6,4.7,1.2,3.6,0.0,7809,701,7108,9.0,0.92,0.65,0.5,392578792,2008633330,3290,11800,1.2,234.0,3.1,2.0,31,28,0,0,0,0,0,0.0,0,0,0,0,0,0
667.9,2026-05-17T16:06:38,0016c001f10c2ef6,5.6,2.3,3.4,0.0,7809,702,7107,9.0,0.92,0.65,0.5,392581830,2008645130,3038,11800,1.2,234.0,3.1,2.0,31,28,0,0,0,0,0,0.0,0,0,0,0,0,0
668.3,2026-05-17T16:06:38,0016c001f10c2ef6,7.6,4.1,3.5,0.0,7809,701,7108,9.0,0.92,0.65,0.5,392585789,2008688380,3959,43250,1.2,234.0,3.1,2.0,31,28,0,0,0,0,0,0.0,0,0,0,0,0,0
668.7,2026-05-17T16:06:38,0016c001f10c2ef6,6.2,2.2,3.9,0.0,7809,701,7108,9.0,0.92,0.65,0.5,392588927,2008700180,3138,11800,1.2,234.0,3.1,2.0,31,28,0,0,0,0,0,0.0,0,0,0,0,0,0
669.1,2026-05-17T16:06:39,0016c001f10c2ef6,6.4,2.3,4.1,0.0,7809,701,7108,9.0,0.92,0.65,0.5,392592494,2008711980,3567,11800,1.2,234.0,3.1,2.0,31,28,0,0,0,0,0,0.0,0,0,0,0,0,0
669.6,2026-05-17T16:06:39,0016c001f10c2ef6,6.4,1.7,4.6,0.0,7809,703,7106,9.0,0.92,0.65,0.5,392595580,2008723780,3086,11800,1.2,234.0,3.1,2.0,31,28,0,0,0,0,0,0.0,0,0,0,0,0,0
670.0,2026-05-17T16:06:40,0016c001f10c2ef6,6.5,3.6,3.0,0.0,7809,703,7106,9.0,0.92,0.65,0.5,392598898,2008735736,3318,11956,1.2,234.0,3.1,2.0,31,28,0,0,0,0,0,0.0,0,0,0,0,0,0
670.4,2026-05-17T16:06:40,0016c001f10c2ef6,8.0,4.0,4.0,0.0,7809,703,7106,9.0,0.92,0.65,0.5,392602965,2008778986,4067,43250,1.2,234.0,3.1,2.0,31,28,0,0,0,0,0,0.0,0,0,0,0,0,0
670.8,2026-05-17T16:06:41,0016c001f10c2ef6,4.6,1.7,2.9,0.0,7809,703,7106,9.0,0.92,0.65,0.5,392606051,2008790786,3086,11800,1.2,234.0,3.1,2.0,31,28,0,0,0,0,0,0.0,0,0,0,0,0,0
671.3,2026-05-17T16:06:41,0016c001f10c2ef6,8.9,3.1,5.7,0.0,7809,702,7107,9.0,0.92,0.65,0.5,392609293,2008802652,3242,11866,1.2,234.0,3.1,2.0,31,28,0,0,0,0,0,0.0,0,0,0,0,0,0
671.8,2026-05-17T16:06:41,0016c001f10c2ef6,6.8,1.7,5.1,0.0,7809,702,7107,9.0,0.92,0.65,0.5,392612331,2008814452,3038,11800,1.2,234.0,3.1,2.0,31,28,0,0,0,0,0,0.0,0,0,0,0,0,0
672.2,2026-05-17T16:06:42,0016c001f10c2ef6,6.9,2.9,4.0,0.0,7809,701,7108,9.0,0.84,0.64,0.5,392616346,2008857702,4015,43250,1.2,234.0,3.1,2.0,31,28,0,0,0,0,0,0.0,0,0,0,0,0,0
672.6,2026-05-17T16:06:42,0016c001f10c2ef6,8.1,3.5,4.7,0.0,7809,701,7108,9.0,0.84,0.64,0.5,392619584,2008869502,3238,11800,1.2,234.0,3.1,2.0,31,28,0,0,0,0,0,0.0,0,0,0,0,0,0
673.0,2026-05-17T16:06:43,0016c001f10c2ef6,6.3,2.9,3.4,0.0,7809,702,7107,9.0,0.84,0.64,0.5,392622846,2008881380,3262,11878,1.2,234.0,3.1,2.0,31,28,0,0,0,0,0,0.0,0,0,0,0,0,0
673.5,2026-05-17T16:06:43,0016c001f10c2ef6,7.2,2.2,5.0,0.0,7809,701,7108,9.0,0.84,0.64,0.5,392625932,2008893180,3086,11800,1.2,234.0,3.1,2.0,31,28,0,0,0,0,0,0.0,0,0,0,0,0,0
673.9,2026-05-17T16:06:44,0016c001f10c2ef6,5.3,2.4,3.0,0.0,7809,702,7107,9.0,0.84,0.64,0.5,392628970,2008904980,3038,11800,1.2,234.0,3.1,2.0,31,28,0,0,0,0,0,0.0,0,0,0,0,0,0
674.3,2026-05-17T16:06:44,0016c001f10c2ef6,12.5,2.4,10.1,0.0,7809,702,7107,9.0,0.84,0.64,0.5,392632829,2008948230,3859,43250,1.2,233.9,3.1,2.0,31,28,0,0,0,0,0,0.0,0,0,0,0,0,0
674.7,2026-05-17T16:06:44,0016c001f10c2ef6,19.5,3.7,15.9,0.0,7809,702,7107,9.0,0.84,0.64,0.5,392635915,2008960030,3086,11800,1.2,233.9,3.1,2.0,31,28,0,0,0,0,0,0.0,0,0,0,0,0,0
675.2,2026-05-17T16:06:45,0016c001f10c2ef6,19.5,2.4,17.2,0.0,7809,701,7108,9.0,0.84,0.64,0.5,392639153,2008971830,3238,11800,1.2,233.9,3.1,2.0,31,28,0,0,0,0,0,0.0,0,0,0,0,0,0
675.6,2026-05-17T16:06:45,0016c001f10c2ef6,20.9,4.0,16.9,0.0,7809,702,7107,9.0,0.84,0.64,0.5,392642239,2008983630,3086,11800,1.2,233.9,3.1,2.0,31,28,0,0,0,0,0,0.0,0,0,0,0,0,0
676.0,2026-05-17T16:06:46,0016c001f10c2ef6,7.5,1.2,6.4,0.0,7809,701,7108,9.0,0.84,0.64,0.5,392645325,2008995430,3086,11800,1.2,233.9,3.1,2.0,31,28,0,0,0,0,0,0.0,0,0,0,0,0,0
676.5,2026-05-17T16:06:46,0016c001f10c2ef6,10.8,4.6,6.2,0.0,7809,702,7107,9.0,0.84,0.64,0.5,392649496,2009038746,4171,43316,1.2,233.9,3.1,2.0,31,28,0,0,0,0,0,0.0,0,0,0,0,0,0
677.0,2026-05-17T16:06:47,0016c001f10c2ef6,10.4,4.0,6.4,0.0,7809,702,7107,9.0,0.77,0.63,0.49,392652686,2009050612,3190,11866,1.2,233.9,3.1,2.0,31,28,0,0,0,0,0,0.0,0,0,0,0,0,0
677.5,2026-05-17T16:06:47,0016c001f10c2ef6,8.8,3.6,5.2,0.0,7809,702,7107,9.0,0.77,0.63,0.49,392655776,2009062478,3090,11866,1.2,233.9,3.1,2.0,31,28,0,0,0,0,0,0.0,0,0,0,0,0,0
677.9,2026-05-17T16:06:48,0016c001f10c2ef6,6.2,2.8,3.4,0.0,7809,702,7107,9.0,0.77,0.63,0.49,392658962,2009074278,3186,11800,1.2,233.9,3.1,2.0,31,28,0,0,0,0,0,0.0,0,0,0,0,0,0
678.3,2026-05-17T16:06:48,0016c001f10c2ef6,7.0,2.9,4.1,0.0,7809,702,7107,9.0,0.77,0.63,0.49,392663205,2009117614,4243,43336,1.2,233.9,3.1,2.0,31,28,0,0,0,0,0,0.0,0,0,0,0,0,0
678.8,2026-05-17T16:06:49,0016c001f10c2ef6,7.6,3.5,4.1,0.0,7809,702,7107,9.0,0.77,0.63,0.49,392666724,2009129414,3519,11800,1.2,233.9,3.1,2.0,31,28,0,0,0,0,0,0.0,0,0,0,0,0,0
679.2,2026-05-17T16:06:50,0016c001f10c2ef6,5.8,1.8,4.1,0.0,7809,702,7107,9.0,0.77,0.63,0.49,392669910,2009141214,3186,11800,1.2,233.9,3.1,2.0,31,28,0,0,0,0,0,0.0,0,0,0,0,0,0
679.6,2026-05-17T16:06:50,0016c001f10c2ef6,5.8,2.9,2.9,0.0,7809,701,7108,9.0,0.77,0.63,0.49,392673048,2009153080,3138,11866,1.2,233.9,3.1,2.0,31,28,0,0,0,0,0,0.0,0,0,0,0,0,0
680.1,2026-05-17T16:06:51,0016c001f10c2ef6,8.5,4.0,4.5,0.0,7809,701,7108,9.0,0.77,0.63,0.49,392676034,2009164880,2986,11800,1.2,233.9,3.1,2.0,31,28,0,0,0,0,0,0.0,0,0,0,0,0,0
680.5,2026-05-17T16:06:51,0016c001f10c2ef6,6.4,2.9,2.9,0.6,7809,701,7108,9.0,0.77,0.63,0.49,392680149,2009208130,4115,43250,1.2,233.9,3.1,2.0,31,28,0,0,0,0,0,0.0,0,0,0,0,0,0
680.9,2026-05-17T16:06:51,0016c001f10c2ef6,6.5,1.8,4.7,0.0,7809,702,7107,9.0,0.77,0.63,0.49,392683135,2009219930,2986,11800,1.2,233.9,3.1,2.0,32,29,1,1,0,0,0,0.0,0,0,0,0,0,0
681.3,2026-05-17T16:06:52,0016c001f10c2ef6,7.0,2.9,4.1,0.0,7809,703,7106,9.0,0.77,0.63,0.49,392686221,2009231732,3086,11802,1.2,233.9,3.1,2.0,32,29,0,0,0,0,0,0.0,0,0,0,0,0,0
681.8,2026-05-17T16:06:52,0016c001f10c2ef6,5.8,1.2,4.7,0.0,7809,702,7107,9.0,0.71,0.62,0.49,392689407,2009243534,3186,11802,1.2,233.9,3.1,2.0,32,29,0,0,0,0,0,0.0,0,0,0,0,0,0
682.2,2026-05-17T16:06:53,0016c001f10c2ef6,6.4,2.9,3.5,0.0,7809,703,7106,9.0,0.71,0.62,0.49,392692597,2009255336,3190,11802,1.2,233.9,3.1,2.0,32,29,0,0,0,0,0,0.0,0,0,0,0,0,0
682.7,2026-05-17T16:06:53,0016c001f10c2ef6,9.6,3.7,5.9,0.0,7809,702,7107,9.0,0.71,0.62,0.49,392696768,2009298654,4171,43318,1.2,233.9,3.1,2.0,32,29,0,0,0,0,0,0.0,0,0,0,0,0,0
683.1,2026-05-17T16:06:54,0016c001f10c2ef6,6.5,2.4,4.1,0.0,7809,702,7107,9.0,0.71,0.62,0.49,392700010,2009310456,3242,11802,1.2,233.9,3.1,2.0,32,29,0,0,0,0,0,0.0,0,0,0,0,0,0
683.5,2026-05-17T16:06:54,0016c001f10c2ef6,5.8,2.3,3.5,0.0,7809,701,7108,9.0,0.71,0.62,0.49,392703148,2009322258,3138,11802,1.2,233.9,3.1,2.0,32,29,0,0,0,0,0,0.0,0,0,0,0,0,0
684.0,2026-05-17T16:06:54,0016c001f10c2ef6,6.4,2.9,3.5,0.0,7809,701,7108,9.0,0.71,0.62,0.49,392706238,2009334060,3090,11802,1.2,233.9,3.1,2.0,32,29,0,0,0,0,0,0.0,0,0,0,0,0,0
684.4,2026-05-17T16:06:55,0016c001f10c2ef6,6.4,1.7,4.7,0.0,7809,701,7108,9.0,0.71,0.62,0.49,392710253,2009377312,4015,43252,1.2,233.9,3.1,2.0,32,29,0,0,0,0,0,0.0,0,0,0,0,0,0
684.8,2026-05-17T16:06:55,0016c001f10c2ef6,7.5,2.3,5.2,0.0,7809,702,7107,9.0,0.71,0.62,0.49,392713543,2009389114,3290,11802,1.2,233.9,3.1,2.0,32,29,0,0,0,0,0,0.0,0,0,0,0,0,0
685.3,2026-05-17T16:06:56,0016c001f10c2ef6,5.8,1.2,4.7,0.0,7809,702,7107,9.0,0.71,0.62,0.49,392716529,2009400916,2986,11802,1.2,233.9,3.1,2.0,32,29,0,0,0,0,0,0.0,0,0,0,0,0,0
685.7,2026-05-17T16:06:56,0016c001f10c2ef6,6.3,2.3,4.0,0.0,7809,701,7108,9.0,0.71,0.62,0.49,392719667,2009412718,3138,11802,1.2,233.9,3.1,2.0,32,29,0,0,0,0,0,0.0,0,0,0,0,0,0
686.1,2026-05-17T16:06:57,0016c001f10c2ef6,18.2,1.8,16.5,0.0,7809,701,7108,9.0,0.71,0.62,0.49,392722805,2009424520,3138,11802,1.2,233.9,3.1,2.0,32,29,0,0,0,0,0,0.0,0,0,0,0,0,0
686.5,2026-05-17T16:06:57,0016c001f10c2ef6,18.9,2.9,16.0,0.0,7809,702,7107,9.0,0.82,0.64,0.5,392726816,2009467772,4011,43252,1.2,233.7,3.1,2.0,32,29,0,0,0,0,0,0.0,0,0,0,0,0,0
687.0,2026-05-17T16:06:57,0016c001f10c2ef6,19.3,3.4,15.9,0.0,7809,702,7107,9.0,0.82,0.64,0.5,392729902,2009479574,3086,11802,1.2,233.7,3.1,2.0,32,29,0,0,0,0,0,0.0,0,0,0,0,0,0
687.4,2026-05-17T16:06:58,0016c001f10c2ef6,12.7,2.2,10.5,0.0,7809,702,7107,9.0,0.82,0.64,0.5,392733040,2009491376,3138,11802,1.2,233.7,3.1,2.0,32,29,0,0,0,0,0,0.0,0,0,0,0,0,0
687.8,2026-05-17T16:06:58,0016c001f10c2ef6,9.6,4.5,5.1,0.0,7809,700,7109,9.0,0.82,0.64,0.5,392736178,2009503244,3138,11868,1.2,233.7,3.1,2.0,32,29,0,0,0,0,0,0.0,0,0,0,0,0,0
688.3,2026-05-17T16:06:59,0016c001f10c2ef6,9.4,3.5,5.9,0.0,7809,701,7108,9.0,0.82,0.64,0.5,392739797,2009515112,3619,11868,1.2,233.7,3.1,2.0,32,29,0,0,0,0,0,0.0,0,0,0,0,0,0
688.8,2026-05-17T16:06:59,0016c001f10c2ef6,9.8,3.1,6.7,0.0,7809,701,7108,9.0,0.82,0.64,0.5,392743992,2009558508,4195,43396,1.2,233.7,3.1,2.0,32,29,0,0,0,0,0,0.0,0,0,0,0,0,0
689.3,2026-05-17T16:07:00,0016c001f10c2ef6,8.2,3.6,4.6,0.0,7809,701,7108,9.0,0.82,0.64,0.5,392747230,2009570376,3238,11868,1.2,233.7,3.1,2.0,32,29,0,0,0,0,0,0.0,0,0,0,0,0,0
689.7,2026-05-17T16:07:00,0016c001f10c2ef6,6.8,2.8,4.0,0.0,7809,701,7108,9.0,0.82,0.64,0.5,392750268,2009582178,3038,11802,1.2,233.7,3.1,2.0,32,29,0,0,0,0,0,0.0,0,0,0,0,0,0
690.1,2026-05-17T16:07:01,0016c001f10c2ef6,5.8,2.3,3.5,0.0,7809,701,7108,9.0,0.82,0.64,0.5,392753406,2009593980,3138,11802,1.2,233.7,3.1,2.0,32,29,0,0,0,0,0,0.0,0,0,0,0,0,0
690.5,2026-05-17T16:07:01,0016c001f10c2ef6,5.2,1.7,3.4,0.0,7809,701,7108,9.0,0.82,0.64,0.5,392757525,2009637232,4119,43252,1.2,233.7,3.1,2.0,32,29,0,0,0,0,0,0.0,0,0,0,0,0,0
690.9,2026-05-17T16:07:01,0016c001f10c2ef6,8.2,4.1,4.1,0.0,7809,702,7107,9.0,0.82,0.64,0.5,392760611,2009649034,3086,11802,1.2,233.7,3.1,2.0,32,29,0,0,0,0,0,0.0,0,0,0,0,0,0
691.3,2026-05-17T16:07:02,0016c001f10c2ef6,7.5,3.4,4.0,0.0,7809,702,7107,9.0,0.75,0.63,0.5,392763749,2009660836,3138,11802,1.2,233.7,3.1,2.0,32,29,0,0,0,0,0,0.0,0,0,0,0,0,0
691.8,2026-05-17T16:07:02,0016c001f10c2ef6,7.3,2.2,5.1,0.0,7809,702,7107,9.0,0.75,0.63,0.5,392766987,2009672638,3238,11802,1.2,233.7,3.1,2.0,32,29,0,0,0,0,0,0.0,0,0,0,0,0,0
692.2,2026-05-17T16:07:03,0016c001f10c2ef6,6.7,2.8,3.9,0.0,7809,702,7107,9.0,0.75,0.63,0.5,392770077,2009684440,3090,11802,1.2,233.7,3.1,2.0,32,29,0,0,0,0,0,0.0,0,0,0,0,0,0
692.6,2026-05-17T16:07:03,0016c001f10c2ef6,6.2,2.8,3.4,0.0,7809,702,7107,9.0,0.75,0.63,0.5,392774140,2009727692,4063,43252,1.2,233.7,3.1,2.0,32,29,0,0,0,0,0,0.0,0,0,0,0,0,0
693.1,2026-05-17T16:07:04,0016c001f10c2ef6,6.8,2.8,4.0,0.0,7809,702,7107,9.0,0.75,0.63,0.5,392777126,2009739494,2986,11802,1.2,233.7,3.1,2.0,32,29,0,0,0,0,0,0.0,0,0,0,0,0,0
693.5,2026-05-17T16:07:04,0016c001f10c2ef6,6.4,2.9,3.5,0.0,7809,702,7107,9.0,0.75,0.63,0.5,392780368,2009751296,3242,11802,1.2,233.7,3.1,2.0,32,29,0,0,0,0,0,0.0,0,0,0,0,0,0
693.9,2026-05-17T16:07:04,0016c001f10c2ef6,6.7,3.4,3.4,0.0,7809,701,7108,9.0,0.75,0.63,0.5,392783658,2009763098,3290,11802,1.2,233.7,3.1,2.0,32,29,0,0,0,0,0,0.0,0,0,0,0,0,0
694.4,2026-05-17T16:07:05,0016c001f10c2ef6,9.2,3.1,6.1,0.0,7809,702,7107,9.0,0.75,0.63,0.5,392786744,2009774966,3086,11868,1.2,233.7,3.1,2.0,32,29,0,0,0,0,0,0.0,0,0,0,0,0,0
694.8,2026-05-17T16:07:05,0016c001f10c2ef6,8.6,2.9,5.7,0.0,7809,702,7107,9.0,0.75,0.63,0.5,392790659,2009818218,3915,43252,1.2,233.7,3.1,2.0,32,29,0,0,0,0,0,0.0,0,0,0,0,0,0
695.3,2026-05-17T16:07:06,0016c001f10c2ef6,5.8,2.3,3.5,0.0,7809,702,7107,9.0,0.75,0.63,0.5,392793797,2009830020,3138,11802,1.2,233.7,3.1,2.0,32,29,0,0,0,0,0,0.0,0,0,0,0,0,0
695.7,2026-05-17T16:07:06,0016c001f10c2ef6,5.8,2.9,2.9,0.0,7809,702,7107,9.0,0.75,0.63,0.5,392796983,2009841822,3186,11802,1.2,233.7,3.1,2.0,32,29,0,0,0,0,0,0.0,0,0,0,0,0,0
696.1,2026-05-17T16:07:07,0016c001f10c2ef6,5.7,1.7,4.0,0.0,7809,702,7107,9.0,0.69,0.62,0.49,392800167,2009853690,3184,11868,1.2,233.7,3.1,2.0,32,29,0,0,0,0,0,0.0,0,0,0,0,0,0
696.6,2026-05-17T16:07:07,0016c001f10c2ef6,7.9,3.4,4.5,0.0,7809,702,7107,9.0,0.69,0.62,0.49,392804202,2009897020,4035,43330,1.2,233.7,3.1,2.0,32,29,0,0,0,0,0,0.0,0,0,0,0,0,0
697.0,2026-05-17T16:07:08,0016c001f10c2ef6,9.2,3.4,3.4,2.3,7809,702,7107,9.0,0.69,0.62,0.49,392807240,2009908822,3038,11802,1.2,233.7,3.1,2.0,32,29,0,0,0,0,0,0.0,0,0,0,0,0,0
697.4,2026-05-17T16:07:08,0016c001f10c2ef6,21.0,2.8,16.5,1.7,7809,702,7107,9.0,0.69,0.62,0.49,392810378,2009920624,3138,11802,1.2,233.7,3.1,2.0,32,29,0,0,0,0,0,0.0,0,0,0,0,0,0
697.9,2026-05-17T16:07:08,0016c001f10c2ef6,19.6,1.7,17.9,0.0,7809,702,7107,9.0,0.69,0.62,0.49,392813564,2009932426,3186,11802,1.2,233.7,3.1,2.0,32,29,0,0,0,0,0,0.0,0,0,0,0,0,0
698.3,2026-05-17T16:07:09,0016c001f10c2ef6,18.3,1.7,16.6,0.0,7809,702,7107,9.0,0.69,0.62,0.49,392817131,2009944228,3567,11802,1.2,233.7,3.1,2.0,32,29,0,0,0,0,0,0.0,0,0,0,0,0,0
698.8,2026-05-17T16:07:09,0016c001f10c2ef6,14.5,3.5,11.0,0.0,7809,702,7107,9.0,0.69,0.62,0.49,392821250,2009987480,4119,43252,1.2,233.7,3.1,2.0,32,29,0,0,0,0,0,0.0,0,0,0,0,0,0
699.2,2026-05-17T16:07:10,0016c001f10c2ef6,5.7,3.4,2.3,0.0,7809,702,7107,9.0,0.69,0.62,0.49,392824412,2009999438,3162,11958,1.2,233.7,3.1,2.0,32,29,0,0,0,0,0,0.0,0,0,0,0,0,0
699.7,2026-05-17T16:07:10,0016c001f10c2ef6,9.5,3.0,6.5,0.0,7809,700,7109,9.0,0.69,0.62,0.49,392827648,2010011372,3236,11934,1.2,233.7,3.1,2.0,32,29,0,0,0,0,0,0.0,0,0,0,0,0,0
700.2,2026-05-17T16:07:11,0016c001f10c2ef6,9.6,4.0,5.6,0.0,7809,700,7109,9.0,0.69,0.62,0.49,392830786,2010023240,3138,11868,1.2,233.7,3.1,2.0,32,29,0,0,0,0,0,0.0,0,0,0,0,0,0
700.7,2026-05-17T16:07:11,0016c001f10c2ef6,10.1,4.0,6.1,0.0,7809,700,7109,9.0,0.69,0.62,0.49,392834801,2010066558,4015,43318,1.2,233.7,3.1,2.0,32,29,0,0,0,0,0,0.0,0,0,0,0,0,0
701.1,2026-05-17T16:07:12,0016c001f10c2ef6,10.6,5.0,5.5,0.0,7809,700,7109,9.0,0.63,0.61,0.49,392837991,2010078426,3190,11868,1.2,233.7,3.1,2.0,32,29,0,0,0,0,0,0.0,0,0,0,0,0,0
701.6,2026-05-17T16:07:12,0016c001f10c2ef6,12.8,5.6,7.2,0.0,7809,700,7109,9.0,0.63,0.61,0.49,392841181,2010090294,3190,11868,1.2,233.7,3.1,2.0,32,29,0,0,0,0,0,0.0,0,0,0,0,0,0
702.1,2026-05-17T16:07:13,0016c001f10c2ef6,9.1,3.6,5.6,0.0,7809,701,7108,9.0,0.63,0.61,0.49,392844271,2010102162,3090,11868,1.2,233.7,3.1,2.0,32,29,0,0,0,0,0,0.0,0,0,0,0,0,0
702.5,2026-05-17T16:07:13,0016c001f10c2ef6,6.8,2.3,4.5,0.0,7809,702,7107,9.0,0.63,0.61,0.49,392847870,2010113964,3599,11802,1.2,233.7,3.1,2.0,32,29,0,0,0,0,0,0.0,0,0,0,0,0,0
703.0,2026-05-17T16:07:13,0016c001f10c2ef6,7.3,2.8,4.5,0.0,7809,702,7107,9.0,0.63,0.61,0.49,392851576,2010157216,3706,43252,1.2,233.7,3.1,2.0,32,29,0,0,0,0,0,0.0,0,0,0,0,0,0
703.4,2026-05-17T16:07:14,0016c001f10c2ef6,5.7,2.3,3.4,0.0,7809,702,7107,9.0,0.63,0.61,0.49,392854714,2010169018,3138,11802,1.2,233.7,3.1,2.0,32,29,0,0,0,0,0,0.0,0,0,0,0,0,0
703.9,2026-05-17T16:07:14,0016c001f10c2ef6,6.7,2.8,3.9,0.0,7809,703,7106,9.0,0.63,0.61,0.49,392857904,2010180820,3190,11802,1.2,233.7,3.1,2.0,32,29,0,0,0,0,0,0.0,0,0,0,0,0,0
704.3,2026-05-17T16:07:15,0016c001f10c2ef6,4.6,1.1,3.4,0.0,7809,702,7107,9.0,0.63,0.61,0.49,392861108,2010192742,3204,11922,1.2,233.7,3.1,2.0,32,29,0,0,0,0,0,0.0,0,0,0,0,0,0
704.7,2026-05-17T16:07:15,0016c001f10c2ef6,6.4,2.3,4.1,0.0,7809,702,7107,9.0,0.63,0.61,0.49,392865127,2010235994,4019,43252,1.2,233.9,3.1,2.0,32,29,0,0,0,0,0,0.0,0,0,0,0,0,0
705.2,2026-05-17T16:07:16,0016c001f10c2ef6,5.7,2.9,2.9,0.0,7809,702,7107,9.0,0.63,0.61,0.49,392868365,2010247796,3238,11802,1.2,233.9,3.1,2.0,32,29,0,0,0,0,0,0.0,0,0,0,0,0,0
705.6,2026-05-17T16:07:16,0016c001f10c2ef6,6.9,2.3,4.6,0.0,7809,702,7107,9.0,0.63,0.61,0.49,392871503,2010259598,3138,11802,1.2,233.9,3.1,2.0,32,29,0,0,0,0,0,0.0,0,0,0,0,0,0
706.0,2026-05-17T16:07:17,0016c001f10c2ef6,5.2,2.3,2.9,0.0,7809,702,7107,9.0,0.58,0.6,0.49,392874541,2010271400,3038,11802,1.2,233.9,3.1,2.0,32,29,0,0,0,0,0,0.0,0,0,0,0,0,0
706.5,2026-05-17T16:07:17,0016c001f10c2ef6,6.4,2.5,3.9,0.0,7809,702,7107,9.0,0.58,0.6,0.49,392877795,2010283364,3254,11964,1.2,233.9,3.1,2.0,32,29,0,0,0,0,0,0.0,0,0,0,0,0,0
706.9,2026-05-17T16:07:17,0016c001f10c2ef6,8.0,3.4,4.6,0.0,7809,702,7107,9.0,0.58,0.6,0.49,392881858,2010326616,4063,43252,1.2,233.9,3.1,2.0,32,29,0,0,0,0,0,0.0,0,0,0,0,0,0
707.4,2026-05-17T16:07:18,0016c001f10c2ef6,10.0,3.0,7.0,0.0,7809,702,7107,9.0,0.58,0.6,0.49,392884844,2010338550,2986,11934,1.2,233.9,3.1,2.0,32,29,0,0,0,0,0,0.0,0,0,0,0,0,0
707.9,2026-05-17T16:07:18,0016c001f10c2ef6,5.7,2.3,3.4,0.0,7809,702,7107,9.0,0.58,0.6,0.49,392888511,2010350352,3667,11802,1.2,233.9,3.1,2.0,32,29,0,0,0,0,0,0.0,0,0,0,0,0,0
708.3,2026-05-17T16:07:19,0016c001f10c2ef6,6.2,2.2,3.9,0.0,7809,702,7107,9.0,0.58,0.6,0.49,392891497,2010362154,2986,11802,1.2,233.9,3.1,2.0,32,29,0,0,0,0,0,0.0,0,0,0,0,0,0
708.7,2026-05-17T16:07:19,0016c001f10c2ef6,13.2,1.8,11.4,0.0,7809,701,7108,9.0,0.58,0.6,0.49,392895716,2010405406,4219,43252,1.2,233.9,3.1,2.0,32,29,0,0,0,0,0,0.0,0,0,0,0,0,0
709.2,2026-05-17T16:07:20,0016c001f10c2ef6,19.0,2.4,16.7,0.0,7809,702,7107,9.0,0.58,0.6,0.49,392898754,2010417208,3038,11802,1.2,233.9,3.1,2.0,32,29,0,0,0,0,0,0.0,0,0,0,0,0,0
709.6,2026-05-17T16:07:20,0016c001f10c2ef6,18.9,3.0,16.0,0.0,7809,702,7107,9.0,0.58,0.6,0.49,392901840,2010429010,3086,11802,1.2,233.9,3.1,2.0,32,29,0,0,0,0,0,0.0,0,0,0,0,0,0
710.0,2026-05-17T16:07:21,0016c001f10c2ef6,19.8,2.9,16.9,0.0,7809,702,7107,9.0,0.58,0.6,0.49,392905130,2010440812,3290,11802,1.2,233.9,3.1,2.0,32,29,0,0,0,0,0,0.0,0,0,0,0,0,0
710.5,2026-05-17T16:07:21,0016c001f10c2ef6,5.8,1.7,4.1,0.0,7809,702,7107,9.0,0.58,0.6,0.49,392908168,2010452614,3038,11802,1.2,233.9,3.1,2.0,32,29,0,0,0,0,0,0.0,0,0,0,0,0,0
710.9,2026-05-17T16:07:22,0016c001f10c2ef6,6.9,1.7,5.1,0.0,7809,702,7107,9.0,0.62,0.6,0.49,392912127,2010495866,3959,43252,1.2,233.9,3.1,2.0,32,29,0,0,0,0,0,0.0,0,0,0,0,0,0
711.4,2026-05-17T16:07:23,0016c001f10c2ef6,6.2,1.7,4.5,0.0,7809,702,7107,9.0,0.62,0.6,0.49,392915317,2010507668,3190,11802,1.2,233.9,3.1,2.0,32,29,0,0,0,0,0,0.0,0,0,0,0,0,0
711.8,2026-05-17T16:07:23,0016c001f10c2ef6,5.2,2.3,2.9,0.0,7809,703,7106,9.0,0.62,0.6,0.49,392918303,2010519470,2986,11802,1.2,233.9,3.1,2.0,32,29,0,0,0,0,0,0.0,0,0,0,0,0,0
712.2,2026-05-17T16:07:24,0016c001f10c2ef6,6.0,1.8,4.2,0.0,7809,702,7107,9.0,0.62,0.6,0.49,392921665,2010531350,3362,11880,1.2,233.9,3.1,2.0,32,29,0,0,0,0,0,0.0,0,0,0,0,0,0
712.7,2026-05-17T16:07:24,0016c001f10c2ef6,8.8,3.6,5.2,0.0,7809,702,7107,9.0,0.62,0.6,0.49,392925680,2010574668,4015,43318,1.2,233.9,3.1,2.0,32,29,0,0,0,0,0,0.0,0,0,0,0,0,0
713.1,2026-05-17T16:07:25,0016c001f10c2ef6,6.9,3.5,3.5,0.0,7809,702,7107,9.0,0.62,0.6,0.49,392928818,2010586470,3138,11802,1.2,233.9,3.1,2.0,32,29,0,0,0,0,0,0.0,0,0,0,0,0,0
713.6,2026-05-17T16:07:25,0016c001f10c2ef6,7.3,2.2,4.5,0.6,7809,703,7106,9.0,0.62,0.6,0.49,392932060,2010598272,3242,11802,1.2,233.9,3.1,2.0,32,29,0,0,0,0,0,0.0,0,0,0,0,0,0
714.0,2026-05-17T16:07:25,0016c001f10c2ef6,5.1,1.7,3.4,0.0,7809,701,7108,9.0,0.62,0.6,0.49,392935098,2010610074,3038,11802,1.2,233.9,3.1,2.0,32,29,0,0,0,0,0,0.0,0,0,0,0,0,0
714.5,2026-05-17T16:07:26,0016c001f10c2ef6,6.4,1.6,4.8,0.0,7809,701,7108,9.0,0.62,0.6,0.49,392938288,2010621876,3190,11802,1.2,233.9,3.1,2.0,32,29,0,0,0,0,0,0.0,0,0,0,0,0,0
714.9,2026-05-17T16:07:26,0016c001f10c2ef6,6.4,2.3,4.1,0.0,7809,701,7108,9.0,0.62,0.6,0.49,392942403,2010665194,4115,43318,1.2,233.9,3.1,2.0,32,29,0,0,0,0,0,0.0,0,0,0,0,0,0
715.4,2026-05-17T16:07:27,0016c001f10c2ef6,5.7,3.4,2.3,0.0,7809,702,7107,9.0,0.62,0.6,0.49,392945541,2010676996,3138,11802,1.2,233.9,3.1,2.0,32,29,0,0,0,0,0,0.0,0,0,0,0,0,0
715.8,2026-05-17T16:07:27,0016c001f10c2ef6,6.2,2.8,3.4,0.0,7809,702,7107,9.0,0.65,0.61,0.49,392948579,2010688798,3038,11802,1.2,233.9,3.1,2.0,32,29,0,0,0,0,0,0.0,0,0,0,0,0,0
716.3,2026-05-17T16:07:28,0016c001f10c2ef6,5.6,2.2,3.4,0.0,7809,702,7107,9.0,0.65,0.61,0.49,392951713,2010700600,3134,11802,1.2,233.9,3.1,2.0,32,29,0,0,0,0,0,0.0,0,0,0,0,0,0
716.7,2026-05-17T16:07:28,0016c001f10c2ef6,8.3,2.8,5.6,0.0,7809,702,7107,9.0,0.65,0.61,0.49,392954903,2010712402,3190,11802,1.2,233.9,3.1,2.0,32,29,0,0,0,0,0,0.0,0,0,0,0,0,0
717.1,2026-05-17T16:07:29,0016c001f10c2ef6,7.0,2.3,4.7,0.0,7809,702,7107,9.0,0.65,0.61,0.49,392958818,2010755654,3915,43252,1.2,233.9,3.1,2.0,32,29,0,0,0,0,0,0.0,0,0,0,0,0,0
717.5,2026-05-17T16:07:29,0016c001f10c2ef6,6.8,2.8,4.0,0.0,7809,701,7108,9.0,0.65,0.61,0.49,392962154,2010769721,3336,14067,1.2,233.8,3.1,2.0,32,29,0,0,0,0,0,0.0,0,0,0,0,0,0
718.0,2026-05-17T16:07:29,0016c001f10c2ef6,10.5,4.5,6.0,0.0,7809,701,7108,9.0,0.65,0.61,0.49,392965773,2010781589,3619,11868,1.2,233.8,3.1,2.0,32,29,0,0,0,0,0,0.0,0,0,0,0,0,0
718.5,2026-05-17T16:07:30,0016c001f10c2ef6,6.6,2.7,3.8,0.0,7809,702,7107,9.0,0.65,0.61,0.49,392968811,2010794404,3038,12815,1.2,233.8,3.1,2.0,32,29,0,0,0,0,0,0.0,0,0,0,0,0,0
718.9,2026-05-17T16:07:30,0016c001f10c2ef6,5.1,1.1,4.0,0.0,7809,701,7108,9.0,0.65,0.61,0.49,392972768,2010837656,3957,43252,1.2,233.8,3.1,2.0,32,29,0,0,0,0,0,0.0,0,0,0,0,0,0
719.4,2026-05-17T16:07:31,0016c001f10c2ef6,6.7,2.8,3.9,0.0,7809,701,7108,9.0,0.65,0.61,0.49,392976006,2010849458,3238,11802,1.2,233.8,3.1,2.0,32,29,0,0,0,0,0,0.0,0,0,0,0,0,0
719.8,2026-05-17T16:07:31,0016c001f10c2ef6,5.1,0.6,4.5,0.0,7809,702,7107,9.0,0.65,0.61,0.49,392979116,2010861338,3110,11880,1.2,233.8,3.1,2.0,32,29,0,0,0,0,0,0.0,0,0,0,0,0,0
720.2,2026-05-17T16:07:32,0016c001f10c2ef6,11.5,2.9,8.6,0.0,7809,703,7106,9.0,0.65,0.61,0.49,392982302,2010873140,3186,11802,1.2,233.8,3.1,2.0,32,29,0,0,0,0,0,0.0,0,0,0,0,0,0
720.7,2026-05-17T16:07:32,0016c001f10c2ef6,19.7,2.9,16.8,0.0,7809,702,7107,9.0,0.68,0.62,0.5,392985492,2010884942,3190,11802,1.2,233.8,3.1,2.0,32,29,0,0,0,0,0,0.0,0,0,0,0,0,0
721.1,2026-05-17T16:07:33,0016c001f10c2ef6,19.2,2.3,16.9,0.0,7809,702,7107,9.0,0.68,0.62,0.5,392989303,2010928194,3811,43252,1.2,233.8,3.1,2.0,32,29,0,0,0,0,0,0.0,0,0,0,0,0,0
721.5,2026-05-17T16:07:33,0016c001f10c2ef6,19.1,2.2,16.9,0.0,7809,702,7107,9.0,0.68,0.62,0.5,392992389,2010939996,3086,11802,1.2,233.8,3.1,2.0,32,29,0,0,0,0,0,0.0,0,0,0,0,0,0
722.0,2026-05-17T16:07:33,0016c001f10c2ef6,9.7,3.4,6.3,0.0,7809,703,7106,9.0,0.68,0.62,0.5,392995527,2010951798,3138,11802,1.2,233.8,3.1,2.0,32,29,0,0,0,0,0,0.0,0,0,0,0,0,0
722.4,2026-05-17T16:07:34,0016c001f10c2ef6,6.4,2.3,4.1,0.0,7809,704,7105,9.0,0.68,0.62,0.5,392998765,2010963600,3238,11802,1.2,233.8,3.1,2.0,32,29,0,0,0,0,0,0.0,0,0,0,0,0,0
722.8,2026-05-17T16:07:34,0016c001f10c2ef6,6.3,2.3,4.0,0.0,7809,703,7106,9.0,0.68,0.62,0.5,393001903,2010975402,3138,11802,1.2,233.8,3.1,2.0,32,29,0,0,0,0,0,0.0,0,0,0,0,0,0
723.3,2026-05-17T16:07:35,0016c001f10c2ef6,12.1,5.1,7.1,0.0,7809,704,7105,9.0,0.68,0.62,0.5,393006022,2011018720,4119,43318,1.2,233.8,3.1,2.0,32,29,0,0,0,0,0,0.0,0,0,0,0,0,0
723.8,2026-05-17T16:07:35,0016c001f10c2ef6,9.1,4.1,5.1,0.0,7809,703,7106,9.0,0.68,0.62,0.5,393009212,2011030588,3190,11868,1.2,233.8,3.1,2.0,32,29,0,0,0,0,0,0.0,0,0,0,0,0,0
724.3,2026-05-17T16:07:36,0016c001f10c2ef6,9.5,3.0,6.0,0.5,7809,701,7108,9.0,0.68,0.62,0.5,393012402,2011042456,3190,11868,1.2,233.8,3.1,2.0,32,29,0,0,0,0,0,0.0,0,0,0,0,0,0
724.7,2026-05-17T16:07:36,0016c001f10c2ef6,9.6,3.6,6.1,0.0,7809,702,7107,9.0,0.68,0.62,0.5,393015716,2011054410,3314,11954,1.2,233.8,3.1,2.0,32,29,0,0,0,0,0,0.0,0,0,0,0,0,0
725.2,2026-05-17T16:07:37,0016c001f10c2ef6,11.4,3.1,8.3,0.0,7809,703,7106,9.0,0.68,0.62,0.5,393019731,2011097728,4015,43318,1.2,233.8,3.1,2.0,32,29,0,0,0,0,0,0.0,0,0,0,0,0,0
725.6,2026-05-17T16:07:37,0016c001f10c2ef6,5.4,1.8,3.6,0.0,7809,703,7106,9.0,0.7,0.62,0.5,393022921,2011109530,3190,11802,1.2,233.8,3.1,2.0,32,29,0,0,0,0,0,0.0,0,0,0,0,0,0
726.1,2026-05-17T16:07:37,0016c001f10c2ef6,8.0,2.7,5.3,0.0,7809,702,7107,9.0,0.7,0.62,0.5,393025983,2011121816,3062,12286,1.2,233.8,3.1,2.0,32,29,0,0,0,0,0,0.0,0,0,0,0,0,0
726.9,2026-05-17T16:07:38,0016c001f10c2ef6,4.3,1.2,3.1,0.0,7809,703,7106,9.0,0.7,0.62,0.5,393029249,2011134102,3266,12286,1.2,233.8,3.1,2.0,32,29,0,0,0,0,0,0.0,0,0,0,0,0,0
727.4,2026-05-17T16:07:39,0016c001f10c2ef6,6.5,2.8,3.7,0.0,7809,703,7106,9.0,0.7,0.62,0.5,393033821,2011180079,4572,45977,1.2,233.8,3.1,2.0,32,29,0,0,0,0,0,0.0,0,0,0,0,0,0
728.2,2026-05-17T16:07:40,0016c001f10c2ef6,4.9,2.1,2.8,0.0,7809,702,7107,9.0,0.7,0.62,0.5,393037269,2011194749,3448,14670,1.2,233.8,3.1,2.0,32,29,0,0,0,0,0,0.0,0,0,0,0,0,0
728.8,2026-05-17T16:07:40,0016c001f10c2ef6,5.3,0.9,4.4,0.0,7809,703,7106,9.0,0.7,0.62,0.5,393040203,2011206551,2934,11802,1.2,233.9,3.1,2.0,32,29,0,0,0,0,0,0.0,0,0,0,0,0,0
729.2,2026-05-17T16:07:41,0016c001f10c2ef6,6.7,3.3,3.3,0.0,7809,702,7107,9.0,0.7,0.62,0.5,393044374,2011249828,4171,43277,1.2,233.9,3.1,2.0,32,29,0,0,0,0,0,0.0,0,0,0,0,0,0
729.6,2026-05-17T16:07:41,0016c001f10c2ef6,8.1,3.5,4.6,0.0,7809,702,7107,9.0,0.7,0.62,0.5,393047512,2011261630,3138,11802,1.2,233.9,3.1,2.0,32,29,0,0,0,0,0,0.0,0,0,0,0,0,0
730.1,2026-05-17T16:07:42,0016c001f10c2ef6,9.6,3.0,6.6,0.0,7809,702,7107,9.0,0.7,0.62,0.5,393050646,2011273498,3134,11868,1.2,233.9,3.1,2.0,32,29,0,0,0,0,0,0.0,0,0,0,0,0,0
730.5,2026-05-17T16:07:42,0016c001f10c2ef6,6.5,2.4,4.1,0.0,7809,701,7108,9.0,0.65,0.61,0.5,393053836,2011285300,3190,11802,1.2,233.9,3.1,2.0,32,29,0,0,0,0,0,0.0,0,0,0,0,0,0
730.9,2026-05-17T16:07:42,0016c001f10c2ef6,8.4,4.5,3.9,0.0,7809,701,7108,9.0,0.65,0.61,0.5,393056926,2011297102,3090,11802,1.2,233.9,3.1,2.0,32,29,0,0,0,0,0,0.0,0,0,0,0,0,0
731.4,2026-05-17T16:07:43,0016c001f10c2ef6,7.9,2.3,5.1,0.6,7809,701,7108,9.0,0.65,0.61,0.5,393061197,2011341062,4271,43960,1.2,233.9,3.1,2.0,32,29,0,0,0,0,0,0.0,0,0,0,0,0,0
731.8,2026-05-17T16:07:43,0016c001f10c2ef6,18.1,3.4,14.7,0.0,7809,702,7107,9.0,0.65,0.61,0.5,393064235,2011352864,3038,11802,1.2,233.9,3.1,2.0,32,29,0,0,0,0,0,0.0,0,0,0,0,0,0
732.2,2026-05-17T16:07:44,0016c001f10c2ef6,19.4,2.4,17.1,0.0,7809,701,7108,9.0,0.65,0.61,0.5,393067467,2011366268,3232,13404,1.2,233.9,3.1,2.0,32,29,0,0,0,0,0,0.0,0,0,0,0,0,0
732.7,2026-05-17T16:07:44,0016c001f10c2ef6,17.7,1.1,16.6,0.0,7809,702,7107,9.0,0.65,0.61,0.5,393070605,2011378070,3138,11802,1.2,233.9,3.1,2.0,32,29,0,0,0,0,0,0.0,0,0,0,0,0,0
733.2,2026-05-17T16:07:45,0016c001f10c2ef6,11.0,2.2,8.8,0.0,7809,701,7108,9.0,0.65,0.61,0.5,393074728,2011421347,4123,43277,1.2,233.9,3.1,2.0,32,29,0,0,0,0,0,0.0,0,0,0,0,0,0
733.6,2026-05-17T16:07:45,0016c001f10c2ef6,8.6,3.4,5.1,0.0,7809,702,7107,9.0,0.65,0.61,0.5,393077814,2011433215,3086,11868,1.2,233.9,3.1,2.0,32,29,0,0,0,0,0,0.0,0,0,0,0,0,0
734.0,2026-05-17T16:07:45,0016c001f10c2ef6,5.3,2.9,2.3,0.0,7809,703,7106,9.0,0.65,0.61,0.5,393081056,2011445017,3242,11802,1.2,233.9,3.1,2.0,32,29,0,0,0,0,0,0.0,0,0,0,0,0,0
734.4,2026-05-17T16:07:46,0016c001f10c2ef6,6.2,1.7,4.5,0.0,7809,703,7106,9.0,0.65,0.61,0.5,393084246,2011457502,3190,12485,1.2,233.9,3.1,2.0,32,29,0,0,0,0,0,0.0,0,0,0,0,0,0
734.9,2026-05-17T16:07:46,0016c001f10c2ef6,8.6,2.3,6.3,0.0,7809,702,7107,9.0,0.65,0.61,0.5,393087530,2011470870,3284,13368,1.2,233.9,3.1,2.0,32,29,0,0,0,0,0,0.0,0,0,0,0,0,0
735.4,2026-05-17T16:07:47,0016c001f10c2ef6,10.0,4.0,6.0,0.0,7809,702,7107,9.0,0.75,0.64,0.5,393091737,2011514533,4207,43663,1.2,233.9,3.1,2.0,32,29,0,0,0,0,0,0.0,0,0,0,0,0,0
735.8,2026-05-17T16:07:47,0016c001f10c2ef6,5.1,0.6,4.5,0.0,7809,703,7106,9.0,0.75,0.64,0.5,393094819,2011526335,3082,11802,1.2,233.9,3.1,2.0,32,29,0,0,0,0,0,0.0,0,0,0,0,0,0
736.2,2026-05-17T16:07:48,0016c001f10c2ef6,6.7,3.4,3.4,0.0,7809,702,7107,9.0,0.75,0.64,0.5,393097905,2011538137,3086,11802,1.2,233.9,3.1,2.0,32,29,0,0,0,0,0,0.0,0,0,0,0,0,0
736.7,2026-05-17T16:07:48,0016c001f10c2ef6,7.5,4.0,3.4,0.0,7809,702,7107,9.0,0.75,0.64,0.5,393100995,2011549939,3090,11802,1.2,233.9,3.1,2.0,32,29,0,0,0,0,0,0.0,0,0,0,0,0,0
737.1,2026-05-17T16:07:49,0016c001f10c2ef6,6.2,2.3,4.0,0.0,7809,702,7107,9.0,0.75,0.64,0.5,393104510,2011561741,3515,11802,1.2,233.9,3.1,2.0,32,29,0,0,0,0,0,0.0,0,0,0,0,0,0
737.5,2026-05-17T16:07:49,0016c001f10c2ef6,5.8,2.9,2.9,0.0,7809,702,7107,9.0,0.75,0.64,0.5,393108629,2011605018,4119,43277,1.2,233.9,3.1,2.0,32,29,0,0,0,0,0,0.0,0,0,0,0,0,0
738.0,2026-05-17T16:07:49,0016c001f10c2ef6,6.7,3.4,3.4,0.0,7809,702,7107,9.0,0.75,0.64,0.5,393111867,2011616820,3238,11802,1.2,233.9,3.1,2.0,32,29,0,0,0,0,0,0.0,0,0,0,0,0,0
738.4,2026-05-17T16:07:50,0016c001f10c2ef6,5.1,2.9,2.3,0.0,7809,701,7108,9.0,0.75,0.64,0.5,393114957,2011628622,3090,11802,1.2,233.9,3.1,2.0,32,29,0,0,0,0,0,0.0,0,0,0,0,0,0
738.8,2026-05-17T16:07:50,0016c001f10c2ef6,10.3,2.9,4.6,2.9,7809,701,7108,9.0,0.75,0.64,0.5,393118143,2011640424,3186,11802,1.2,233.9,3.1,2.0,32,29,0,0,0,0,0,0.0,0,0,0,0,0,0
739.3,2026-05-17T16:07:51,0016c001f10c2ef6,6.3,4.0,2.3,0.0,7809,702,7107,9.0,0.75,0.64,0.5,393122214,2011683701,4071,43277,1.2,233.9,3.1,2.0,37,33,5,4,0,0,0,0.0,0,0,0,0,0,0
739.7,2026-05-17T16:07:51,0016c001f10c2ef6,6.0,2.4,3.6,0.0,7809,701,7108,9.0,0.75,0.64,0.5,393125550,2011695569,3336,11868,1.2,233.9,3.1,2.0,37,33,0,0,0,0,0,0.0,0,0,0,0,0,0
740.1,2026-05-17T16:07:52,0016c001f10c2ef6,8.0,3.4,4.5,0.0,7809,701,7108,9.0,0.69,0.63,0.5,393128740,2011707371,3190,11802,1.2,233.9,3.1,2.0,37,33,0,0,0,0,0,0.0,0,0,0,0,0,0
740.6,2026-05-17T16:07:52,0016c001f10c2ef6,9.0,3.0,6.0,0.0,7809,701,7108,9.0,0.69,0.63,0.5,393131778,2011719239,3038,11868,1.2,233.9,3.1,2.0,37,33,0,0,0,0,0,0.0,0,0,0,0,0,0
741.0,2026-05-17T16:07:52,0016c001f10c2ef6,6.9,3.5,3.5,0.0,7809,701,7108,9.0,0.69,0.63,0.5,393134812,2011731041,3034,11802,1.2,233.9,3.1,2.0,37,33,0,0,0,0,0,0.0,0,0,0,0,0,0
741.4,2026-05-17T16:07:53,0016c001f10c2ef6,7.1,2.9,4.1,0.0,7809,701,7108,9.0,0.69,0.63,0.5,393138879,2011774318,4067,43277,1.2,233.9,3.1,2.0,37,33,0,0,0,0,0,0.0,0,0,0,0,0,0
741.9,2026-05-17T16:07:53,0016c001f10c2ef6,6.9,1.7,5.2,0.0,7809,701,7108,9.0,0.69,0.63,0.5,393141965,2011786120,3086,11802,1.2,233.9,3.1,2.0,37,33,0,0,0,0,0,0.0,0,0,0,0,0,0
742.3,2026-05-17T16:07:54,0016c001f10c2ef6,5.8,2.3,3.5,0.0,7809,701,7108,9.0,0.69,0.63,0.5,393145099,2011797922,3134,11802,1.2,233.9,3.1,2.0,37,33,0,0,0,0,0,0.0,0,0,0,0,0,0
742.7,2026-05-17T16:07:54,0016c001f10c2ef6,7.1,3.6,3.6,0.0,7809,702,7107,9.0,0.69,0.63,0.5,393148237,2011809724,3138,11802,1.2,233.9,3.1,2.0,37,33,0,0,0,0,0,0.0,0,0,0,0,0,0
743.2,2026-05-17T16:07:55,0016c001f10c2ef6,13.7,2.3,11.4,0.0,7809,702,7107,9.0,0.69,0.63,0.5,393151399,2011821604,3162,11880,1.2,233.6,3.1,2.0,37,33,0,0,0,0,0,0.0,0,0,0,0,0,0
743.6,2026-05-17T16:07:56,0016c001f10c2ef6,19.5,2.3,17.2,0.0,7809,703,7106,9.0,0.69,0.63,0.5,393155518,2011864881,4119,43277,1.2,233.6,3.1,2.0,37,33,0,0,0,0,0,0.0,0,0,0,0,0,0
744.1,2026-05-17T16:07:56,0016c001f10c2ef6,19.0,2.3,16.7,0.0,7809,702,7107,9.0,0.69,0.63,0.5,393158604,2011876683,3086,11802,1.2,233.6,3.1,2.0,37,33,0,0,0,0,0,0.0,0,0,0,0,0,0
744.5,2026-05-17T16:07:57,0016c001f10c2ef6,19.9,3.5,15.8,0.6,7809,703,7106,9.0,0.69,0.63,0.5,393161894,2011889550,3290,12867,1.2,233.6,3.1,2.0,37,33,0,0,0,0,0,0.0,0,0,0,0,0,0
745.0,2026-05-17T16:07:57,0016c001f10c2ef6,6.9,2.9,4.0,0.0,7809,702,7107,9.0,0.64,0.62,0.5,393164978,2011903295,3084,13745,1.2,233.6,3.1,2.0,37,33,0,0,0,0,0,0.0,0,0,0,0,0,0
745.4,2026-05-17T16:07:58,0016c001f10c2ef6,6.5,2.4,4.2,0.0,7809,703,7106,9.0,0.64,0.62,0.5,393169041,2011946597,4063,43302,1.2,233.6,3.1,2.0,37,33,0,0,0,0,0,0.0,0,0,0,0,0,0
745.9,2026-05-17T16:07:58,0016c001f10c2ef6,10.5,3.3,7.2,0.0,7809,703,7106,9.0,0.64,0.62,0.5,393172179,2011958465,3138,11868,1.2,233.6,3.1,2.0,37,33,0,0,0,0,0,0.0,0,0,0,0,0,0
746.4,2026-05-17T16:07:59,0016c001f10c2ef6,9.1,3.0,6.1,0.0,7809,702,7107,9.0,0.64,0.62,0.5,393175217,2011970333,3038,11868,1.2,233.6,3.1,2.0,37,33,0,0,0,0,0,0.0,0,0,0,0,0,0
746.8,2026-05-17T16:07:59,0016c001f10c2ef6,5.8,1.7,4.0,0.0,7809,702,7107,9.0,0.64,0.62,0.5,393178784,2011982135,3567,11802,1.2,233.6,3.1,2.0,37,33,0,0,0,0,0,0.0,0,0,0,0,0,0
747.3,2026-05-17T16:08:00,0016c001f10c2ef6,8.0,4.0,4.0,0.0,7809,702,7107,9.0,0.64,0.62,0.5,393182078,2011994620,3294,12485,1.2,233.6,3.1,2.0,37,33,0,0,0,0,0,0.0,0,0,0,0,0,0
747.7,2026-05-17T16:08:00,0016c001f10c2ef6,6.4,3.5,2.9,0.0,7809,703,7106,9.0,0.64,0.62,0.5,393186291,2012039500,4213,44880,1.2,233.6,3.1,2.0,37,33,0,0,0,0,0,0.0,0,0,0,0,0,0
748.1,2026-05-17T16:08:00,0016c001f10c2ef6,6.6,2.2,4.4,0.0,7809,702,7107,9.0,0.64,0.62,0.5,393189481,2012051302,3190,11802,1.2,233.6,3.1,2.0,37,33,0,0,0,0,0,0.0,0,0,0,0,0,0
748.6,2026-05-17T16:08:01,0016c001f10c2ef6,5.1,2.2,2.8,0.0,7809,702,7107,9.0,0.64,0.62,0.5,393192671,2012063104,3190,11802,1.2,233.6,3.1,2.0,37,33,0,0,0,0,0,0.0,0,0,0,0,0,0
749.0,2026-05-17T16:08:01,0016c001f10c2ef6,6.0,1.6,4.3,0.0,7809,702,7107,9.0,0.64,0.62,0.5,393195861,2012074906,3190,11802,1.2,233.6,3.1,2.0,37,33,0,0,0,0,0,0.0,0,0,0,0,0,0
749.5,2026-05-17T16:08:02,0016c001f10c2ef6,6.9,2.3,4.0,0.6,7809,702,7107,9.0,0.64,0.62,0.5,393199876,2012118208,4015,43302,1.2,233.6,3.1,2.0,37,33,0,0,0,0,0,0.0,0,0,0,0,0,0
749.9,2026-05-17T16:08:02,0016c001f10c2ef6,6.9,3.5,3.5,0.0,7809,702,7107,9.0,0.59,0.6,0.5,393202966,2012130010,3090,11802,1.2,233.6,3.1,2.0,37,33,0,0,0,0,0,0.0,0,0,0,0,0,0
750.3,2026-05-17T16:08:03,0016c001f10c2ef6,5.7,1.7,4.0,0.0,7809,702,7107,9.0,0.59,0.6,0.5,393206204,2012141812,3238,11802,1.2,233.6,3.1,2.0,37,33,0,0,0,0,0,0.0,0,0,0,0,0,0
750.7,2026-05-17T16:08:03,0016c001f10c2ef6,7.3,2.8,4.5,0.0,7809,702,7107,9.0,0.59,0.6,0.5,393209294,2012153614,3090,11802,1.2,233.6,3.1,2.0,37,33,0,0,0,0,0,0.0,0,0,0,0,0,0
751.2,2026-05-17T16:08:03,0016c001f10c2ef6,6.3,1.7,4.6,0.0,7809,702,7107,9.0,0.59,0.6,0.5,393212552,2012165494,3258,11880,1.2,233.6,3.1,2.0,37,33,0,0,0,0,0,0.0,0,0,0,0,0,0
751.7,2026-05-17T16:08:04,0016c001f10c2ef6,12.0,5.5,6.5,0.0,7809,702,7107,9.0,0.59,0.6,0.5,393216671,2012208928,4119,43434,1.2,233.6,3.1,2.0,37,33,0,0,0,0,0,0.0,0,0,0,0,0,0
752.1,2026-05-17T16:08:04,0016c001f10c2ef6,6.8,2.3,4.5,0.0,7809,703,7106,9.0,0.59,0.6,0.5,393219709,2012220730,3038,11802,1.2,233.6,3.1,2.0,37,33,0,0,0,0,0,0.0,0,0,0,0,0,0
752.5,2026-05-17T16:08:05,0016c001f10c2ef6,7.2,2.8,4.4,0.0,7809,702,7107,9.0,0.59,0.6,0.5,393222963,2012232774,3254,12044,1.2,233.6,3.1,2.0,37,33,0,0,0,0,0,0.0,0,0,0,0,0,0
752.9,2026-05-17T16:08:05,0016c001f10c2ef6,5.8,3.5,2.3,0.0,7809,702,7107,9.0,0.59,0.6,0.5,393226049,2012244576,3086,11802,1.2,233.6,3.1,2.0,37,33,0,0,0,0,0,0.0,0,0,0,0,0,0
753.3,2026-05-17T16:08:06,0016c001f10c2ef6,6.5,2.4,4.1,0.0,7809,702,7107,9.0,0.59,0.6,0.5,393229135,2012256378,3086,11802,1.2,233.6,3.1,2.0,37,33,0,0,0,0,0,0.0,0,0,0,0,0,0
753.8,2026-05-17T16:08:06,0016c001f10c2ef6,6.9,2.3,4.6,0.0,7809,702,7107,9.0,0.59,0.6,0.5,393233250,2012299680,4115,43302,1.2,233.6,3.1,2.0,37,33,0,0,0,0,0,0.0,0,0,0,0,0,0
754.2,2026-05-17T16:08:06,0016c001f10c2ef6,5.6,2.3,3.4,0.0,7809,702,7107,9.0,0.59,0.6,0.5,393236340,2012311482,3090,11802,1.2,233.6,3.1,2.0,37,33,0,0,0,0,0,0.0,0,0,0,0,0,0
754.6,2026-05-17T16:08:07,0016c001f10c2ef6,12.1,2.3,9.8,0.0,7809,702,7107,9.0,0.59,0.6,0.5,393239478,2012323284,3138,11802,1.2,233.6,3.1,2.0,37,33,0,0,0,0,0,0.0,0,0,0,0,0,0
755.1,2026-05-17T16:08:07,0016c001f10c2ef6,19.2,1.2,18.0,0.0,7809,702,7107,9.0,0.62,0.61,0.5,393242616,2012335086,3138,11802,1.2,233.6,3.1,2.0,37,33,0,0,0,0,0,0.0,0,0,0,0,0,0
755.5,2026-05-17T16:08:08,0016c001f10c2ef6,20.8,2.9,17.3,0.6,7809,702,7107,9.0,0.62,0.61,0.5,393246783,2012378388,4167,43302,1.2,233.6,3.1,2.0,37,33,0,0,0,0,0,0.0,0,0,0,0,0,0
755.9,2026-05-17T16:08:08,0016c001f10c2ef6,19.7,2.9,16.8,0.0,7809,701,7108,9.0,0.62,0.61,0.5,393249821,2012390190,3038,11802,1.2,233.6,3.1,2.0,37,33,0,0,0,0,0,0.0,0,0,0,0,0,0
756.4,2026-05-17T16:08:09,0016c001f10c2ef6,6.2,1.1,5.1,0.0,7809,702,7107,9.0,0.62,0.61,0.5,393253007,2012401992,3186,11802,1.2,233.6,3.1,2.0,37,33,0,0,0,0,0,0.0,0,0,0,0,0,0
756.9,2026-05-17T16:08:09,0016c001f10c2ef6,10.1,3.0,7.0,0.0,7809,702,7107,9.0,0.62,0.61,0.5,393256526,2012413860,3519,11868,1.2,233.6,3.1,2.0,37,33,0,0,0,0,0,0.0,0,0,0,0,0,0
757.3,2026-05-17T16:08:10,0016c001f10c2ef6,13.0,4.0,7.3,1.7,7809,702,7107,9.0,0.62,0.61,0.5,393259612,2012426345,3086,12485,1.2,233.6,3.1,2.0,37,33,0,0,0,0,0,0.0,0,0,0,0,0,0
757.7,2026-05-17T16:08:10,0016c001f10c2ef6,8.0,2.8,5.1,0.0,7809,702,7107,9.0,0.62,0.61,0.5,393264005,2012471394,4393,45049,1.2,233.7,3.1,2.0,37,33,0,0,0,0,0,0.0,0,0,0,0,0,0
758.1,2026-05-17T16:08:10,0016c001f10c2ef6,7.3,2.2,5.0,0.0,7809,702,7107,9.0,0.62,0.61,0.5,393267143,2012483196,3138,11802,1.2,233.7,3.1,2.0,37,33,0,0,0,0,0,0.0,0,0,0,0,0,0
758.6,2026-05-17T16:08:11,0016c001f10c2ef6,6.0,2.7,3.3,0.0,7809,702,7107,9.0,0.62,0.61,0.5,393270405,2012495076,3262,11880,1.2,233.7,3.1,2.0,37,33,0,0,0,0,0,0.0,0,0,0,0,0,0
759.0,2026-05-17T16:08:11,0016c001f10c2ef6,4.7,1.8,2.9,0.0,7809,702,7107,9.0,0.62,0.61,0.5,393273595,2012506878,3190,11802,1.2,233.7,3.1,2.0,37,33,0,0,0,0,0,0.0,0,0,0,0,0,0
759.4,2026-05-17T16:08:12,0016c001f10c2ef6,5.7,2.3,3.4,0.0,7809,701,7108,9.0,0.62,0.61,0.5,393276633,2012518680,3038,11802,1.2,233.7,3.1,2.0,37,33,0,0,0,0,0,0.0,0,0,0,0,0,0
759.8,2026-05-17T16:08:12,0016c001f10c2ef6,8.0,3.4,4.6,0.0,7809,701,7108,9.0,0.57,0.6,0.5,393280648,2012561982,4015,43302,1.2,233.7,3.1,2.0,37,33,0,0,0,0,0,0.0,0,0,0,0,0,0
760.2,2026-05-17T16:08:13,0016c001f10c2ef6,8.2,4.1,4.1,0.0,7809,701,7108,9.0,0.57,0.6,0.5,393283782,2012573784,3134,11802,1.2,233.7,3.1,2.0,37,33,0,0,0,0,0,0.0,0,0,0,0,0,0
760.7,2026-05-17T16:08:13,0016c001f10c2ef6,5.2,2.3,2.9,0.0,7809,701,7108,9.0,0.57,0.6,0.5,393286820,2012585586,3038,11802,1.2,233.7,3.1,2.0,37,33,0,0,0,0,0,0.0,0,0,0,0,0,0
761.1,2026-05-17T16:08:13,0016c001f10c2ef6,5.8,3.5,2.3,0.0,7809,701,7108,9.0,0.57,0.6,0.5,393290010,2012597388,3190,11802,1.2,233.7,3.1,2.0,37,33,0,0,0,0,0,0.0,0,0,0,0,0,0
761.5,2026-05-17T16:08:14,0016c001f10c2ef6,5.8,1.8,4.1,0.0,7809,701,7108,9.0,0.57,0.6,0.5,393293761,2012630138,3751,32750,1.2,233.7,3.1,2.0,37,33,0,0,0,0,0,0.0,0,0,0,0,0,0
762.0,2026-05-17T16:08:14,0016c001f10c2ef6,9.5,4.2,5.3,0.0,7809,702,7107,9.0,0.57,0.6,0.5,393297159,2012652558,3398,22420,1.2,233.7,3.1,2.0,37,33,0,0,0,0,0,0.0,0,0,0,0,0,0
762.5,2026-05-17T16:08:15,0016c001f10c2ef6,8.8,3.6,5.2,0.0,7809,702,7107,9.0,0.57,0.6,0.5,393300297,2012664426,3138,11868,1.2,233.7,3.1,2.0,37,33,0,0,0,0,0,0.0,0,0,0,0,0,0
762.9,2026-05-17T16:08:15,0016c001f10c2ef6,6.8,2.8,4.0,0.0,7809,702,7107,9.0,0.57,0.6,0.5,393303387,2012676228,3090,11802,1.2,233.7,3.1,2.0,37,33,0,0,0,0,0,0.0,0,0,0,0,0,0
763.3,2026-05-17T16:08:16,0016c001f10c2ef6,6.7,2.8,3.9,0.0,7809,702,7107,9.0,0.57,0.6,0.5,393306577,2012688030,3190,11802,1.2,233.7,3.1,2.0,37,33,0,0,0,0,0,0.0,0,0,0,0,0,0
763.7,2026-05-17T16:08:16,0016c001f10c2ef6,6.7,2.2,4.5,0.0,7809,702,7107,9.0,0.57,0.6,0.5,393310696,2012731332,4119,43302,1.2,233.7,3.1,2.0,37,33,0,0,0,0,0,0.0,0,0,0,0,0,0
764.2,2026-05-17T16:08:16,0016c001f10c2ef6,6.4,1.2,5.2,0.0,7809,702,7107,9.0,0.57,0.6,0.5,393313934,2012743134,3238,11802,1.2,233.7,3.1,2.0,37,33,0,0,0,0,0,0.0,0,0,0,0,0,0
764.6,2026-05-17T16:08:17,0016c001f10c2ef6,5.7,2.9,2.9,0.0,7809,702,7107,9.0,0.52,0.59,0.49,393317024,2012754936,3090,11802,1.2,233.7,3.1,2.0,37,33,0,0,0,0,0,0.0,0,0,0,0,0,0
765.0,2026-05-17T16:08:17,0016c001f10c2ef6,10.0,4.1,5.9,0.0,7809,700,7109,9.0,0.52,0.59,0.49,393320262,2012766738,3238,11802,1.2,233.7,3.1,2.0,37,33,0,0,0,0,0,0.0,0,0,0,0,0,0
765.5,2026-05-17T16:08:18,0016c001f10c2ef6,7.7,3.3,3.8,0.5,7809,702,7107,9.0,0.52,0.59,0.49,393323400,2012778540,3138,11802,1.2,233.7,3.1,2.0,37,33,0,0,0,0,0,0.0,0,0,0,0,0,0
765.9,2026-05-17T16:08:18,0016c001f10c2ef6,8.8,2.9,5.8,0.0,7809,702,7107,9.0,0.52,0.59,0.49,393327315,2012821842,3915,43302,1.2,233.7,3.1,2.0,37,33,0,0,0,0,0,0.0,0,0,0,0,0,0
766.3,2026-05-17T16:08:19,0016c001f10c2ef6,19.3,2.3,17.0,0.0,7809,702,7107,9.0,0.52,0.59,0.49,393330954,2012833722,3639,11880,1.2,233.7,3.1,2.0,37,33,0,0,0,0,0,0.0,0,0,0,0,0,0
766.7,2026-05-17T16:08:19,0016c001f10c2ef6,19.6,2.5,17.2,0.0,7809,702,7107,9.0,0.52,0.59,0.49,393334092,2012845524,3138,11802,1.2,233.8,3.1,2.0,37,33,0,0,0,0,0,0.0,0,0,0,0,0,0
767.2,2026-05-17T16:08:19,0016c001f10c2ef6,22.3,4.0,17.1,1.1,7809,702,7107,9.0,0.52,0.59,0.49,393337486,2012860168,3394,14644,1.2,233.8,3.1,2.0,37,33,0,0,0,0,0,0.0,0,0,0,0,0,0
767.6,2026-05-17T16:08:20,0016c001f10c2ef6,13.1,2.7,9.8,0.5,7809,703,7106,9.0,0.52,0.59,0.49,393341291,2012903617,3805,43449,1.2,233.8,3.1,2.0,37,33,0,0,0,0,0,0.0,0,0,0,0,0,0
768.1,2026-05-17T16:08:20,0016c001f10c2ef6,6.0,3.3,2.7,0.0,7809,703,7106,9.0,0.52,0.59,0.49,393344585,2012916368,3294,12751,1.2,233.8,3.1,2.0,37,33,0,0,0,0,0,0.0,0,0,0,0,0,0
768.5,2026-05-17T16:08:21,0016c001f10c2ef6,6.7,1.7,5.1,0.0,7809,703,7106,9.0,0.52,0.59,0.49,393347869,2012928170,3284,11802,1.2,233.8,3.1,2.0,41,37,4,4,0,0,0,0.0,0,0,0,0,0,0
769.0,2026-05-17T16:08:21,0016c001f10c2ef6,5.8,1.6,4.2,0.0,7809,703,7106,9.0,0.52,0.59,0.49,393351007,2012939974,3138,11804,1.2,233.8,3.1,2.0,41,37,0,0,0,0,0,0.0,0,0,0,0,0,0
769.4,2026-05-17T16:08:22,0016c001f10c2ef6,4.8,1.8,3.0,0.0,7809,702,7107,9.0,0.56,0.6,0.5,393354093,2012951778,3086,11804,1.2,233.8,3.1,2.0,41,37,0,0,0,0,0,0.0,0,0,0,0,0,0
769.8,2026-05-17T16:08:22,0016c001f10c2ef6,7.9,4.5,3.4,0.0,7809,702,7107,9.0,0.56,0.6,0.5,393358112,2012995229,4019,43451,1.2,233.8,3.1,2.0,41,37,0,0,0,0,0,0.0,0,0,0,0,0,0
770.3,2026-05-17T16:08:23,0016c001f10c2ef6,5.7,1.7,4.0,0.0,7809,702,7107,9.0,0.56,0.6,0.5,393361302,2013007033,3190,11804,1.2,233.8,3.1,2.0,41,37,0,0,0,0,0,0.0,0,0,0,0,0,0
770.7,2026-05-17T16:08:23,0016c001f10c2ef6,6.7,2.2,4.5,0.0,7809,702,7107,9.0,0.56,0.6,0.5,393364488,2013018837,3186,11804,1.2,233.8,3.1,2.0,41,37,0,0,0,0,0,0.0,0,0,0,0,0,0
771.2,2026-05-17T16:08:23,0016c001f10c2ef6,5.0,2.0,3.0,0.0,7809,702,7107,9.0,0.56,0.6,0.5,393367474,2013030641,2986,11804,1.2,233.8,3.1,2.0,41,37,0,0,0,0,0,0.0,0,0,0,0,0,0
771.6,2026-05-17T16:08:24,0016c001f10c2ef6,6.9,2.3,4.6,0.0,7809,702,7107,9.0,0.56,0.6,0.5,393371245,2013042531,3771,11890,1.2,233.8,3.1,2.0,41,37,0,0,0,0,0,0.0,0,0,0,0,0,0
772.1,2026-05-17T16:08:24,0016c001f10c2ef6,7.2,3.3,3.9,0.0,7809,703,7106,9.0,0.56,0.6,0.5,393374851,2013085982,3606,43451,1.2,233.8,3.1,2.0,41,37,0,0,0,0,0,0.0,0,0,0,0,0,0
772.6,2026-05-17T16:08:25,0016c001f10c2ef6,9.0,3.5,5.5,0.0,7809,703,7106,9.0,0.56,0.6,0.5,393377837,2013097852,2986,11870,1.2,233.8,3.1,2.0,41,37,0,0,0,0,0,0.0,0,0,0,0,0,0
773.0,2026-05-17T16:08:25,0016c001f10c2ef6,6.4,2.9,3.5,0.0,7809,703,7106,9.0,0.56,0.6,0.5,393381027,2013109656,3190,11804,1.2,233.8,3.1,2.0,41,37,0,0,0,0,0,0.0,0,0,0,0,0,0
773.4,2026-05-17T16:08:26,0016c001f10c2ef6,5.6,1.7,4.0,0.0,7809,703,7106,9.0,0.56,0.6,0.5,393384113,2013121460,3086,11804,1.2,233.8,3.1,2.0,41,37,0,0,0,0,0,0.0,0,0,0,0,0,0
773.9,2026-05-17T16:08:26,0016c001f10c2ef6,7.4,2.3,5.1,0.0,7809,702,7107,9.0,0.56,0.6,0.5,393388180,2013164911,4067,43451,1.2,233.9,3.1,2.0,41,37,0,0,0,0,0,0.0,0,0,0,0,0,0
774.3,2026-05-17T16:08:27,0016c001f10c2ef6,7.4,2.9,4.6,0.0,7809,703,7106,9.0,0.76,0.64,0.51,393391214,2013176715,3034,11804,1.2,233.9,3.1,2.0,41,37,0,0,0,0,0,0.0,0,0,0,0,0,0
774.7,2026-05-17T16:08:27,0016c001f10c2ef6,4.6,1.7,2.9,0.0,7809,704,7105,9.0,0.76,0.64,0.51,393394248,2013188519,3034,11804,1.2,233.9,3.1,2.0,41,37,0,0,0,0,0,0.0,0,0,0,0,0,0
775.2,2026-05-17T16:08:27,0016c001f10c2ef6,6.6,2.7,3.8,0.0,7809,703,7106,9.0,0.76,0.64,0.51,393397334,2013200323,3086,11804,1.2,233.9,3.1,2.0,41,37,0,0,0,0,0,0.0,0,0,0,0,0,0
775.6,2026-05-17T16:08:29,0016c001f10c2ef6,4.7,1.2,3.5,0.0,7809,703,7106,9.0,0.76,0.64,0.51,393400420,2013212193,3086,11870,1.2,233.9,3.1,2.0,41,37,0,0,0,0,0,0.0,0,0,0,0,0,0
776.0,2026-05-17T16:08:29,0016c001f10c2ef6,6.8,2.3,4.5,0.0,7809,703,7106,9.0,0.76,0.64,0.51,393404812,2013255644,4392,43451,1.2,233.9,3.1,2.0,41,37,0,0,0,0,0,0.0,0,0,0,0,0,0
776.5,2026-05-17T16:08:30,0016c001f10c2ef6,7.2,2.8,4.4,0.0,7809,703,7106,9.0,0.76,0.64,0.51,393407898,2013267448,3086,11804,1.2,233.9,3.1,2.0,41,37,0,0,0,0,0,0.0,0,0,0,0,0,0
776.9,2026-05-17T16:08:30,0016c001f10c2ef6,6.3,2.3,4.0,0.0,7809,702,7107,9.0,0.76,0.64,0.51,393410984,2013279252,3086,11804,1.2,233.9,3.1,2.0,41,37,0,0,0,0,0,0.0,0,0,0,0,0,0
777.3,2026-05-17T16:08:31,0016c001f10c2ef6,8.3,2.2,6.1,0.0,7809,703,7106,9.0,0.76,0.64,0.51,393414122,2013291056,3138,11804,1.2,233.9,3.1,2.0,41,37,0,0,0,0,0,0.0,0,0,0,0,0,0
777.8,2026-05-17T16:08:31,0016c001f10c2ef6,19.4,2.3,17.1,0.0,7809,702,7107,9.0,0.76,0.64,0.51,393418237,2013334507,4115,43451,1.2,233.9,3.1,2.0,41,37,0,0,0,0,0,0.0,0,0,0,0,0,0
778.2,2026-05-17T16:08:31,0016c001f10c2ef6,19.9,4.1,15.8,0.0,7809,702,7107,9.0,0.76,0.64,0.51,393421327,2013346311,3090,11804,1.2,233.9,3.1,2.0,41,37,0,0,0,0,0,0.0,0,0,0,0,0,0
778.6,2026-05-17T16:08:32,0016c001f10c2ef6,18.8,2.4,16.5,0.0,7809,703,7106,9.0,0.76,0.64,0.51,393424413,2013358115,3086,11804,1.2,233.9,3.1,2.0,41,37,0,0,0,0,0,0.0,0,0,0,0,0,0
779.1,2026-05-17T16:08:32,0016c001f10c2ef6,10.5,2.1,8.4,0.0,7809,702,7107,9.0,0.7,0.63,0.51,393427599,2013369919,3186,11804,1.2,233.9,3.1,2.0,41,37,0,0,0,0,0,0.0,0,0,0,0,0,0
779.5,2026-05-17T16:08:33,0016c001f10c2ef6,5.6,1.1,4.5,0.0,7809,703,7106,9.0,0.7,0.63,0.51,393430637,2013381723,3038,11804,1.2,233.9,3.1,2.0,41,37,0,0,0,0,0,0.0,0,0,0,0,0,0
780.0,2026-05-17T16:08:33,0016c001f10c2ef6,8.5,4.0,4.5,0.0,7809,703,7106,9.0,0.7,0.63,0.51,393434756,2013425174,4119,43451,1.2,233.9,3.1,2.0,41,37,0,0,0,0,0,0.0,0,0,0,0,0,0
780.4,2026-05-17T16:08:34,0016c001f10c2ef6,6.7,2.2,4.5,0.0,7809,703,7106,9.0,0.7,0.63,0.51,393438046,2013436978,3290,11804,1.2,233.9,3.1,2.0,41,37,0,0,0,0,0,0.0,0,0,0,0,0,0
780.8,2026-05-17T16:08:34,0016c001f10c2ef6,6.1,2.2,3.9,0.0,7809,704,7105,9.0,0.7,0.63,0.51,393441032,2013448782,2986,11804,1.2,233.9,3.1,2.0,41,37,0,0,0,0,0,0.0,0,0,0,0,0,0
781.3,2026-05-17T16:08:34,0016c001f10c2ef6,6.5,2.4,4.1,0.0,7809,704,7105,9.0,0.7,0.63,0.51,393444066,2013460586,3034,11804,1.2,233.9,3.1,2.0,41,37,0,0,0,0,0,0.0,0,0,0,0,0,0
781.7,2026-05-17T16:08:35,0016c001f10c2ef6,6.1,2.8,3.4,0.0,7809,704,7105,9.0,0.7,0.63,0.51,393447204,2013472390,3138,11804,1.2,233.9,3.1,2.0,41,37,0,0,0,0,0,0.0,0,0,0,0,0,0
782.1,2026-05-17T16:08:35,0016c001f10c2ef6,6.9,3.5,3.5,0.0,7809,703,7106,9.0,0.7,0.63,0.51,393451443,2013515919,4239,43529,1.2,233.9,3.1,2.0,41,37,0,0,0,0,0,0.0,0,0,0,0,0,0
782.6,2026-05-17T16:08:36,0016c001f10c2ef6,9.0,3.2,5.8,0.0,7809,703,7106,9.0,0.7,0.63,0.51,393454429,2013527789,2986,11870,1.2,233.9,3.1,2.0,41,37,0,0,0,0,0,0.0,0,0,0,0,0,0
783.0,2026-05-17T16:08:36,0016c001f10c2ef6,5.7,1.7,3.4,0.6,7809,703,7106,9.0,0.7,0.63,0.51,393457463,2013539593,3034,11804,1.2,233.9,3.1,2.0,41,37,0,0,0,0,0,0.0,0,0,0,0,0,0
783.4,2026-05-17T16:08:37,0016c001f10c2ef6,5.8,2.9,2.9,0.0,7809,703,7106,9.0,0.7,0.63,0.51,393460543,2013551463,3080,11870,1.2,233.9,3.1,2.0,41,37,0,0,0,0,0,0.0,0,0,0,0,0,0
783.9,2026-05-17T16:08:37,0016c001f10c2ef6,7.5,2.9,4.6,0.0,7809,703,7106,9.0,0.64,0.62,0.5,393464714,2013594914,4171,43451,1.2,233.9,3.1,2.0,41,37,0,0,0,0,0,0.0,0,0,0,0,0,0
784.3,2026-05-17T16:08:37,0016c001f10c2ef6,6.9,2.9,4.0,0.0,7809,703,7106,9.0,0.64,0.62,0.5,393467952,2013606718,3238,11804,1.2,233.9,3.1,2.0,41,37,0,0,0,0,0,0.0,0,0,0,0,0,0
784.7,2026-05-17T16:08:38,0016c001f10c2ef6,5.7,1.1,4.5,0.0,7809,703,7106,9.0,0.64,0.62,0.5,393471038,2013618522,3086,11804,1.2,233.9,3.1,2.0,41,37,0,0,0,0,0,0.0,0,0,0,0,0,0
785.2,2026-05-17T16:08:38,0016c001f10c2ef6,6.2,2.8,3.4,0.0,7809,702,7107,9.0,0.64,0.62,0.5,393474024,2013630326,2986,11804,1.2,233.9,3.1,2.0,41,37,0,0,0,0,0,0.0,0,0,0,0,0,0
785.6,2026-05-17T16:08:39,0016c001f10c2ef6,6.9,2.3,4.6,0.0,7809,702,7107,9.0,0.64,0.62,0.5,393477058,2013642130,3034,11804,1.2,233.9,3.1,2.0,41,37,0,0,0,0,0,0.0,0,0,0,0,0,0
786.0,2026-05-17T16:08:39,0016c001f10c2ef6,6.2,2.2,3.9,0.0,7809,702,7107,9.0,0.64,0.62,0.5,393481710,2013685581,4652,43451,1.2,233.9,3.1,2.0,41,37,0,0,0,0,0,0.0,0,0,0,0,0,0
786.4,2026-05-17T16:08:40,0016c001f10c2ef6,8.7,3.5,3.5,1.7,7809,702,7107,9.0,0.64,0.62,0.5,393484744,2013697385,3034,11804,1.2,233.9,3.1,2.0,41,37,0,0,0,0,0,0.0,0,0,0,0,0,0
786.9,2026-05-17T16:08:40,0016c001f10c2ef6,6.8,2.8,4.0,0.0,7809,701,7108,9.0,0.64,0.62,0.5,393488058,2013709345,3314,11960,1.2,233.9,3.1,2.0,41,37,0,0,0,0,0,0.0,0,0,0,0,0,0
787.3,2026-05-17T16:08:41,0016c001f10c2ef6,5.1,2.3,2.8,0.0,7809,702,7107,9.0,0.64,0.62,0.5,393491196,2013721149,3138,11804,1.2,233.9,3.1,2.0,41,37,0,0,0,0,0,0.0,0,0,0,0,0,0
787.8,2026-05-17T16:08:41,0016c001f10c2ef6,9.5,3.0,6.5,0.0,7809,703,7106,9.0,0.64,0.62,0.5,393494386,2013733019,3190,11870,1.2,233.9,3.1,2.0,41,37,0,0,0,0,0,0.0,0,0,0,0,0,0
788.3,2026-05-17T16:08:42,0016c001f10c2ef6,10.8,4.9,5.9,0.0,7809,704,7105,9.0,0.64,0.62,0.5,393498197,2013776536,3811,43517,1.2,233.9,3.1,2.0,41,37,0,0,0,0,0,0.0,0,0,0,0,0,0
788.7,2026-05-17T16:08:42,0016c001f10c2ef6,7.4,2.9,4.6,0.0,7809,703,7106,9.0,0.67,0.62,0.51,393501283,2013788340,3086,11804,1.2,233.9,3.1,2.0,41,37,0,0,0,0,0,0.0,0,0,0,0,0,0
789.2,2026-05-17T16:08:42,0016c001f10c2ef6,19.3,3.4,15.9,0.0,7809,704,7105,9.0,0.67,0.62,0.51,393504469,2013800144,3186,11804,1.2,233.9,3.1,2.0,41,37,0,0,0,0,0,0.0,0,0,0,0,0,0
789.6,2026-05-17T16:08:43,0016c001f10c2ef6,20.9,3.4,17.5,0.0,7809,704,7105,9.0,0.67,0.62,0.51,393507631,2013812026,3162,11882,1.2,233.9,3.1,2.0,41,37,0,0,0,0,0,0.0,0,0,0,0,0,0
790.1,2026-05-17T16:08:43,0016c001f10c2ef6,19.1,1.7,17.3,0.0,7809,704,7105,9.0,0.67,0.62,0.51,393511542,2013855477,3911,43451,1.2,233.9,3.1,2.0,41,37,0,0,0,0,0,0.0,0,0,0,0,0,0
790.5,2026-05-17T16:08:44,0016c001f10c2ef6,13.5,2.9,10.5,0.0,7809,703,7106,9.0,0.67,0.62,0.51,393514676,2013867281,3134,11804,1.2,233.9,3.1,2.0,41,37,0,0,0,0,0,0.0,0,0,0,0,0,0
790.9,2026-05-17T16:08:44,0016c001f10c2ef6,5.9,1.8,4.1,0.0,7809,703,7106,9.0,0.67,0.62,0.51,393517662,2013879085,2986,11804,1.2,233.9,3.1,2.0,41,37,0,0,0,0,0,0.0,0,0,0,0,0,0
791.3,2026-05-17T16:08:45,0016c001f10c2ef6,6.8,2.3,4.5,0.0,7809,703,7106,9.0,0.67,0.62,0.51,393520852,2013890889,3190,11804,1.2,233.9,3.1,2.0,41,37,0,0,0,0,0,0.0,0,0,0,0,0,0
791.8,2026-05-17T16:08:45,0016c001f10c2ef6,5.7,2.3,3.4,0.0,7809,703,7106,9.0,0.67,0.62,0.51,393523938,2013902693,3086,11804,1.2,233.9,3.1,2.0,41,37,0,0,0,0,0,0.0,0,0,0,0,0,0
792.2,2026-05-17T16:08:45,0016c001f10c2ef6,7.9,2.8,5.1,0.0,7809,703,7106,9.0,0.67,0.62,0.51,393528053,2013946144,4115,43451,1.2,233.9,3.1,2.0,41,37,0,0,0,0,0,0.0,0,0,0,0,0,0
792.6,2026-05-17T16:08:46,0016c001f10c2ef6,7.3,2.3,5.1,0.0,7809,703,7106,9.0,0.67,0.62,0.51,393531195,2013957948,3142,11804,1.2,233.9,3.1,2.0,41,37,0,0,0,0,0,0.0,0,0,0,0,0,0
793.1,2026-05-17T16:08:46,0016c001f10c2ef6,7.3,3.4,3.9,0.0,7809,702,7107,9.0,0.67,0.62,0.51,393534485,2013969752,3290,11804,1.2,233.9,3.1,2.0,41,37,0,0,0,0,0,0.0,0,0,0,0,0,0
793.5,2026-05-17T16:08:47,0016c001f10c2ef6,8.2,2.6,5.6,0.0,7809,702,7107,9.0,0.86,0.66,0.52,393537623,2013981622,3138,11870,1.2,233.9,3.1,2.0,41,37,0,0,0,0,0,0.0,0,0,0,0,0,0
794.0,2026-05-17T16:08:47,0016c001f10c2ef6,9.6,3.0,6.6,0.0,7809,702,7107,9.0,0.86,0.66,0.52,393541638,2014025205,4015,43583,1.2,233.9,3.1,2.0,41,37,0,0,0,0,0,0.0,0,0,0,0,0,0
794.5,2026-05-17T16:08:48,0016c001f10c2ef6,11.5,4.8,6.7,0.0,7809,701,7108,9.0,0.86,0.66,0.52,393544828,2014037075,3190,11870,1.2,233.9,3.1,2.0,41,37,0,0,0,0,0,0.0,0,0,0,0,0,0
795.0,2026-05-17T16:08:48,0016c001f10c2ef6,8.9,3.5,5.4,0.0,7809,701,7108,9.0,0.86,0.66,0.52,393548018,2014048945,3190,11870,1.2,233.9,3.1,2.0,41,37,0,0,0,0,0,0.0,0,0,0,0,0,0
795.5,2026-05-17T16:08:49,0016c001f10c2ef6,9.0,3.5,5.5,0.0,7809,703,7106,9.0,0.86,0.66,0.52,393551485,2014060815,3467,11870,1.2,233.9,3.1,2.0,41,37,0,0,0,0,0,0.0,0,0,0,0,0,0
796.0,2026-05-17T16:08:49,0016c001f10c2ef6,5.0,2.2,2.8,0.0,7809,703,7106,9.0,0.86,0.66,0.52,393554571,2014072619,3086,11804,1.2,233.9,3.1,2.0,41,37,0,0,0,0,0,0.0,0,0,0,0,0,0
796.4,2026-05-17T16:08:50,0016c001f10c2ef6,5.3,1.8,3.5,0.0,7809,703,7106,9.0,0.86,0.66,0.52,393558790,2014116070,4219,43451,1.2,233.9,3.1,2.0,41,37,0,0,0,0,0,0.0,0,0,0,0,0,0
796.8,2026-05-17T16:08:50,0016c001f10c2ef6,6.4,1.7,4.6,0.0,7809,703,7106,9.0,0.86,0.66,0.52,393561928,2014127874,3138,11804,1.2,233.9,3.1,2.0,41,37,0,0,0,0,0,0.0,0,0,0,0,0,0
797.3,2026-05-17T16:08:50,0016c001f10c2ef6,5.6,3.4,2.3,0.0,7809,703,7106,9.0,0.86,0.66,0.52,393564966,2014139678,3038,11804,1.2,233.9,3.1,2.0,41,37,0,0,0,0,0,0.0,0,0,0,0,0,0
797.7,2026-05-17T16:08:51,0016c001f10c2ef6,7.4,1.7,5.7,0.0,7809,703,7106,9.0,0.86,0.66,0.52,393568176,2014151560,3210,11882,1.2,233.9,3.1,2.0,41,37,0,0,0,0,0,0.0,0,0,0,0,0,0
798.1,2026-05-17T16:08:51,0016c001f10c2ef6,5.1,1.7,3.4,0.0,7809,703,7106,9.0,0.86,0.66,0.52,393572191,2014195011,4015,43451,1.2,233.9,3.1,2.0,41,37,0,0,0,0,0,0.0,0,0,0,0,0,0
798.6,2026-05-17T16:08:52,0016c001f10c2ef6,8.8,3.8,4.9,0.0,7809,703,7106,9.0,0.79,0.65,0.52,393575377,2014206815,3186,11804,1.2,233.9,3.1,2.0,41,37,0,0,0,0,0,0.0,0,0,0,0,0,0
799.0,2026-05-17T16:08:52,0016c001f10c2ef6,5.6,2.2,3.3,0.0,7809,703,7106,9.0,0.79,0.65,0.52,393578515,2014218619,3138,11804,1.2,233.9,3.1,2.0,41,37,0,0,0,0,0,0.0,0,0,0,0,0,0
799.5,2026-05-17T16:08:53,0016c001f10c2ef6,6.7,1.7,4.5,0.6,7809,703,7106,9.0,0.79,0.65,0.52,393581605,2014230423,3090,11804,1.2,233.9,3.1,2.0,41,37,0,0,0,0,0,0.0,0,0,0,0,0,0
799.9,2026-05-17T16:08:53,0016c001f10c2ef6,6.8,2.3,4.5,0.0,7809,703,7106,9.0,0.79,0.65,0.52,393584791,2014242227,3186,11804,1.2,233.9,3.1,2.0,41,37,0,0,0,0,0,0.0,0,0,0,0,0,0
800.3,2026-05-17T16:08:54,0016c001f10c2ef6,11.1,3.3,7.8,0.0,7809,703,7106,9.0,0.79,0.65,0.52,393588862,2014285678,4071,43451,1.2,233.9,3.1,2.0,41,37,0,0,0,0,0,0.0,0,0,0,0,0,0
800.8,2026-05-17T16:08:54,0016c001f10c2ef6,19.7,2.2,17.4,0.0,7809,703,7106,9.0,0.79,0.65,0.52,393592048,2014297482,3186,11804,1.2,233.9,3.1,2.0,41,37,0,0,0,0,0,0.0,0,0,0,0,0,0
801.2,2026-05-17T16:08:54,0016c001f10c2ef6,19.9,2.3,17.5,0.0,7809,703,7106,9.0,0.79,0.65,0.52,393595186,2014309286,3138,11804,1.2,233.9,3.1,2.0,41,37,0,0,0,0,0,0.0,0,0,0,0,0,0
801.7,2026-05-17T16:08:55,0016c001f10c2ef6,19.4,1.1,18.3,0.0,7809,703,7106,9.0,0.79,0.65,0.52,393598324,2014321090,3138,11804,1.2,233.9,3.1,2.0,41,37,0,0,0,0,0,0.0,0,0,0,0,0,0
802.1,2026-05-17T16:08:55,0016c001f10c2ef6,5.7,1.1,4.5,0.0,7809,703,7106,9.0,0.79,0.65,0.52,393602031,2014359898,3707,38808,1.2,233.9,3.1,2.0,41,37,0,0,0,0,0,0.0,0,0,0,0,0,0
802.5,2026-05-17T16:08:56,0016c001f10c2ef6,6.2,2.8,3.4,0.0,7809,703,7106,9.0,0.79,0.65,0.52,393605533,2014376345,3502,16447,1.2,233.9,3.1,2.0,41,37,0,0,0,0,0,0.0,0,0,0,0,0,0
803.0,2026-05-17T16:08:56,0016c001f10c2ef6,6.2,2.2,3.9,0.0,7809,703,7106,9.0,0.79,0.65,0.52,393608619,2014388149,3086,11804,1.2,233.9,3.1,2.0,41,37,0,0,0,0,0,0.0,0,0,0,0,0,0
803.4,2026-05-17T16:08:57,0016c001f10c2ef6,6.3,2.9,3.4,0.0,7809,702,7107,9.0,0.72,0.64,0.51,393611705,2014399953,3086,11804,1.2,233.9,3.1,2.0,41,37,0,0,0,0,0,0.0,0,0,0,0,0,0
803.8,2026-05-17T16:08:57,0016c001f10c2ef6,7.4,2.3,5.1,0.0,7809,702,7107,9.0,0.72,0.64,0.51,393614791,2014411757,3086,11804,1.2,233.9,3.1,2.0,41,37,0,0,0,0,0,0.0,0,0,0,0,0,0
804.2,2026-05-17T16:08:57,0016c001f10c2ef6,5.3,1.8,3.5,0.0,7809,701,7108,9.0,0.72,0.64,0.51,393618598,2014455208,3807,43451,1.2,234.0,3.1,2.0,41,37,0,0,0,0,0,0.0,0,0,0,0,0,0
804.7,2026-05-17T16:08:58,0016c001f10c2ef6,8.0,2.8,5.1,0.0,7809,702,7107,9.0,0.72,0.64,0.51,393621684,2014467012,3086,11804,1.2,234.0,3.1,2.0,41,37,0,0,0,0,0,0.0,0,0,0,0,0,0
805.1,2026-05-17T16:08:58,0016c001f10c2ef6,5.8,2.3,3.5,0.0,7809,702,7107,9.0,0.72,0.64,0.51,393624870,2014478816,3186,11804,1.2,234.0,3.1,2.0,41,37,0,0,0,0,0,0.0,0,0,0,0,0,0
805.6,2026-05-17T16:08:59,0016c001f10c2ef6,7.7,2.1,5.6,0.0,7809,703,7106,9.0,0.72,0.64,0.51,393628457,2014490764,3587,11948,1.2,234.0,3.1,2.0,41,37,0,0,0,0,0,0.0,0,0,0,0,0,0
806.0,2026-05-17T16:08:59,0016c001f10c2ef6,5.8,2.3,3.5,0.0,7809,703,7106,9.0,0.72,0.64,0.51,393631443,2014502568,2986,11804,1.2,234.0,3.1,2.0,41,37,0,0,0,0,0,0.0,0,0,0,0,0,0
806.4,2026-05-17T16:09:00,0016c001f10c2ef6,7.6,2.9,4.7,0.0,7809,703,7106,9.0,0.72,0.64,0.51,393635558,2014546019,4115,43451,1.2,234.0,3.1,2.0,41,37,0,0,0,0,0,0.0,0,0,0,0,0,0
806.9,2026-05-17T16:09:00,0016c001f10c2ef6,5.1,1.7,3.4,0.0,7809,703,7106,9.0,0.72,0.64,0.51,393638544,2014557823,2986,11804,1.2,234.0,3.1,2.0,41,37,0,0,0,0,0,0.0,0,0,0,0,0,0
807.3,2026-05-17T16:09:01,0016c001f10c2ef6,5.8,1.7,4.1,0.0,7809,703,7106,9.0,0.72,0.64,0.51,393641782,2014569627,3238,11804,1.2,234.0,3.1,2.0,41,37,0,0,0,0,0,0.0,0,0,0,0,0,0
807.7,2026-05-17T16:09:02,0016c001f10c2ef6,5.1,1.7,3.4,0.0,7809,703,7106,9.0,0.72,0.64,0.51,393644920,2014581431,3138,11804,1.2,234.0,3.1,2.0,41,37,0,0,0,0,0,0.0,0,0,0,0,0,0
808.2,2026-05-17T16:09:02,0016c001f10c2ef6,6.6,2.2,4.4,0.0,7809,702,7107,9.0,0.75,0.65,0.52,393648783,2014624882,3863,43451,1.2,233.5,3.1,2.0,41,37,0,0,0,0,0,0.0,0,0,0,0,0,0
808.6,2026-05-17T16:09:03,0016c001f10c2ef6,6.8,3.4,3.4,0.0,7809,702,7107,9.0,0.75,0.65,0.52,393652025,2014636686,3242,11804,1.2,233.5,3.1,2.0,41,37,0,0,0,0,0,0.0,0,0,0,0,0,0
809.0,2026-05-17T16:09:03,0016c001f10c2ef6,5.9,1.8,4.1,0.0,7809,703,7106,9.0,0.75,0.65,0.52,393655159,2014648490,3134,11804,1.2,233.5,3.1,2.0,41,37,0,0,0,0,0,0.0,0,0,0,0,0,0
809.5,2026-05-17T16:09:04,0016c001f10c2ef6,7.0,2.3,4.7,0.0,7809,703,7106,9.0,0.75,0.65,0.52,393658197,2014660294,3038,11804,1.2,233.5,3.1,2.0,41,37,0,0,0,0,0,0.0,0,0,0,0,0,0
809.9,2026-05-17T16:09:04,0016c001f10c2ef6,5.3,2.3,2.9,0.0,7809,703,7106,9.0,0.75,0.65,0.52,393661283,2014672098,3086,11804,1.2,233.6,3.1,2.0,41,37,0,0,0,0,0,0.0,0,0,0,0,0,0
810.3,2026-05-17T16:09:04,0016c001f10c2ef6,6.1,2.8,3.4,0.0,7809,703,7106,9.0,0.75,0.65,0.52,393665294,2014715549,4011,43451,1.2,233.6,3.1,2.0,41,37,0,0,0,0,0,0.0,0,0,0,0,0,0
810.8,2026-05-17T16:09:05,0016c001f10c2ef6,12.3,4.9,7.4,0.0,7809,703,7106,9.0,0.75,0.65,0.52,393668332,2014727419,3038,11870,1.2,233.7,3.1,2.0,41,37,0,0,0,0,0,0.0,0,0,0,0,0,0
811.2,2026-05-17T16:09:05,0016c001f10c2ef6,6.4,2.3,4.0,0.0,7809,703,7106,9.0,0.75,0.65,0.52,393671314,2014739223,2982,11804,1.2,233.7,3.1,2.0,41,37,0,0,0,0,0,0.0,0,0,0,0,0,0
811.7,2026-05-17T16:09:06,0016c001f10c2ef6,6.7,2.8,3.9,0.0,7809,702,7107,9.0,0.75,0.65,0.52,393674452,2014751027,3138,11804,1.2,233.7,3.1,2.0,41,37,0,0,0,0,0,0.0,0,0,0,0,0,0
812.1,2026-05-17T16:09:06,0016c001f10c2ef6,19.9,1.8,18.1,0.0,7809,703,7106,9.0,0.75,0.65,0.52,393677736,2014762897,3284,11870,1.2,233.7,3.1,2.0,41,37,0,0,0,0,0,0.0,0,0,0,0,0,0
812.5,2026-05-17T16:09:07,0016c001f10c2ef6,20.5,3.5,17.0,0.0,7809,703,7106,9.0,0.75,0.65,0.52,393681547,2014806348,3811,43451,1.2,233.7,3.1,2.0,41,37,0,0,0,0,0,0.0,0,0,0,0,0,0
813.0,2026-05-17T16:09:07,0016c001f10c2ef6,18.7,2.3,16.4,0.0,7809,704,7105,9.0,0.75,0.65,0.52,393684737,2014818152,3190,11804,1.2,233.7,3.1,2.0,41,37,0,0,0,0,0,0.0,0,0,0,0,0,0
813.4,2026-05-17T16:09:07,0016c001f10c2ef6,12.9,2.9,9.9,0.0,7809,703,7106,9.0,0.77,0.65,0.52,393687843,2014830034,3106,11882,1.2,233.7,3.1,2.0,41,37,0,0,0,0,0,0.0,0,0,0,0,0,0
813.8,2026-05-17T16:09:08,0016c001f10c2ef6,5.3,1.2,4.1,0.0,7809,703,7106,9.0,0.77,0.65,0.52,393690877,2014841838,3034,11804,1.2,233.7,3.1,2.0,41,37,0,0,0,0,0,0.0,0,0,0,0,0,0
814.2,2026-05-17T16:09:08,0016c001f10c2ef6,6.9,2.9,4.0,0.0,7809,704,7105,9.0,0.77,0.65,0.52,393694011,2014853642,3134,11804,1.2,233.7,3.1,2.0,41,37,0,0,0,0,0,0.0,0,0,0,0,0,0
814.7,2026-05-17T16:09:09,0016c001f10c2ef6,7.0,2.3,4.7,0.0,7809,704,7105,9.0,0.77,0.65,0.52,393698082,2014897093,4071,43451,1.2,233.7,3.1,2.0,41,37,0,0,0,0,0,0.0,0,0,0,0,0,0
815.1,2026-05-17T16:09:09,0016c001f10c2ef6,6.8,2.3,4.5,0.0,7809,705,7104,9.0,0.77,0.65,0.52,393701220,2014908897,3138,11804,1.2,233.7,3.1,2.0,41,37,0,0,0,0,0,0.0,0,0,0,0,0,0
815.5,2026-05-17T16:09:10,0016c001f10c2ef6,6.8,0.6,5.7,0.6,7809,704,7105,9.0,0.77,0.65,0.52,393704354,2014920701,3134,11804,1.2,233.7,3.1,2.0,41,37,0,0,0,0,0,0.0,0,0,0,0,0,0
816.0,2026-05-17T16:09:10,0016c001f10c2ef6,9.1,4.0,5.1,0.0,7809,703,7106,9.0,0.77,0.65,0.52,393707520,2014932727,3166,12026,1.2,233.8,3.1,2.0,41,37,0,0,0,0,0,0.0,0,0,0,0,0,0
816.4,2026-05-17T16:09:11,0016c001f10c2ef6,8.1,2.3,4.7,1.2,7809,703,7106,9.0,0.77,0.65,0.52,393711739,2014976178,4219,43451,1.2,233.8,3.1,2.0,41,37,0,0,0,0,0,0.0,0,0,0,0,0,0
816.9,2026-05-17T16:09:11,0016c001f10c2ef6,6.7,2.8,3.9,0.0,7809,702,7107,9.0,0.77,0.65,0.52,393714877,2014987982,3138,11804,1.2,233.8,3.1,2.0,41,37,0,0,0,0,0,0.0,0,0,0,0,0,0
817.3,2026-05-17T16:09:11,0016c001f10c2ef6,6.2,2.8,3.4,0.0,7809,702,7107,9.0,0.77,0.65,0.52,393718067,2014999786,3190,11804,1.2,233.8,3.1,2.0,41,37,0,0,0,0,0,0.0,0,0,0,0,0,0
817.7,2026-05-17T16:09:12,0016c001f10c2ef6,6.2,2.8,3.4,0.0,7809,702,7107,9.0,0.77,0.65,0.52,393721157,2015011590,3090,11804,1.2,233.8,3.1,2.0,41,37,0,0,0,0,0,0.0,0,0,0,0,0,0
818.2,2026-05-17T16:09:12,0016c001f10c2ef6,5.8,1.2,4.7,0.0,7809,702,7107,9.0,0.71,0.64,0.52,393724415,2015023480,3258,11890,1.2,233.8,3.1,2.0,41,37,0,0,0,0,0,0.0,0,0,0,0,0,0
818.6,2026-05-17T16:09:13,0016c001f10c2ef6,10.3,5.7,4.6,0.0,7809,703,7106,9.0,0.71,0.64,0.52,393728330,2015066931,3915,43451,1.2,233.8,3.1,2.0,41,37,0,0,0,0,0,0.0,0,0,0,0,0,0
819.0,2026-05-17T16:09:13,0016c001f10c2ef6,5.8,1.8,4.1,0.0,7809,703,7106,9.0,0.71,0.64,0.52,393731468,2015078735,3138,11804,1.2,233.8,3.1,2.0,41,37,0,0,0,0,0,0.0,0,0,0,0,0,0
819.4,2026-05-17T16:09:14,0016c001f10c2ef6,6.3,1.7,4.6,0.0,7809,703,7106,9.0,0.71,0.64,0.52,393734554,2015090539,3086,11804,1.2,233.8,3.1,2.0,41,37,0,0,0,0,0,0.0,0,0,0,0,0,0
819.9,2026-05-17T16:09:14,0016c001f10c2ef6,7.3,2.8,4.5,0.0,7809,703,7106,9.0,0.71,0.64,0.52,393737692,2015102343,3138,11804,1.2,233.8,3.1,2.0,41,37,0,0,0,0,0,0.0,0,0,0,0,0,0
820.3,2026-05-17T16:09:14,0016c001f10c2ef6,6.3,1.7,4.6,0.0,7809,703,7106,9.0,0.71,0.64,0.52,393740830,2015114147,3138,11804,1.2,233.8,3.1,2.0,41,37,0,0,0,0,0,0.0,0,0,0,0,0,0
820.7,2026-05-17T16:09:15,0016c001f10c2ef6,7.3,3.9,3.4,0.0,7809,703,7106,9.0,0.71,0.64,0.52,393745049,2015157598,4219,43451,1.2,233.8,3.1,2.0,41,37,0,0,0,0,0,0.0,0,0,0,0,0,0
821.2,2026-05-17T16:09:15,0016c001f10c2ef6,9.3,3.6,5.7,0.0,7809,703,7106,9.0,0.71,0.64,0.52,393748181,2015169510,3132,11912,1.2,233.8,3.1,2.0,41,37,0,0,0,0,0,0.0,0,0,0,0,0,0
821.7,2026-05-17T16:09:16,0016c001f10c2ef6,9.3,2.9,6.4,0.0,7809,703,7106,9.0,0.71,0.64,0.52,393751371,2015181380,3190,11870,1.2,233.8,3.1,2.0,41,37,0,0,0,0,0,0.0,0,0,0,0,0,0
822.2,2026-05-17T16:09:16,0016c001f10c2ef6,9.5,3.5,6.0,0.0,7809,703,7106,9.0,0.71,0.64,0.52,393754613,2015193250,3242,11870,1.2,233.8,3.1,2.0,41,37,0,0,0,0,0,0.0,0,0,0,0,0,0
822.7,2026-05-17T16:09:17,0016c001f10c2ef6,11.3,5.4,5.9,0.0,7809,702,7107,9.0,0.71,0.64,0.52,393758836,2015236767,4223,43517,1.2,233.8,3.1,2.0,41,37,0,0,0,0,0,0.0,0,0,0,0,0,0
823.2,2026-05-17T16:09:17,0016c001f10c2ef6,11.9,3.0,9.0,0.0,7809,702,7107,9.0,0.73,0.65,0.52,393761822,2015248637,2986,11870,1.2,233.8,3.1,2.0,41,37,0,0,0,0,0,0.0,0,0,0,0,0,0
823.6,2026-05-17T16:09:18,0016c001f10c2ef6,17.6,1.2,16.5,0.0,7809,703,7106,9.0,0.73,0.65,0.52,393764856,2015260441,3034,11804,1.2,233.8,3.1,2.0,41,37,0,0,0,0,0,0.0,0,0,0,0,0,0
824.0,2026-05-17T16:09:18,0016c001f10c2ef6,20.1,2.4,17.8,0.0,7809,703,7106,9.0,0.73,0.65,0.52,393767890,2015272245,3034,11804,1.2,233.8,3.1,2.0,41,37,0,0,0,0,0,0.0,0,0,0,0,0,0
824.5,2026-05-17T16:09:19,0016c001f10c2ef6,18.2,2.4,15.9,0.0,7809,703,7106,9.0,0.73,0.65,0.52,393772057,2015315696,4167,43451,1.2,233.8,3.1,2.0,41,37,0,0,0,0,0,0.0,0,0,0,0,0,0
824.9,2026-05-17T16:09:19,0016c001f10c2ef6,11.8,4.1,7.6,0.0,7809,703,7106,9.0,0.73,0.65,0.52,393775472,2015327500,3415,11804,1.2,233.8,3.1,2.0,41,37,0,0,0,0,0,0.0,0,0,0,0,0,0
825.3,2026-05-17T16:09:19,0016c001f10c2ef6,5.8,1.7,4.0,0.0,7809,703,7106,9.0,0.73,0.65,0.52,393778506,2015339304,3034,11804,1.2,233.8,3.1,2.0,41,37,0,0,0,0,0,0.0,0,0,0,0,0,0
825.8,2026-05-17T16:09:20,0016c001f10c2ef6,5.1,1.7,3.4,0.0,7809,702,7107,9.0,0.73,0.65,0.52,393781644,2015351108,3138,11804,1.2,233.8,3.1,2.0,41,37,0,0,0,0,0,0.0,0,0,0,0,0,0
826.2,2026-05-17T16:09:20,0016c001f10c2ef6,5.8,2.3,3.5,0.0,7809,701,7108,9.0,0.73,0.65,0.52,393784678,2015362912,3034,11804,1.2,233.8,3.1,2.0,41,37,0,0,0,0,0,0.0,0,0,0,0,0,0
826.6,2026-05-17T16:09:21,0016c001f10c2ef6,5.8,2.9,2.9,0.0,7809,702,7107,9.0,0.73,0.65,0.52,393788949,2015406363,4271,43451,1.2,234.0,3.1,2.0,41,37,0,0,0,0,0,0.0,0,0,0,0,0,0
827.0,2026-05-17T16:09:21,0016c001f10c2ef6,9.0,3.4,5.6,0.0,7809,703,7106,9.0,0.73,0.65,0.52,393791935,2015418167,2986,11804,1.2,234.1,3.1,2.0,41,37,0,0,0,0,0,0.0,0,0,0,0,0,0
827.5,2026-05-17T16:09:22,0016c001f10c2ef6,6.8,2.3,4.0,0.6,7809,703,7106,9.0,0.73,0.65,0.52,393795119,2015430037,3184,11870,1.2,234.1,3.1,2.0,41,37,0,0,0,0,0,0.0,0,0,0,0,0,0
827.9,2026-05-17T16:09:22,0016c001f10c2ef6,6.2,1.7,4.5,0.0,7809,703,7106,9.0,0.67,0.64,0.52,393798305,2015441841,3186,11804,1.2,234.2,3.1,2.0,41,37,0,0,0,0,0,0.0,0,0,0,0,0,0
828.4,2026-05-17T16:09:22,0016c001f10c2ef6,8.1,3.8,4.3,0.0,7809,704,7105,9.0,0.67,0.64,0.52,393801443,2015453711,3138,11870,1.2,234.2,3.1,2.0,41,37,0,0,0,0,0,0.0,0,0,0,0,0,0
828.8,2026-05-17T16:09:23,0016c001f10c2ef6,6.7,2.8,3.9,0.0,7809,704,7105,9.0,0.67,0.64,0.52,393805582,2015497240,4139,43529,1.2,234.2,3.1,2.0,41,37,0,0,0,0,0,0.0,0,0,0,0,0,0
829.3,2026-05-17T16:09:23,0016c001f10c2ef6,5.6,1.7,3.9,0.0,7809,703,7106,9.0,0.67,0.64,0.52,393808672,2015509044,3090,11804,1.2,234.2,3.1,2.0,41,37,0,0,0,0,0,0.0,0,0,0,0,0,0
829.7,2026-05-17T16:09:24,0016c001f10c2ef6,7.2,2.8,4.4,0.0,7809,703,7106,9.0,0.67,0.64,0.52,393811810,2015520848,3138,11804,1.2,234.2,3.1,2.0,41,37,0,0,0,0,0,0.0,0,0,0,0,0,0
830.2,2026-05-17T16:09:24,0016c001f10c2ef6,6.2,2.8,3.4,0.0,7809,703,7106,9.0,0.67,0.64,0.52,393814948,2015532652,3138,11804,1.2,234.2,3.1,2.0,41,37,0,0,0,0,0,0.0,0,0,0,0,0,0
830.6,2026-05-17T16:09:25,0016c001f10c2ef6,4.5,1.7,2.8,0.0,7809,703,7106,9.0,0.67,0.64,0.52,393819067,2015576103,4119,43451,1.2,234.2,3.1,2.0,41,37,0,0,0,0,0,0.0,0,0,0,0,0,0
831.0,2026-05-17T16:09:25,0016c001f10c2ef6,8.8,2.7,6.0,0.0,7809,703,7106,9.0,0.67,0.64,0.52,393822257,2015587907,3190,11804,1.2,234.2,3.1,2.0,41,37,0,0,0,0,0,0.0,0,0,0,0,0,0
831.5,2026-05-17T16:09:26,0016c001f10c2ef6,6.0,1.6,4.3,0.0,7809,702,7107,9.0,0.67,0.64,0.52,393825395,2015599711,3138,11804,1.2,234.2,3.1,2.0,41,37,0,0,0,0,0,0.0,0,0,0,0,0,0
831.9,2026-05-17T16:09:26,0016c001f10c2ef6,5.6,1.7,3.9,0.0,7809,703,7106,9.0,0.67,0.64,0.52,393828633,2015611515,3238,11804,1.2,234.2,3.1,2.0,41,37,0,0,0,0,0,0.0,0,0,0,0,0,0
832.3,2026-05-17T16:09:26,0016c001f10c2ef6,6.4,1.8,4.7,0.0,7809,703,7106,9.0,0.67,0.64,0.52,393831619,2015623319,2986,11804,1.2,234.2,3.1,2.0,41,37,0,0,0,0,0,0.0,0,0,0,0,0,0
832.8,2026-05-17T16:09:27,0016c001f10c2ef6,6.7,3.0,3.6,0.0,7809,703,7106,9.0,0.62,0.63,0.51,393835734,2015666770,4115,43451,1.2,234.3,3.1,2.0,41,37,0,0,0,0,0,0.0,0,0,0,0,0,0
833.2,2026-05-17T16:09:27,0016c001f10c2ef6,5.7,2.1,3.6,0.0,7809,703,7106,9.0,0.62,0.63,0.51,393838924,2015678574,3190,11804,1.2,234.3,3.1,2.0,41,37,0,0,0,0,0,0.0,0,0,0,0,0,0
833.7,2026-05-17T16:09:28,0016c001f10c2ef6,9.4,3.0,6.4,0.0,7809,703,7106,9.0,0.62,0.63,0.51,393842062,2015690444,3138,11870,1.2,234.3,3.1,2.0,41,37,0,0,0,0,0,0.0,0,0,0,0,0,0
834.2,2026-05-17T16:09:28,0016c001f10c2ef6,7.0,2.7,4.3,0.0,7809,703,7106,9.0,0.62,0.63,0.51,393844996,2015702248,2934,11804,1.2,234.5,3.1,2.0,41,37,0,0,0,0,0,0.0,0,0,0,0,0,0
834.6,2026-05-17T16:09:29,0016c001f10c2ef6,8.6,2.9,5.7,0.0,7809,703,7106,9.0,0.62,0.63,0.51,393849492,2015745699,4496,43451,1.2,234.5,3.1,2.0,41,37,0,0,0,0,0,0.0,0,0,0,0,0,0
835.1,2026-05-17T16:09:29,0016c001f10c2ef6,19.7,3.5,16.2,0.0,7809,703,7106,9.0,0.62,0.63,0.51,393852526,2015757503,3034,11804,1.2,234.5,3.1,2.0,41,37,0,0,0,0,0,0.0,0,0,0,0,0,0
835.5,2026-05-17T16:09:30,0016c001f10c2ef6,18.7,1.8,17.0,0.0,7809,704,7105,9.0,0.62,0.63,0.51,393855664,2015769307,3138,11804,1.2,234.5,3.1,2.0,41,37,0,0,0,0,0,0.0,0,0,0,0,0,0
835.9,2026-05-17T16:09:30,0016c001f10c2ef6,19.5,2.9,16.7,0.0,7809,704,7105,9.0,0.62,0.63,0.51,393858854,2015781111,3190,11804,1.2,234.5,3.1,2.0,41,37,0,0,0,0,0,0.0,0,0,0,0,0,0
836.4,2026-05-17T16:09:30,0016c001f10c2ef6,9.6,2.3,7.3,0.0,7809,704,7105,9.0,0.62,0.63,0.51,393862116,2015792993,3262,11882,1.2,234.5,3.1,2.0,41,37,0,0,0,0,0,0.0,0,0,0,0,0,0
836.8,2026-05-17T16:09:31,0016c001f10c2ef6,8.4,3.4,5.1,0.0,7809,704,7105,9.0,0.62,0.63,0.51,393866179,2015836444,4063,43451,1.2,234.5,3.1,2.0,41,37,0,0,0,0,0,0.0,0,0,0,0,0,0
837.2,2026-05-17T16:09:31,0016c001f10c2ef6,5.6,2.3,3.4,0.0,7809,704,7105,9.0,0.62,0.63,0.51,393869165,2015848248,2986,11804,1.2,234.5,3.1,2.0,41,37,0,0,0,0,0,0.0,0,0,0,0,0,0
837.7,2026-05-17T16:09:32,0016c001f10c2ef6,8.6,4.6,3.4,0.6,7809,703,7106,9.0,0.57,0.62,0.51,393872199,2015860052,3034,11804,1.2,234.5,3.1,2.0,41,37,0,0,0,0,0,0.0,0,0,0,0,0,0
838.1,2026-05-17T16:09:32,0016c001f10c2ef6,6.4,2.9,3.5,0.0,7809,703,7106,9.0,0.57,0.62,0.51,393875233,2015871856,3034,11804,1.2,234.5,3.1,2.0,41,37,0,0,0,0,0,0.0,0,0,0,0,0,0
838.5,2026-05-17T16:09:33,0016c001f10c2ef6,5.8,1.2,4.7,0.0,7809,703,7106,9.0,0.57,0.62,0.51,393878419,2015883660,3186,11804,1.2,234.5,3.1,2.0,41,37,0,0,0,0,0,0.0,0,0,0,0,0,0
839.0,2026-05-17T16:09:33,0016c001f10c2ef6,11.2,4.4,6.8,0.0,7809,702,7107,9.0,0.57,0.62,0.51,393882386,2015927177,3967,43517,1.2,234.5,3.1,2.0,41,37,0,0,0,0,0,0.0,0,0,0,0,0,0
839.5,2026-05-17T16:09:34,0016c001f10c2ef6,6.7,2.2,4.5,0.0,7809,703,7106,9.0,0.57,0.62,0.51,393885472,2015938981,3086,11804,1.2,234.5,3.1,2.0,41,37,0,0,0,0,0,0.0,0,0,0,0,0,0
839.9,2026-05-17T16:09:35,0016c001f10c2ef6,5.3,1.2,4.1,0.0,7809,703,7106,9.0,0.57,0.62,0.51,393888558,2015950785,3086,11804,1.2,234.5,3.1,2.0,41,37,0,0,0,0,0,0.0,0,0,0,0,0,0
840.3,2026-05-17T16:09:35,0016c001f10c2ef6,8.0,1.7,6.3,0.0,7809,703,7106,9.0,0.57,0.62,0.51,393891592,2015962589,3034,11804,1.2,234.5,3.1,2.0,41,37,0,0,0,0,0,0.0,0,0,0,0,0,0
840.7,2026-05-17T16:09:36,0016c001f10c2ef6,7.4,2.3,5.1,0.0,7809,703,7106,9.0,0.57,0.62,0.51,393895967,2016006040,4375,43451,1.2,234.5,3.1,2.0,41,37,0,0,0,0,0,0.0,0,0,0,0,0,0
841.2,2026-05-17T16:09:36,0016c001f10c2ef6,6.2,1.7,4.5,0.0,7809,704,7105,9.0,0.57,0.62,0.51,393899053,2016017844,3086,11804,1.2,234.5,3.1,2.0,41,37,0,0,0,0,0,0.0,0,0,0,0,0,0
841.6,2026-05-17T16:09:37,0016c001f10c2ef6,6.7,1.7,5.1,0.0,7809,704,7105,9.0,0.57,0.62,0.51,393902039,2016029648,2986,11804,1.2,234.5,3.1,2.0,41,37,0,0,0,0,0,0.0,0,0,0,0,0,0
842.0,2026-05-17T16:09:37,0016c001f10c2ef6,6.9,1.7,5.2,0.0,7809,704,7105,9.0,0.57,0.62,0.51,393905125,2016041452,3086,11804,1.2,234.5,3.1,2.0,41,37,0,0,0,0,0,0.0,0,0,0,0,0,0
842.5,2026-05-17T16:09:37,0016c001f10c2ef6,6.3,1.7,4.6,0.0,7809,703,7106,9.0,0.52,0.61,0.51,393908211,2016053256,3086,11804,1.2,234.5,3.1,2.0,41,37,0,0,0,0,0,0.0,0,0,0,0,0,0
842.9,2026-05-17T16:09:38,0016c001f10c2ef6,8.1,2.3,5.8,0.0,7809,703,7106,9.0,0.52,0.61,0.51,393912226,2016096707,4015,43451,1.2,234.5,3.1,2.0,41,37,0,0,0,0,0,0.0,0,0,0,0,0,0
843.3,2026-05-17T16:09:38,0016c001f10c2ef6,7.7,3.3,4.4,0.0,7809,704,7105,9.0,0.52,0.61,0.51,393915416,2016109194,3190,12487,1.2,234.5,3.1,2.0,41,37,0,0,0,0,0,0.0,0,0,0,0,0,0
843.8,2026-05-17T16:09:39,0016c001f10c2ef6,7.8,2.2,5.6,0.0,7809,703,7106,9.0,0.52,0.61,0.51,393918602,2016120998,3186,11804,1.2,234.5,3.1,2.0,41,37,0,0,0,0,0,0.0,0,0,0,0,0,0
844.2,2026-05-17T16:09:39,0016c001f10c2ef6,9.5,4.0,5.5,0.0,7809,703,7106,9.0,0.52,0.61,0.51,393922287,2016134459,3685,13461,1.2,234.5,3.1,2.0,41,37,0,0,0,0,0,0.0,0,0,0,0,0,0
844.7,2026-05-17T16:09:40,0016c001f10c2ef6,9.1,3.0,6.1,0.0,7809,704,7105,9.0,0.52,0.61,0.51,393926250,2016177976,3963,43517,1.2,234.5,3.1,2.0,41,37,0,0,0,0,0,0.0,0,0,0,0,0,0
845.3,2026-05-17T16:09:40,0016c001f10c2ef6,11.2,4.0,7.2,0.0,7809,704,7105,9.0,0.52,0.61,0.51,393929364,2016190002,3114,12026,1.2,234.5,3.1,2.0,41,37,0,0,0,0,0,0.0,0,0,0,0,0,0
845.7,2026-05-17T16:09:41,0016c001f10c2ef6,6.9,2.9,4.0,0.0,7809,703,7106,9.0,0.52,0.61,0.51,393932554,2016201806,3190,11804,1.2,234.5,3.1,2.0,41,37,0,0,0,0,0,0.0,0,0,0,0,0,0
846.2,2026-05-17T16:09:41,0016c001f10c2ef6,12.0,3.4,8.0,0.6,7809,702,7107,9.0,0.52,0.61,0.51,393935686,2016215879,3132,14073,1.2,234.5,3.1,2.0,41,37,0,0,0,0,0,0.0,0,0,0,0,0,0
846.6,2026-05-17T16:09:42,0016c001f10c2ef6,19.2,1.2,18.0,0.0,7809,703,7106,9.0,0.52,0.61,0.51,393938720,2016227683,3034,11804,1.2,234.5,3.1,2.0,41,37,0,0,0,0,0,0.0,0,0,0,0,0,0
847.0,2026-05-17T16:09:42,0016c001f10c2ef6,20.1,2.3,17.8,0.0,7809,703,7106,9.0,0.52,0.61,0.51,393942627,2016271134,3907,43451,1.2,234.5,3.1,2.0,41,37,0,0,0,0,0,0.0,0,0,0,0,0,0
847.4,2026-05-17T16:09:42,0016c001f10c2ef6,18.8,2.4,16.4,0.0,7809,703,7106,9.0,0.56,0.61,0.51,393945713,2016282938,3086,11804,1.2,234.5,3.1,2.0,41,37,0,0,0,0,0,0.0,0,0,0,0,0,0
847.9,2026-05-17T16:09:43,0016c001f10c2ef6,12.2,4.7,7.6,0.0,7809,703,7106,9.0,0.56,0.61,0.51,393948851,2016294742,3138,11804,1.2,234.5,3.1,2.0,41,37,0,0,0,0,0,0.0,0,0,0,0,0,0
848.3,2026-05-17T16:09:43,0016c001f10c2ef6,7.2,1.1,6.1,0.0,7809,703,7106,9.0,0.56,0.61,0.51,393951889,2016306546,3038,11804,1.2,234.5,3.1,2.0,41,37,0,0,0,0,0,0.0,0,0,0,0,0,0
848.7,2026-05-17T16:09:44,0016c001f10c2ef6,6.1,2.8,3.4,0.0,7809,703,7106,9.0,0.56,0.61,0.51,393955127,2016318350,3238,11804,1.2,234.5,3.1,2.0,41,37,0,0,0,0,0,0.0,0,0,0,0,0,0
849.2,2026-05-17T16:09:44,0016c001f10c2ef6,7.5,2.9,4.6,0.0,7809,703,7106,9.0,0.56,0.61,0.51,393959134,2016361855,4007,43505,1.2,234.5,3.1,2.0,41,37,0,0,0,0,0,0.0,0,0,0,0,0,0
849.6,2026-05-17T16:09:45,0016c001f10c2ef6,5.5,2.2,3.3,0.0,7809,703,7106,9.0,0.56,0.61,0.51,393962324,2016373659,3190,11804,1.2,234.5,3.1,2.0,41,37,0,0,0,0,0,0.0,0,0,0,0,0,0
850.1,2026-05-17T16:09:45,0016c001f10c2ef6,6.2,2.3,4.0,0.0,7809,703,7106,9.0,0.56,0.61,0.51,393965614,2016385463,3290,11804,1.2,234.5,3.1,2.0,41,37,0,0,0,0,0,0.0,0,0,0,0,0,0
850.6,2026-05-17T16:09:46,0016c001f10c2ef6,9.5,3.0,6.5,0.0,7809,703,7106,9.0,0.56,0.61,0.51,393968600,2016397333,2986,11870,1.2,234.5,3.1,2.0,41,37,0,0,0,0,0,0.0,0,0,0,0,0,0
851.0,2026-05-17T16:09:46,0016c001f10c2ef6,5.3,1.2,4.1,0.0,7809,703,7106,9.0,0.56,0.61,0.51,393972823,2016440784,4223,43451,1.2,234.5,3.1,2.0,41,37,0,0,0,0,0,0.0,0,0,0,0,0,0
851.4,2026-05-17T16:09:46,0016c001f10c2ef6,5.9,3.0,3.0,0.0,7809,703,7106,9.0,0.56,0.61,0.51,393975857,2016452588,3034,11804,1.2,234.5,3.1,2.0,41,37,0,0,0,0,0,0.0,0,0,0,0,0,0
851.8,2026-05-17T16:09:47,0016c001f10c2ef6,5.2,1.7,3.5,0.0,7809,702,7107,9.0,0.56,0.61,0.51,393978943,2016464392,3086,11804,1.2,234.5,3.1,2.0,41,37,0,0,0,0,0,0.0,0,0,0,0,0,0
852.2,2026-05-17T16:09:47,0016c001f10c2ef6,5.7,2.9,2.9,0.0,7809,702,7107,9.0,0.6,0.62,0.51,393982201,2016476290,3258,11898,1.2,234.5,3.1,2.0,41,37,0,0,0,0,0,0.0,0,0,0,0,0,0
852.7,2026-05-17T16:09:48,0016c001f10c2ef6,6.7,2.8,3.9,0.0,7809,703,7106,9.0,0.6,0.62,0.51,393985391,2016488094,3190,11804,1.2,234.5,3.1,2.0,41,37,0,0,0,0,0,0.0,0,0,0,0,0,0
853.1,2026-05-17T16:09:48,0016c001f10c2ef6,7.3,2.2,5.1,0.0,7809,703,7106,9.0,0.6,0.62,0.51,393989514,2016531545,4123,43451,1.2,234.5,3.1,2.0,41,37,0,0,0,0,0,0.0,0,0,0,0,0,0
853.6,2026-05-17T16:09:49,0016c001f10c2ef6,6.7,2.8,3.4,0.6,7809,703,7106,9.0,0.6,0.62,0.51,393992600,2016543349,3086,11804,1.2,234.5,3.1,2.0,41,37,0,0,0,0,0,0.0,0,0,0,0,0,0
854.0,2026-05-17T16:09:49,0016c001f10c2ef6,4.7,1.8,2.9,0.0,7809,703,7106,9.0,0.6,0.62,0.51,393996115,2016555153,3515,11804,1.2,234.5,3.1,2.0,41,37,0,0,0,0,0,0.0,0,0,0,0,0,0
854.4,2026-05-17T16:09:49,0016c001f10c2ef6,5.7,2.3,3.4,0.0,7809,703,7106,9.0,0.6,0.62,0.51,393999201,2016566957,3086,11804,1.2,234.5,3.1,2.0,41,37,0,0,0,0,0,0.0,0,0,0,0,0,0
854.8,2026-05-17T16:09:50,0016c001f10c2ef6,5.7,1.7,4.0,0.0,7809,703,7106,9.0,0.6,0.62,0.51,394002287,2016578761,3086,11804,1.2,234.5,3.1,2.0,41,37,0,0,0,0,0,0.0,0,0,0,0,0,0
855.3,2026-05-17T16:09:50,0016c001f10c2ef6,7.1,3.0,4.1,0.0,7809,703,7106,9.0,0.6,0.62,0.51,394006506,2016622212,4219,43451,1.2,234.5,3.1,2.0,41,37,0,0,0,0,0,0.0,0,0,0,0,0,0
855.8,2026-05-17T16:09:51,0016c001f10c2ef6,9.0,3.0,6.0,0.0,7809,703,7106,9.0,0.6,0.62,0.51,394009544,2016634082,3038,11870,1.2,234.5,3.1,2.0,44,39,3,2,0,0,0,0.0,0,0,0,0,0,0
856.2,2026-05-17T16:09:51,0016c001f10c2ef6,10.9,4.4,6.6,0.0,7809,703,7106,9.0,0.6,0.62,0.51,394012630,2016646571,3086,12489,1.2,234.5,3.1,2.0,44,39,0,0,0,0,0,0.0,0,0,0,0,0,0
856.6,2026-05-17T16:09:52,0016c001f10c2ef6,5.7,2.3,3.4,0.0,7809,703,7106,9.0,0.6,0.62,0.51,394015716,2016658377,3086,11806,1.2,234.5,3.1,2.0,44,39,0,0,0,0,0,0.0,0,0,0,0,0,0
857.1,2026-05-17T16:09:52,0016c001f10c2ef6,5.7,2.3,3.4,0.0,7809,703,7106,9.0,0.55,0.61,0.51,394019777,2016703436,4061,45059,1.2,234.5,3.1,2.0,44,39,0,0,0,0,0,0.0,0,0,0,0,0,0
857.5,2026-05-17T16:09:52,0016c001f10c2ef6,7.6,3.5,4.1,0.0,7809,703,7106,9.0,0.55,0.61,0.51,394022759,2016715242,2982,11806,1.2,234.5,3.1,2.0,44,39,0,0,0,0,0,0.0,0,0,0,0,0,0
857.9,2026-05-17T16:09:53,0016c001f10c2ef6,18.2,2.2,16.0,0.0,7809,703,7106,9.0,0.55,0.61,0.51,394025897,2016727048,3138,11806,1.2,234.5,3.1,2.0,44,39,0,0,0,0,0,0.0,0,0,0,0,0,0
858.4,2026-05-17T16:09:53,0016c001f10c2ef6,18.3,3.0,15.4,0.0,7809,703,7106,9.0,0.55,0.61,0.51,394029035,2016738854,3138,11806,1.2,234.5,3.1,2.0,44,39,0,0,0,0,0,0.0,0,0,0,0,0,0
858.8,2026-05-17T16:09:54,0016c001f10c2ef6,18.3,1.8,16.6,0.0,7809,703,7106,9.0,0.55,0.61,0.51,394032069,2016750660,3034,11806,1.2,234.5,3.1,2.0,44,39,0,0,0,0,0,0.0,0,0,0,0,0,0
859.2,2026-05-17T16:09:54,0016c001f10c2ef6,14.1,2.4,11.8,0.0,7809,703,7106,9.0,0.55,0.61,0.51,394036136,2016794113,4067,43453,1.2,234.5,3.1,2.0,44,39,0,0,0,0,0,0.0,0,0,0,0,0,0
859.7,2026-05-17T16:09:55,0016c001f10c2ef6,7.4,2.3,5.1,0.0,7809,703,7106,9.0,0.55,0.61,0.51,394039222,2016805919,3086,11806,1.2,234.5,3.1,2.0,44,39,0,0,0,0,0,0.0,0,0,0,0,0,0
860.1,2026-05-17T16:09:55,0016c001f10c2ef6,6.8,1.7,5.1,0.0,7809,701,7108,9.0,0.55,0.61,0.51,394042432,2016817803,3210,11884,1.2,234.5,3.1,2.0,44,39,0,0,0,0,0,0.0,0,0,0,0,0,0
860.5,2026-05-17T16:09:56,0016c001f10c2ef6,5.1,1.7,3.4,0.0,7809,702,7107,9.0,0.55,0.61,0.51,394045670,2016829609,3238,11806,1.2,234.5,3.1,2.0,44,39,0,0,0,0,0,0.0,0,0,0,0,0,0
861.0,2026-05-17T16:09:56,0016c001f10c2ef6,9.4,3.0,6.4,0.0,7809,703,7106,9.0,0.55,0.61,0.51,394049741,2016873128,4071,43519,1.2,234.5,3.1,2.0,44,39,0,0,0,0,0,0.0,0,0,0,0,0,0
861.5,2026-05-17T16:09:56,0016c001f10c2ef6,6.4,2.9,3.5,0.0,7809,702,7107,9.0,0.55,0.61,0.51,394052931,2016884934,3190,11806,1.2,234.5,3.1,2.0,44,39,0,0,0,0,0,0.0,0,0,0,0,0,0
861.9,2026-05-17T16:09:57,0016c001f10c2ef6,5.7,1.7,4.0,0.0,7809,703,7106,9.0,0.58,0.62,0.51,394056069,2016896740,3138,11806,1.2,234.5,3.1,2.0,44,39,0,0,0,0,0,0.0,0,0,0,0,0,0
862.3,2026-05-17T16:09:57,0016c001f10c2ef6,8.0,2.3,5.7,0.0,7809,703,7106,9.0,0.58,0.62,0.51,394059255,2016908546,3186,11806,1.2,234.5,3.1,2.0,44,39,0,0,0,0,0,0.0,0,0,0,0,0,0
862.8,2026-05-17T16:09:58,0016c001f10c2ef6,5.6,1.1,4.4,0.0,7809,703,7106,9.0,0.58,0.62,0.51,394062345,2016920352,3090,11806,1.2,234.5,3.1,2.0,44,39,0,0,0,0,0,0.0,0,0,0,0,0,0
863.2,2026-05-17T16:09:58,0016c001f10c2ef6,6.8,2.8,4.0,0.0,7809,703,7106,9.0,0.58,0.62,0.51,394066412,2016963805,4067,43453,1.2,234.5,3.1,2.0,44,39,0,0,0,0,0,0.0,0,0,0,0,0,0
863.6,2026-05-17T16:09:59,0016c001f10c2ef6,6.9,1.7,5.2,0.0,7809,703,7106,9.0,0.58,0.62,0.51,394069702,2016975611,3290,11806,1.2,234.5,3.1,2.0,44,39,0,0,0,0,0,0.0,0,0,0,0,0,0
864.1,2026-05-17T16:09:59,0016c001f10c2ef6,6.7,1.1,5.6,0.0,7809,703,7106,9.0,0.58,0.62,0.51,394073117,2016987417,3415,11806,1.2,234.5,3.1,2.0,44,39,0,0,0,0,0,0.0,0,0,0,0,0,0
864.5,2026-05-17T16:09:59,0016c001f10c2ef6,9.0,2.8,5.6,0.6,7809,703,7106,9.0,0.58,0.62,0.51,394076203,2016999223,3086,11806,1.2,234.5,3.1,2.0,44,39,0,0,0,0,0,0.0,0,0,0,0,0,0
864.9,2026-05-17T16:10:00,0016c001f10c2ef6,4.7,1.7,2.9,0.0,7809,703,7106,9.0,0.58,0.62,0.51,394079361,2017011115,3158,11892,1.2,234.5,3.1,2.0,44,39,0,0,0,0,0,0.0,0,0,0,0,0,0
865.3,2026-05-17T16:10:00,0016c001f10c2ef6,7.0,1.7,5.2,0.0,7809,703,7106,9.0,0.58,0.62,0.51,394083480,2017054568,4119,43453,1.2,234.5,3.1,2.0,44,39,0,0,0,0,0,0.0,0,0,0,0,0,0
865.8,2026-05-17T16:10:01,0016c001f10c2ef6,6.4,1.8,4.7,0.0,7809,703,7106,9.0,0.58,0.62,0.51,394086666,2017067057,3186,12489,1.2,234.4,3.1,2.0,44,39,0,0,0,0,0,0.0,0,0,0,0,0,0
866.2,2026-05-17T16:10:01,0016c001f10c2ef6,15.7,8.9,6.8,0.0,7809,703,7106,9.0,0.58,0.62,0.51,394089908,2017080722,3242,13665,1.2,234.4,3.1,2.0,44,39,0,0,0,0,0,0.0,0,0,0,0,0,0
866.7,2026-05-17T16:10:02,0016c001f10c2ef6,9.0,3.5,5.5,0.0,7809,701,7108,9.0,0.62,0.62,0.52,394093196,2017096155,3288,15433,1.2,234.4,3.1,2.0,44,39,0,0,0,0,0,0.0,0,0,0,0,0,0
867.2,2026-05-17T16:10:02,0016c001f10c2ef6,10.5,4.0,6.5,0.0,7809,703,7106,9.0,0.62,0.62,0.52,394097263,2017139755,4067,43600,1.2,234.4,3.1,2.0,44,39,0,0,0,0,0,0.0,0,0,0,0,0,0
867.7,2026-05-17T16:10:03,0016c001f10c2ef6,8.5,3.8,4.7,0.0,7809,702,7107,9.0,0.62,0.62,0.52,394100453,2017151627,3190,11872,1.2,234.4,3.1,2.0,44,39,0,0,0,0,0,0.0,0,0,0,0,0,0
868.2,2026-05-17T16:10:03,0016c001f10c2ef6,9.8,4.1,5.7,0.0,7809,703,7106,9.0,0.62,0.62,0.52,394103539,2017163499,3086,11872,1.2,234.4,3.1,2.0,44,39,0,0,0,0,0,0.0,0,0,0,0,0,0
868.7,2026-05-17T16:10:04,0016c001f10c2ef6,10.0,4.0,6.0,0.0,7809,702,7107,9.0,0.62,0.62,0.52,394106629,2017175371,3090,11872,1.2,234.4,3.1,2.0,44,39,0,0,0,0,0,0.0,0,0,0,0,0,0
869.2,2026-05-17T16:10:04,0016c001f10c2ef6,14.7,2.8,10.7,1.1,7809,703,7106,9.0,0.62,0.62,0.52,394110748,2017218905,4119,43534,1.2,234.4,3.1,2.0,44,39,0,0,0,0,0,0.0,0,0,0,0,0,0
869.6,2026-05-17T16:10:05,0016c001f10c2ef6,20.0,1.8,18.2,0.0,7809,703,7106,9.0,0.62,0.62,0.52,394113834,2017230711,3086,11806,1.2,234.4,3.1,2.0,44,39,0,0,0,0,0,0.0,0,0,0,0,0,0
870.0,2026-05-17T16:10:05,0016c001f10c2ef6,20.1,1.8,18.3,0.0,7809,703,7106,9.0,0.62,0.62,0.52,394116972,2017242517,3138,11806,1.2,234.4,3.1,2.0,44,39,0,0,0,0,0,0.0,0,0,0,0,0,0
870.4,2026-05-17T16:10:05,0016c001f10c2ef6,20.5,2.9,17.5,0.0,7809,704,7105,9.0,0.62,0.62,0.52,394120006,2017254323,3034,11806,1.2,234.4,3.1,2.0,44,39,0,0,0,0,0,0.0,0,0,0,0,0,0
870.8,2026-05-17T16:10:06,0016c001f10c2ef6,8.3,2.4,5.9,0.0,7809,703,7106,9.0,0.62,0.62,0.52,394123040,2017266129,3034,11806,1.2,234.4,3.1,2.0,44,39,0,0,0,0,0,0.0,0,0,0,0,0,0
871.3,2026-05-17T16:10:06,0016c001f10c2ef6,6.0,1.8,4.2,0.0,7809,702,7107,9.0,0.62,0.62,0.52,394127259,2017309663,4219,43534,1.2,234.4,3.1,2.0,44,39,0,0,0,0,0,0.0,0,0,0,0,0,0
871.7,2026-05-17T16:10:07,0016c001f10c2ef6,6.4,3.5,2.9,0.0,7809,703,7106,9.0,0.65,0.63,0.52,394130245,2017321469,2986,11806,1.2,234.4,3.1,2.0,44,39,0,0,0,0,0,0.0,0,0,0,0,0,0
872.1,2026-05-17T16:10:08,0016c001f10c2ef6,7.0,2.9,4.1,0.0,7809,703,7106,9.0,0.65,0.63,0.52,394133431,2017333275,3186,11806,1.2,234.4,3.1,2.0,44,39,0,0,0,0,0,0.0,0,0,0,0,0,0
872.5,2026-05-17T16:10:08,0016c001f10c2ef6,6.4,2.3,4.0,0.0,7809,703,7106,9.0,0.65,0.63,0.52,394136465,2017345081,3034,11806,1.2,234.4,3.1,2.0,44,39,0,0,0,0,0,0.0,0,0,0,0,0,0
873.0,2026-05-17T16:10:09,0016c001f10c2ef6,6.1,1.7,4.4,0.0,7809,703,7106,9.0,0.65,0.63,0.52,394139451,2017356887,2986,11806,1.2,234.4,3.1,2.0,44,39,0,0,0,0,0,0.0,0,0,0,0,0,0
873.4,2026-05-17T16:10:09,0016c001f10c2ef6,7.6,2.9,4.7,0.0,7809,703,7106,9.0,0.65,0.63,0.52,394143618,2017400421,4167,43534,1.2,234.3,3.1,2.0,44,39,0,0,0,0,0,0.0,0,0,0,0,0,0
873.9,2026-05-17T16:10:10,0016c001f10c2ef6,9.9,4.7,5.2,0.0,7809,703,7106,9.0,0.65,0.63,0.52,394147237,2017412293,3619,11872,1.2,234.3,3.1,2.0,44,39,0,0,0,0,0,0.0,0,0,0,0,0,0
874.4,2026-05-17T16:10:10,0016c001f10c2ef6,8.9,3.0,5.9,0.0,7809,703,7106,9.0,0.65,0.63,0.52,394150607,2017424321,3370,12028,1.2,234.3,3.1,2.0,44,39,0,0,0,0,0,0.0,0,0,0,0,0,0
874.8,2026-05-17T16:10:11,0016c001f10c2ef6,10.7,3.6,7.1,0.0,7809,703,7106,9.0,0.65,0.63,0.52,394153745,2017436193,3138,11872,1.2,234.3,3.1,2.0,44,39,0,0,0,0,0,0.0,0,0,0,0,0,0
875.3,2026-05-17T16:10:11,0016c001f10c2ef6,9.7,3.6,5.6,0.5,7809,703,7106,9.0,0.65,0.63,0.52,394157732,2017479871,3987,43678,1.2,234.3,3.1,2.0,44,39,0,0,0,0,0,0.0,0,0,0,0,0,0
875.8,2026-05-17T16:10:12,0016c001f10c2ef6,8.4,2.2,5.0,1.1,7809,702,7107,9.0,0.65,0.63,0.52,394160870,2017492360,3138,12489,1.2,234.3,3.1,2.0,44,39,0,0,0,0,0,0.0,0,0,0,0,0,0
876.2,2026-05-17T16:10:12,0016c001f10c2ef6,7.9,3.4,4.5,0.0,7809,704,7105,9.0,0.65,0.63,0.52,394163956,2017504166,3086,11806,1.2,234.3,3.1,2.0,44,39,0,0,0,0,0,0.0,0,0,0,0,0,0
876.6,2026-05-17T16:10:12,0016c001f10c2ef6,6.4,1.8,4.7,0.0,7809,704,7105,9.0,0.68,0.63,0.52,394167100,2017517657,3144,13491,1.2,234.3,3.1,2.0,44,39,0,0,0,0,0,0.0,0,0,0,0,0,0
877.1,2026-05-17T16:10:13,0016c001f10c2ef6,7.4,4.0,3.4,0.0,7809,703,7106,9.0,0.68,0.63,0.52,394170134,2017529463,3034,11806,1.2,234.2,3.1,2.0,44,39,0,0,0,0,0,0.0,0,0,0,0,0,0
877.5,2026-05-17T16:10:13,0016c001f10c2ef6,7.7,2.7,4.9,0.0,7809,703,7106,9.0,0.68,0.63,0.52,394174249,2017572997,4115,43534,1.2,234.2,3.1,2.0,44,39,0,0,0,0,0,0.0,0,0,0,0,0,0
878.0,2026-05-17T16:10:14,0016c001f10c2ef6,6.2,2.3,4.0,0.0,7809,703,7106,9.0,0.68,0.63,0.52,394177235,2017584803,2986,11806,1.2,234.2,3.1,2.0,44,39,0,0,0,0,0,0.0,0,0,0,0,0,0
878.4,2026-05-17T16:10:14,0016c001f10c2ef6,5.8,2.3,3.5,0.0,7809,703,7106,9.0,0.68,0.63,0.52,394180373,2017596609,3138,11806,1.2,234.2,3.1,2.0,44,39,0,0,0,0,0,0.0,0,0,0,0,0,0
878.8,2026-05-17T16:10:15,0016c001f10c2ef6,6.9,2.3,4.6,0.0,7809,703,7106,9.0,0.68,0.63,0.52,394183459,2017608415,3086,11806,1.2,234.2,3.1,2.0,44,39,0,0,0,0,0,0.0,0,0,0,0,0,0
879.2,2026-05-17T16:10:15,0016c001f10c2ef6,5.8,2.9,2.9,0.0,7809,703,7106,9.0,0.68,0.63,0.52,394187574,2017651949,4115,43534,1.2,234.2,3.1,2.0,44,39,0,0,0,0,0,0.0,0,0,0,0,0,0
879.6,2026-05-17T16:10:15,0016c001f10c2ef6,6.9,2.3,4.6,0.0,7809,703,7106,9.0,0.68,0.63,0.52,394190664,2017663755,3090,11806,1.2,234.2,3.1,2.0,44,39,0,0,0,0,0,0.0,0,0,0,0,0,0
880.1,2026-05-17T16:10:16,0016c001f10c2ef6,6.7,2.8,3.9,0.0,7809,703,7106,9.0,0.68,0.63,0.52,394193902,2017675561,3238,11806,1.2,234.2,3.1,2.0,44,39,0,0,0,0,0,0.0,0,0,0,0,0,0
880.6,2026-05-17T16:10:16,0016c001f10c2ef6,15.1,4.9,9.8,0.5,7809,702,7107,9.0,0.68,0.63,0.52,394197144,2017688116,3242,12555,1.2,234.2,3.1,2.0,44,39,0,0,0,0,0,0.0,0,0,0,0,0,0
881.0,2026-05-17T16:10:17,0016c001f10c2ef6,20.0,2.9,17.1,0.0,7809,703,7106,9.0,0.68,0.63,0.52,394200130,2017699922,2986,11806,1.2,234.2,3.1,2.0,44,39,0,0,0,0,0,0.0,0,0,0,0,0,0
881.4,2026-05-17T16:10:17,0016c001f10c2ef6,20.7,2.4,18.3,0.0,7809,703,7106,9.0,0.7,0.64,0.53,394204291,2017745058,4161,45136,1.2,234.2,3.1,2.0,44,39,0,0,0,0,0,0.0,0,0,0,0,0,0
881.9,2026-05-17T16:10:18,0016c001f10c2ef6,19.2,2.3,16.9,0.0,7809,703,7106,9.0,0.7,0.64,0.53,394207225,2017756864,2934,11806,1.2,234.2,3.1,2.0,44,39,0,0,0,0,0,0.0,0,0,0,0,0,0
882.4,2026-05-17T16:10:18,0016c001f10c2ef6,9.1,1.6,7.5,0.0,7809,704,7105,9.0,0.7,0.64,0.53,394210311,2017768670,3086,11806,1.2,234.2,3.1,2.0,44,39,0,0,0,0,0,0.0,0,0,0,0,0,0
882.8,2026-05-17T16:10:19,0016c001f10c2ef6,6.8,1.7,5.1,0.0,7809,704,7105,9.0,0.7,0.64,0.53,394213601,2017780476,3290,11806,1.2,234.2,3.1,2.0,44,39,0,0,0,0,0,0.0,0,0,0,0,0,0
883.2,2026-05-17T16:10:19,0016c001f10c2ef6,6.2,1.7,4.5,0.0,7809,704,7105,9.0,0.7,0.64,0.53,394217088,2017792360,3487,11884,1.2,234.2,3.1,2.0,44,39,0,0,0,0,0,0.0,0,0,0,0,0,0
883.6,2026-05-17T16:10:19,0016c001f10c2ef6,7.0,2.9,4.1,0.0,7809,704,7105,9.0,0.7,0.64,0.53,394221207,2017835894,4119,43534,1.2,234.2,3.1,2.0,44,39,0,0,0,0,0,0.0,0,0,0,0,0,0
884.1,2026-05-17T16:10:20,0016c001f10c2ef6,7.0,3.5,3.5,0.0,7809,703,7106,9.0,0.7,0.64,0.53,394224293,2017847700,3086,11806,1.2,234.2,3.1,2.0,44,39,0,0,0,0,0,0.0,0,0,0,0,0,0
884.5,2026-05-17T16:10:20,0016c001f10c2ef6,6.9,2.9,4.0,0.0,7809,701,7108,9.0,0.7,0.64,0.53,394227327,2017859506,3034,11806,1.2,234.3,3.1,2.0,44,39,0,0,0,0,0,0.0,0,0,0,0,0,0
884.9,2026-05-17T16:10:21,0016c001f10c2ef6,6.2,2.3,4.0,0.0,7809,701,7108,9.0,0.7,0.64,0.53,394230565,2017871312,3238,11806,1.2,234.3,3.1,2.0,44,39,0,0,0,0,0,0.0,0,0,0,0,0,0
885.3,2026-05-17T16:10:21,0016c001f10c2ef6,8.0,2.9,5.1,0.0,7809,703,7106,9.0,0.7,0.64,0.53,394234528,2017914846,3963,43534,1.2,234.3,3.1,2.0,48,44,4,5,0,0,0,0.0,0,0,0,0,0,0
885.8,2026-05-17T16:10:22,0016c001f10c2ef6,10.6,4.5,6.0,0.0,7809,703,7106,9.0,0.7,0.64,0.53,394237566,2017926719,3038,11873,1.2,234.3,3.1,2.0,48,44,0,0,0,0,0,0.0,0,0,0,0,0,0
886.3,2026-05-17T16:10:22,0016c001f10c2ef6,5.8,1.7,4.0,0.0,7809,702,7107,9.0,0.65,0.63,0.52,394240600,2017938526,3034,11807,1.2,234.3,3.1,2.0,48,44,0,0,0,0,0,0.0,0,0,0,0,0,0
886.7,2026-05-17T16:10:22,0016c001f10c2ef6,5.8,2.3,3.5,0.0,7809,702,7107,9.0,0.65,0.63,0.52,394243686,2017950333,3086,11807,1.2,234.3,3.1,2.0,48,44,0,0,0,0,0,0.0,0,0,0,0,0,0
887.1,2026-05-17T16:10:23,0016c001f10c2ef6,4.6,1.7,2.9,0.0,7809,702,7107,9.0,0.65,0.63,0.52,394246872,2017962140,3186,11807,1.2,234.3,3.1,2.0,48,44,0,0,0,0,0,0.0,0,0,0,0,0,0
887.5,2026-05-17T16:10:23,0016c001f10c2ef6,7.6,2.9,4.7,0.0,7809,702,7107,9.0,0.65,0.63,0.52,394250939,2018005675,4067,43535,1.2,234.3,3.1,2.0,48,44,0,0,0,0,0,0.0,0,0,0,0,0,0
888.0,2026-05-17T16:10:24,0016c001f10c2ef6,5.2,2.3,2.9,0.0,7809,703,7106,9.0,0.65,0.63,0.52,394253977,2018017482,3038,11807,1.2,234.3,3.1,2.0,48,44,0,0,0,0,0,0.0,0,0,0,0,0,0
888.4,2026-05-17T16:10:24,0016c001f10c2ef6,6.9,2.3,4.6,0.0,7809,703,7106,9.0,0.65,0.63,0.52,394257063,2018029289,3086,11807,1.2,234.3,3.1,2.0,48,44,0,0,0,0,0,0.0,0,0,0,0,0,0
888.8,2026-05-17T16:10:25,0016c001f10c2ef6,5.7,2.3,3.4,0.0,7809,701,7108,9.0,0.65,0.63,0.52,394260149,2018041096,3086,11807,1.2,234.3,3.1,2.0,48,44,0,0,0,0,0,0.0,0,0,0,0,0,0
889.3,2026-05-17T16:10:25,0016c001f10c2ef6,5.9,1.8,3.5,0.6,7809,701,7108,9.0,0.65,0.63,0.52,394263183,2018052903,3034,11807,1.2,234.3,3.1,2.0,48,44,0,0,0,0,0,0.0,0,0,0,0,0,0
889.7,2026-05-17T16:10:25,0016c001f10c2ef6,6.0,3.0,3.0,0.0,7809,701,7108,9.0,0.65,0.63,0.52,394267198,2018096438,4015,43535,1.2,234.3,3.1,2.0,48,44,0,0,0,0,0,0.0,0,0,0,0,0,0
890.1,2026-05-17T16:10:26,0016c001f10c2ef6,6.1,1.7,4.5,0.0,7809,701,7108,9.0,0.65,0.63,0.52,394270436,2018108245,3238,11807,1.2,234.3,3.1,2.0,48,44,0,0,0,0,0,0.0,0,0,0,0,0,0
890.5,2026-05-17T16:10:26,0016c001f10c2ef6,9.0,3.4,5.6,0.0,7809,702,7107,9.0,0.65,0.63,0.52,394273782,2018121857,3346,13612,1.2,234.3,3.1,2.0,48,44,0,0,0,0,0,0.0,0,0,0,0,0,0
891.1,2026-05-17T16:10:27,0016c001f10c2ef6,8.6,3.4,5.2,0.0,7809,701,7108,9.0,0.59,0.62,0.52,394276834,2018135790,3052,13933,1.2,234.3,3.1,2.0,48,44,0,0,0,0,0,0.0,0,0,0,0,0,0
891.6,2026-05-17T16:10:27,0016c001f10c2ef6,6.8,2.0,4.9,0.0,7809,701,7108,9.0,0.59,0.62,0.52,394280717,2018179911,3883,44121,1.2,234.3,3.1,2.0,48,44,0,0,0,0,0,0.0,0,0,0,0,0,0
892.1,2026-05-17T16:10:28,0016c001f10c2ef6,9.6,2.1,7.4,0.0,7809,702,7107,9.0,0.59,0.62,0.52,394283803,2018191718,3086,11807,1.2,234.3,3.1,2.0,48,44,0,0,0,0,0,0.0,0,0,0,0,0,0
892.5,2026-05-17T16:10:28,0016c001f10c2ef6,22.1,2.9,18.0,1.2,7809,703,7106,9.0,0.59,0.62,0.52,394286889,2018203525,3086,11807,1.2,234.3,3.1,2.0,48,44,0,0,0,0,0,0.0,0,0,0,0,0,0
892.9,2026-05-17T16:10:29,0016c001f10c2ef6,19.3,3.0,16.3,0.0,7809,703,7106,9.0,0.59,0.62,0.52,394290404,2018215332,3515,11807,1.2,234.3,3.1,2.0,48,44,0,0,0,0,0,0.0,0,0,0,0,0,0
893.4,2026-05-17T16:10:29,0016c001f10c2ef6,18.7,1.2,17.5,0.0,7809,703,7106,9.0,0.59,0.62,0.52,394293490,2018227139,3086,11807,1.2,234.3,3.1,2.0,48,44,0,0,0,0,0,0.0,0,0,0,0,0,0
893.8,2026-05-17T16:10:30,0016c001f10c2ef6,10.9,2.9,8.0,0.0,7809,703,7106,9.0,0.59,0.62,0.52,394297605,2018270755,4115,43616,1.2,234.3,3.1,2.0,48,44,0,0,0,0,0,0.0,0,0,0,0,0,0
894.2,2026-05-17T16:10:30,0016c001f10c2ef6,6.7,2.8,3.9,0.0,7809,703,7106,9.0,0.59,0.62,0.52,394300847,2018282562,3242,11807,1.2,234.3,3.1,2.0,48,44,0,0,0,0,0,0.0,0,0,0,0,0,0
894.7,2026-05-17T16:10:30,0016c001f10c2ef6,6.2,2.3,4.0,0.0,7809,702,7107,9.0,0.59,0.62,0.52,394303937,2018294369,3090,11807,1.2,234.3,3.1,2.0,48,44,0,0,0,0,0,0.0,0,0,0,0,0,0
895.1,2026-05-17T16:10:31,0016c001f10c2ef6,6.2,1.7,4.5,0.0,7809,702,7107,9.0,0.59,0.62,0.52,394307123,2018306176,3186,11807,1.2,234.3,3.1,2.0,48,44,0,0,0,0,0,0.0,0,0,0,0,0,0
895.5,2026-05-17T16:10:31,0016c001f10c2ef6,5.7,2.3,3.4,0.0,7809,702,7107,9.0,0.59,0.62,0.52,394311086,2018349792,3963,43616,1.2,234.3,3.1,2.0,48,44,0,0,0,0,0,0.0,0,0,0,0,0,0
896.0,2026-05-17T16:10:32,0016c001f10c2ef6,6.8,1.1,5.6,0.0,7809,702,7107,9.0,0.55,0.61,0.52,394314276,2018361599,3190,11807,1.2,234.3,3.1,2.0,48,44,0,0,0,0,0,0.0,0,0,0,0,0,0
896.5,2026-05-17T16:10:32,0016c001f10c2ef6,9.8,4.4,5.4,0.0,7809,702,7107,9.0,0.55,0.61,0.52,394317314,2018373472,3038,11873,1.2,234.3,3.1,2.0,48,44,0,0,0,0,0,0.0,0,0,0,0,0,0
896.9,2026-05-17T16:10:33,0016c001f10c2ef6,5.6,1.7,3.9,0.0,7809,702,7107,9.0,0.55,0.61,0.52,394320400,2018385279,3086,11807,1.2,234.3,3.1,2.0,48,44,0,0,0,0,0,0.0,0,0,0,0,0,0
897.3,2026-05-17T16:10:33,0016c001f10c2ef6,6.4,2.3,4.1,0.0,7809,702,7107,9.0,0.55,0.61,0.52,394323434,2018397086,3034,11807,1.2,234.3,3.1,2.0,48,44,0,0,0,0,0,0.0,0,0,0,0,0,0
897.8,2026-05-17T16:10:34,0016c001f10c2ef6,6.8,2.8,3.4,0.6,7809,702,7107,9.0,0.55,0.61,0.52,394327397,2018440702,3963,43616,1.2,234.3,3.1,2.0,48,44,0,0,0,0,0,0.0,0,0,0,0,0,0
898.2,2026-05-17T16:10:34,0016c001f10c2ef6,5.2,0.6,4.6,0.0,7809,702,7107,9.0,0.55,0.61,0.52,394330431,2018452509,3034,11807,1.2,234.3,3.1,2.0,48,44,0,0,0,0,0,0.0,0,0,0,0,0,0
898.6,2026-05-17T16:10:34,0016c001f10c2ef6,6.5,2.9,3.5,0.0,7809,702,7107,9.0,0.55,0.61,0.52,394333569,2018464316,3138,11807,1.2,234.3,3.1,2.0,48,44,0,0,0,0,0,0.0,0,0,0,0,0,0
899.0,2026-05-17T16:10:35,0016c001f10c2ef6,6.4,2.3,3.5,0.6,7809,702,7107,9.0,0.55,0.61,0.52,394336879,2018476201,3310,11885,1.2,234.3,3.1,2.0,48,44,0,0,0,0,0,0.0,0,0,0,0,0,0
899.5,2026-05-17T16:10:35,0016c001f10c2ef6,7.3,2.8,4.5,0.0,7809,703,7106,9.0,0.55,0.61,0.52,394339965,2018488008,3086,11807,1.2,234.3,3.1,2.0,48,44,0,0,0,0,0,0.0,0,0,0,0,0,0
899.9,2026-05-17T16:10:36,0016c001f10c2ef6,7.9,2.8,5.1,0.0,7809,703,7106,9.0,0.55,0.61,0.52,394344084,2018531624,4119,43616,1.2,234.1,3.1,2.0,48,44,0,0,0,0,0,0.0,0,0,0,0,0,0
900.3,2026-05-17T16:10:36,0016c001f10c2ef6,5.8,1.7,4.0,0.0,7809,702,7107,9.0,0.55,0.61,0.52,394347122,2018543431,3038,11807,1.2,234.1,3.1,2.0,48,44,0,0,0,0,0,0.0,0,0,0,0,0,0
900.8,2026-05-17T16:10:37,0016c001f10c2ef6,5.6,1.7,4.0,0.0,7809,702,7107,9.0,0.5,0.6,0.51,394350260,2018555238,3138,11807,1.2,234.1,3.1,2.0,48,44,0,0,0,0,0,0.0,0,0,0,0,0,0
901.2,2026-05-17T16:10:37,0016c001f10c2ef6,6.7,2.8,3.9,0.0,7809,702,7107,9.0,0.5,0.6,0.51,394353498,2018567045,3238,11807,1.2,234.1,3.1,2.0,48,44,0,0,0,0,0,0.0,0,0,0,0,0,0
901.7,2026-05-17T16:10:37,0016c001f10c2ef6,8.6,3.0,5.6,0.0,7809,702,7107,9.0,0.5,0.6,0.51,394357569,2018610727,4071,43682,1.2,234.1,3.1,2.0,48,44,0,0,0,0,0,0.0,0,0,0,0,0,0
902.1,2026-05-17T16:10:38,0016c001f10c2ef6,7.5,1.7,5.7,0.0,7809,702,7107,9.0,0.5,0.6,0.51,394360603,2018622534,3034,11807,1.2,234.1,3.1,2.0,48,44,0,0,0,0,0,0.0,0,0,0,0,0,0
902.6,2026-05-17T16:10:38,0016c001f10c2ef6,7.3,2.2,5.0,0.0,7809,702,7107,9.0,0.5,0.6,0.51,394363637,2018634341,3034,11807,1.2,234.1,3.1,2.0,48,44,0,0,0,0,0,0.0,0,0,0,0,0,0
903.0,2026-05-17T16:10:39,0016c001f10c2ef6,6.8,1.7,5.1,0.0,7809,702,7107,9.0,0.5,0.6,0.51,394367204,2018646148,3567,11807,1.2,234.1,3.1,2.0,48,44,0,0,0,0,0,0.0,0,0,0,0,0,0
903.4,2026-05-17T16:10:39,0016c001f10c2ef6,6.4,2.3,4.1,0.0,7809,702,7107,9.0,0.5,0.6,0.51,394370342,2018657955,3138,11807,1.2,234.1,3.1,2.0,48,44,0,0,0,0,0,0.0,0,0,0,0,0,0
903.8,2026-05-17T16:10:40,0016c001f10c2ef6,18.8,2.9,15.9,0.0,7809,702,7107,9.0,0.5,0.6,0.51,394374585,2018701727,4243,43772,1.2,234.0,3.1,2.0,48,44,0,0,0,0,0,0.0,0,0,0,0,0,0
904.3,2026-05-17T16:10:41,0016c001f10c2ef6,20.1,1.7,18.4,0.0,7809,702,7107,9.0,0.5,0.6,0.51,394377675,2018713534,3090,11807,1.2,234.0,3.1,2.0,48,44,0,0,0,0,0,0.0,0,0,0,0,0,0
904.7,2026-05-17T16:10:41,0016c001f10c2ef6,18.5,1.7,16.8,0.0,7809,702,7107,9.0,0.5,0.6,0.51,394380861,2018725341,3186,11807,1.2,234.0,3.1,2.0,48,44,0,0,0,0,0,0.0,0,0,0,0,0,0
905.2,2026-05-17T16:10:42,0016c001f10c2ef6,12.6,2.3,10.3,0.0,7809,702,7107,9.0,0.5,0.6,0.51,394383899,2018737148,3038,11807,1.2,234.0,3.1,2.0,48,44,0,0,0,0,0,0.0,0,0,0,0,0,0
905.6,2026-05-17T16:10:42,0016c001f10c2ef6,7.0,2.3,4.7,0.0,7809,702,7107,9.0,0.5,0.6,0.51,394386985,2018748955,3086,11807,1.2,234.0,3.1,2.0,48,44,0,0,0,0,0,0.0,0,0,0,0,0,0
906.0,2026-05-17T16:10:43,0016c001f10c2ef6,8.0,3.4,4.6,0.0,7809,703,7106,9.0,0.46,0.59,0.51,394390948,2018792571,3963,43616,1.2,234.0,3.1,2.0,48,44,0,0,0,0,0,0.0,0,0,0,0,0,0
906.4,2026-05-17T16:10:43,0016c001f10c2ef6,8.2,2.9,5.3,0.0,7809,703,7106,9.0,0.46,0.59,0.51,394394134,2018804378,3186,11807,1.2,234.0,3.1,2.0,48,44,0,0,0,0,0,0.0,0,0,0,0,0,0
906.9,2026-05-17T16:10:44,0016c001f10c2ef6,9.0,3.0,6.0,0.0,7809,701,7108,9.0,0.46,0.59,0.51,394397192,2018816395,3058,12017,1.2,234.0,3.1,2.0,48,44,0,0,0,0,0,0.0,0,0,0,0,0,0
907.3,2026-05-17T16:10:44,0016c001f10c2ef6,6.7,2.8,3.9,0.0,7809,702,7107,9.0,0.46,0.59,0.51,394400226,2018828202,3034,11807,1.2,234.0,3.1,2.0,48,44,0,0,0,0,0,0.0,0,0,0,0,0,0
907.8,2026-05-17T16:10:44,0016c001f10c2ef6,7.4,2.3,5.1,0.0,7809,702,7107,9.0,0.46,0.59,0.51,394404241,2018871818,4015,43616,1.2,234.0,3.1,2.0,48,44,0,0,0,0,0,0.0,0,0,0,0,0,0
908.2,2026-05-17T16:10:45,0016c001f10c2ef6,7.1,3.6,3.6,0.0,7809,702,7107,9.0,0.46,0.59,0.51,394407327,2018883625,3086,11807,1.2,234.0,3.1,2.0,48,44,0,0,0,0,0,0.0,0,0,0,0,0,0
908.6,2026-05-17T16:10:45,0016c001f10c2ef6,6.2,1.1,5.1,0.0,7809,703,7106,9.0,0.46,0.59,0.51,394410361,2018895432,3034,11807,1.2,234.0,3.1,2.0,48,44,0,0,0,0,0,0.0,0,0,0,0,0,0
909.0,2026-05-17T16:10:46,0016c001f10c2ef6,6.3,3.4,2.9,0.0,7809,703,7106,9.0,0.46,0.59,0.51,394413395,2018907239,3034,11807,1.2,234.0,3.1,2.0,48,44,0,0,0,0,0,0.0,0,0,0,0,0,0
909.5,2026-05-17T16:10:46,0016c001f10c2ef6,5.8,2.3,3.5,0.0,7809,703,7106,9.0,0.46,0.59,0.51,394416429,2018919046,3034,11807,1.2,234.0,3.1,2.0,48,44,0,0,0,0,0,0.0,0,0,0,0,0,0
909.9,2026-05-17T16:10:47,0016c001f10c2ef6,7.0,2.9,4.1,0.0,7809,704,7105,9.0,0.46,0.59,0.51,394420652,2018962662,4223,43616,1.2,234.0,3.1,2.0,48,44,0,0,0,0,0,0.0,0,0,0,0,0,0
910.3,2026-05-17T16:10:47,0016c001f10c2ef6,5.7,1.7,4.0,0.0,7809,704,7105,9.0,0.46,0.59,0.51,394423686,2018974469,3034,11807,1.2,234.0,3.1,2.0,48,44,0,0,0,0,0,0.0,0,0,0,0,0,0
910.7,2026-05-17T16:10:47,0016c001f10c2ef6,6.5,1.8,4.7,0.0,7809,703,7106,9.0,0.51,0.6,0.51,394426772,2018986276,3086,11807,1.2,234.0,3.1,2.0,48,44,0,0,0,0,0,0.0,0,0,0,0,0,0
911.2,2026-05-17T16:10:48,0016c001f10c2ef6,5.3,0.6,4.7,0.0,7809,703,7106,9.0,0.51,0.6,0.51,394429806,2018998083,3034,11807,1.2,234.0,3.1,2.0,48,44,0,0,0,0,0,0.0,0,0,0,0,0,0
911.6,2026-05-17T16:10:48,0016c001f10c2ef6,6.2,1.7,4.5,0.0,7809,702,7107,9.0,0.51,0.6,0.51,394433116,2019009976,3310,11893,1.2,234.0,3.1,2.0,48,44,0,0,0,0,0,0.0,0,0,0,0,0,0
912.1,2026-05-17T16:10:49,0016c001f10c2ef6,12.1,4.5,7.6,0.0,7809,703,7106,9.0,0.51,0.6,0.51,394437083,2019053658,3967,43682,1.2,234.0,3.1,2.0,48,44,0,0,0,0,0,0.0,0,0,0,0,0,0
912.5,2026-05-17T16:10:49,0016c001f10c2ef6,6.3,2.3,4.0,0.0,7809,704,7105,9.0,0.51,0.6,0.51,394440754,2019065465,3671,11807,1.2,234.0,3.1,2.0,48,44,0,0,0,0,0,0.0,0,0,0,0,0,0
912.9,2026-05-17T16:10:50,0016c001f10c2ef6,6.3,2.3,4.0,0.0,7809,703,7106,9.0,0.51,0.6,0.51,394443788,2019077272,3034,11807,1.2,234.0,3.1,2.0,48,44,0,0,0,0,0,0.0,0,0,0,0,0,0
913.4,2026-05-17T16:10:50,0016c001f10c2ef6,4.7,2.4,2.4,0.0,7809,703,7106,9.0,0.51,0.6,0.51,394446822,2019089079,3034,11807,1.2,234.0,3.1,2.0,48,44,0,0,0,0,0,0.0,0,0,0,0,0,0
913.8,2026-05-17T16:10:50,0016c001f10c2ef6,7.8,2.8,5.0,0.0,7809,703,7106,9.0,0.51,0.6,0.51,394450681,2019132695,3859,43616,1.2,234.0,3.1,2.0,48,44,0,0,0,0,0,0.0,0,0,0,0,0,0
914.2,2026-05-17T16:10:51,0016c001f10c2ef6,6.8,3.4,3.4,0.0,7809,703,7106,9.0,0.51,0.6,0.51,394453871,2019144502,3190,11807,1.2,234.0,3.1,2.0,49,45,1,1,0,0,0,0.0,0,0,0,0,0,0
914.7,2026-05-17T16:10:51,0016c001f10c2ef6,7.2,2.2,5.0,0.0,7809,702,7107,9.0,0.51,0.6,0.51,394456957,2019156309,3086,11807,1.2,234.0,3.1,2.0,49,45,0,0,0,0,0,0.0,0,0,0,0,0,0
915.1,2026-05-17T16:10:52,0016c001f10c2ef6,13.5,1.8,11.7,0.0,7809,703,7106,9.0,0.51,0.6,0.51,394460095,2019168116,3138,11807,1.2,234.0,3.1,2.0,49,45,0,0,0,0,0,0.0,0,0,0,0,0,0
915.5,2026-05-17T16:10:52,0016c001f10c2ef6,18.8,1.8,17.1,0.0,7809,703,7106,9.0,0.55,0.6,0.52,394463181,2019179923,3086,11807,1.2,234.0,3.1,2.0,49,45,0,0,0,0,0,0.0,0,0,0,0,0,0
916.0,2026-05-17T16:10:53,0016c001f10c2ef6,20.0,2.4,17.1,0.6,7809,702,7107,9.0,0.55,0.6,0.52,394467400,2019223539,4219,43616,1.2,234.0,3.1,2.0,49,45,0,0,0,0,0,0.0,0,0,0,0,0,0
916.4,2026-05-17T16:10:53,0016c001f10c2ef6,18.9,3.0,16.0,0.0,7809,702,7107,9.0,0.55,0.6,0.52,394470438,2019235346,3038,11807,1.2,234.0,3.1,2.0,49,45,0,0,0,0,0,0.0,0,0,0,0,0,0
916.8,2026-05-17T16:10:53,0016c001f10c2ef6,7.1,2.2,4.9,0.0,7809,703,7106,9.0,0.55,0.6,0.52,394473676,2019247153,3238,11807,1.2,234.0,3.1,2.0,49,45,0,0,0,0,0,0.0,0,0,0,0,0,0
917.3,2026-05-17T16:10:54,0016c001f10c2ef6,10.7,3.9,6.8,0.0,7809,703,7106,9.0,0.55,0.6,0.52,394476662,2019259026,2986,11873,1.2,234.0,3.1,2.0,49,45,0,0,0,0,0,0.0,0,0,0,0,0,0
917.8,2026-05-17T16:10:54,0016c001f10c2ef6,5.2,1.7,3.5,0.0,7809,704,7105,9.0,0.55,0.6,0.52,394480361,2019270833,3699,11807,1.2,234.0,3.1,2.0,49,45,0,0,0,0,0,0.0,0,0,0,0,0,0
918.2,2026-05-17T16:10:55,0016c001f10c2ef6,8.4,2.8,5.6,0.0,7809,704,7105,9.0,0.55,0.6,0.52,394483763,2019314449,3402,43616,1.2,234.0,3.1,2.0,49,45,0,0,0,0,0,0.0,0,0,0,0,0,0
918.6,2026-05-17T16:10:55,0016c001f10c2ef6,5.4,1.8,3.6,0.0,7809,704,7105,9.0,0.55,0.6,0.52,394486797,2019326256,3034,11807,1.2,234.0,3.1,2.0,49,45,0,0,0,0,0,0.0,0,0,0,0,0,0
919.0,2026-05-17T16:10:56,0016c001f10c2ef6,5.7,2.8,2.8,0.0,7809,705,7104,9.0,0.55,0.6,0.52,394489935,2019338063,3138,11807,1.2,234.0,3.1,2.0,49,45,0,0,0,0,0,0.0,0,0,0,0,0,0
919.5,2026-05-17T16:10:56,0016c001f10c2ef6,5.3,1.2,4.1,0.0,7809,704,7105,9.0,0.55,0.6,0.52,394493021,2019349870,3086,11807,1.2,234.0,3.1,2.0,49,45,0,0,0,0,0,0.0,0,0,0,0,0,0
919.9,2026-05-17T16:10:57,0016c001f10c2ef6,7.4,3.4,4.0,0.0,7809,702,7107,9.0,0.55,0.6,0.52,394496984,2019393486,3963,43616,1.2,234.0,3.1,2.0,49,45,0,0,0,0,0,0.0,0,0,0,0,0,0
920.3,2026-05-17T16:10:57,0016c001f10c2ef6,8.0,3.4,4.6,0.0,7809,700,7109,9.0,0.5,0.59,0.51,394500170,2019405293,3186,11807,1.2,234.0,3.1,2.0,49,45,0,0,0,0,0,0.0,0,0,0,0,0,0
920.7,2026-05-17T16:10:57,0016c001f10c2ef6,6.2,1.7,4.5,0.0,7809,701,7108,9.0,0.5,0.59,0.51,394503156,2019417100,2986,11807,1.2,234.0,3.1,2.0,49,45,0,0,0,0,0,0.0,0,0,0,0,0,0
921.2,2026-05-17T16:10:58,0016c001f10c2ef6,5.9,2.4,3.5,0.0,7809,701,7108,9.0,0.5,0.59,0.51,394506294,2019428907,3138,11807,1.2,234.0,3.1,2.0,49,45,0,0,0,0,0,0.0,0,0,0,0,0,0
921.6,2026-05-17T16:10:58,0016c001f10c2ef6,5.6,2.2,3.4,0.0,7809,701,7108,9.0,0.5,0.59,0.51,394509380,2019440714,3086,11807,1.2,234.0,3.1,2.0,49,45,0,0,0,0,0,0.0,0,0,0,0,0,0
922.0,2026-05-17T16:10:59,0016c001f10c2ef6,6.4,2.9,3.5,0.0,7809,701,7108,9.0,0.5,0.59,0.51,394513651,2019484330,4271,43616,1.2,234.0,3.1,2.0,49,45,0,0,0,0,0,0.0,0,0,0,0,0,0
922.5,2026-05-17T16:10:59,0016c001f10c2ef6,9.2,3.6,5.6,0.0,7809,702,7107,9.0,0.5,0.59,0.51,394517342,2019496281,3691,11951,1.2,234.0,3.1,2.0,49,45,0,0,0,0,0,0.0,0,0,0,0,0,0
923.0,2026-05-17T16:11:00,0016c001f10c2ef6,9.6,3.8,5.8,0.0,7809,703,7106,9.0,0.5,0.59,0.51,394520532,2019508154,3190,11873,1.2,234.0,3.1,2.0,49,45,0,0,0,0,0,0.0,0,0,0,0,0,0
923.5,2026-05-17T16:11:00,0016c001f10c2ef6,10.1,3.5,6.6,0.0,7809,703,7106,9.0,0.5,0.59,0.51,394523618,2019520027,3086,11873,1.2,234.0,3.1,2.0,49,45,0,0,0,0,0,0.0,0,0,0,0,0,0
924.0,2026-05-17T16:11:01,0016c001f10c2ef6,9.9,4.0,5.9,0.0,7809,703,7106,9.0,0.5,0.59,0.51,394527633,2019563709,4015,43682,1.2,234.0,3.1,2.0,49,45,0,0,0,0,0,0.0,0,0,0,0,0,0
924.5,2026-05-17T16:11:01,0016c001f10c2ef6,11.1,6.1,5.1,0.0,7809,703,7106,9.0,0.5,0.59,0.51,394530823,2019575582,3190,11873,1.2,234.0,3.1,2.0,49,45,0,0,0,0,0,0.0,0,0,0,0,0,0
925.0,2026-05-17T16:11:02,0016c001f10c2ef6,10.7,3.0,7.6,0.0,7809,703,7106,9.0,0.5,0.59,0.51,394534013,2019587455,3190,11873,1.2,234.0,3.1,2.0,49,45,0,0,0,0,0,0.0,0,0,0,0,0,0
925.5,2026-05-17T16:11:02,0016c001f10c2ef6,8.5,4.0,4.5,0.0,7809,702,7107,9.0,0.46,0.58,0.51,394537151,2019599328,3138,11873,1.2,234.0,3.1,2.0,49,45,0,0,0,0,0,0.0,0,0,0,0,0,0
926.0,2026-05-17T16:11:03,0016c001f10c2ef6,10.5,3.5,7.0,0.0,7809,702,7107,9.0,0.46,0.58,0.51,394541322,2019643010,4171,43682,1.2,234.0,3.1,2.0,49,45,0,0,0,0,0,0.0,0,0,0,0,0,0
926.4,2026-05-17T16:11:03,0016c001f10c2ef6,13.6,4.0,9.5,0.0,7809,702,7107,9.0,0.46,0.58,0.51,394544308,2019654883,2986,11873,1.2,234.0,3.1,2.0,49,45,0,0,0,0,0,0.0,0,0,0,0,0,0
926.9,2026-05-17T16:11:04,0016c001f10c2ef6,19.4,1.8,17.6,0.0,7809,703,7106,9.0,0.46,0.58,0.51,394547446,2019666690,3138,11807,1.2,233.9,3.1,2.0,49,45,0,0,0,0,0,0.0,0,0,0,0,0,0
927.3,2026-05-17T16:11:04,0016c001f10c2ef6,18.9,2.3,16.6,0.0,7809,703,7106,9.0,0.46,0.58,0.51,394550532,2019678497,3086,11807,1.2,233.9,3.1,2.0,49,45,0,0,0,0,0,0.0,0,0,0,0,0,0
927.8,2026-05-17T16:11:04,0016c001f10c2ef6,20.3,2.9,17.4,0.0,7809,702,7107,9.0,0.46,0.58,0.51,394553670,2019690304,3138,11807,1.2,233.9,3.1,2.0,49,45,0,0,0,0,0,0.0,0,0,0,0,0,0
928.2,2026-05-17T16:11:05,0016c001f10c2ef6,9.1,2.8,6.2,0.0,7809,702,7107,9.0,0.46,0.58,0.51,394557941,2019733920,4271,43616,1.2,233.9,3.1,2.0,49,45,0,0,0,0,0,0.0,0,0,0,0,0,0
928.6,2026-05-17T16:11:05,0016c001f10c2ef6,6.2,2.2,3.9,0.0,7809,702,7107,9.0,0.46,0.58,0.51,394560979,2019745727,3038,11807,1.2,233.9,3.1,2.0,49,45,0,0,0,0,0,0.0,0,0,0,0,0,0
929.1,2026-05-17T16:11:06,0016c001f10c2ef6,6.9,1.1,5.7,0.0,7809,702,7107,9.0,0.46,0.58,0.51,394564113,2019757534,3134,11807,1.2,233.9,3.1,2.0,49,45,0,0,0,0,0,0.0,0,0,0,0,0,0
929.5,2026-05-17T16:11:06,0016c001f10c2ef6,6.1,2.2,3.9,0.0,7809,702,7107,9.0,0.46,0.58,0.51,394567151,2019769341,3038,11807,1.2,233.9,3.1,2.0,49,45,0,0,0,0,0,0.0,0,0,0,0,0,0
929.9,2026-05-17T16:11:07,0016c001f10c2ef6,6.1,3.3,2.8,0.0,7809,702,7107,9.0,0.46,0.58,0.51,394570874,2019796118,3723,26777,1.2,233.9,3.1,2.0,49,45,0,0,0,0,0,0.0,0,0,0,0,0,0
930.4,2026-05-17T16:11:07,0016c001f10c2ef6,7.5,1.2,6.4,0.0,7809,703,7106,9.0,0.42,0.57,0.51,394574632,2019824842,3758,28724,1.2,233.9,3.1,2.0,49,45,0,0,0,0,0,0.0,0,0,0,0,0,0
930.8,2026-05-17T16:11:07,0016c001f10c2ef6,6.9,3.4,3.4,0.0,7809,703,7106,9.0,0.42,0.57,0.51,394577618,2019836649,2986,11807,1.2,233.9,3.1,2.0,49,45,0,0,0,0,0,0.0,0,0,0,0,0,0
931.2,2026-05-17T16:11:08,0016c001f10c2ef6,7.6,2.9,4.7,0.0,7809,703,7106,9.0,0.42,0.57,0.51,394580856,2019848456,3238,11807,1.2,233.9,3.1,2.0,49,45,0,0,0,0,0,0.0,0,0,0,0,0,0
931.7,2026-05-17T16:11:08,0016c001f10c2ef6,7.8,2.1,5.7,0.0,7809,703,7106,9.0,0.42,0.57,0.51,394583842,2019860329,2986,11873,1.2,233.9,3.1,2.0,49,45,0,0,0,0,0,0.0,0,0,0,0,0,0
932.1,2026-05-17T16:11:09,0016c001f10c2ef6,8.6,1.7,4.6,2.3,7809,703,7106,9.0,0.42,0.57,0.51,394588286,2019903945,4444,43616,1.2,233.9,3.1,2.0,49,45,0,0,0,0,0,0.0,0,0,0,0,0,0
932.5,2026-05-17T16:11:09,0016c001f10c2ef6,8.2,4.1,3.5,0.6,7809,703,7106,9.0,0.42,0.57,0.51,394591424,2019915752,3138,11807,1.2,233.9,3.1,2.0,49,45,0,0,0,0,0,0.0,0,0,0,0,0,0
933.0,2026-05-17T16:11:10,0016c001f10c2ef6,5.6,2.3,3.4,0.0,7809,704,7105,9.0,0.42,0.57,0.51,394594638,2019927715,3214,11963,1.2,233.9,3.1,2.0,49,45,0,0,0,0,0,0.0,0,0,0,0,0,0
933.4,2026-05-17T16:11:10,0016c001f10c2ef6,6.9,2.3,4.6,0.0,7809,703,7106,9.0,0.42,0.57,0.51,394597724,2019939522,3086,11807,1.2,233.9,3.1,2.0,49,45,0,0,0,0,0,0.0,0,0,0,0,0,0
933.8,2026-05-17T16:11:10,0016c001f10c2ef6,6.5,2.4,4.1,0.0,7809,703,7106,9.0,0.42,0.57,0.51,394600810,2019951329,3086,11807,1.2,233.9,3.1,2.0,49,45,0,0,0,0,0,0.0,0,0,0,0,0,0
934.2,2026-05-17T16:11:11,0016c001f10c2ef6,5.7,1.7,4.0,0.0,7809,703,7106,9.0,0.42,0.57,0.51,394604721,2019994945,3911,43616,1.2,233.9,3.1,2.0,49,45,0,0,0,0,0,0.0,0,0,0,0,0,0
934.7,2026-05-17T16:11:11,0016c001f10c2ef6,6.3,2.9,3.4,0.0,7809,703,7106,9.0,0.42,0.57,0.51,394607855,2020006752,3134,11807,1.2,233.9,3.1,2.0,49,45,0,0,0,0,0,0.0,0,0,0,0,0,0
935.1,2026-05-17T16:11:12,0016c001f10c2ef6,7.9,1.7,5.1,1.1,7809,702,7107,9.0,0.47,0.58,0.51,394611039,2020018625,3184,11873,1.2,233.9,3.1,2.0,49,45,0,0,0,0,0,0.0,0,0,0,0,0,0
935.5,2026-05-17T16:11:12,0016c001f10c2ef6,9.7,3.4,6.3,0.0,7809,702,7107,9.0,0.47,0.58,0.51,394614025,2020030432,2986,11807,1.2,233.9,3.1,2.0,49,45,0,0,0,0,0,0.0,0,0,0,0,0,0
936.0,2026-05-17T16:11:13,0016c001f10c2ef6,6.5,2.2,4.3,0.0,7809,702,7107,9.0,0.47,0.58,0.51,394617111,2020042239,3086,11807,1.2,233.8,3.1,2.0,49,45,0,0,0,0,0,0.0,0,0,0,0,0,0
936.4,2026-05-17T16:11:13,0016c001f10c2ef6,7.0,2.3,4.7,0.0,7809,703,7106,9.0,0.47,0.58,0.51,394621330,2020085855,4219,43616,1.2,233.8,3.1,2.0,49,45,0,0,0,0,0,0.0,0,0,0,0,0,0
936.9,2026-05-17T16:11:14,0016c001f10c2ef6,10.5,5.0,5.5,0.0,7809,702,7107,9.0,0.47,0.58,0.51,394624368,2020097728,3038,11873,1.2,233.8,3.1,2.0,49,45,0,0,0,0,0,0.0,0,0,0,0,0,0
937.3,2026-05-17T16:11:15,0016c001f10c2ef6,6.3,1.1,5.1,0.0,7809,702,7107,9.0,0.47,0.58,0.51,394627506,2020109535,3138,11807,1.2,233.8,3.1,2.0,49,45,0,0,0,0,0,0.0,0,0,0,0,0,0
937.7,2026-05-17T16:11:15,0016c001f10c2ef6,7.0,2.9,4.1,0.0,7809,702,7107,9.0,0.47,0.58,0.51,394630664,2020121420,3158,11885,1.2,233.8,3.1,2.0,49,45,0,0,0,0,0,0.0,0,0,0,0,0,0
938.2,2026-05-17T16:11:16,0016c001f10c2ef6,17.9,3.0,14.9,0.0,7809,702,7107,9.0,0.47,0.58,0.51,394634725,2020165078,4061,43658,1.2,233.8,3.1,2.0,49,45,0,0,0,0,0,0.0,0,0,0,0,0,0
938.6,2026-05-17T16:11:16,0016c001f10c2ef6,20.5,2.3,18.1,0.0,7809,702,7107,9.0,0.47,0.58,0.51,394637811,2020176885,3086,11807,1.2,233.8,3.1,2.0,49,45,0,0,0,0,0,0.0,0,0,0,0,0,0
939.0,2026-05-17T16:11:17,0016c001f10c2ef6,19.2,1.2,18.0,0.0,7809,703,7106,9.0,0.47,0.58,0.51,394640949,2020188692,3138,11807,1.2,233.8,3.1,2.0,49,45,0,0,0,0,0,0.0,0,0,0,0,0,0
939.4,2026-05-17T16:11:17,0016c001f10c2ef6,15.7,1.7,14.0,0.0,7809,703,7106,9.0,0.47,0.58,0.51,394644135,2020200499,3186,11807,1.2,233.8,3.1,2.0,49,45,0,0,0,0,0,0.0,0,0,0,0,0,0
939.9,2026-05-17T16:11:17,0016c001f10c2ef6,6.8,3.4,3.4,0.0,7809,703,7106,9.0,0.43,0.57,0.51,394647121,2020212306,2986,11807,1.2,233.8,3.1,2.0,49,45,0,0,0,0,0,0.0,0,0,0,0,0,0
940.3,2026-05-17T16:11:18,0016c001f10c2ef6,7.0,2.9,3.5,0.6,7809,703,7106,9.0,0.43,0.57,0.51,394651032,2020255922,3911,43616,1.2,233.8,3.1,2.0,49,45,0,0,0,0,0,0.0,0,0,0,0,0,0
940.7,2026-05-17T16:11:18,0016c001f10c2ef6,7.0,1.2,5.8,0.0,7809,704,7105,9.0,0.43,0.57,0.51,394654118,2020267729,3086,11807,1.2,233.8,3.1,2.0,49,45,0,0,0,0,0,0.0,0,0,0,0,0,0
941.1,2026-05-17T16:11:19,0016c001f10c2ef6,6.3,1.1,5.1,0.0,7809,703,7106,9.0,0.43,0.57,0.51,394657204,2020279536,3086,11807,1.2,233.8,3.1,2.0,49,45,0,0,0,0,0,0.0,0,0,0,0,0,0
941.6,2026-05-17T16:11:19,0016c001f10c2ef6,6.9,2.9,4.0,0.0,7809,703,7106,9.0,0.43,0.57,0.51,394660442,2020291343,3238,11807,1.2,233.8,3.1,2.0,49,45,0,0,0,0,0,0.0,0,0,0,0,0,0
942.0,2026-05-17T16:11:20,0016c001f10c2ef6,9.3,3.6,5.7,0.0,7809,703,7106,9.0,0.43,0.57,0.51,394664009,2020303216,3567,11873,1.2,233.8,3.1,2.0,49,45,0,0,0,0,0,0.0,0,0,0,0,0,0
942.5,2026-05-17T16:11:20,0016c001f10c2ef6,10.7,3.6,7.1,0.0,7809,702,7107,9.0,0.43,0.57,0.51,394668388,2020346898,4379,43682,1.2,233.9,3.1,2.0,49,45,0,0,0,0,0,0.0,0,0,0,0,0,0
943.0,2026-05-17T16:11:21,0016c001f10c2ef6,9.4,3.5,5.9,0.0,7809,702,7107,9.0,0.43,0.57,0.51,394671374,2020358771,2986,11873,1.2,233.9,3.1,2.0,49,45,0,0,0,0,0,0.0,0,0,0,0,0,0
943.5,2026-05-17T16:11:21,0016c001f10c2ef6,7.3,2.2,5.0,0.0,7809,702,7107,9.0,0.43,0.57,0.51,394674512,2020370578,3138,11807,1.2,233.9,3.1,2.0,49,45,0,0,0,0,0,0.0,0,0,0,0,0,0
943.9,2026-05-17T16:11:21,0016c001f10c2ef6,5.3,1.8,3.5,0.0,7809,703,7106,9.0,0.43,0.57,0.51,394677598,2020382385,3086,11807,1.2,233.9,3.1,2.0,49,45,0,0,0,0,0,0.0,0,0,0,0,0,0
944.3,2026-05-17T16:11:22,0016c001f10c2ef6,8.0,2.8,5.1,0.0,7809,702,7107,9.0,0.43,0.57,0.51,394681561,2020426001,3963,43616,1.2,233.9,3.1,2.0,49,45,0,0,0,0,0,0.0,0,0,0,0,0,0
944.7,2026-05-17T16:11:22,0016c001f10c2ef6,7.3,1.8,5.5,0.0,7809,703,7106,9.0,0.4,0.56,0.5,394684647,2020437808,3086,11807,1.2,233.9,3.1,2.0,49,45,0,0,0,0,0,0.0,0,0,0,0,0,0
945.1,2026-05-17T16:11:23,0016c001f10c2ef6,5.8,2.3,3.5,0.0,7809,703,7106,9.0,0.4,0.56,0.5,394687681,2020449615,3034,11807,1.2,233.9,3.1,2.0,49,45,0,0,0,0,0,0.0,0,0,0,0,0,0
945.6,2026-05-17T16:11:23,0016c001f10c2ef6,7.4,2.9,4.6,0.0,7809,703,7106,9.0,0.4,0.56,0.5,394690891,2020461500,3210,11885,1.2,233.9,3.1,2.0,49,45,0,0,0,0,0,0.0,0,0,0,0,0,0
946.0,2026-05-17T16:11:24,0016c001f10c2ef6,4.6,1.0,3.6,0.0,7809,703,7106,9.0,0.4,0.56,0.5,394693925,2020473307,3034,11807,1.2,233.9,3.1,2.0,49,45,0,0,0,0,0,0.0,0,0,0,0,0,0
946.5,2026-05-17T16:11:24,0016c001f10c2ef6,8.0,4.0,4.0,0.0,7809,703,7106,9.0,0.4,0.56,0.5,394698144,2020516923,4219,43616,1.2,233.9,3.1,2.0,49,45,0,0,0,0,0,0.0,0,0,0,0,0,0
946.9,2026-05-17T16:11:24,0016c001f10c2ef6,4.7,1.2,3.5,0.0,7809,703,7106,9.0,0.4,0.56,0.5,394701130,2020528730,2986,11807,1.2,233.9,3.1,2.0,49,45,0,0,0,0,0,0.0,0,0,0,0,0,0
947.4,2026-05-17T16:11:25,0016c001f10c2ef6,6.6,2.2,4.4,0.0,7809,703,7106,9.0,0.4,0.56,0.5,394704368,2020540537,3238,11807,1.2,234.0,3.1,2.0,49,45,0,0,0,0,0,0.0,0,0,0,0,0,0
947.8,2026-05-17T16:11:25,0016c001f10c2ef6,5.8,1.8,4.1,0.0,7809,703,7106,9.0,0.4,0.56,0.5,394707506,2020552344,3138,11807,1.2,234.0,3.1,2.0,49,45,0,0,0,0,0,0.0,0,0,0,0,0,0
948.3,2026-05-17T16:11:26,0016c001f10c2ef6,9.6,2.0,7.6,0.0,7809,702,7107,9.0,0.4,0.56,0.5,394711729,2020596026,4223,43682,1.2,234.0,3.1,2.0,49,45,0,0,0,0,0,0.0,0,0,0,0,0,0
948.7,2026-05-17T16:11:26,0016c001f10c2ef6,10.4,3.6,6.8,0.0,7809,704,7105,9.0,0.4,0.56,0.5,394714715,2020607899,2986,11873,1.2,234.0,3.1,2.0,49,45,0,0,0,0,0,0.0,0,0,0,0,0,0
949.2,2026-05-17T16:11:27,0016c001f10c2ef6,6.9,1.2,5.8,0.0,7809,702,7107,9.0,0.4,0.56,0.5,394717749,2020619706,3034,11807,1.2,234.0,3.1,2.0,49,45,0,0,0,0,0,0.0,0,0,0,0,0,0
949.6,2026-05-17T16:11:27,0016c001f10c2ef6,15.4,1.6,13.8,0.0,7809,702,7107,9.0,0.45,0.57,0.51,394720835,2020631513,3086,11807,1.2,234.0,3.1,2.0,49,45,0,0,0,0,0,0.0,0,0,0,0,0,0
950.1,2026-05-17T16:11:28,0016c001f10c2ef6,18.0,1.2,16.9,0.0,7809,702,7107,9.0,0.45,0.57,0.51,394723921,2020643386,3086,11873,1.2,234.0,3.1,2.0,49,45,0,0,0,0,0,0.0,0,0,0,0,0,0
950.5,2026-05-17T16:11:28,0016c001f10c2ef6,19.8,3.4,16.4,0.0,7809,702,7107,9.0,0.45,0.57,0.51,394727884,2020687002,3963,43616,1.2,234.0,3.1,2.0,49,45,0,0,0,0,0,0.0,0,0,0,0,0,0
951.0,2026-05-17T16:11:28,0016c001f10c2ef6,15.6,2.3,12.7,0.6,7809,702,7107,9.0,0.45,0.57,0.51,394730970,2020698809,3086,11807,1.2,233.9,3.1,2.0,49,45,0,0,0,0,0,0.0,0,0,0,0,0,0
951.4,2026-05-17T16:11:29,0016c001f10c2ef6,5.2,1.7,3.5,0.0,7809,701,7108,9.0,0.45,0.57,0.51,394734004,2020710616,3034,11807,1.2,233.9,3.1,2.0,49,45,0,0,0,0,0,0.0,0,0,0,0,0,0
951.8,2026-05-17T16:11:29,0016c001f10c2ef6,7.6,2.9,4.7,0.0,7809,701,7108,9.0,0.45,0.57,0.51,394737467,2020722423,3463,11807,1.2,233.9,3.1,2.0,49,45,0,0,0,0,0,0.0,0,0,0,0,0,0
952.2,2026-05-17T16:11:30,0016c001f10c2ef6,5.9,1.8,4.1,0.0,7809,701,7108,9.0,0.45,0.57,0.51,394740553,2020734230,3086,11807,1.2,233.9,3.1,2.0,49,45,0,0,0,0,0,0.0,0,0,0,0,0,0
952.6,2026-05-17T16:11:30,0016c001f10c2ef6,6.4,2.3,4.1,0.0,7809,701,7108,9.0,0.45,0.57,0.51,394744620,2020777846,4067,43616,1.2,233.9,3.1,2.0,49,45,0,0,0,0,0,0.0,0,0,0,0,0,0
953.1,2026-05-17T16:11:31,0016c001f10c2ef6,5.6,1.7,4.0,0.0,7809,702,7107,9.0,0.45,0.57,0.51,394747806,2020789653,3186,11807,1.2,233.9,3.1,2.0,49,45,0,0,0,0,0,0.0,0,0,0,0,0,0
953.5,2026-05-17T16:11:31,0016c001f10c2ef6,6.9,1.7,5.2,0.0,7809,702,7107,9.0,0.45,0.57,0.51,394751020,2020802547,3214,12894,1.2,233.9,3.1,2.0,49,45,0,0,0,0,0,0.0,0,0,0,0,0,0
954.0,2026-05-17T16:11:32,0016c001f10c2ef6,9.5,2.5,7.0,0.0,7809,703,7106,9.0,0.45,0.57,0.51,394754100,2020814420,3080,11873,1.2,233.9,3.1,2.0,49,45,0,0,0,0,0,0.0,0,0,0,0,0,0
954.5,2026-05-17T16:11:32,0016c001f10c2ef6,7.8,3.1,4.7,0.0,7809,703,7106,9.0,0.41,0.56,0.5,394757959,2020858036,3859,43616,1.2,234.0,3.1,2.0,49,45,0,0,0,0,0,0.0,0,0,0,0,0,0
954.9,2026-05-17T16:11:32,0016c001f10c2ef6,8.1,2.9,5.2,0.0,7809,702,7107,9.0,0.41,0.56,0.5,394761097,2020869843,3138,11807,1.2,234.0,3.1,2.0,49,45,0,0,0,0,0,0.0,0,0,0,0,0,0
955.3,2026-05-17T16:11:33,0016c001f10c2ef6,7.8,2.2,5.6,0.0,7809,703,7106,9.0,0.41,0.56,0.5,394764131,2020881650,3034,11807,1.2,234.0,3.1,2.0,49,45,0,0,0,0,0,0.0,0,0,0,0,0,0
955.7,2026-05-17T16:11:33,0016c001f10c2ef6,6.5,2.4,4.1,0.0,7809,703,7106,9.0,0.41,0.56,0.5,394767217,2020893457,3086,11807,1.2,234.0,3.1,2.0,49,45,0,0,0,0,0,0.0,0,0,0,0,0,0
956.1,2026-05-17T16:11:34,0016c001f10c2ef6,7.1,2.9,4.1,0.0,7809,703,7106,9.0,0.41,0.56,0.5,394770303,2020905264,3086,11807,1.2,234.0,3.1,2.0,49,45,0,0,0,0,0,0.0,0,0,0,0,0,0
956.6,2026-05-17T16:11:34,0016c001f10c2ef6,7.5,3.4,4.0,0.0,7809,703,7106,9.0,0.41,0.56,0.5,394774370,2020948880,4067,43616,1.2,234.0,3.1,2.0,49,45,0,0,0,0,0,0.0,0,0,0,0,0,0
957.0,2026-05-17T16:11:35,0016c001f10c2ef6,6.8,2.3,4.5,0.0,7809,702,7107,9.0,0.41,0.56,0.5,394777508,2020960687,3138,11807,1.2,234.0,3.1,2.0,49,45,0,0,0,0,0,0.0,0,0,0,0,0,0
957.4,2026-05-17T16:11:35,0016c001f10c2ef6,6.4,1.2,5.3,0.0,7809,702,7107,9.0,0.41,0.56,0.5,394780594,2020972494,3086,11807,1.2,234.0,3.1,2.0,49,45,0,0,0,0,0,0.0,0,0,0,0,0,0
957.8,2026-05-17T16:11:35,0016c001f10c2ef6,5.8,2.3,3.5,0.0,7809,703,7106,9.0,0.41,0.56,0.5,394783628,2020984301,3034,11807,1.2,234.0,3.1,2.0,49,45,0,0,0,0,0,0.0,0,0,0,0,0,0
958.3,2026-05-17T16:11:36,0016c001f10c2ef6,6.4,1.7,4.6,0.0,7809,702,7107,9.0,0.41,0.56,0.5,394786714,2020996108,3086,11807,1.2,234.0,3.1,2.0,49,45,0,0,0,0,0,0.0,0,0,0,0,0,0
958.7,2026-05-17T16:11:36,0016c001f10c2ef6,6.8,2.8,4.0,0.0,7809,703,7106,9.0,0.41,0.56,0.5,394790953,2021039810,4239,43702,1.2,234.0,3.1,2.0,49,45,0,0,0,0,0,0.0,0,0,0,0,0,0
959.2,2026-05-17T16:11:37,0016c001f10c2ef6,9.7,3.1,6.7,0.0,7809,701,7108,9.0,0.41,0.56,0.5,394794143,2021051683,3190,11873,1.2,234.0,3.1,2.0,49,45,0,0,0,0,0,0.0,0,0,0,0,0,0
959.7,2026-05-17T16:11:37,0016c001f10c2ef6,11.9,7.2,4.6,0.0,7809,700,7109,9.0,0.46,0.56,0.51,394797229,2021063490,3086,11807,1.2,234.0,3.1,2.0,49,45,0,0,0,0,0,0.0,0,0,0,0,0,0
960.2,2026-05-17T16:11:38,0016c001f10c2ef6,9.4,3.5,5.9,0.0,7809,700,7109,9.0,0.46,0.56,0.51,394800367,2021075363,3138,11873,1.2,234.0,3.1,2.0,49,45,0,0,0,0,0,0.0,0,0,0,0,0,0
960.6,2026-05-17T16:11:38,0016c001f10c2ef6,9.6,4.1,5.6,0.0,7809,701,7108,9.0,0.46,0.56,0.51,394804282,2021119045,3915,43682,1.2,234.0,3.1,2.0,49,45,0,0,0,0,0,0.0,0,0,0,0,0,0
961.1,2026-05-17T16:11:39,0016c001f10c2ef6,18.2,3.9,14.4,0.0,7809,701,7108,9.0,0.46,0.56,0.51,394807472,2021130852,3190,11807,1.2,234.0,3.1,2.0,49,45,0,0,0,0,0,0.0,0,0,0,0,0,0
961.5,2026-05-17T16:11:39,0016c001f10c2ef6,19.6,1.8,17.3,0.6,7809,700,7109,9.0,0.46,0.56,0.51,394810935,2021142659,3463,11807,1.2,234.0,3.1,2.0,49,45,0,0,0,0,0,0.0,0,0,0,0,0,0
961.9,2026-05-17T16:11:39,0016c001f10c2ef6,19.9,1.8,18.1,0.0,7809,701,7108,9.0,0.46,0.56,0.51,394814121,2021154466,3186,11807,1.2,234.0,3.1,2.0,49,45,0,0,0,0,0,0.0,0,0,0,0,0,0
962.4,2026-05-17T16:11:40,0016c001f10c2ef6,15.5,1.7,13.2,0.6,7809,700,7109,9.0,0.46,0.56,0.51,394817796,2021166429,3675,11963,1.2,234.0,3.1,2.0,49,45,0,0,0,0,0,0.0,0,0,0,0,0,0
962.8,2026-05-17T16:11:40,0016c001f10c2ef6,5.8,2.3,3.5,0.0,7809,701,7108,9.0,0.46,0.56,0.51,394821250,2021210045,3454,43616,1.2,234.0,3.1,2.0,49,45,0,0,0,0,0,0.0,0,0,0,0,0,0
963.2,2026-05-17T16:11:41,0016c001f10c2ef6,7.0,3.5,3.5,0.0,7809,700,7109,9.0,0.46,0.56,0.51,394824488,2021221852,3238,11807,1.2,234.0,3.1,2.0,49,45,0,0,0,0,0,0.0,0,0,0,0,0,0
963.7,2026-05-17T16:11:41,0016c001f10c2ef6,6.7,2.2,4.5,0.0,7809,700,7109,9.0,0.46,0.56,0.51,394827526,2021233659,3038,11807,1.2,234.0,3.1,2.0,49,45,0,0,0,0,0,0.0,0,0,0,0,0,0
964.1,2026-05-17T16:11:42,0016c001f10c2ef6,7.5,3.5,4.0,0.0,7809,700,7109,9.0,0.46,0.56,0.51,394830560,2021245466,3034,11807,1.2,234.0,3.1,2.0,49,45,0,0,0,0,0,0.0,0,0,0,0,0,0
964.5,2026-05-17T16:11:42,0016c001f10c2ef6,8.1,4.1,4.1,0.0,7809,701,7108,9.0,0.42,0.56,0.5,394834627,2021289765,4067,44299,1.2,234.0,3.1,2.0,49,45,0,0,0,0,0,0.0,0,0,0,0,0,0
964.9,2026-05-17T16:11:42,0016c001f10c2ef6,9.7,4.5,4.5,0.6,7809,701,7108,9.0,0.42,0.56,0.5,394837713,2021301572,3086,11807,1.2,234.0,3.1,2.0,49,45,0,0,0,0,0,0.0,0,0,0,0,0,0
965.4,2026-05-17T16:11:43,0016c001f10c2ef6,6.9,3.4,3.4,0.0,7809,700,7109,9.0,0.42,0.56,0.5,394840793,2021314950,3080,13378,1.2,234.0,3.1,2.0,49,45,0,0,0,0,0,0.0,0,0,0,0,0,0
965.8,2026-05-17T16:11:43,0016c001f10c2ef6,6.9,1.7,5.1,0.0,7809,700,7109,9.0,0.42,0.56,0.5,394843927,2021326757,3134,11807,1.2,234.0,3.1,2.0,49,45,0,0,0,0,0,0.0,0,0,0,0,0,0
966.3,2026-05-17T16:11:44,0016c001f10c2ef6,8.4,3.0,5.4,0.0,7809,702,7107,9.0,0.42,0.56,0.5,394846913,2021338630,2986,11873,1.2,234.0,3.1,2.0,49,45,0,0,0,0,0,0.0,0,0,0,0,0,0
966.7,2026-05-17T16:11:44,0016c001f10c2ef6,7.4,3.4,4.0,0.0,7809,702,7107,9.0,0.42,0.56,0.5,394850980,2021382246,4067,43616,1.2,234.0,3.1,2.0,49,45,0,0,0,0,0,0.0,0,0,0,0,0,0
967.2,2026-05-17T16:11:45,0016c001f10c2ef6,5.7,2.3,3.4,0.0,7809,702,7107,9.0,0.42,0.56,0.5,394854014,2021394053,3034,11807,1.2,234.0,3.1,2.0,49,45,0,0,0,0,0,0.0,0,0,0,0,0,0
967.6,2026-05-17T16:11:45,0016c001f10c2ef6,5.8,1.8,4.1,0.0,7809,702,7107,9.0,0.42,0.56,0.5,394857048,2021405860,3034,11807,1.2,234.0,3.1,2.0,49,45,0,0,0,0,0,0.0,0,0,0,0,0,0
968.0,2026-05-17T16:11:46,0016c001f10c2ef6,4.7,1.8,3.0,0.0,7809,702,7107,9.0,0.42,0.56,0.5,394860134,2021417667,3086,11807,1.2,234.0,3.1,2.0,49,45,0,0,0,0,0,0.0,0,0,0,0,0,0
968.4,2026-05-17T16:11:46,0016c001f10c2ef6,6.2,2.3,4.0,0.0,7809,702,7107,9.0,0.42,0.56,0.5,394863168,2021429474,3034,11807,1.2,234.0,3.1,2.0,49,45,0,0,0,0,0,0.0,0,0,0,0,0,0
968.9,2026-05-17T16:11:47,0016c001f10c2ef6,7.4,2.9,4.6,0.0,7809,702,7107,9.0,0.42,0.56,0.5,394867203,2021473168,4035,43694,1.2,234.0,3.1,2.0,49,45,0,0,0,0,0,0.0,0,0,0,0,0,0
969.3,2026-05-17T16:11:48,0016c001f10c2ef6,5.7,2.9,2.9,0.0,7809,702,7107,9.0,0.47,0.56,0.51,394870289,2021484975,3086,11807,1.2,234.0,3.1,2.0,49,45,0,0,0,0,0,0.0,0,0,0,0,0,0
969.7,2026-05-17T16:11:48,0016c001f10c2ef6,5.3,2.4,2.9,0.0,7809,702,7107,9.0,0.47,0.56,0.51,394873423,2021496782,3134,11807,1.2,234.0,3.1,2.0,49,45,0,0,0,0,0,0.0,0,0,0,0,0,0
970.1,2026-05-17T16:11:49,0016c001f10c2ef6,6.2,1.7,4.5,0.0,7809,702,7107,9.0,0.47,0.56,0.51,394876461,2021508589,3038,11807,1.2,234.0,3.1,2.0,49,45,0,0,0,0,0,0.0,0,0,0,0,0,0
970.6,2026-05-17T16:11:49,0016c001f10c2ef6,5.1,1.1,4.0,0.0,7809,702,7107,9.0,0.47,0.56,0.51,394880372,2021552205,3911,43616,1.2,234.1,3.1,2.0,49,45,0,0,0,0,0,0.0,0,0,0,0,0,0
971.0,2026-05-17T16:11:49,0016c001f10c2ef6,7.5,4.0,3.5,0.0,7809,702,7107,9.0,0.47,0.56,0.51,394883987,2021564012,3615,11807,1.2,234.1,3.1,2.0,49,45,0,0,0,0,0,0.0,0,0,0,0,0,0
971.5,2026-05-17T16:11:50,0016c001f10c2ef6,9.2,2.0,7.1,0.0,7809,702,7107,9.0,0.47,0.56,0.51,394887073,2021575885,3086,11873,1.2,234.1,3.1,2.0,49,45,0,0,0,0,0,0.0,0,0,0,0,0,0
972.0,2026-05-17T16:11:50,0016c001f10c2ef6,9.4,4.0,5.4,0.0,7809,702,7107,9.0,0.47,0.56,0.51,394890211,2021587758,3138,11873,1.2,234.1,3.1,2.0,49,45,0,0,0,0,0,0.0,0,0,0,0,0,0
972.5,2026-05-17T16:11:51,0016c001f10c2ef6,15.5,2.6,12.9,0.0,7809,701,7108,9.0,0.47,0.56,0.51,394893249,2021599565,3038,11807,1.2,234.3,3.1,2.0,49,45,0,0,0,0,0,0.0,0,0,0,0,0,0
972.9,2026-05-17T16:11:51,0016c001f10c2ef6,20.8,2.9,17.3,0.6,7809,703,7106,9.0,0.47,0.56,0.51,394897212,2021643181,3963,43616,1.2,234.3,3.1,2.0,51,46,2,1,0,0,0,0.0,0,0,0,0,0,0
973.3,2026-05-17T16:11:52,0016c001f10c2ef6,18.5,2.3,16.2,0.0,7809,703,7106,9.0,0.47,0.56,0.51,394900246,2021654988,3034,11807,1.2,234.3,3.1,2.0,51,46,0,0,0,0,0,0.0,0,0,0,0,0,0
973.8,2026-05-17T16:11:52,0016c001f10c2ef6,19.0,2.9,16.1,0.0,7809,703,7106,9.0,0.47,0.56,0.51,394903280,2021666795,3034,11807,1.2,234.3,3.1,2.0,51,46,0,0,0,0,0,0.0,0,0,0,0,0,0
974.2,2026-05-17T16:11:53,0016c001f10c2ef6,4.7,2.4,2.4,0.0,7809,703,7106,9.0,0.43,0.55,0.5,394906314,2021678602,3034,11807,1.2,234.3,3.1,2.0,51,46,0,0,0,0,0,0.0,0,0,0,0,0,0
974.6,2026-05-17T16:11:53,0016c001f10c2ef6,8.5,4.5,4.0,0.0,7809,703,7106,9.0,0.43,0.55,0.5,394910325,2021722901,4011,44299,1.2,234.1,3.1,2.0,51,46,0,0,0,0,0,0.0,0,0,0,0,0,0
975.1,2026-05-17T16:11:53,0016c001f10c2ef6,7.3,3.4,3.9,0.0,7809,703,7106,9.0,0.43,0.55,0.5,394913357,2021736279,3032,13378,1.2,234.1,3.1,2.0,51,46,0,0,0,0,0,0.0,0,0,0,0,0,0
975.5,2026-05-17T16:11:54,0016c001f10c2ef6,5.7,1.7,4.0,0.0,7809,703,7106,9.0,0.43,0.55,0.5,394916391,2021748086,3034,11807,1.2,233.9,3.1,2.0,51,46,0,0,0,0,0,0.0,0,0,0,0,0,0
976.0,2026-05-17T16:11:54,0016c001f10c2ef6,5.8,2.1,3.7,0.0,7809,703,7106,9.0,0.43,0.55,0.5,394919425,2021759893,3034,11807,1.2,233.9,3.1,2.0,51,46,0,0,0,0,0,0.0,0,0,0,0,0,0
976.4,2026-05-17T16:11:55,0016c001f10c2ef6,5.2,1.7,3.5,0.0,7809,703,7106,9.0,0.43,0.55,0.5,394922459,2021771700,3034,11807,1.2,233.9,3.1,2.0,51,46,0,0,0,0,0,0.0,0,0,0,0,0,0
976.8,2026-05-17T16:11:55,0016c001f10c2ef6,7.1,2.4,4.7,0.0,7809,703,7106,9.0,0.43,0.55,0.5,394926494,2021815394,4035,43694,1.2,233.9,3.1,2.0,51,46,0,0,0,0,0,0.0,0,0,0,0,0,0
977.2,2026-05-17T16:11:56,0016c001f10c2ef6,7.0,2.3,4.7,0.0,7809,701,7108,9.0,0.43,0.55,0.5,394929732,2021827267,3238,11873,1.2,233.9,3.1,2.0,51,46,0,0,0,0,0,0.0,0,0,0,0,0,0
977.8,2026-05-17T16:11:56,0016c001f10c2ef6,9.3,2.9,6.3,0.0,7809,702,7107,9.0,0.43,0.55,0.5,394932974,2021840684,3242,13417,1.2,233.9,3.1,2.0,51,46,0,0,0,0,0,0.0,0,0,0,0,0,0
978.3,2026-05-17T16:11:57,0016c001f10c2ef6,11.4,5.0,6.4,0.0,7809,702,7107,9.0,0.43,0.55,0.5,394936006,2021852557,3032,11873,1.2,233.9,3.1,2.0,51,46,0,0,0,0,0,0.0,0,0,0,0,0,0
978.7,2026-05-17T16:11:57,0016c001f10c2ef6,6.7,2.2,4.5,0.0,7809,701,7108,9.0,0.43,0.55,0.5,394939917,2021896173,3911,43616,1.2,233.9,3.1,2.0,51,46,0,0,0,0,0,0.0,0,0,0,0,0,0
979.1,2026-05-17T16:11:58,0016c001f10c2ef6,8.0,3.4,4.5,0.0,7809,701,7108,9.0,0.39,0.54,0.5,394942997,2021909578,3080,13405,1.2,233.8,3.1,2.0,51,46,0,0,0,0,0,0.0,0,0,0,0,0,0
979.6,2026-05-17T16:11:58,0016c001f10c2ef6,6.9,3.0,4.0,0.0,7809,701,7108,9.0,0.39,0.54,0.5,394945979,2021921385,2982,11807,1.2,233.8,3.1,2.0,51,46,0,0,0,0,0,0.0,0,0,0,0,0,0
980.1,2026-05-17T16:11:58,0016c001f10c2ef6,6.6,3.3,3.3,0.0,7809,701,7108,9.0,0.39,0.54,0.5,394949013,2021933192,3034,11807,1.2,233.8,3.1,2.0,51,46,0,0,0,0,0,0.0,0,0,0,0,0,0
980.5,2026-05-17T16:11:59,0016c001f10c2ef6,5.8,1.7,4.1,0.0,7809,702,7107,9.0,0.39,0.54,0.5,394952047,2021944999,3034,11807,1.2,233.8,3.1,2.0,51,46,0,0,0,0,0,0.0,0,0,0,0,0,0
980.9,2026-05-17T16:11:59,0016c001f10c2ef6,8.2,2.9,5.3,0.0,7809,702,7107,9.0,0.39,0.54,0.5,394956387,2021988615,4340,43616,1.2,233.8,3.1,2.0,51,46,0,0,0,0,0,0.0,0,0,0,0,0,0
981.3,2026-05-17T16:12:00,0016c001f10c2ef6,5.8,2.3,3.5,0.0,7809,702,7107,9.0,0.39,0.54,0.5,394959473,2022000422,3086,11807,1.2,233.8,3.1,2.0,51,46,0,0,0,0,0,0.0,0,0,0,0,0,0
981.7,2026-05-17T16:12:00,0016c001f10c2ef6,5.7,1.7,4.0,0.0,7809,701,7108,9.0,0.39,0.54,0.5,394962559,2022012229,3086,11807,1.2,233.8,3.1,2.0,51,46,0,0,0,0,0,0.0,0,0,0,0,0,0
982.2,2026-05-17T16:12:01,0016c001f10c2ef6,5.1,1.7,3.4,0.0,7809,702,7107,9.0,0.39,0.54,0.5,394965645,2022024036,3086,11807,1.2,233.8,3.1,2.0,51,46,0,0,0,0,0,0.0,0,0,0,0,0,0
982.6,2026-05-17T16:12:01,0016c001f10c2ef6,6.3,2.3,4.0,0.0,7809,702,7107,9.0,0.39,0.54,0.5,394968679,2022035843,3034,11807,1.2,233.8,3.1,2.0,51,46,0,0,0,0,0,0.0,0,0,0,0,0,0
983.0,2026-05-17T16:12:01,0016c001f10c2ef6,7.4,2.3,4.5,0.6,7809,703,7106,9.0,0.39,0.54,0.5,394972898,2022079459,4219,43616,1.2,233.8,3.1,2.0,51,46,0,0,0,0,0,0.0,0,0,0,0,0,0
983.5,2026-05-17T16:12:02,0016c001f10c2ef6,11.1,4.8,6.2,0.0,7809,703,7106,9.0,0.39,0.54,0.5,394975884,2022091332,2986,11873,1.2,233.8,3.1,2.0,51,46,0,0,0,0,0,0.0,0,0,0,0,0,0
984.0,2026-05-17T16:12:02,0016c001f10c2ef6,14.5,2.4,12.1,0.0,7809,702,7107,9.0,0.52,0.57,0.51,394978970,2022103139,3086,11807,1.2,233.8,3.1,2.0,51,46,0,0,0,0,0,0.0,0,0,0,0,0,0
984.4,2026-05-17T16:12:03,0016c001f10c2ef6,19.5,3.0,16.6,0.0,7809,702,7107,9.0,0.52,0.57,0.51,394982076,2022115024,3106,11885,1.2,233.8,3.1,2.0,51,46,0,0,0,0,0,0.0,0,0,0,0,0,0
984.8,2026-05-17T16:12:03,0016c001f10c2ef6,19.3,1.2,18.1,0.0,7809,701,7108,9.0,0.52,0.57,0.51,394986039,2022158640,3963,43616,1.2,233.8,3.1,2.0,51,46,0,0,0,0,0,0.0,0,0,0,0,0,0
985.3,2026-05-17T16:12:04,0016c001f10c2ef6,17.0,2.3,14.8,0.0,7809,702,7107,9.0,0.52,0.57,0.51,394989125,2022170447,3086,11807,1.2,233.8,3.1,2.0,51,46,0,0,0,0,0,0.0,0,0,0,0,0,0
985.7,2026-05-17T16:12:04,0016c001f10c2ef6,6.3,2.3,4.0,0.0,7809,702,7107,9.0,0.52,0.57,0.51,394992211,2022183115,3086,12668,1.2,233.8,3.1,2.0,51,46,0,0,0,0,0,0.0,0,0,0,0,0,0
986.1,2026-05-17T16:12:05,0016c001f10c2ef6,8.2,2.7,5.4,0.0,7809,702,7107,9.0,0.52,0.57,0.51,394995343,2022194922,3132,11807,1.2,233.8,3.1,2.0,51,46,0,0,0,0,0,0.0,0,0,0,0,0,0
986.6,2026-05-17T16:12:05,0016c001f10c2ef6,6.2,2.3,4.0,0.0,7809,702,7107,9.0,0.52,0.57,0.51,394998377,2022206729,3034,11807,1.2,233.8,3.1,2.0,51,46,0,0,0,0,0,0.0,0,0,0,0,0,0
987.0,2026-05-17T16:12:05,0016c001f10c2ef6,8.7,3.5,5.2,0.0,7809,701,7108,9.0,0.52,0.57,0.51,395002392,2022250345,4015,43616,1.2,233.8,3.1,2.0,51,46,0,0,0,0,0,0.0,0,0,0,0,0,0
987.4,2026-05-17T16:12:06,0016c001f10c2ef6,5.9,1.2,4.7,0.0,7809,702,7107,9.0,0.52,0.57,0.51,395005478,2022262152,3086,11807,1.2,233.8,3.1,2.0,51,46,0,0,0,0,0,0.0,0,0,0,0,0,0
987.8,2026-05-17T16:12:06,0016c001f10c2ef6,6.3,2.3,4.0,0.0,7809,702,7107,9.0,0.52,0.57,0.51,395008564,2022273959,3086,11807,1.2,233.8,3.1,2.0,51,46,0,0,0,0,0,0.0,0,0,0,0,0,0
988.3,2026-05-17T16:12:07,0016c001f10c2ef6,5.7,2.3,3.4,0.0,7809,702,7107,9.0,0.52,0.57,0.51,395011802,2022285766,3238,11807,1.2,233.8,3.1,2.0,51,46,0,0,0,0,0,0.0,0,0,0,0,0,0
988.8,2026-05-17T16:12:07,0016c001f10c2ef6,9.7,4.9,4.9,0.0,7809,701,7108,9.0,0.48,0.56,0.51,395015817,2022329448,4015,43682,1.2,233.8,3.1,2.0,51,46,0,0,0,0,0,0.0,0,0,0,0,0,0
989.3,2026-05-17T16:12:08,0016c001f10c2ef6,13.9,6.0,7.5,0.5,7809,701,7108,9.0,0.48,0.56,0.51,395019007,2022342004,3190,12556,1.2,233.8,3.1,2.0,51,46,0,0,0,0,0,0.0,0,0,0,0,0,0
989.7,2026-05-17T16:12:08,0016c001f10c2ef6,6.4,2.3,4.0,0.0,7809,702,7107,9.0,0.48,0.56,0.51,395022091,2022355377,3084,13373,1.2,233.8,3.1,2.0,51,46,0,0,0,0,0,0.0,0,0,0,0,0,0
990.1,2026-05-17T16:12:09,0016c001f10c2ef6,6.7,2.2,4.4,0.0,7809,702,7107,9.0,0.48,0.56,0.51,395025073,2022367184,2982,11807,1.2,233.8,3.1,2.0,51,46,0,0,0,0,0,0.0,0,0,0,0,0,0
990.6,2026-05-17T16:12:09,0016c001f10c2ef6,5.9,1.6,4.3,0.0,7809,702,7107,9.0,0.48,0.56,0.51,395028588,2022378991,3515,11807,1.2,233.8,3.1,2.0,51,46,0,0,0,0,0,0.0,0,0,0,0,0,0
991.0,2026-05-17T16:12:09,0016c001f10c2ef6,6.5,3.0,3.6,0.0,7809,701,7108,9.0,0.48,0.56,0.51,395032603,2022422607,4015,43616,1.2,233.8,3.1,2.0,51,46,0,0,0,0,0,0.0,0,0,0,0,0,0
991.4,2026-05-17T16:12:10,0016c001f10c2ef6,6.4,1.2,5.2,0.0,7809,702,7107,9.0,0.48,0.56,0.51,395035817,2022434570,3214,11963,1.2,233.8,3.1,2.0,51,46,0,0,0,0,0,0.0,0,0,0,0,0,0
991.9,2026-05-17T16:12:10,0016c001f10c2ef6,5.7,2.3,3.4,0.0,7809,702,7107,9.0,0.48,0.56,0.51,395038851,2022446377,3034,11807,1.2,233.8,3.1,2.0,51,46,0,0,0,0,0,0.0,0,0,0,0,0,0
992.3,2026-05-17T16:12:11,0016c001f10c2ef6,6.9,2.3,4.6,0.0,7809,701,7108,9.0,0.48,0.56,0.51,395042009,2022458262,3158,11885,1.2,233.8,3.1,2.0,51,46,0,0,0,0,0,0.0,0,0,0,0,0,0
992.7,2026-05-17T16:12:11,0016c001f10c2ef6,5.8,1.2,4.6,0.0,7809,701,7108,9.0,0.48,0.56,0.51,395045043,2022470069,3034,11807,1.2,233.8,3.1,2.0,51,46,0,0,0,0,0,0.0,0,0,0,0,0,0
993.1,2026-05-17T16:12:12,0016c001f10c2ef6,7.1,1.8,5.3,0.0,7809,701,7108,9.0,0.48,0.56,0.51,395049110,2022513685,4067,43616,1.2,233.8,3.1,2.0,51,46,0,0,0,0,0,0.0,0,0,0,0,0,0
993.6,2026-05-17T16:12:12,0016c001f10c2ef6,6.8,1.7,5.1,0.0,7809,701,7108,9.0,0.52,0.57,0.51,395052144,2022525492,3034,11807,1.2,233.9,3.1,2.0,51,46,0,0,0,0,0,0.0,0,0,0,0,0,0
994.0,2026-05-17T16:12:12,0016c001f10c2ef6,9.0,3.6,4.8,0.6,7809,702,7107,9.0,0.52,0.57,0.51,395055486,2022537982,3342,12490,1.2,233.9,3.1,2.0,51,46,0,0,0,0,0,0.0,0,0,0,0,0,0
994.5,2026-05-17T16:12:13,0016c001f10c2ef6,11.3,3.4,6.9,1.0,7809,702,7107,9.0,0.52,0.57,0.51,395058524,2022551360,3038,13378,1.2,233.9,3.1,2.0,51,46,0,0,0,0,0,0.0,0,0,0,0,0,0
995.0,2026-05-17T16:12:13,0016c001f10c2ef6,7.9,2.6,5.3,0.0,7809,702,7107,9.0,0.52,0.57,0.51,395062533,2022595042,4009,43682,1.2,233.9,3.1,2.0,51,46,0,0,0,0,0,0.0,0,0,0,0,0,0
995.4,2026-05-17T16:12:14,0016c001f10c2ef6,15.1,3.2,11.9,0.0,7809,700,7109,9.0,0.52,0.57,0.51,395065567,2022606849,3034,11807,1.2,234.0,3.1,2.0,51,46,0,0,0,0,0,0.0,0,0,0,0,0,0
995.8,2026-05-17T16:12:14,0016c001f10c2ef6,17.9,2.4,15.5,0.0,7809,702,7107,9.0,0.52,0.57,0.51,395068601,2022618656,3034,11807,1.2,234.0,3.1,2.0,51,46,0,0,0,0,0,0.0,0,0,0,0,0,0
996.3,2026-05-17T16:12:15,0016c001f10c2ef6,19.5,2.9,16.7,0.0,7809,702,7107,9.0,0.52,0.57,0.51,395071635,2022630463,3034,11807,1.2,234.0,3.1,2.0,51,46,0,0,0,0,0,0.0,0,0,0,0,0,0
996.7,2026-05-17T16:12:15,0016c001f10c2ef6,16.7,3.0,13.7,0.0,7809,700,7109,9.0,0.52,0.57,0.51,395074821,2022642270,3186,11807,1.2,234.0,3.1,2.0,51,46,0,0,0,0,0,0.0,0,0,0,0,0,0
997.1,2026-05-17T16:12:16,0016c001f10c2ef6,8.5,2.8,5.6,0.0,7809,701,7108,9.0,0.52,0.57,0.51,395078736,2022685886,3915,43616,1.2,234.0,3.1,2.0,51,46,0,0,0,0,0,0.0,0,0,0,0,0,0
997.6,2026-05-17T16:12:16,0016c001f10c2ef6,8.3,4.1,4.1,0.0,7809,701,7108,9.0,0.52,0.57,0.51,395081868,2022699253,3132,13367,1.2,234.0,3.1,2.0,51,46,0,0,0,0,0,0.0,0,0,0,0,0,0
998.0,2026-05-17T16:12:16,0016c001f10c2ef6,6.3,1.1,5.2,0.0,7809,701,7108,9.0,0.52,0.57,0.51,395084950,2022711060,3082,11807,1.2,234.1,3.1,2.0,51,46,0,0,0,0,0,0.0,0,0,0,0,0,0
998.4,2026-05-17T16:12:17,0016c001f10c2ef6,6.4,2.7,3.7,0.0,7809,701,7108,9.0,0.56,0.57,0.51,395087988,2022723584,3038,12524,1.2,234.1,3.1,2.0,51,46,0,0,0,0,0,0.0,0,0,0,0,0,0
998.9,2026-05-17T16:12:17,0016c001f10c2ef6,6.7,1.7,5.1,0.0,7809,700,7109,9.0,0.56,0.57,0.51,395091529,2022735391,3541,11807,1.2,234.1,3.1,2.0,51,46,0,0,0,0,0,0.0,0,0,0,0,0,0
999.3,2026-05-17T16:12:18,0016c001f10c2ef6,7.6,3.3,4.3,0.0,7809,701,7108,9.0,0.56,0.57,0.51,395094875,2022779007,3346,43616,1.2,234.1,3.1,2.0,51,46,0,0,0,0,0,0.0,0,0,0,0,0,0
999.7,2026-05-17T16:12:18,0016c001f10c2ef6,5.7,2.3,3.4,0.0,7809,701,7108,9.0,0.56,0.57,0.51,395098113,2022790814,3238,11807,1.2,234.1,3.1,2.0,51,46,0,0,0,0,0,0.0,0,0,0,0,0,0
1000.2,2026-05-17T16:12:19,0016c001f10c2ef6,9.0,3.0,6.0,0.0,7809,702,7107,9.0,0.56,0.57,0.51,395101752,2022802765,3639,11951,1.2,234.1,3.1,2.0,51,46,0,0,0,0,0,0.0,0,0,0,0,0,0
1000.7,2026-05-17T16:12:19,0016c001f10c2ef6,9.1,2.0,7.1,0.0,7809,702,7107,9.0,0.56,0.57,0.51,395104994,2022814638,3242,11873,1.2,234.1,3.1,2.0,51,46,0,0,0,0,0,0.0,0,0,0,0,0,0
1001.2,2026-05-17T16:12:21,0016c001f10c2ef6,10.5,4.0,6.5,0.0,7809,702,7107,9.0,0.56,0.57,0.51,395108961,2022858320,3967,43682,1.2,234.1,3.1,2.0,51,46,0,0,0,0,0,0.0,0,0,0,0,0,0
1001.7,2026-05-17T16:12:21,0016c001f10c2ef6,6.8,2.3,4.5,0.0,7809,701,7108,9.0,0.56,0.57,0.51,395111995,2022870127,3034,11807,1.2,234.1,3.1,2.0,51,46,0,0,0,0,0,0.0,0,0,0,0,0,0
1002.1,2026-05-17T16:12:21,0016c001f10c2ef6,7.4,2.3,5.1,0.0,7809,701,7108,9.0,0.56,0.57,0.51,395115081,2022881934,3086,11807,1.2,234.1,3.1,2.0,58,51,7,5,0,0,0,0.0,0,0,0,0,0,0
1002.5,2026-05-17T16:12:22,0016c001f10c2ef6,8.0,2.9,5.1,0.0,7809,701,7108,9.0,0.56,0.57,0.51,395118167,2022893807,3086,11873,1.2,234.1,3.1,2.0,58,51,0,0,0,0,0,0.0,0,0,0,0,0,0
1002.9,2026-05-17T16:12:22,0016c001f10c2ef6,4.9,1.5,3.4,0.0,7809,701,7108,9.0,0.56,0.57,0.51,395122078,2022937423,3911,43616,1.2,234.1,3.1,2.0,58,51,0,0,0,0,0,0.0,0,0,0,0,0,0
1003.4,2026-05-17T16:12:23,0016c001f10c2ef6,8.1,2.9,5.2,0.0,7809,702,7107,9.0,0.6,0.58,0.52,395125112,2022949230,3034,11807,1.2,234.1,3.1,2.0,58,51,0,0,0,0,0,0.0,0,0,0,0,0,0
1003.9,2026-05-17T16:12:23,0016c001f10c2ef6,6.3,1.7,4.6,0.0,7809,701,7108,9.0,0.6,0.58,0.52,395128198,2022961037,3086,11807,1.2,234.1,3.1,2.0,58,51,0,0,0,0,0,0.0,0,0,0,0,0,0
1004.3,2026-05-17T16:12:24,0016c001f10c2ef6,7.4,2.3,5.1,0.0,7809,702,7107,9.0,0.6,0.58,0.52,395131332,2022972844,3134,11807,1.2,234.1,3.1,2.0,58,51,0,0,0,0,0,0.0,0,0,0,0,0,0
1004.7,2026-05-17T16:12:24,0016c001f10c2ef6,6.7,2.2,4.5,0.0,7809,701,7108,9.0,0.6,0.58,0.52,395134318,2022984651,2986,11807,1.2,234.1,3.1,2.0,58,51,0,0,0,0,0,0.0,0,0,0,0,0,0
1005.2,2026-05-17T16:12:24,0016c001f10c2ef6,7.5,2.3,4.6,0.6,7809,702,7107,9.0,0.6,0.58,0.52,395138301,2023028353,3983,43702,1.2,234.1,3.1,2.0,58,51,0,0,0,0,0,0.0,0,0,0,0,0,0
1005.6,2026-05-17T16:12:25,0016c001f10c2ef6,7.2,3.6,3.6,0.0,7809,701,7108,9.0,0.6,0.58,0.52,395141335,2023040160,3034,11807,1.2,234.1,3.1,2.0,58,51,0,0,0,0,0,0.0,0,0,0,0,0,0
1006.0,2026-05-17T16:12:25,0016c001f10c2ef6,6.9,2.3,4.6,0.0,7809,701,7108,9.0,0.6,0.58,0.52,395144573,2023051967,3238,11807,1.2,234.1,3.1,2.0,58,51,0,0,0,0,0,0.0,0,0,0,0,0,0
1006.5,2026-05-17T16:12:26,0016c001f10c2ef6,9.5,3.0,6.5,0.0,7809,702,7107,9.0,0.6,0.58,0.52,395147763,2023063840,3190,11873,1.2,234.1,3.1,2.0,58,51,0,0,0,0,0,0.0,0,0,0,0,0,0
1006.9,2026-05-17T16:12:26,0016c001f10c2ef6,15.9,2.2,13.7,0.0,7809,702,7107,9.0,0.6,0.58,0.52,395150749,2023075647,2986,11807,1.2,234.1,3.1,2.0,58,51,0,0,0,0,0,0.0,0,0,0,0,0,0
1007.4,2026-05-17T16:12:27,0016c001f10c2ef6,19.8,2.3,17.4,0.0,7809,702,7107,9.0,0.6,0.58,0.52,395154712,2023119263,3963,43616,1.2,234.1,3.1,2.0,58,51,0,0,0,0,0,0.0,0,0,0,0,0,0
1007.8,2026-05-17T16:12:27,0016c001f10c2ef6,19.4,2.4,17.1,0.0,7809,702,7107,9.0,0.6,0.58,0.52,395157798,2023131070,3086,11807,1.2,234.1,3.1,2.0,58,51,0,0,0,0,0,0.0,0,0,0,0,0,0
1008.2,2026-05-17T16:12:28,0016c001f10c2ef6,16.2,1.2,15.0,0.0,7809,702,7107,9.0,0.63,0.59,0.52,395160832,2023142877,3034,11807,1.2,234.1,3.1,2.0,58,51,0,0,0,0,0,0.0,0,0,0,0,0,0
1008.6,2026-05-17T16:12:28,0016c001f10c2ef6,4.8,2.4,2.4,0.0,7809,702,7107,9.0,0.63,0.59,0.52,395163918,2023154684,3086,11807,1.2,234.1,3.1,2.0,58,51,0,0,0,0,0,0.0,0,0,0,0,0,0
1009.1,2026-05-17T16:12:28,0016c001f10c2ef6,6.4,2.3,4.0,0.0,7809,702,7107,9.0,0.63,0.59,0.52,395167621,2023198300,3703,43616,1.2,234.1,3.1,2.0,58,51,0,0,0,0,0,0.0,0,0,0,0,0,0
1009.5,2026-05-17T16:12:29,0016c001f10c2ef6,6.5,3.5,2.9,0.0,7809,702,7107,9.0,0.63,0.59,0.52,395170863,2023210107,3242,11807,1.2,234.1,3.1,2.0,58,51,0,0,0,0,0,0.0,0,0,0,0,0,0
1009.9,2026-05-17T16:12:29,0016c001f10c2ef6,6.5,1.2,5.3,0.0,7809,702,7107,9.0,0.63,0.59,0.52,395174326,2023221914,3463,11807,1.2,234.1,3.1,2.0,58,51,0,0,0,0,0,0.0,0,0,0,0,0,0
1010.3,2026-05-17T16:12:30,0016c001f10c2ef6,7.0,2.7,4.3,0.0,7809,702,7107,9.0,0.63,0.59,0.52,395177464,2023233721,3138,11807,1.2,234.1,3.1,2.0,58,51,0,0,0,0,0,0.0,0,0,0,0,0,0
1010.8,2026-05-17T16:12:30,0016c001f10c2ef6,5.7,1.1,4.5,0.0,7809,702,7107,9.0,0.63,0.59,0.52,395180498,2023245528,3034,11807,1.2,234.1,3.1,2.0,58,51,0,0,0,0,0,0.0,0,0,0,0,0,0
1011.2,2026-05-17T16:12:31,0016c001f10c2ef6,6.5,2.4,4.1,0.0,7809,702,7107,9.0,0.63,0.59,0.52,395184513,2023289144,4015,43616,1.2,234.1,3.1,2.0,58,51,0,0,0,0,0,0.0,0,0,0,0,0,0
1011.6,2026-05-17T16:12:31,0016c001f10c2ef6,7.9,3.9,3.9,0.0,7809,702,7107,9.0,0.63,0.59,0.52,395187803,2023300951,3290,11807,1.2,234.1,3.1,2.0,58,51,0,0,0,0,0,0.0,0,0,0,0,0,0
1012.2,2026-05-17T16:12:31,0016c001f10c2ef6,8.2,3.9,4.3,0.0,7809,702,7107,9.0,0.63,0.59,0.52,395191045,2023312824,3242,11873,1.2,234.1,3.1,2.0,58,51,0,0,0,0,0,0.0,0,0,0,0,0,0
1012.7,2026-05-17T16:12:32,0016c001f10c2ef6,9.3,3.4,5.9,0.0,7809,701,7108,9.0,0.63,0.59,0.52,395194031,2023324697,2986,11873,1.2,234.1,3.1,2.0,58,51,0,0,0,0,0,0.0,0,0,0,0,0,0
1013.1,2026-05-17T16:12:32,0016c001f10c2ef6,6.5,2.9,3.5,0.0,7809,701,7108,9.0,0.66,0.6,0.52,395197117,2023336504,3086,11807,1.2,234.1,3.1,2.0,58,51,0,0,0,0,0,0.0,0,0,0,0,0,0
1013.5,2026-05-17T16:12:33,0016c001f10c2ef6,9.8,3.5,6.4,0.0,7809,701,7108,9.0,0.66,0.6,0.52,395201028,2023380803,3911,44299,1.2,234.1,3.1,2.0,58,51,0,0,0,0,0,0.0,0,0,0,0,0,0
1013.9,2026-05-17T16:12:33,0016c001f10c2ef6,4.8,1.2,3.6,0.0,7809,702,7107,9.0,0.66,0.6,0.52,395204108,2023394192,3080,13389,1.2,234.1,3.1,2.0,58,51,0,0,0,0,0,0.0,0,0,0,0,0,0
1014.3,2026-05-17T16:12:34,0016c001f10c2ef6,5.7,1.7,4.0,0.0,7809,702,7107,9.0,0.66,0.6,0.52,395207246,2023405999,3138,11807,1.2,234.1,3.1,2.0,58,51,0,0,0,0,0,0.0,0,0,0,0,0,0
1014.8,2026-05-17T16:12:34,0016c001f10c2ef6,6.0,2.2,3.8,0.0,7809,702,7107,9.0,0.66,0.6,0.52,395210380,2023417806,3134,11807,1.2,234.1,3.1,2.0,58,51,0,0,0,0,0,0.0,0,0,0,0,0,0
1015.2,2026-05-17T16:12:35,0016c001f10c2ef6,5.8,2.3,3.5,0.0,7809,702,7107,9.0,0.66,0.6,0.52,395214295,2023461422,3915,43616,1.2,234.1,3.1,2.0,58,51,0,0,0,0,0,0.0,0,0,0,0,0,0
1015.6,2026-05-17T16:12:35,0016c001f10c2ef6,7.1,3.0,4.1,0.0,7809,701,7108,9.0,0.66,0.6,0.52,395217505,2023473307,3210,11885,1.2,234.1,3.1,2.0,58,51,0,0,0,0,0,0.0,0,0,0,0,0,0
1016.1,2026-05-17T16:12:35,0016c001f10c2ef6,5.9,1.8,4.1,0.0,7809,701,7108,9.0,0.66,0.6,0.52,395220639,2023485114,3134,11807,1.2,234.1,3.1,2.0,58,51,0,0,0,0,0,0.0,0,0,0,0,0,0
1016.5,2026-05-17T16:12:36,0016c001f10c2ef6,5.8,2.9,2.9,0.0,7809,702,7107,9.0,0.66,0.6,0.52,395223625,2023496921,2986,11807,1.2,234.1,3.1,2.0,58,51,0,0,0,0,0,0.0,0,0,0,0,0,0
1016.9,2026-05-17T16:12:36,0016c001f10c2ef6,6.5,2.4,4.2,0.0,7809,702,7107,9.0,0.66,0.6,0.52,395226659,2023508794,3034,11873,1.2,234.1,3.1,2.0,58,51,0,0,0,0,0,0.0,0,0,0,0,0,0
1017.3,2026-05-17T16:12:37,0016c001f10c2ef6,5.3,1.2,4.1,0.0,7809,701,7108,9.0,0.66,0.6,0.52,395230774,2023552410,4115,43616,1.2,234.1,3.1,2.0,58,51,0,0,0,0,0,0.0,0,0,0,0,0,0
1017.8,2026-05-17T16:12:37,0016c001f10c2ef6,9.8,4.1,5.7,0.0,7809,702,7107,9.0,0.61,0.58,0.52,395233912,2023564283,3138,11873,1.2,234.1,3.1,2.0,58,51,0,0,0,0,0,0.0,0,0,0,0,0,0
1018.3,2026-05-17T16:12:38,0016c001f10c2ef6,14.9,4.1,10.8,0.0,7809,702,7107,9.0,0.61,0.58,0.52,395236950,2023576156,3038,11873,1.2,234.1,3.1,2.0,58,51,0,0,0,0,0,0.0,0,0,0,0,0,0
1018.7,2026-05-17T16:12:38,0016c001f10c2ef6,19.0,1.8,17.3,0.0,7809,702,7107,9.0,0.61,0.58,0.52,395240088,2023587963,3138,11807,1.2,234.1,3.1,2.0,58,51,0,0,0,0,0,0.0,0,0,0,0,0,0
1019.1,2026-05-17T16:12:38,0016c001f10c2ef6,18.7,2.4,16.3,0.0,7809,702,7107,9.0,0.61,0.58,0.52,395243274,2023599770,3186,11807,1.2,234.1,3.1,2.0,58,51,0,0,0,0,0,0.0,0,0,0,0,0,0
1019.5,2026-05-17T16:12:39,0016c001f10c2ef6,20.1,3.0,17.2,0.0,7809,702,7107,9.0,0.61,0.58,0.52,395247189,2023643386,3915,43616,1.2,234.1,3.1,2.0,58,51,0,0,0,0,0,0.0,0,0,0,0,0,0
1020.0,2026-05-17T16:12:39,0016c001f10c2ef6,7.1,1.2,5.9,0.0,7809,702,7107,9.0,0.61,0.58,0.52,395250652,2023655193,3463,11807,1.2,234.1,3.1,2.0,58,51,0,0,0,0,0,0.0,0,0,0,0,0,0
1020.4,2026-05-17T16:12:40,0016c001f10c2ef6,6.5,2.4,4.1,0.0,7809,703,7106,9.0,0.61,0.58,0.52,395253686,2023667000,3034,11807,1.2,234.1,3.1,2.0,58,51,0,0,0,0,0,0.0,0,0,0,0,0,0
1020.8,2026-05-17T16:12:40,0016c001f10c2ef6,7.0,2.9,4.1,0.0,7809,703,7106,9.0,0.61,0.58,0.52,395256848,2023678963,3162,11963,1.2,234.1,3.1,2.0,58,51,0,0,0,0,0,0.0,0,0,0,0,0,0
1021.2,2026-05-17T16:12:41,0016c001f10c2ef6,6.7,2.2,3.9,0.6,7809,702,7107,9.0,0.61,0.58,0.52,395260707,2023722579,3859,43616,1.2,234.1,3.1,2.0,58,51,0,0,0,0,0,0.0,0,0,0,0,0,0
1021.7,2026-05-17T16:12:41,0016c001f10c2ef6,6.8,2.6,4.2,0.0,7809,702,7107,9.0,0.61,0.58,0.52,395263741,2023734386,3034,11807,1.2,234.1,3.1,2.0,58,51,0,0,0,0,0,0.0,0,0,0,0,0,0
1022.2,2026-05-17T16:12:41,0016c001f10c2ef6,5.6,2.2,3.3,0.0,7809,702,7107,9.0,0.61,0.58,0.52,395266775,2023746193,3034,11807,1.2,234.2,3.1,2.0,58,51,0,0,0,0,0,0.0,0,0,0,0,0,0
1022.6,2026-05-17T16:12:42,0016c001f10c2ef6,5.6,2.8,2.8,0.0,7809,701,7108,9.0,0.56,0.58,0.52,395269809,2023758000,3034,11807,1.2,234.2,3.1,2.0,58,51,0,0,0,0,0,0.0,0,0,0,0,0,0
1023.0,2026-05-17T16:12:42,0016c001f10c2ef6,7.5,2.9,4.6,0.0,7809,702,7107,9.0,0.56,0.58,0.52,395273047,2023769807,3238,11807,1.2,234.2,3.1,2.0,58,51,0,0,0,0,0,0.0,0,0,0,0,0,0
1023.5,2026-05-17T16:12:43,0016c001f10c2ef6,13.9,6.5,7.5,0.0,7809,702,7107,9.0,0.56,0.58,0.52,395277138,2023815441,4091,45634,1.2,234.2,3.1,2.0,58,51,0,0,0,0,0,0.0,0,0,0,0,0,0
1023.9,2026-05-17T16:12:43,0016c001f10c2ef6,5.8,2.3,3.5,0.0,7809,702,7107,9.0,0.56,0.58,0.52,395280270,2023829242,3132,13801,1.2,234.2,3.1,2.0,58,51,0,0,0,0,0,0.0,0,0,0,0,0,0
1024.4,2026-05-17T16:12:44,0016c001f10c2ef6,6.2,3.4,2.8,0.0,7809,702,7107,9.0,0.56,0.58,0.52,395283304,2023841049,3034,11807,1.2,234.2,3.1,2.0,58,51,0,0,0,0,0,0.0,0,0,0,0,0,0
1024.8,2026-05-17T16:12:44,0016c001f10c2ef6,5.9,2.7,3.2,0.0,7809,702,7107,9.0,0.56,0.58,0.52,395286338,2023852856,3034,11807,1.2,234.2,3.1,2.0,58,51,0,0,0,0,0,0.0,0,0,0,0,0,0
1025.2,2026-05-17T16:12:45,0016c001f10c2ef6,7.7,2.4,5.3,0.0,7809,702,7107,9.0,0.56,0.58,0.52,395289372,2023864663,3034,11807,1.2,234.2,3.1,2.0,58,51,0,0,0,0,0,0.0,0,0,0,0,0,0
1025.7,2026-05-17T16:12:45,0016c001f10c2ef6,8.2,3.5,4.7,0.0,7809,703,7106,9.0,0.56,0.58,0.52,395293387,2023908360,4015,43697,1.2,234.2,3.1,2.0,58,51,0,0,0,0,0,0.0,0,0,0,0,0,0
1026.1,2026-05-17T16:12:45,0016c001f10c2ef6,5.9,1.8,4.1,0.0,7809,702,7107,9.0,0.56,0.58,0.52,395296421,2023920167,3034,11807,1.2,234.2,3.1,2.0,58,51,0,0,0,0,0,0.0,0,0,0,0,0,0
1026.5,2026-05-17T16:12:46,0016c001f10c2ef6,7.5,1.7,5.2,0.6,7809,702,7107,9.0,0.56,0.58,0.52,395299507,2023931974,3086,11807,1.2,234.2,3.1,2.0,58,51,0,0,0,0,0,0.0,0,0,0,0,0,0
1026.9,2026-05-17T16:12:46,0016c001f10c2ef6,5.6,2.3,3.4,0.0,7809,702,7107,9.0,0.56,0.58,0.52,395302541,2023943781,3034,11807,1.2,234.2,3.1,2.0,58,51,0,0,0,0,0,0.0,0,0,0,0,0,0
1027.4,2026-05-17T16:12:47,0016c001f10c2ef6,6.4,2.9,3.5,0.0,7809,702,7107,9.0,0.56,0.58,0.52,395306556,2023987478,4015,43697,1.2,234.2,3.1,2.0,58,51,0,0,0,0,0,0.0,0,0,0,0,0,0
1027.8,2026-05-17T16:12:47,0016c001f10c2ef6,9.1,3.4,5.7,0.0,7809,702,7107,9.0,0.51,0.57,0.51,395309690,2023999285,3134,11807,1.2,234.2,3.1,2.0,58,51,0,0,0,0,0,0.0,0,0,0,0,0,0
1028.2,2026-05-17T16:12:48,0016c001f10c2ef6,5.8,2.3,3.5,0.0,7809,702,7107,9.0,0.51,0.57,0.51,395312828,2024011092,3138,11807,1.2,234.2,3.1,2.0,58,51,0,0,0,0,0,0.0,0,0,0,0,0,0
1028.7,2026-05-17T16:12:48,0016c001f10c2ef6,9.4,3.4,5.9,0.0,7809,702,7107,9.0,0.51,0.57,0.51,395315814,2024022965,2986,11873,1.2,234.2,3.1,2.0,58,51,0,0,0,0,0,0.0,0,0,0,0,0,0
1029.1,2026-05-17T16:12:48,0016c001f10c2ef6,5.9,2.4,3.6,0.0,7809,701,7108,9.0,0.51,0.57,0.51,395318848,2024034772,3034,11807,1.2,234.2,3.1,2.0,58,51,0,0,0,0,0,0.0,0,0,0,0,0,0
1029.5,2026-05-17T16:12:49,0016c001f10c2ef6,6.0,2.4,3.6,0.0,7809,701,7108,9.0,0.51,0.57,0.51,395323240,2024078469,4392,43697,1.2,234.2,3.1,2.0,58,51,0,0,0,0,0,0.0,0,0,0,0,0,0
1030.0,2026-05-17T16:12:49,0016c001f10c2ef6,19.9,1.8,18.1,0.0,7809,701,7108,9.0,0.51,0.57,0.51,395326426,2024090276,3186,11807,1.2,234.2,3.1,2.0,58,51,0,0,0,0,0,0.0,0,0,0,0,0,0
1030.4,2026-05-17T16:12:50,0016c001f10c2ef6,19.5,3.0,16.6,0.0,7809,702,7107,9.0,0.51,0.57,0.51,395329512,2024102149,3086,11873,1.2,234.2,3.1,2.0,58,51,0,0,0,0,0,0.0,0,0,0,0,0,0
1030.8,2026-05-17T16:12:50,0016c001f10c2ef6,18.8,2.9,15.9,0.0,7809,703,7106,9.0,0.51,0.57,0.51,395332498,2024113956,2986,11807,1.2,234.2,3.1,2.0,58,51,0,0,0,0,0,0.0,0,0,0,0,0,0
1031.3,2026-05-17T16:12:51,0016c001f10c2ef6,11.8,1.8,10.1,0.0,7809,703,7106,9.0,0.51,0.57,0.51,395335604,2024125841,3106,11885,1.2,234.2,3.1,2.0,60,53,2,2,0,0,0,0.0,0,0,0,0,0,0
1031.7,2026-05-17T16:12:51,0016c001f10c2ef6,8.1,4.0,4.0,0.0,7809,703,7106,9.0,0.51,0.57,0.51,395339671,2024169538,4067,43697,1.2,234.2,3.1,2.0,60,53,0,0,0,0,0,0.0,0,0,0,0,0,0
1032.1,2026-05-17T16:12:51,0016c001f10c2ef6,6.2,1.7,4.5,0.0,7809,702,7107,9.0,0.51,0.57,0.51,395342757,2024181345,3086,11807,1.2,234.2,3.1,2.0,60,53,0,0,0,0,0,0.0,0,0,0,0,0,0
1032.5,2026-05-17T16:12:52,0016c001f10c2ef6,6.4,2.3,4.1,0.0,7809,703,7106,9.0,0.55,0.57,0.52,395345791,2024193152,3034,11807,1.2,234.2,3.1,2.0,60,53,0,0,0,0,0,0.0,0,0,0,0,0,0
1033.0,2026-05-17T16:12:52,0016c001f10c2ef6,5.3,1.2,4.1,0.0,7809,702,7107,9.0,0.55,0.57,0.52,395348825,2024204959,3034,11807,1.2,234.2,3.1,2.0,60,53,0,0,0,0,0,0.0,0,0,0,0,0,0
1033.4,2026-05-17T16:12:54,0016c001f10c2ef6,6.6,2.2,4.4,0.0,7809,702,7107,9.0,0.55,0.57,0.52,395352992,2024248656,4167,43697,1.2,234.2,3.1,2.0,60,53,0,0,0,0,0,0.0,0,0,0,0,0,0
1033.9,2026-05-17T16:12:54,0016c001f10c2ef6,12.2,5.6,6.6,0.0,7809,700,7109,9.0,0.55,0.57,0.52,395356130,2024260529,3138,11873,1.2,234.2,3.1,2.0,60,53,0,0,0,0,0,0.0,0,0,0,0,0,0
1034.4,2026-05-17T16:12:55,0016c001f10c2ef6,10.2,4.4,5.9,0.0,7809,701,7108,9.0,0.55,0.57,0.52,395359216,2024272402,3086,11873,1.2,234.2,3.1,2.0,60,53,0,0,0,0,0,0.0,0,0,0,0,0,0
1034.9,2026-05-17T16:12:55,0016c001f10c2ef6,10.1,3.5,6.6,0.0,7809,701,7108,9.0,0.55,0.57,0.52,395362302,2024284275,3086,11873,1.2,234.2,3.1,2.0,60,53,0,0,0,0,0,0.0,0,0,0,0,0,0
1035.4,2026-05-17T16:12:56,0016c001f10c2ef6,9.5,3.5,6.0,0.0,7809,701,7108,9.0,0.55,0.57,0.52,395365440,2024296148,3138,11873,1.2,234.1,3.1,2.0,60,53,0,0,0,0,0,0.0,0,0,0,0,0,0
1035.9,2026-05-17T16:12:56,0016c001f10c2ef6,10.4,3.5,6.9,0.0,7809,700,7109,9.0,0.55,0.57,0.52,395369507,2024339911,4067,43763,1.2,234.1,3.1,2.0,60,53,0,0,0,0,0,0.0,0,0,0,0,0,0
1036.3,2026-05-17T16:12:57,0016c001f10c2ef6,9.1,4.1,5.1,0.0,7809,701,7108,9.0,0.55,0.57,0.52,395372665,2024351870,3158,11959,1.2,234.1,3.1,2.0,60,53,0,0,0,0,0,0.0,0,0,0,0,0,0
1036.8,2026-05-17T16:12:57,0016c001f10c2ef6,8.6,2.5,6.1,0.0,7809,701,7108,9.0,0.55,0.57,0.52,395375803,2024363743,3138,11873,1.2,234.1,3.1,2.0,60,53,0,0,0,0,0,0.0,0,0,0,0,0,0
1037.3,2026-05-17T16:12:57,0016c001f10c2ef6,9.7,3.6,5.6,0.5,7809,701,7108,9.0,0.59,0.58,0.52,395378941,2024375616,3138,11873,1.2,234.1,3.1,2.0,60,53,0,0,0,0,0,0.0,0,0,0,0,0,0
1037.8,2026-05-17T16:12:58,0016c001f10c2ef6,10.4,4.5,5.9,0.0,7809,701,7108,9.0,0.59,0.58,0.52,395382904,2024419379,3963,43763,1.2,234.1,3.1,2.0,60,53,0,0,0,0,0,0.0,0,0,0,0,0,0
1038.3,2026-05-17T16:12:58,0016c001f10c2ef6,8.8,1.0,7.8,0.0,7809,701,7108,9.0,0.59,0.58,0.52,395386042,2024431252,3138,11873,1.2,234.1,3.1,2.0,60,53,0,0,0,0,0,0.0,0,0,0,0,0,0
1038.8,2026-05-17T16:12:59,0016c001f10c2ef6,9.5,4.0,5.5,0.0,7809,699,7110,9.0,0.59,0.58,0.52,395389180,2024443125,3138,11873,1.2,234.1,3.1,2.0,60,53,0,0,0,0,0,0.0,0,0,0,0,0,0
1039.3,2026-05-17T16:12:59,0016c001f10c2ef6,9.8,2.9,6.8,0.0,7809,702,7107,9.0,0.59,0.58,0.52,395392647,2024454998,3467,11873,1.2,234.1,3.1,2.0,60,53,0,0,0,0,0,0.0,0,0,0,0,0,0
1039.7,2026-05-17T16:13:00,0016c001f10c2ef6,6.4,3.5,2.9,0.0,7809,702,7107,9.0,0.59,0.58,0.52,395396714,2024498695,4067,43697,1.2,234.1,3.1,2.0,60,53,0,0,0,0,0,0.0,0,0,0,0,0,0
1040.2,2026-05-17T16:13:00,0016c001f10c2ef6,6.2,1.7,4.5,0.0,7809,702,7107,9.0,0.59,0.58,0.52,395399800,2024510502,3086,11807,1.2,234.1,3.1,2.0,60,53,0,0,0,0,0,0.0,0,0,0,0,0,0
1040.6,2026-05-17T16:13:01,0016c001f10c2ef6,6.9,1.7,5.2,0.0,7809,702,7107,9.0,0.59,0.58,0.52,395402834,2024522309,3034,11807,1.2,234.1,3.1,2.0,60,53,0,0,0,0,0,0.0,0,0,0,0,0,0
1041.0,2026-05-17T16:13:01,0016c001f10c2ef6,6.2,2.3,4.0,0.0,7809,702,7107,9.0,0.59,0.58,0.52,395405920,2024534116,3086,11807,1.2,234.1,3.1,2.0,60,53,0,0,0,0,0,0.0,0,0,0,0,0,0
1041.4,2026-05-17T16:13:02,0016c001f10c2ef6,19.2,2.4,16.8,0.0,7809,701,7108,9.0,0.59,0.58,0.52,395409006,2024545923,3086,11807,1.2,234.1,3.1,2.0,60,53,0,0,0,0,0,0.0,0,0,0,0,0,0
1041.9,2026-05-17T16:13:02,0016c001f10c2ef6,21.2,2.4,18.8,0.0,7809,701,7108,9.0,0.59,0.58,0.52,395413021,2024589620,4015,43697,1.2,234.1,3.1,2.0,60,53,0,0,0,0,0,0.0,0,0,0,0,0,0
1042.3,2026-05-17T16:13:02,0016c001f10c2ef6,18.7,1.8,16.9,0.0,7809,701,7108,9.0,0.78,0.62,0.53,395416159,2024601427,3138,11807,1.2,234.1,3.1,2.0,60,53,0,0,0,0,0,0.0,0,0,0,0,0,0
1042.7,2026-05-17T16:13:03,0016c001f10c2ef6,12.3,2.3,9.9,0.0,7809,702,7107,9.0,0.78,0.62,0.53,395419193,2024613234,3034,11807,1.2,234.1,3.1,2.0,60,53,0,0,0,0,0,0.0,0,0,0,0,0,0
1043.1,2026-05-17T16:13:03,0016c001f10c2ef6,7.5,2.9,4.6,0.0,7809,702,7107,9.0,0.78,0.62,0.53,395422227,2024625041,3034,11807,1.2,234.1,3.1,2.0,60,53,0,0,0,0,0,0.0,0,0,0,0,0,0
1043.6,2026-05-17T16:13:04,0016c001f10c2ef6,7.4,3.4,4.0,0.0,7809,702,7107,9.0,0.78,0.62,0.53,395426190,2024668738,3963,43697,1.2,234.1,3.1,2.0,60,53,0,0,0,0,0,0.0,0,0,0,0,0,0
1044.0,2026-05-17T16:13:04,0016c001f10c2ef6,8.0,2.3,5.7,0.0,7809,702,7107,9.0,0.78,0.62,0.53,395429376,2024680545,3186,11807,1.2,234.1,3.1,2.0,60,53,0,0,0,0,0,0.0,0,0,0,0,0,0
1044.5,2026-05-17T16:13:05,0016c001f10c2ef6,11.3,3.6,7.7,0.0,7809,703,7106,9.0,0.78,0.62,0.53,395432362,2024692418,2986,11873,1.2,234.1,3.1,2.0,60,53,0,0,0,0,0,0.0,0,0,0,0,0,0
1044.9,2026-05-17T16:13:05,0016c001f10c2ef6,5.7,2.3,3.4,0.0,7809,702,7107,9.0,0.78,0.62,0.53,395435448,2024704225,3086,11807,1.2,234.1,3.1,2.0,60,53,0,0,0,0,0,0.0,0,0,0,0,0,0
1045.3,2026-05-17T16:13:05,0016c001f10c2ef6,7.4,2.3,5.1,0.0,7809,702,7107,9.0,0.78,0.62,0.53,395438534,2024716032,3086,11807,1.2,234.1,3.1,2.0,60,53,0,0,0,0,0,0.0,0,0,0,0,0,0
1045.8,2026-05-17T16:13:06,0016c001f10c2ef6,5.7,1.7,4.0,0.0,7809,702,7107,9.0,0.78,0.62,0.53,395442601,2024759729,4067,43697,1.2,234.1,3.1,2.0,60,53,0,0,0,0,0,0.0,0,0,0,0,0,0
1046.2,2026-05-17T16:13:06,0016c001f10c2ef6,7.5,2.3,5.2,0.0,7809,702,7107,9.0,0.78,0.62,0.53,395445687,2024771536,3086,11807,1.2,234.1,3.1,2.0,60,53,0,0,0,0,0,0.0,0,0,0,0,0,0
1046.6,2026-05-17T16:13:07,0016c001f10c2ef6,6.4,2.3,4.1,0.0,7809,702,7107,9.0,0.78,0.62,0.53,395448825,2024783343,3138,11807,1.2,234.1,3.1,2.0,60,53,0,0,0,0,0,0.0,0,0,0,0,0,0
1047.0,2026-05-17T16:13:07,0016c001f10c2ef6,6.2,2.3,4.0,0.0,7809,702,7107,9.0,0.72,0.61,0.53,395451931,2024795228,3106,11885,1.2,234.1,3.1,2.0,60,53,0,0,0,0,0,0.0,0,0,0,0,0,0
1047.5,2026-05-17T16:13:08,0016c001f10c2ef6,7.1,1.2,5.4,0.6,7809,701,7108,9.0,0.72,0.61,0.53,395454965,2024807035,3034,11807,1.2,234.1,3.1,2.0,60,53,0,0,0,0,0,0.0,0,0,0,0,0,0
1047.9,2026-05-17T16:13:08,0016c001f10c2ef6,7.0,2.3,4.7,0.0,7809,702,7107,9.0,0.72,0.61,0.53,395458980,2024850732,4015,43697,1.2,234.1,3.1,2.0,60,53,0,0,0,0,0,0.0,0,0,0,0,0,0
1048.3,2026-05-17T16:13:08,0016c001f10c2ef6,6.4,2.9,3.5,0.0,7809,702,7107,9.0,0.72,0.61,0.53,395462166,2024862539,3186,11807,1.2,234.1,3.1,2.0,60,53,0,0,0,0,0,0.0,0,0,0,0,0,0
1048.7,2026-05-17T16:13:09,0016c001f10c2ef6,6.3,2.3,4.0,0.0,7809,702,7107,9.0,0.72,0.61,0.53,395465204,2024874346,3038,11807,1.2,234.1,3.1,2.0,60,53,0,0,0,0,0,0.0,0,0,0,0,0,0
1049.2,2026-05-17T16:13:09,0016c001f10c2ef6,6.8,2.3,4.5,0.0,7809,703,7106,9.0,0.72,0.61,0.53,395468819,2024886153,3615,11807,1.2,234.1,3.1,2.0,60,53,0,0,0,0,0,0.0,0,0,0,0,0,0
1049.6,2026-05-17T16:13:10,0016c001f10c2ef6,9.8,2.6,7.3,0.0,7809,703,7106,9.0,0.72,0.61,0.53,395472446,2024898182,3627,12029,1.2,234.1,3.1,2.0,60,53,0,0,0,0,0,0.0,0,0,0,0,0,0
1050.1,2026-05-17T16:13:10,0016c001f10c2ef6,6.4,2.9,3.5,0.0,7809,702,7107,9.0,0.72,0.61,0.53,395475948,2024941879,3502,43697,1.2,234.1,3.1,2.0,60,53,0,0,0,0,0,0.0,0,0,0,0,0,0
1050.5,2026-05-17T16:13:11,0016c001f10c2ef6,6.4,2.9,3.5,0.0,7809,702,7107,9.0,0.72,0.61,0.53,395479034,2024953686,3086,11807,1.2,234.1,3.1,2.0,60,53,0,0,0,0,0,0.0,0,0,0,0,0,0
1050.9,2026-05-17T16:13:11,0016c001f10c2ef6,6.3,1.7,4.6,0.0,7809,702,7107,9.0,0.72,0.61,0.53,395482220,2024965493,3186,11807,1.2,234.1,3.1,2.0,60,53,0,0,0,0,0,0.0,0,0,0,0,0,0
1051.3,2026-05-17T16:13:12,0016c001f10c2ef6,4.0,1.7,2.3,0.0,7809,702,7107,9.0,0.72,0.61,0.53,395485310,2024977300,3090,11807,1.2,234.1,3.1,2.0,60,53,0,0,0,0,0,0.0,0,0,0,0,0,0
1051.8,2026-05-17T16:13:12,0016c001f10c2ef6,6.3,1.7,4.6,0.0,7809,702,7107,9.0,0.72,0.61,0.53,395489169,2025020997,3859,43697,1.2,234.1,3.1,2.0,60,53,0,0,0,0,0,0.0,0,0,0,0,0,0
1052.2,2026-05-17T16:13:12,0016c001f10c2ef6,9.4,3.5,5.9,0.0,7809,702,7107,9.0,0.74,0.62,0.53,395492203,2025032804,3034,11807,1.2,234.1,3.1,2.0,60,53,0,0,0,0,0,0.0,0,0,0,0,0,0
1052.6,2026-05-17T16:13:13,0016c001f10c2ef6,10.4,0.0,10.4,0.0,7809,702,7107,9.0,0.74,0.62,0.53,395495289,2025044611,3086,11807,1.2,234.1,3.1,2.0,60,53,0,0,0,0,0,0.0,0,0,0,0,0,0
1053.0,2026-05-17T16:13:13,0016c001f10c2ef6,19.3,1.8,16.9,0.6,7809,702,7107,9.0,0.74,0.62,0.53,395498399,2025056508,3110,11897,1.2,234.1,3.1,2.0,60,53,0,0,0,0,0,0.0,0,0,0,0,0,0
1053.5,2026-05-17T16:13:14,0016c001f10c2ef6,18.1,1.8,16.3,0.0,7809,702,7107,9.0,0.74,0.62,0.53,395501485,2025068315,3086,11807,1.2,234.1,3.1,2.0,60,53,0,0,0,0,0,0.0,0,0,0,0,0,0
1053.9,2026-05-17T16:13:14,0016c001f10c2ef6,23.1,4.7,18.3,0.0,7809,701,7108,9.0,0.74,0.62,0.53,395505500,2025112012,4015,43697,1.2,234.1,3.1,2.0,60,53,0,0,0,0,0,0.0,0,0,0,0,0,0
1054.3,2026-05-17T16:13:14,0016c001f10c2ef6,11.0,1.7,8.1,1.2,7809,702,7107,9.0,0.74,0.62,0.53,395508686,2025123819,3186,11807,1.2,234.1,3.1,2.0,60,53,0,0,0,0,0,0.0,0,0,0,0,0,0
1054.8,2026-05-17T16:13:15,0016c001f10c2ef6,8.7,2.0,6.6,0.0,7809,701,7108,9.0,0.74,0.62,0.53,395511890,2025135812,3204,11993,1.2,234.1,3.1,2.0,60,53,0,0,0,0,0,0.0,0,0,0,0,0,0
1055.3,2026-05-17T16:13:15,0016c001f10c2ef6,9.3,3.9,5.4,0.0,7809,702,7107,9.0,0.74,0.62,0.53,395514876,2025147685,2986,11873,1.2,234.1,3.1,2.0,60,53,0,0,0,0,0,0.0,0,0,0,0,0,0
1055.7,2026-05-17T16:13:16,0016c001f10c2ef6,6.3,0.6,5.7,0.0,7809,702,7107,9.0,0.74,0.62,0.53,395518835,2025191382,3959,43697,1.2,234.1,3.1,2.0,60,53,0,0,0,0,0,0.0,0,0,0,0,0,0
1056.1,2026-05-17T16:13:16,0016c001f10c2ef6,7.5,2.9,4.6,0.0,7809,702,7107,9.0,0.74,0.62,0.53,395522029,2025203189,3194,11807,1.2,234.1,3.1,2.0,60,53,0,0,0,0,0,0.0,0,0,0,0,0,0
1056.6,2026-05-17T16:13:17,0016c001f10c2ef6,5.9,1.2,4.7,0.0,7809,702,7107,9.0,0.74,0.62,0.53,395525115,2025214996,3086,11807,1.2,234.1,3.1,2.0,60,53,0,0,0,0,0,0.0,0,0,0,0,0,0
1057.0,2026-05-17T16:13:17,0016c001f10c2ef6,4.8,1.2,3.6,0.0,7809,702,7107,9.0,0.68,0.61,0.53,395528149,2025226803,3034,11807,1.2,234.1,3.1,2.0,60,53,0,0,0,0,0,0.0,0,0,0,0,0,0
1057.4,2026-05-17T16:13:18,0016c001f10c2ef6,10.7,5.1,5.6,0.0,7809,702,7107,9.0,0.68,0.61,0.53,395531283,2025238610,3134,11807,1.2,234.1,3.1,2.0,60,53,0,0,0,0,0,0.0,0,0,0,0,0,0
1057.9,2026-05-17T16:13:18,0016c001f10c2ef6,6.2,2.8,3.4,0.0,7809,703,7106,9.0,0.68,0.61,0.53,395535250,2025282307,3967,43697,1.2,234.1,3.1,2.0,60,53,0,0,0,0,0,0.0,0,0,0,0,0,0
1058.3,2026-05-17T16:13:18,0016c001f10c2ef6,7.9,3.4,4.5,0.0,7809,702,7107,9.0,0.68,0.61,0.53,395538384,2025294114,3134,11807,1.2,234.1,3.1,2.0,60,53,0,0,0,0,0,0.0,0,0,0,0,0,0
1058.7,2026-05-17T16:13:19,0016c001f10c2ef6,5.8,2.3,3.5,0.0,7809,703,7106,9.0,0.68,0.61,0.53,395541851,2025305921,3467,11807,1.2,234.1,3.1,2.0,60,53,0,0,0,0,0,0.0,0,0,0,0,0,0
1059.1,2026-05-17T16:13:19,0016c001f10c2ef6,6.3,2.9,3.4,0.0,7809,702,7107,9.0,0.68,0.61,0.53,395545089,2025317728,3238,11807,1.2,234.1,3.1,2.0,60,53,0,0,0,0,0,0.0,0,0,0,0,0,0
1059.6,2026-05-17T16:13:20,0016c001f10c2ef6,6.2,2.3,4.0,0.0,7809,701,7108,9.0,0.68,0.61,0.53,395548179,2025329535,3090,11807,1.2,234.1,3.1,2.0,60,53,0,0,0,0,0,0.0,0,0,0,0,0,0
1060.0,2026-05-17T16:13:20,0016c001f10c2ef6,7.1,2.9,4.1,0.0,7809,701,7108,9.0,0.68,0.61,0.53,395552190,2025373232,4011,43697,1.2,234.1,3.1,2.0,60,53,0,0,0,0,0,0.0,0,0,0,0,0,0
1060.5,2026-05-17T16:13:21,0016c001f10c2ef6,9.0,4.0,5.0,0.0,7809,702,7107,9.0,0.68,0.61,0.53,395555176,2025385105,2986,11873,1.2,234.1,3.1,2.0,60,53,0,0,0,0,0,0.0,0,0,0,0,0,0
1060.9,2026-05-17T16:13:21,0016c001f10c2ef6,8.1,2.9,4.6,0.6,7809,702,7107,9.0,0.68,0.61,0.53,395558414,2025396912,3238,11807,1.2,234.1,3.1,2.0,60,53,0,0,0,0,0,0.0,0,0,0,0,0,0
1061.3,2026-05-17T16:13:22,0016c001f10c2ef6,7.4,2.9,4.6,0.0,7809,702,7107,9.0,0.68,0.61,0.53,395561552,2025408719,3138,11807,1.2,234.1,3.1,2.0,60,53,0,0,0,0,0,0.0,0,0,0,0,0,0
1061.8,2026-05-17T16:13:22,0016c001f10c2ef6,5.6,2.8,2.8,0.0,7809,703,7106,9.0,0.71,0.61,0.53,395564538,2025420526,2986,11807,1.2,234.1,3.1,2.0,60,53,0,0,0,0,0,0.0,0,0,0,0,0,0
1062.2,2026-05-17T16:13:22,0016c001f10c2ef6,7.6,2.3,5.3,0.0,7809,702,7107,9.0,0.71,0.61,0.53,395568397,2025464223,3859,43697,1.2,234.1,3.1,2.0,60,53,0,0,0,0,0,0.0,0,0,0,0,0,0
1062.6,2026-05-17T16:13:23,0016c001f10c2ef6,5.3,1.8,3.5,0.0,7809,702,7107,9.0,0.71,0.61,0.53,395571607,2025476108,3210,11885,1.2,234.1,3.1,2.0,60,53,0,0,0,0,0,0.0,0,0,0,0,0,0
1063.0,2026-05-17T16:13:23,0016c001f10c2ef6,7.0,2.3,4.7,0.0,7809,702,7107,9.0,0.71,0.61,0.53,395574741,2025487915,3134,11807,1.2,234.1,3.1,2.0,60,53,0,0,0,0,0,0.0,0,0,0,0,0,0
1063.4,2026-05-17T16:13:24,0016c001f10c2ef6,6.4,2.9,3.5,0.0,7809,702,7107,9.0,0.71,0.61,0.53,395577879,2025499722,3138,11807,1.2,234.1,3.1,2.0,60,53,0,0,0,0,0,0.0,0,0,0,0,0,0
1063.9,2026-05-17T16:13:24,0016c001f10c2ef6,5.3,1.6,3.7,0.0,7809,702,7107,9.0,0.71,0.61,0.53,395581898,2025543419,4019,43697,1.2,234.1,3.1,2.0,60,53,0,0,0,0,0,0.0,0,0,0,0,0,0
1064.3,2026-05-17T16:13:25,0016c001f10c2ef6,19.1,2.3,16.8,0.0,7809,702,7107,9.0,0.71,0.61,0.53,395584932,2025555226,3034,11807,1.2,234.1,3.1,2.0,60,53,0,0,0,0,0,0.0,0,0,0,0,0,0
1064.8,2026-05-17T16:13:25,0016c001f10c2ef6,19.6,2.2,17.3,0.0,7809,703,7106,9.0,0.71,0.61,0.53,395587966,2025567033,3034,11807,1.2,234.1,3.1,2.0,60,53,0,0,0,0,0,0.0,0,0,0,0,0,0
1065.2,2026-05-17T16:13:25,0016c001f10c2ef6,18.9,2.4,16.6,0.0,7809,703,7106,9.0,0.71,0.61,0.53,395591052,2025578840,3086,11807,1.2,234.1,3.1,2.0,60,53,0,0,0,0,0,0.0,0,0,0,0,0,0
1065.7,2026-05-17T16:13:27,0016c001f10c2ef6,13.1,2.3,10.8,0.0,7809,703,7106,9.0,0.71,0.61,0.53,395594290,2025590647,3238,11807,1.2,234.1,3.1,2.0,60,53,0,0,0,0,0,0.0,0,0,0,0,0,0
1066.1,2026-05-17T16:13:27,0016c001f10c2ef6,6.4,2.3,4.1,0.0,7809,703,7106,9.0,0.71,0.61,0.53,395598101,2025634344,3811,43697,1.2,234.1,3.1,2.0,60,53,0,0,0,0,0,0.0,0,0,0,0,0,0
1066.5,2026-05-17T16:13:28,0016c001f10c2ef6,7.0,1.7,5.2,0.0,7809,704,7105,9.0,0.73,0.62,0.54,395601135,2025646151,3034,11807,1.2,234.1,3.1,2.0,60,53,0,0,0,0,0,0.0,0,0,0,0,0,0
1066.9,2026-05-17T16:13:28,0016c001f10c2ef6,5.8,1.7,4.0,0.0,7809,704,7105,9.0,0.73,0.62,0.54,395604181,2025658200,3046,12049,1.2,234.1,3.1,2.0,60,53,0,0,0,0,0,0.0,0,0,0,0,0,0
1067.4,2026-05-17T16:13:28,0016c001f10c2ef6,5.6,1.5,4.1,0.0,7809,704,7105,9.0,0.73,0.62,0.54,395607537,2025670159,3356,11959,1.2,234.1,3.1,2.0,60,53,0,0,0,0,0,0.0,0,0,0,0,0,0
1067.9,2026-05-17T16:13:29,0016c001f10c2ef6,6.1,2.8,3.4,0.0,7809,704,7105,9.0,0.73,0.62,0.54,395610623,2025681966,3086,11807,1.2,234.1,3.1,2.0,60,53,0,0,0,0,0,0.0,0,0,0,0,0,0
1068.3,2026-05-17T16:13:29,0016c001f10c2ef6,7.4,3.4,4.0,0.0,7809,703,7106,9.0,0.73,0.62,0.54,395614382,2025725663,3759,43697,1.2,234.1,3.1,2.0,60,53,0,0,0,0,0,0.0,0,0,0,0,0,0
1068.7,2026-05-17T16:13:30,0016c001f10c2ef6,6.5,2.4,4.1,0.0,7809,703,7106,9.0,0.73,0.62,0.54,395617897,2025737470,3515,11807,1.2,234.1,3.1,2.0,60,53,0,0,0,0,0,0.0,0,0,0,0,0,0
1069.1,2026-05-17T16:13:30,0016c001f10c2ef6,5.1,1.7,3.4,0.0,7809,702,7107,9.0,0.73,0.62,0.54,395621135,2025749277,3238,11807,1.2,234.1,3.1,2.0,60,53,0,0,0,0,0,0.0,0,0,0,0,0,0
1069.6,2026-05-17T16:13:31,0016c001f10c2ef6,5.8,1.7,4.1,0.0,7809,703,7106,9.0,0.73,0.62,0.54,395624121,2025761084,2986,11807,1.2,234.1,3.1,2.0,60,53,0,0,0,0,0,0.0,0,0,0,0,0,0
1070.0,2026-05-17T16:13:31,0016c001f10c2ef6,7.7,2.4,5.4,0.0,7809,703,7106,9.0,0.73,0.62,0.54,395628340,2025804781,4219,43697,1.2,234.1,3.1,2.0,60,53,0,0,0,0,0,0.0,0,0,0,0,0,0
1070.4,2026-05-17T16:13:31,0016c001f10c2ef6,8.9,3.6,4.7,0.5,7809,703,7106,9.0,0.73,0.62,0.54,395631426,2025816654,3086,11873,1.2,234.1,3.1,2.0,60,53,0,0,0,0,0,0.0,0,0,0,0,0,0
1070.9,2026-05-17T16:13:32,0016c001f10c2ef6,6.4,1.2,5.2,0.0,7809,703,7106,9.0,0.73,0.62,0.54,395634412,2025828461,2986,11807,1.2,234.1,3.1,2.0,60,53,0,0,0,0,0,0.0,0,0,0,0,0,0
1071.3,2026-05-17T16:13:32,0016c001f10c2ef6,5.8,1.8,4.1,0.0,7809,702,7107,9.0,0.67,0.61,0.53,395637498,2025840268,3086,11807,1.2,234.1,3.1,2.0,60,53,0,0,0,0,0,0.0,0,0,0,0,0,0
1071.7,2026-05-17T16:13:33,0016c001f10c2ef6,6.4,2.3,4.1,0.0,7809,702,7107,9.0,0.67,0.61,0.53,395640584,2025852075,3086,11807,1.2,234.1,3.1,2.0,60,53,0,0,0,0,0,0.0,0,0,0,0,0,0
1072.1,2026-05-17T16:13:33,0016c001f10c2ef6,7.3,3.4,3.9,0.0,7809,702,7107,9.0,0.67,0.61,0.53,395644651,2025895772,4067,43697,1.2,234.1,3.1,2.0,60,53,0,0,0,0,0,0.0,0,0,0,0,0,0
1072.6,2026-05-17T16:13:34,0016c001f10c2ef6,7.6,2.3,5.2,0.0,7809,702,7107,9.0,0.67,0.61,0.53,395647737,2025907579,3086,11807,1.2,234.1,3.1,2.0,60,53,0,0,0,0,0,0.0,0,0,0,0,0,0
1073.0,2026-05-17T16:13:34,0016c001f10c2ef6,5.8,1.7,4.1,0.0,7809,702,7107,9.0,0.67,0.61,0.53,395650871,2025919386,3134,11807,1.2,234.1,3.1,2.0,60,53,0,0,0,0,0,0.0,0,0,0,0,0,0
1073.4,2026-05-17T16:13:34,0016c001f10c2ef6,6.9,2.9,4.0,0.0,7809,702,7107,9.0,0.67,0.61,0.53,395654009,2025931193,3138,11807,1.2,234.1,3.1,2.0,60,53,0,0,0,0,0,0.0,0,0,0,0,0,0
1073.8,2026-05-17T16:13:35,0016c001f10c2ef6,5.7,1.7,4.0,0.0,7809,702,7107,9.0,0.67,0.61,0.53,395657047,2025943000,3038,11807,1.2,234.1,3.1,2.0,60,53,0,0,0,0,0,0.0,0,0,0,0,0,0
1074.3,2026-05-17T16:13:35,0016c001f10c2ef6,7.5,2.9,4.6,0.0,7809,702,7107,9.0,0.67,0.61,0.53,395661010,2025986697,3963,43697,1.2,234.1,3.1,2.0,60,53,0,0,0,0,0,0.0,0,0,0,0,0,0
1074.7,2026-05-17T16:13:36,0016c001f10c2ef6,6.8,2.8,4.0,0.0,7809,702,7107,9.0,0.67,0.61,0.53,395664196,2025998504,3186,11807,1.2,234.1,3.1,2.0,60,53,0,0,0,0,0,0.0,0,0,0,0,0,0
1075.1,2026-05-17T16:13:36,0016c001f10c2ef6,6.9,2.9,4.0,0.0,7809,702,7107,9.0,0.67,0.61,0.53,395667386,2026010311,3190,11807,1.2,234.1,3.1,2.0,60,53,0,0,0,0,0,0.0,0,0,0,0,0,0
1075.6,2026-05-17T16:13:37,0016c001f10c2ef6,14.8,3.6,11.2,0.0,7809,702,7107,9.0,0.67,0.61,0.53,395670372,2026022184,2986,11873,1.2,234.1,3.1,2.0,60,53,0,0,0,0,0,0.0,0,0,0,0,0,0
1076.1,2026-05-17T16:13:37,0016c001f10c2ef6,18.6,2.3,16.3,0.0,7809,702,7107,9.0,0.67,0.61,0.53,395674439,2026065881,4067,43697,1.2,234.1,3.1,2.0,60,53,0,0,0,0,0,0.0,0,0,0,0,0,0
1076.5,2026-05-17T16:13:38,0016c001f10c2ef6,21.3,3.0,18.3,0.0,7809,702,7107,9.0,0.78,0.63,0.54,395677577,2026077688,3138,11807,1.2,234.1,3.1,2.0,60,53,0,0,0,0,0,0.0,0,0,0,0,0,0
1076.9,2026-05-17T16:13:38,0016c001f10c2ef6,20.8,3.6,17.3,0.0,7809,702,7107,9.0,0.78,0.63,0.54,395680815,2026089495,3238,11807,1.2,234.2,3.1,2.0,60,53,0,0,0,0,0,0.0,0,0,0,0,0,0
1077.3,2026-05-17T16:13:38,0016c001f10c2ef6,5.7,2.8,2.8,0.0,7809,702,7107,9.0,0.78,0.63,0.54,395683953,2026101302,3138,11807,1.2,234.2,3.1,2.0,60,53,0,0,0,0,0,0.0,0,0,0,0,0,0
1077.8,2026-05-17T16:13:39,0016c001f10c2ef6,8.0,2.8,5.1,0.0,7809,703,7106,9.0,0.78,0.63,0.54,395686991,2026113109,3038,11807,1.2,234.2,3.1,2.0,60,53,0,0,0,0,0,0.0,0,0,0,0,0,0
1078.2,2026-05-17T16:13:39,0016c001f10c2ef6,5.2,1.7,3.5,0.0,7809,703,7106,9.0,0.78,0.63,0.54,395691507,2026156884,4516,43775,1.2,234.2,3.1,2.0,60,53,0,0,0,0,0,0.0,0,0,0,0,0,0
1078.6,2026-05-17T16:13:40,0016c001f10c2ef6,7.3,2.4,4.8,0.0,7809,703,7106,9.0,0.78,0.63,0.54,395694645,2026168691,3138,11807,1.2,234.2,3.1,2.0,60,53,0,0,0,0,0,0.0,0,0,0,0,0,0
1079.0,2026-05-17T16:13:40,0016c001f10c2ef6,5.8,2.3,3.5,0.0,7809,703,7106,9.0,0.78,0.63,0.54,395698011,2026180654,3366,11963,1.2,234.2,3.1,2.0,60,53,0,0,0,0,0,0.0,0,0,0,0,0,0
1079.5,2026-05-17T16:13:41,0016c001f10c2ef6,5.0,1.1,3.9,0.0,7809,702,7107,9.0,0.78,0.63,0.54,395701149,2026192461,3138,11807,1.2,234.2,3.1,2.0,60,53,0,0,0,0,0,0.0,0,0,0,0,0,0
1079.9,2026-05-17T16:13:41,0016c001f10c2ef6,6.2,1.7,4.5,0.0,7809,702,7107,9.0,0.78,0.63,0.54,395704135,2026204268,2986,11807,1.2,234.2,3.1,2.0,60,53,0,0,0,0,0,0.0,0,0,0,0,0,0
1080.3,2026-05-17T16:13:41,0016c001f10c2ef6,5.2,2.9,2.3,0.0,7809,702,7107,9.0,0.78,0.63,0.54,395708250,2026247965,4115,43697,1.2,234.2,3.1,2.0,60,53,0,0,0,0,0,0.0,0,0,0,0,0,0
1080.8,2026-05-17T16:13:42,0016c001f10c2ef6,9.6,2.5,7.1,0.0,7809,703,7106,9.0,0.78,0.63,0.54,395711388,2026259838,3138,11873,1.2,234.2,3.1,2.0,60,53,0,0,0,0,0,0.0,0,0,0,0,0,0
1081.2,2026-05-17T16:13:42,0016c001f10c2ef6,6.4,2.3,4.0,0.0,7809,703,7106,9.0,0.72,0.62,0.54,395714374,2026271645,2986,11807,1.2,234.2,3.1,2.0,60,53,0,0,0,0,0,0.0,0,0,0,0,0,0
1081.7,2026-05-17T16:13:43,0016c001f10c2ef6,8.7,3.5,5.2,0.0,7809,702,7107,9.0,0.72,0.62,0.54,395717460,2026283452,3086,11807,1.2,234.2,3.1,2.0,60,53,0,0,0,0,0,0.0,0,0,0,0,0,0
1082.1,2026-05-17T16:13:43,0016c001f10c2ef6,6.7,2.8,3.9,0.0,7809,702,7107,9.0,0.72,0.62,0.54,395721471,2026327149,4011,43697,1.2,234.2,3.1,2.0,60,53,0,0,0,0,0,0.0,0,0,0,0,0,0
1082.5,2026-05-17T16:13:44,0016c001f10c2ef6,7.0,1.2,5.8,0.0,7809,702,7107,9.0,0.72,0.62,0.54,395724457,2026338956,2986,11807,1.2,234.2,3.1,2.0,60,53,0,0,0,0,0,0.0,0,0,0,0,0,0
1083.0,2026-05-17T16:13:44,0016c001f10c2ef6,6.4,2.3,4.1,0.0,7809,702,7107,9.0,0.72,0.62,0.54,395727543,2026350763,3086,11807,1.2,234.2,3.1,2.0,60,53,0,0,0,0,0,0.0,0,0,0,0,0,0
1083.4,2026-05-17T16:13:44,0016c001f10c2ef6,7.0,1.8,5.3,0.0,7809,702,7107,9.0,0.72,0.62,0.54,395730629,2026362570,3086,11807,1.2,234.2,3.1,2.0,60,53,0,0,0,0,0,0.0,0,0,0,0,0,0
1083.8,2026-05-17T16:13:45,0016c001f10c2ef6,6.2,2.3,4.0,0.0,7809,702,7107,9.0,0.72,0.62,0.54,395733663,2026374377,3034,11807,1.2,234.2,3.1,2.0,60,53,0,0,0,0,0,0.0,0,0,0,0,0,0
1084.2,2026-05-17T16:13:45,0016c001f10c2ef6,5.9,2.4,3.6,0.0,7809,702,7107,9.0,0.72,0.62,0.54,395737776,2026418116,4113,43739,1.2,234.2,3.1,2.0,60,53,0,0,0,0,0,0.0,0,0,0,0,0,0
1084.7,2026-05-17T16:13:46,0016c001f10c2ef6,7.9,2.8,5.1,0.0,7809,702,7107,9.0,0.72,0.62,0.54,395740914,2026429923,3138,11807,1.2,234.2,3.1,2.0,60,53,0,0,0,0,0,0.0,0,0,0,0,0,0
1085.1,2026-05-17T16:13:46,0016c001f10c2ef6,6.3,0.6,5.7,0.0,7809,702,7107,9.0,0.72,0.62,0.54,395744000,2026441730,3086,11807,1.2,234.2,3.1,2.0,60,53,0,0,0,0,0,0.0,0,0,0,0,0,0
1085.5,2026-05-17T16:13:47,0016c001f10c2ef6,6.9,2.9,4.0,0.0,7809,702,7107,9.0,0.72,0.62,0.54,395747134,2026453537,3134,11807,1.2,234.2,3.1,2.0,60,53,0,0,0,0,0,0.0,0,0,0,0,0,0
1086.0,2026-05-17T16:13:47,0016c001f10c2ef6,9.5,3.5,6.0,0.0,7809,702,7107,9.0,0.74,0.63,0.54,395750244,2026466171,3110,12634,1.2,234.3,3.1,2.0,60,53,0,0,0,0,0,0.0,0,0,0,0,0,0
1086.4,2026-05-17T16:13:47,0016c001f10c2ef6,8.9,5.3,3.6,0.0,7809,702,7107,9.0,0.74,0.63,0.54,395754409,2026511450,4165,45279,1.2,234.3,3.1,2.0,60,53,0,0,0,0,0,0.0,0,0,0,0,0,0
1086.8,2026-05-17T16:13:48,0016c001f10c2ef6,6.3,2.3,4.0,0.0,7809,703,7106,9.0,0.74,0.63,0.54,395757443,2026523257,3034,11807,1.2,234.3,3.1,2.0,60,53,0,0,0,0,0,0.0,0,0,0,0,0,0
1087.3,2026-05-17T16:13:48,0016c001f10c2ef6,19.1,1.7,17.3,0.0,7809,702,7107,9.0,0.74,0.63,0.54,395760529,2026535064,3086,11807,1.2,234.3,3.1,2.0,60,53,0,0,0,0,0,0.0,0,0,0,0,0,0
1087.7,2026-05-17T16:13:49,0016c001f10c2ef6,18.5,3.0,15.5,0.0,7809,702,7107,9.0,0.74,0.63,0.54,395763615,2026546871,3086,11807,1.2,234.3,3.1,2.0,60,53,0,0,0,0,0,0.0,0,0,0,0,0,0
1088.1,2026-05-17T16:13:49,0016c001f10c2ef6,18.9,1.8,17.1,0.0,7809,702,7107,9.0,0.74,0.63,0.54,395767078,2026558678,3463,11807,1.2,234.3,3.1,2.0,60,53,0,0,0,0,0,0.0,0,0,0,0,0,0
1088.6,2026-05-17T16:13:50,0016c001f10c2ef6,15.1,4.1,11.0,0.0,7809,703,7106,9.0,0.74,0.63,0.54,395771145,2026602375,4067,43697,1.2,234.3,3.1,2.0,60,53,0,0,0,0,0,0.0,0,0,0,0,0,0
1089.0,2026-05-17T16:13:50,0016c001f10c2ef6,5.2,1.7,3.5,0.0,7809,702,7107,9.0,0.74,0.63,0.54,395774231,2026614182,3086,11807,1.2,234.3,3.1,2.0,60,53,0,0,0,0,0,0.0,0,0,0,0,0,0
1089.4,2026-05-17T16:13:50,0016c001f10c2ef6,7.1,2.4,4.7,0.0,7809,702,7107,9.0,0.74,0.63,0.54,395777317,2026625989,3086,11807,1.2,234.3,3.1,2.0,60,53,0,0,0,0,0,0.0,0,0,0,0,0,0
1089.8,2026-05-17T16:13:51,0016c001f10c2ef6,7.6,2.9,4.1,0.6,7809,702,7107,9.0,0.74,0.63,0.54,395780351,2026637796,3034,11807,1.2,234.3,3.1,2.0,61,54,1,1,0,0,0,0.0,0,0,0,0,0,0
1090.2,2026-05-17T16:13:51,0016c001f10c2ef6,6.6,1.8,4.8,0.0,7809,702,7107,9.0,0.74,0.63,0.54,395784314,2026681493,3963,43697,1.2,234.3,3.1,2.0,61,54,0,0,0,0,0,0.0,0,0,0,0,0,0
1090.6,2026-05-17T16:13:52,0016c001f10c2ef6,7.2,3.6,3.6,0.0,7809,703,7106,9.0,0.74,0.63,0.54,395787448,2026693300,3134,11807,1.2,234.3,3.1,2.0,61,54,0,0,0,0,0,0.0,0,0,0,0,0,0
1091.1,2026-05-17T16:13:52,0016c001f10c2ef6,9.0,3.0,6.0,0.0,7809,703,7106,9.0,0.68,0.62,0.54,395790586,2026705239,3138,11939,1.2,234.3,3.1,2.0,61,54,0,0,0,0,0,0.0,0,0,0,0,0,0
1091.6,2026-05-17T16:13:53,0016c001f10c2ef6,8.8,3.1,5.7,0.0,7809,703,7106,9.0,0.68,0.62,0.54,395793776,2026717112,3190,11873,1.2,234.3,3.1,2.0,61,54,0,0,0,0,0,0.0,0,0,0,0,0,0
1092.1,2026-05-17T16:13:53,0016c001f10c2ef6,9.6,3.0,6.6,0.0,7809,703,7106,9.0,0.68,0.62,0.54,395796914,2026728985,3138,11873,1.2,234.3,3.1,2.0,61,54,0,0,0,0,0,0.0,0,0,0,0,0,0
1092.6,2026-05-17T16:13:54,0016c001f10c2ef6,10.9,5.0,5.9,0.0,7809,702,7107,9.0,0.68,0.62,0.54,395801033,2026772748,4119,43763,1.2,234.3,3.1,2.0,61,54,0,0,0,0,0,0.0,0,0,0,0,0,0
1093.1,2026-05-17T16:13:54,0016c001f10c2ef6,9.0,3.0,6.0,0.0,7809,702,7107,9.0,0.68,0.62,0.54,395804171,2026784687,3138,11939,1.2,234.3,3.1,2.0,61,54,0,0,0,0,0,0.0,0,0,0,0,0,0
1093.6,2026-05-17T16:13:55,0016c001f10c2ef6,9.1,3.5,5.6,0.0,7809,703,7106,9.0,0.68,0.62,0.54,395807229,2026796638,3058,11951,1.2,234.3,3.1,2.0,61,54,0,0,0,0,0,0.0,0,0,0,0,0,0
1094.0,2026-05-17T16:13:55,0016c001f10c2ef6,5.9,1.8,4.1,0.0,7809,703,7106,9.0,0.68,0.62,0.54,395810367,2026808445,3138,11807,1.2,234.3,3.1,2.0,61,54,0,0,0,0,0,0.0,0,0,0,0,0,0
1094.4,2026-05-17T16:13:55,0016c001f10c2ef6,5.2,1.7,3.5,0.0,7809,703,7106,9.0,0.68,0.62,0.54,395814278,2026852142,3911,43697,1.2,234.2,3.1,2.0,61,54,0,0,0,0,0,0.0,0,0,0,0,0,0
1094.8,2026-05-17T16:13:56,0016c001f10c2ef6,7.6,1.8,5.9,0.0,7809,703,7106,9.0,0.68,0.62,0.54,395817312,2026863949,3034,11807,1.2,234.2,3.1,2.0,61,54,0,0,0,0,0,0.0,0,0,0,0,0,0
1095.3,2026-05-17T16:13:56,0016c001f10c2ef6,7.5,3.5,4.0,0.0,7809,702,7107,9.0,0.68,0.62,0.54,395820346,2026875756,3034,11807,1.2,234.2,3.1,2.0,61,54,0,0,0,0,0,0.0,0,0,0,0,0,0
1095.7,2026-05-17T16:13:57,0016c001f10c2ef6,6.5,1.2,5.3,0.0,7809,702,7107,9.0,0.62,0.61,0.54,395823432,2026887563,3086,11807,1.2,234.2,3.1,2.0,61,54,0,0,0,0,0,0.0,0,0,0,0,0,0
1096.1,2026-05-17T16:13:57,0016c001f10c2ef6,9.9,4.7,5.2,0.0,7809,703,7106,9.0,0.62,0.61,0.54,395826668,2026901432,3236,13869,1.2,234.1,3.1,2.0,61,54,0,0,0,0,0,0.0,0,0,0,0,0,0
1096.5,2026-05-17T16:13:58,0016c001f10c2ef6,7.6,2.7,4.9,0.0,7809,702,7107,9.0,0.62,0.61,0.54,395830423,2026945154,3755,43722,1.2,234.2,3.1,2.0,61,54,0,0,0,0,0,0.0,0,0,0,0,0,0
1097.0,2026-05-17T16:13:58,0016c001f10c2ef6,5.1,1.1,4.0,0.0,7809,702,7107,9.0,0.62,0.61,0.54,395833451,2026957906,3028,12752,1.2,234.2,3.1,2.0,61,54,0,0,0,0,0,0.0,0,0,0,0,0,0
1097.4,2026-05-17T16:13:58,0016c001f10c2ef6,7.7,2.2,4.4,1.1,7809,702,7107,9.0,0.62,0.61,0.54,395836485,2026969713,3034,11807,1.2,234.3,3.1,2.0,61,54,0,0,0,0,0,0.0,0,0,0,0,0,0
1097.9,2026-05-17T16:14:00,0016c001f10c2ef6,5.4,1.6,3.2,0.5,7809,702,7107,9.0,0.62,0.61,0.54,395839948,2026981520,3463,11807,1.2,234.3,3.1,2.0,61,54,0,0,0,0,0,0.0,0,0,0,0,0,0
1098.3,2026-05-17T16:14:00,0016c001f10c2ef6,5.8,2.3,3.5,0.0,7809,703,7106,9.0,0.62,0.61,0.54,395844119,2027025242,4171,43722,1.2,234.3,3.1,2.0,61,54,0,0,0,0,0,0.0,0,0,0,0,0,0
1098.8,2026-05-17T16:14:01,0016c001f10c2ef6,20.8,2.9,17.9,0.0,7809,704,7105,9.0,0.62,0.61,0.54,395847225,2027037135,3106,11893,1.2,234.3,3.1,2.0,61,54,0,0,0,0,0,0.0,0,0,0,0,0,0
1099.2,2026-05-17T16:14:01,0016c001f10c2ef6,19.8,2.4,17.4,0.0,7809,702,7107,9.0,0.62,0.61,0.54,395850311,2027048942,3086,11807,1.2,234.3,3.1,2.0,61,54,0,0,0,0,0,0.0,0,0,0,0,0,0
1099.6,2026-05-17T16:14:02,0016c001f10c2ef6,19.2,1.8,17.4,0.0,7809,703,7106,9.0,0.62,0.61,0.54,395853497,2027060749,3186,11807,1.2,234.3,3.1,2.0,61,54,0,0,0,0,0,0.0,0,0,0,0,0,0
1100.0,2026-05-17T16:14:02,0016c001f10c2ef6,13.5,2.4,11.2,0.0,7809,703,7106,9.0,0.62,0.61,0.54,395856483,2027072556,2986,11807,1.2,234.3,3.1,2.0,61,54,0,0,0,0,0,0.0,0,0,0,0,0,0
1100.5,2026-05-17T16:14:02,0016c001f10c2ef6,7.4,1.7,5.7,0.0,7809,703,7106,9.0,0.62,0.61,0.54,395860498,2027116278,4015,43722,1.2,234.3,3.1,2.0,61,54,0,0,0,0,0,0.0,0,0,0,0,0,0
1100.9,2026-05-17T16:14:03,0016c001f10c2ef6,8.0,2.9,5.2,0.0,7809,703,7106,9.0,0.57,0.6,0.53,395863584,2027128085,3086,11807,1.2,234.3,3.1,2.0,61,54,0,0,0,0,0,0.0,0,0,0,0,0,0
1101.3,2026-05-17T16:14:03,0016c001f10c2ef6,5.2,1.7,3.4,0.0,7809,703,7106,9.0,0.57,0.6,0.53,395866618,2027139892,3034,11807,1.2,234.3,3.1,2.0,61,54,0,0,0,0,0,0.0,0,0,0,0,0,0
1101.7,2026-05-17T16:14:04,0016c001f10c2ef6,8.5,2.3,6.2,0.0,7809,703,7106,9.0,0.57,0.6,0.53,395870006,2027153973,3388,14081,1.2,234.3,3.1,2.0,61,54,0,0,0,0,0,0.0,0,0,0,0,0,0
1102.2,2026-05-17T16:14:04,0016c001f10c2ef6,5.1,2.3,2.8,0.0,7809,703,7106,9.0,0.57,0.6,0.53,395872992,2027165780,2986,11807,1.2,234.3,3.1,2.0,61,54,0,0,0,0,0,0.0,0,0,0,0,0,0
1102.6,2026-05-17T16:14:05,0016c001f10c2ef6,7.3,2.8,3.9,0.6,7809,702,7107,9.0,0.57,0.6,0.53,395876997,2027211751,4005,45971,1.2,234.3,3.1,2.0,61,54,0,0,0,0,0,0.0,0,0,0,0,0,0
1103.0,2026-05-17T16:14:05,0016c001f10c2ef6,8.2,3.5,4.7,0.0,7809,702,7107,9.0,0.57,0.6,0.53,395879983,2027223558,2986,11807,1.2,234.3,3.1,2.0,61,54,0,0,0,0,0,0.0,0,0,0,0,0,0
1103.5,2026-05-17T16:14:05,0016c001f10c2ef6,7.3,2.8,4.5,0.0,7809,702,7107,9.0,0.57,0.6,0.53,395883117,2027235365,3134,11807,1.2,234.3,3.1,2.0,61,54,0,0,0,0,0,0.0,0,0,0,0,0,0
1104.0,2026-05-17T16:14:06,0016c001f10c2ef6,9.4,3.4,5.9,0.0,7809,703,7106,9.0,0.57,0.6,0.53,395886155,2027247238,3038,11873,1.2,234.3,3.1,2.0,61,54,0,0,0,0,0,0.0,0,0,0,0,0,0
1104.4,2026-05-17T16:14:06,0016c001f10c2ef6,6.2,1.7,4.5,0.0,7809,702,7107,9.0,0.57,0.6,0.53,395890118,2027290960,3963,43722,1.2,234.3,3.1,2.0,61,54,0,0,0,0,0,0.0,0,0,0,0,0,0
1104.8,2026-05-17T16:14:07,0016c001f10c2ef6,6.9,3.4,3.4,0.0,7809,702,7107,9.0,0.57,0.6,0.53,395893152,2027302767,3034,11807,1.2,234.3,3.1,2.0,61,54,0,0,0,0,0,0.0,0,0,0,0,0,0
1105.3,2026-05-17T16:14:07,0016c001f10c2ef6,5.8,2.3,3.5,0.0,7809,702,7107,9.0,0.57,0.6,0.53,395896290,2027314574,3138,11807,1.2,234.3,3.1,2.0,61,54,0,0,0,0,0,0.0,0,0,0,0,0,0
1105.7,2026-05-17T16:14:08,0016c001f10c2ef6,4.5,1.7,2.8,0.0,7809,702,7107,9.0,0.53,0.59,0.53,395899376,2027326381,3086,11807,1.2,234.3,3.1,2.0,61,54,0,0,0,0,0,0.0,0,0,0,0,0,0
1106.1,2026-05-17T16:14:08,0016c001f10c2ef6,7.5,2.3,5.2,0.0,7809,701,7108,9.0,0.53,0.59,0.53,395902562,2027338188,3186,11807,1.2,234.3,3.1,2.0,61,54,0,0,0,0,0,0.0,0,0,0,0,0,0
1106.6,2026-05-17T16:14:08,0016c001f10c2ef6,6.8,1.7,5.1,0.0,7809,702,7107,9.0,0.53,0.59,0.53,395906425,2027381910,3863,43722,1.2,234.3,3.1,2.0,61,54,0,0,0,0,0,0.0,0,0,0,0,0,0
1107.0,2026-05-17T16:14:09,0016c001f10c2ef6,7.4,3.4,4.0,0.0,7809,702,7107,9.0,0.53,0.59,0.53,395909511,2027393717,3086,11807,1.2,234.3,3.1,2.0,61,54,0,0,0,0,0,0.0,0,0,0,0,0,0
1107.4,2026-05-17T16:14:09,0016c001f10c2ef6,6.7,1.7,5.1,0.0,7809,702,7107,9.0,0.53,0.59,0.53,395913178,2027405524,3667,11807,1.2,234.3,3.1,2.0,61,54,0,0,0,0,0,0.0,0,0,0,0,0,0
1107.9,2026-05-17T16:14:10,0016c001f10c2ef6,7.4,2.3,4.5,0.6,7809,702,7107,9.0,0.53,0.59,0.53,395916316,2027417331,3138,11807,1.2,234.3,3.1,2.0,61,54,0,0,0,0,0,0.0,0,0,0,0,0,0
1108.3,2026-05-17T16:14:10,0016c001f10c2ef6,5.3,1.8,3.5,0.0,7809,701,7108,9.0,0.53,0.59,0.53,395919482,2027429294,3166,11963,1.2,234.3,3.1,2.0,61,54,0,0,0,0,0,0.0,0,0,0,0,0,0
1108.7,2026-05-17T16:14:11,0016c001f10c2ef6,8.4,2.8,5.6,0.0,7809,701,7108,9.0,0.53,0.59,0.53,395923649,2027473016,4167,43722,1.2,234.3,3.1,2.0,61,54,0,0,0,0,0,0.0,0,0,0,0,0,0
1109.2,2026-05-17T16:14:11,0016c001f10c2ef6,8.5,3.0,5.5,0.0,7809,701,7108,9.0,0.53,0.59,0.53,395926859,2027484967,3210,11951,1.2,234.3,3.1,2.0,61,54,0,0,0,0,0,0.0,0,0,0,0,0,0
1109.7,2026-05-17T16:14:12,0016c001f10c2ef6,6.1,1.7,4.4,0.0,7809,702,7107,9.0,0.53,0.59,0.53,395929897,2027496774,3038,11807,1.2,234.3,3.1,2.0,61,54,0,0,0,0,0,0.0,0,0,0,0,0,0
1110.1,2026-05-17T16:14:12,0016c001f10c2ef6,15.1,1.7,13.4,0.0,7809,702,7107,9.0,0.53,0.59,0.53,395932983,2027508581,3086,11807,1.2,234.3,3.1,2.0,61,54,0,0,0,0,0,0.0,0,0,0,0,0,0
1110.5,2026-05-17T16:14:12,0016c001f10c2ef6,22.4,4.1,18.2,0.0,7809,702,7107,9.0,0.97,0.68,0.56,395937050,2027552303,4067,43722,1.2,234.3,3.1,2.0,61,54,0,0,0,0,0,0.0,0,0,0,0,0,0
1110.9,2026-05-17T16:14:13,0016c001f10c2ef6,21.6,4.7,17.0,0.0,7809,703,7106,9.0,0.97,0.68,0.56,395940136,2027564110,3086,11807,1.2,234.3,3.1,2.0,61,54,0,0,0,0,0,0.0,0,0,0,0,0,0
1111.4,2026-05-17T16:14:13,0016c001f10c2ef6,18.6,2.3,16.3,0.0,7809,703,7106,9.0,0.97,0.68,0.56,395943322,2027576982,3186,12872,1.2,234.3,3.1,2.0,61,54,0,0,0,0,0,0.0,0,0,0,0,0,0
1111.8,2026-05-17T16:14:14,0016c001f10c2ef6,6.3,2.9,3.4,0.0,7809,703,7106,9.0,0.97,0.68,0.56,395946354,2027589806,3032,12824,1.2,234.3,3.1,2.0,61,54,0,0,0,0,0,0.0,0,0,0,0,0,0
1112.2,2026-05-17T16:14:14,0016c001f10c2ef6,5.7,2.3,3.4,0.0,7809,703,7106,9.0,0.97,0.68,0.56,395949388,2027601613,3034,11807,1.2,234.3,3.1,2.0,61,54,0,0,0,0,0,0.0,0,0,0,0,0,0
1112.7,2026-05-17T16:14:15,0016c001f10c2ef6,7.5,3.2,4.3,0.0,7809,703,7106,9.0,0.97,0.68,0.56,395953397,2027646309,4009,44696,1.2,234.3,3.1,2.0,61,54,0,0,0,0,0,0.0,0,0,0,0,0,0
1113.1,2026-05-17T16:14:15,0016c001f10c2ef6,8.1,2.2,5.4,0.5,7809,702,7107,9.0,0.97,0.68,0.56,395956483,2027658116,3086,11807,1.2,234.3,3.1,2.0,61,54,0,0,0,0,0,0.0,0,0,0,0,0,0
1113.6,2026-05-17T16:14:16,0016c001f10c2ef6,8.9,3.2,4.2,1.6,7809,703,7106,9.0,0.97,0.68,0.56,395959569,2027670606,3086,12490,1.2,234.3,3.1,2.0,61,54,0,0,0,0,0,0.0,0,0,0,0,0,0
1114.0,2026-05-17T16:14:16,0016c001f10c2ef6,9.0,3.4,5.6,0.0,7809,703,7106,9.0,0.97,0.68,0.56,395962911,2027682413,3342,11807,1.2,234.3,3.1,2.0,61,54,0,0,0,0,0,0.0,0,0,0,0,0,0
1114.5,2026-05-17T16:14:16,0016c001f10c2ef6,10.3,3.4,6.9,0.0,7809,703,7106,9.0,0.97,0.68,0.56,395967076,2027727812,4165,45399,1.2,234.3,3.1,2.0,61,54,0,0,0,0,0,0.0,0,0,0,0,0,0
1115.0,2026-05-17T16:14:17,0016c001f10c2ef6,10.4,4.0,6.4,0.0,7809,703,7106,9.0,0.97,0.68,0.56,395970114,2027739685,3038,11873,1.2,234.3,3.1,2.0,61,54,0,0,0,0,0,0.0,0,0,0,0,0,0
1115.6,2026-05-17T16:14:17,0016c001f10c2ef6,10.0,3.2,6.8,0.0,7809,702,7107,9.0,0.97,0.68,0.56,395973252,2027751558,3138,11873,1.2,234.3,3.1,2.0,61,54,0,0,0,0,0,0.0,0,0,0,0,0,0
1116.0,2026-05-17T16:14:18,0016c001f10c2ef6,5.9,1.8,4.1,0.0,7809,703,7106,9.0,0.97,0.68,0.56,395976286,2027763365,3034,11807,1.2,234.3,3.1,2.0,61,54,0,0,0,0,0,0.0,0,0,0,0,0,0
1116.4,2026-05-17T16:14:18,0016c001f10c2ef6,5.9,1.8,4.1,0.0,7809,702,7107,9.0,0.97,0.68,0.56,395979372,2027775855,3086,12490,1.2,234.4,3.1,2.0,61,54,0,0,0,0,0,0.0,0,0,0,0,0,0
1116.8,2026-05-17T16:14:19,0016c001f10c2ef6,9.9,5.3,4.7,0.0,7809,703,7106,9.0,0.97,0.68,0.56,395983407,2027819680,4035,43825,1.2,234.4,3.1,2.0,61,54,0,0,0,0,0,0.0,0,0,0,0,0,0
1117.2,2026-05-17T16:14:19,0016c001f10c2ef6,6.3,1.7,4.6,0.0,7809,702,7107,9.0,0.97,0.68,0.56,395987072,2027833159,3665,13479,1.2,234.4,3.1,2.0,61,54,0,0,0,0,0,0.0,0,0,0,0,0,0
1117.7,2026-05-17T16:14:20,0016c001f10c2ef6,7.0,1.6,5.3,0.0,7809,703,7106,9.0,0.97,0.68,0.56,395990054,2027844966,2982,11807,1.2,234.4,3.1,2.0,61,54,0,0,0,0,0,0.0,0,0,0,0,0,0
1118.1,2026-05-17T16:14:20,0016c001f10c2ef6,6.7,1.7,5.0,0.0,7809,703,7106,9.0,0.97,0.68,0.56,395993088,2027856773,3034,11807,1.2,234.4,3.1,2.0,61,54,0,0,0,0,0,0.0,0,0,0,0,0,0
1118.6,2026-05-17T16:14:20,0016c001f10c2ef6,6.0,2.2,3.8,0.0,7809,702,7107,9.0,0.97,0.68,0.56,395996326,2027868580,3238,11807,1.2,234.4,3.1,2.0,61,54,0,0,0,0,0,0.0,0,0,0,0,0,0
1119.0,2026-05-17T16:14:21,0016c001f10c2ef6,8.1,2.3,5.8,0.0,7809,702,7107,9.0,0.97,0.68,0.56,396000393,2027912327,4067,43747,1.2,234.4,3.1,2.0,68,60,7,6,0,0,0,0.0,0,0,0,0,0,0
1119.4,2026-05-17T16:14:21,0016c001f10c2ef6,6.4,3.5,2.9,0.0,7809,702,7107,9.0,0.97,0.68,0.56,396003379,2027924134,2986,11807,1.2,234.4,3.1,2.0,68,60,0,0,0,0,0,0.0,0,0,0,0,0,0
1119.9,2026-05-17T16:14:22,0016c001f10c2ef6,7.3,2.3,5.1,0.0,7809,702,7107,9.0,0.97,0.68,0.56,396006413,2027935941,3034,11807,1.2,234.4,3.1,2.0,68,60,0,0,0,0,0,0.0,0,0,0,0,0,0
1120.3,2026-05-17T16:14:22,0016c001f10c2ef6,6.3,2.9,3.4,0.0,7809,702,7107,9.0,0.89,0.67,0.56,396009651,2027947748,3238,11807,1.2,234.4,3.1,2.0,68,60,0,0,0,0,0,0.0,0,0,0,0,0,0
1120.8,2026-05-17T16:14:23,0016c001f10c2ef6,9.7,3.6,6.1,0.0,7809,702,7107,9.0,0.89,0.67,0.56,396013822,2027991561,4171,43813,1.2,234.4,3.1,2.0,68,60,0,0,0,0,0,0.0,0,0,0,0,0,0
1121.3,2026-05-17T16:14:23,0016c001f10c2ef6,12.6,6.1,6.6,0.0,7809,702,7107,9.0,0.89,0.67,0.56,396016860,2028003434,3038,11873,1.2,234.4,3.1,2.0,68,60,0,0,0,0,0,0.0,0,0,0,0,0,0
1121.7,2026-05-17T16:14:24,0016c001f10c2ef6,19.9,2.3,17.5,0.0,7809,702,7107,9.0,0.89,0.67,0.56,396019946,2028015241,3086,11807,1.2,234.5,3.1,2.0,68,60,0,0,0,0,0,0.0,0,0,0,0,0,0
1122.1,2026-05-17T16:14:24,0016c001f10c2ef6,19.3,1.2,18.1,0.0,7809,702,7107,9.0,0.89,0.67,0.56,396022980,2028027048,3034,11807,1.2,234.5,3.1,2.0,68,60,0,0,0,0,0,0.0,0,0,0,0,0,0
1122.5,2026-05-17T16:14:24,0016c001f10c2ef6,20.9,3.5,17.4,0.0,7809,702,7107,9.0,0.89,0.67,0.56,396026170,2028038855,3190,11807,1.2,234.5,3.1,2.0,68,60,0,0,0,0,0,0.0,0,0,0,0,0,0
1123.0,2026-05-17T16:14:25,0016c001f10c2ef6,14.0,1.8,12.3,0.0,7809,702,7107,9.0,0.89,0.67,0.56,396030133,2028082602,3963,43747,1.2,234.4,3.1,2.0,68,60,0,0,0,0,0,0.0,0,0,0,0,0,0
1123.4,2026-05-17T16:14:25,0016c001f10c2ef6,6.9,2.9,4.0,0.0,7809,703,7106,9.0,0.89,0.67,0.56,396033271,2028094409,3138,11807,1.2,234.4,3.1,2.0,68,60,0,0,0,0,0,0.0,0,0,0,0,0,0
1123.9,2026-05-17T16:14:26,0016c001f10c2ef6,7.1,1.0,5.6,0.5,7809,704,7105,9.0,0.89,0.67,0.56,396036369,2028106458,3098,12049,1.2,234.4,3.1,2.0,68,60,0,0,0,0,0,0.0,0,0,0,0,0,0
1124.3,2026-05-17T16:14:26,0016c001f10c2ef6,7.0,2.9,4.1,0.0,7809,705,7104,9.0,0.89,0.67,0.56,396039403,2028118265,3034,11807,1.2,234.4,3.1,2.0,68,60,0,0,0,0,0,0.0,0,0,0,0,0,0
1124.7,2026-05-17T16:14:27,0016c001f10c2ef6,6.4,2.3,4.1,0.0,7809,704,7105,9.0,0.89,0.67,0.56,396043074,2028145042,3671,26777,1.2,234.4,3.1,2.0,68,60,0,0,0,0,0,0.0,0,0,0,0,0,0
1125.1,2026-05-17T16:14:27,0016c001f10c2ef6,7.5,2.9,4.6,0.0,7809,704,7105,9.0,0.9,0.68,0.56,396046676,2028173897,3602,28855,1.2,234.4,3.1,2.0,68,60,0,0,0,0,0,0.0,0,0,0,0,0,0
1125.5,2026-05-17T16:14:27,0016c001f10c2ef6,5.9,1.2,4.7,0.0,7809,703,7106,9.0,0.9,0.68,0.56,396049714,2028185704,3038,11807,1.2,234.4,3.1,2.0,68,60,0,0,0,0,0,0.0,0,0,0,0,0,0
1126.0,2026-05-17T16:14:28,0016c001f10c2ef6,6.4,2.3,4.0,0.0,7809,703,7106,9.0,0.9,0.68,0.56,396052952,2028197511,3238,11807,1.2,234.4,3.1,2.0,68,60,0,0,0,0,0,0.0,0,0,0,0,0,0
1126.4,2026-05-17T16:14:28,0016c001f10c2ef6,8.3,2.6,5.7,0.0,7809,702,7107,9.0,0.9,0.68,0.56,396056246,2028211176,3294,13665,1.2,234.4,3.1,2.0,68,60,0,0,0,0,0,0.0,0,0,0,0,0,0
1126.9,2026-05-17T16:14:29,0016c001f10c2ef6,14.5,6.7,7.8,0.0,7809,703,7106,9.0,0.9,0.68,0.56,396060898,2028255070,4652,43894,1.2,234.4,3.1,2.0,68,60,0,0,0,0,0,0.0,0,0,0,0,0,0
1127.4,2026-05-17T16:14:29,0016c001f10c2ef6,9.5,2.5,7.0,0.0,7809,702,7107,9.0,0.9,0.68,0.56,396064134,2028268926,3236,13856,1.2,234.4,3.1,2.0,68,60,0,0,0,0,0,0.0,0,0,0,0,0,0
1127.9,2026-05-17T16:14:30,0016c001f10c2ef6,9.3,3.7,5.6,0.0,7809,702,7107,9.0,0.9,0.68,0.56,396067220,2028280799,3086,11873,1.2,234.4,3.1,2.0,68,60,0,0,0,0,0,0.0,0,0,0,0,0,0
1128.5,2026-05-17T16:14:30,0016c001f10c2ef6,8.9,1.9,7.0,0.0,7809,702,7107,9.0,0.9,0.68,0.56,396070206,2028292672,2986,11873,1.2,234.4,3.1,2.0,68,60,0,0,0,0,0,0.0,0,0,0,0,0,0
1128.9,2026-05-17T16:14:31,0016c001f10c2ef6,6.7,2.8,3.9,0.0,7809,701,7108,9.0,0.9,0.68,0.56,396074169,2028336500,3963,43828,1.2,234.4,3.1,2.0,68,60,0,0,0,0,0,0.0,0,0,0,0,0,0
1129.3,2026-05-17T16:14:31,0016c001f10c2ef6,7.6,2.9,4.1,0.6,7809,703,7106,9.0,0.9,0.68,0.56,396077255,2028348307,3086,11807,1.2,234.4,3.1,2.0,68,60,0,0,0,0,0,0.0,0,0,0,0,0,0
1129.8,2026-05-17T16:14:32,0016c001f10c2ef6,6.4,2.3,4.1,0.0,7809,702,7107,9.0,0.83,0.66,0.56,396080461,2028360200,3206,11893,1.2,234.4,3.1,2.0,68,60,0,0,0,0,0,0.0,0,0,0,0,0,0
1130.2,2026-05-17T16:14:33,0016c001f10c2ef6,6.3,1.7,4.6,0.0,7809,702,7107,9.0,0.83,0.66,0.56,396083551,2028372007,3090,11807,1.2,234.4,3.1,2.0,68,60,0,0,0,0,0,0.0,0,0,0,0,0,0
1130.6,2026-05-17T16:14:33,0016c001f10c2ef6,7.3,2.3,5.1,0.0,7809,703,7106,9.0,0.83,0.66,0.56,396086637,2028383814,3086,11807,1.2,234.4,3.1,2.0,68,60,0,0,0,0,0,0.0,0,0,0,0,0,0
1131.1,2026-05-17T16:14:34,0016c001f10c2ef6,6.8,3.4,3.4,0.0,7809,702,7107,9.0,0.83,0.66,0.56,396090548,2028427642,3911,43828,1.2,234.4,3.1,2.0,68,60,0,0,0,0,0,0.0,0,0,0,0,0,0
1131.5,2026-05-17T16:14:34,0016c001f10c2ef6,6.4,2.3,4.1,0.0,7809,702,7107,9.0,0.83,0.66,0.56,396093582,2028439449,3034,11807,1.2,234.4,3.1,2.0,68,60,0,0,0,0,0,0.0,0,0,0,0,0,0
1131.9,2026-05-17T16:14:35,0016c001f10c2ef6,5.3,1.8,3.6,0.0,7809,702,7107,9.0,0.83,0.66,0.56,396096616,2028451256,3034,11807,1.2,234.4,3.1,2.0,68,60,0,0,0,0,0,0.0,0,0,0,0,0,0
1132.3,2026-05-17T16:14:35,0016c001f10c2ef6,5.8,2.9,2.9,0.0,7809,702,7107,9.0,0.83,0.66,0.56,396099702,2028463063,3086,11807,1.2,234.4,3.1,2.0,68,60,0,0,0,0,0,0.0,0,0,0,0,0,0
1132.7,2026-05-17T16:14:36,0016c001f10c2ef6,6.5,2.4,4.2,0.0,7809,702,7107,9.0,0.83,0.66,0.56,396102840,2028474870,3138,11807,1.2,234.4,3.1,2.0,68,60,0,0,0,0,0,0.0,0,0,0,0,0,0
1133.2,2026-05-17T16:14:36,0016c001f10c2ef6,21.8,3.4,18.4,0.0,7809,702,7107,9.0,0.83,0.66,0.56,396106959,2028518698,4119,43828,1.2,234.4,3.1,2.0,68,60,0,0,0,0,0,0.0,0,0,0,0,0,0
1133.6,2026-05-17T16:14:36,0016c001f10c2ef6,19.1,1.2,17.9,0.0,7809,702,7107,9.0,0.83,0.66,0.56,396110045,2028530505,3086,11807,1.2,234.4,3.1,2.0,68,60,0,0,0,0,0,0.0,0,0,0,0,0,0
1134.0,2026-05-17T16:14:37,0016c001f10c2ef6,19.8,1.8,18.0,0.0,7809,703,7106,9.0,0.83,0.66,0.56,396113183,2028542312,3138,11807,1.2,234.4,3.1,2.0,68,60,0,0,0,0,0,0.0,0,0,0,0,0,0
1134.5,2026-05-17T16:14:37,0016c001f10c2ef6,13.4,2.2,10.6,0.6,7809,703,7106,9.0,0.83,0.66,0.56,396116269,2028554119,3086,11807,1.2,234.4,3.1,2.0,68,60,0,0,0,0,0,0.0,0,0,0,0,0,0
1134.9,2026-05-17T16:14:38,0016c001f10c2ef6,6.4,2.3,4.1,0.0,7809,703,7106,9.0,0.84,0.67,0.56,396120336,2028597947,4067,43828,1.2,234.4,3.1,2.0,68,60,0,0,0,0,0,0.0,0,0,0,0,0,0
1135.3,2026-05-17T16:14:38,0016c001f10c2ef6,6.9,2.9,4.0,0.0,7809,703,7106,9.0,0.84,0.67,0.56,396123522,2028609754,3186,11807,1.2,234.4,3.1,2.0,68,60,0,0,0,0,0,0.0,0,0,0,0,0,0
1135.7,2026-05-17T16:14:39,0016c001f10c2ef6,6.9,2.3,4.6,0.0,7809,702,7107,9.0,0.84,0.67,0.56,396126508,2028621561,2986,11807,1.2,234.4,3.1,2.0,68,60,0,0,0,0,0,0.0,0,0,0,0,0,0
1136.2,2026-05-17T16:14:39,0016c001f10c2ef6,6.8,2.3,4.5,0.0,7809,702,7107,9.0,0.84,0.67,0.56,396129542,2028633368,3034,11807,1.2,234.4,3.1,2.0,68,60,0,0,0,0,0,0.0,0,0,0,0,0,0
1136.6,2026-05-17T16:14:39,0016c001f10c2ef6,6.4,2.3,4.1,0.0,7809,702,7107,9.0,0.84,0.67,0.56,396133057,2028645175,3515,11807,1.2,234.4,3.1,2.0,68,60,0,0,0,0,0,0.0,0,0,0,0,0,0
1137.0,2026-05-17T16:14:40,0016c001f10c2ef6,5.3,1.2,4.1,0.0,7809,702,7107,9.0,0.84,0.67,0.56,396136916,2028689003,3859,43828,1.2,234.4,3.1,2.0,68,60,0,0,0,0,0,0.0,0,0,0,0,0,0
1137.4,2026-05-17T16:14:40,0016c001f10c2ef6,7.1,3.0,4.2,0.0,7809,702,7107,9.0,0.84,0.67,0.56,396140178,2028700966,3262,11963,1.2,234.4,3.1,2.0,68,60,0,0,0,0,0,0.0,0,0,0,0,0,0
1137.8,2026-05-17T16:14:41,0016c001f10c2ef6,7.6,2.9,4.7,0.0,7809,702,7107,9.0,0.84,0.67,0.56,396143216,2028712773,3038,11807,1.2,234.4,3.1,2.0,68,60,0,0,0,0,0,0.0,0,0,0,0,0,0
1138.3,2026-05-17T16:14:41,0016c001f10c2ef6,6.9,2.9,4.0,0.0,7809,702,7107,9.0,0.84,0.67,0.56,396146454,2028724580,3238,11807,1.2,234.4,3.1,2.0,68,60,0,0,0,0,0,0.0,0,0,0,0,0,0
1138.8,2026-05-17T16:14:42,0016c001f10c2ef6,9.2,3.1,6.1,0.0,7809,702,7107,9.0,0.84,0.67,0.56,396149544,2028736453,3090,11873,1.2,234.4,3.1,2.0,68,60,0,0,0,0,0,0.0,0,0,0,0,0,0
1139.2,2026-05-17T16:14:42,0016c001f10c2ef6,7.4,2.9,4.6,0.0,7809,702,7107,9.0,0.84,0.67,0.56,396153559,2028780281,4015,43828,1.2,234.4,3.1,2.0,68,60,0,0,0,0,0,0.0,0,0,0,0,0,0
1139.6,2026-05-17T16:14:42,0016c001f10c2ef6,6.8,2.3,4.5,0.0,7809,702,7107,9.0,0.77,0.66,0.56,396156749,2028792088,3190,11807,1.2,234.4,3.1,2.0,68,60,0,0,0,0,0,0.0,0,0,0,0,0,0
1140.0,2026-05-17T16:14:43,0016c001f10c2ef6,7.6,2.9,4.7,0.0,7809,702,7107,9.0,0.77,0.66,0.56,396159783,2028803895,3034,11807,1.2,234.4,3.1,2.0,68,60,0,0,0,0,0,0.0,0,0,0,0,0,0
1140.4,2026-05-17T16:14:43,0016c001f10c2ef6,6.0,1.8,4.2,0.0,7809,703,7106,9.0,0.77,0.66,0.56,396162989,2028815780,3206,11885,1.2,234.4,3.1,2.0,68,60,0,0,0,0,0,0.0,0,0,0,0,0,0
1140.9,2026-05-17T16:14:44,0016c001f10c2ef6,6.5,1.2,5.3,0.0,7809,703,7106,9.0,0.77,0.66,0.56,396166075,2028827587,3086,11807,1.2,234.4,3.1,2.0,68,60,0,0,0,0,0,0.0,0,0,0,0,0,0
1141.3,2026-05-17T16:14:44,0016c001f10c2ef6,8.0,4.6,3.4,0.0,7809,703,7106,9.0,0.77,0.66,0.56,396169990,2028871415,3915,43828,1.2,234.4,3.1,2.0,68,60,0,0,0,0,0,0.0,0,0,0,0,0,0
1141.7,2026-05-17T16:14:44,0016c001f10c2ef6,5.8,1.8,4.1,0.0,7809,703,7106,9.0,0.77,0.66,0.56,396173076,2028883222,3086,11807,1.2,234.4,3.1,2.0,68,60,0,0,0,0,0,0.0,0,0,0,0,0,0
1142.1,2026-05-17T16:14:45,0016c001f10c2ef6,6.6,2.8,3.9,0.0,7809,702,7107,9.0,0.77,0.66,0.56,396176262,2028895029,3186,11807,1.2,234.4,3.1,2.0,68,60,0,0,0,0,0,0.0,0,0,0,0,0,0
1142.6,2026-05-17T16:14:45,0016c001f10c2ef6,5.7,2.3,3.4,0.0,7809,703,7106,9.0,0.77,0.66,0.56,396179300,2028906836,3038,11807,1.2,234.4,3.1,2.0,68,60,0,0,0,0,0,0.0,0,0,0,0,0,0
1143.0,2026-05-17T16:14:46,0016c001f10c2ef6,7.9,2.2,5.6,0.0,7809,703,7106,9.0,0.77,0.66,0.56,396183211,2028950664,3911,43828,1.2,234.4,3.1,2.0,68,60,0,0,0,0,0,0.0,0,0,0,0,0,0
1143.4,2026-05-17T16:14:46,0016c001f10c2ef6,6.8,2.3,4.5,0.0,7809,703,7106,9.0,0.77,0.66,0.56,396186397,2028962471,3186,11807,1.2,234.4,3.1,2.0,68,60,0,0,0,0,0,0.0,0,0,0,0,0,0
1143.9,2026-05-17T16:14:47,0016c001f10c2ef6,8.9,3.1,5.7,0.0,7809,703,7106,9.0,0.77,0.66,0.56,396189383,2028974344,2986,11873,1.2,234.4,3.1,2.0,68,60,0,0,0,0,0,0.0,0,0,0,0,0,0
1144.3,2026-05-17T16:14:47,0016c001f10c2ef6,11.2,2.4,8.8,0.0,7809,703,7106,9.0,0.77,0.66,0.56,396192517,2028986151,3134,11807,1.2,234.4,3.1,2.0,68,60,0,0,0,0,0,0.0,0,0,0,0,0,0
1144.7,2026-05-17T16:14:48,0016c001f10c2ef6,19.2,2.4,16.8,0.0,7809,702,7107,9.0,0.87,0.68,0.56,396195503,2028997958,2986,11807,1.2,234.4,3.1,2.0,68,60,0,0,0,0,0,0.0,0,0,0,0,0,0
1145.2,2026-05-17T16:14:48,0016c001f10c2ef6,19.9,1.8,18.1,0.0,7809,703,7106,9.0,0.87,0.68,0.56,396199466,2029041786,3963,43828,1.2,234.4,3.1,2.0,68,60,0,0,0,0,0,0.0,0,0,0,0,0,0
1145.6,2026-05-17T16:14:48,0016c001f10c2ef6,18.7,1.8,17.0,0.0,7809,703,7106,9.0,0.87,0.68,0.56,396202652,2029053593,3186,11807,1.2,234.4,3.1,2.0,68,60,0,0,0,0,0,0.0,0,0,0,0,0,0
1146.0,2026-05-17T16:14:49,0016c001f10c2ef6,9.9,2.9,7.0,0.0,7809,704,7105,9.0,0.87,0.68,0.56,396205690,2029065400,3038,11807,1.2,234.4,3.1,2.0,68,60,0,0,0,0,0,0.0,0,0,0,0,0,0
1146.5,2026-05-17T16:14:49,0016c001f10c2ef6,6.1,2.2,3.9,0.0,7809,704,7105,9.0,0.87,0.68,0.56,396209205,2029077207,3515,11807,1.2,234.4,3.1,2.0,68,60,0,0,0,0,0,0.0,0,0,0,0,0,0
1146.9,2026-05-17T16:14:50,0016c001f10c2ef6,6.5,2.4,4.2,0.0,7809,703,7106,9.0,0.87,0.68,0.56,396212343,2029089014,3138,11807,1.2,234.4,3.1,2.0,68,60,0,0,0,0,0,0.0,0,0,0,0,0,0
1147.3,2026-05-17T16:14:50,0016c001f10c2ef6,7.8,2.8,5.0,0.0,7809,703,7106,9.0,0.87,0.68,0.56,396216410,2029132842,4067,43828,1.2,234.4,3.1,2.0,68,60,0,0,0,0,0,0.0,0,0,0,0,0,0
1147.7,2026-05-17T16:14:51,0016c001f10c2ef6,5.8,1.8,4.1,0.0,7809,703,7106,9.0,0.87,0.68,0.56,396219444,2029144649,3034,11807,1.2,234.4,3.1,2.0,68,60,0,0,0,0,0,0.0,0,0,0,0,0,0
1148.1,2026-05-17T16:14:51,0016c001f10c2ef6,7.0,2.9,4.1,0.0,7809,703,7106,9.0,0.87,0.68,0.56,396222654,2029156534,3210,11885,1.2,234.4,3.1,2.0,69,61,1,1,0,0,0,0.0,0,0,0,0,0,0
1148.6,2026-05-17T16:14:51,0016c001f10c2ef6,5.7,1.7,4.0,0.0,7809,703,7106,9.0,0.87,0.68,0.56,396225788,2029168341,3134,11807,1.2,234.4,3.1,2.0,69,61,0,0,0,0,0,0.0,0,0,0,0,0,0
1149.1,2026-05-17T16:14:52,0016c001f10c2ef6,9.7,3.6,6.2,0.0,7809,703,7106,9.0,0.87,0.68,0.56,396229907,2029212235,4119,43894,1.2,234.4,3.1,2.0,69,61,0,0,0,0,0,0.0,0,0,0,0,0,0
1149.5,2026-05-17T16:14:52,0016c001f10c2ef6,10.9,3.5,7.5,0.0,7809,702,7107,9.0,0.8,0.67,0.56,396232893,2029224108,2986,11873,1.2,234.4,3.1,2.0,69,61,0,0,0,0,0,0.0,0,0,0,0,0,0
1150.0,2026-05-17T16:14:53,0016c001f10c2ef6,6.4,2.9,3.5,0.0,7809,703,7106,9.0,0.8,0.67,0.56,396235927,2029235915,3034,11807,1.2,234.4,3.1,2.0,69,61,0,0,0,0,0,0.0,0,0,0,0,0,0
1150.4,2026-05-17T16:14:53,0016c001f10c2ef6,6.3,2.3,4.0,0.0,7809,702,7107,9.0,0.8,0.67,0.56,396239165,2029247722,3238,11807,1.2,234.4,3.1,2.0,69,61,0,0,0,0,0,0.0,0,0,0,0,0,0
1150.8,2026-05-17T16:14:54,0016c001f10c2ef6,6.7,1.7,5.0,0.0,7809,702,7107,9.0,0.8,0.67,0.56,396242151,2029259529,2986,11807,1.2,234.4,3.1,2.0,69,61,0,0,0,0,0,0.0,0,0,0,0,0,0
1151.3,2026-05-17T16:14:54,0016c001f10c2ef6,8.5,3.4,4.5,0.6,7809,701,7108,9.0,0.8,0.67,0.56,396246218,2029303357,4067,43828,1.2,234.4,3.1,2.0,69,61,0,0,0,0,0,0.0,0,0,0,0,0,0
1151.7,2026-05-17T16:14:54,0016c001f10c2ef6,6.1,2.2,3.9,0.0,7809,702,7107,9.0,0.8,0.67,0.56,396249460,2029315164,3242,11807,1.2,234.4,3.1,2.0,69,61,0,0,0,0,0,0.0,0,0,0,0,0,0
1152.1,2026-05-17T16:14:55,0016c001f10c2ef6,5.1,1.1,4.0,0.0,7809,702,7107,9.0,0.8,0.67,0.56,396252698,2029326971,3238,11807,1.2,234.4,3.1,2.0,69,61,0,0,0,0,0,0.0,0,0,0,0,0,0
1152.6,2026-05-17T16:14:55,0016c001f10c2ef6,7.4,2.9,4.6,0.0,7809,702,7107,9.0,0.8,0.67,0.56,396255836,2029338778,3138,11807,1.2,234.4,3.1,2.0,69,61,0,0,0,0,0,0.0,0,0,0,0,0,0
1153.0,2026-05-17T16:14:56,0016c001f10c2ef6,5.3,1.2,4.1,0.0,7809,703,7106,9.0,0.8,0.67,0.56,396258822,2029350585,2986,11807,1.2,234.4,3.1,2.0,69,61,0,0,0,0,0,0.0,0,0,0,0,0,0
1153.4,2026-05-17T16:14:56,0016c001f10c2ef6,6.9,3.4,3.4,0.0,7809,703,7106,9.0,0.8,0.67,0.56,396262837,2029394413,4015,43828,1.2,234.4,3.1,2.0,69,61,0,0,0,0,0,0.0,0,0,0,0,0,0
1153.8,2026-05-17T16:14:57,0016c001f10c2ef6,5.4,1.2,4.2,0.0,7809,702,7107,9.0,0.8,0.67,0.56,396266023,2029406220,3186,11807,1.2,234.4,3.1,2.0,69,61,0,0,0,0,0,0.0,0,0,0,0,0,0
1154.3,2026-05-17T16:14:57,0016c001f10c2ef6,6.8,3.4,3.4,0.0,7809,703,7106,9.0,0.74,0.66,0.56,396269155,2029418069,3132,11849,1.2,234.4,3.1,2.0,69,61,0,0,0,0,0,0.0,0,0,0,0,0,0
1154.7,2026-05-17T16:14:58,0016c001f10c2ef6,9.1,3.0,6.1,0.0,7809,703,7106,9.0,0.74,0.66,0.56,396272141,2029429942,2986,11873,1.2,234.4,3.1,2.0,69,61,0,0,0,0,0,0.0,0,0,0,0,0,0
1155.2,2026-05-17T16:14:58,0016c001f10c2ef6,6.9,1.7,5.2,0.0,7809,702,7107,9.0,0.74,0.66,0.56,396276204,2029473770,4063,43828,1.2,234.4,3.1,2.0,69,61,0,0,0,0,0,0.0,0,0,0,0,0,0
1155.6,2026-05-17T16:14:58,0016c001f10c2ef6,7.4,2.9,4.6,0.0,7809,703,7106,9.0,0.74,0.66,0.56,396279294,2029485577,3090,11807,1.2,234.4,3.1,2.0,69,61,0,0,0,0,0,0.0,0,0,0,0,0,0
1156.0,2026-05-17T16:14:59,0016c001f10c2ef6,17.9,1.7,16.2,0.0,7809,702,7107,9.0,0.74,0.66,0.56,396282829,2029497462,3535,11885,1.2,234.4,3.1,2.0,69,61,0,0,0,0,0,0.0,0,0,0,0,0,0
1156.5,2026-05-17T16:14:59,0016c001f10c2ef6,20.3,2.9,17.4,0.0,7809,703,7106,9.0,0.74,0.66,0.56,396285915,2029509269,3086,11807,1.2,234.4,3.1,2.0,69,61,0,0,0,0,0,0.0,0,0,0,0,0,0
1156.9,2026-05-17T16:15:00,0016c001f10c2ef6,18.7,2.9,15.8,0.0,7809,703,7106,9.0,0.74,0.66,0.56,396288949,2029521076,3034,11807,1.2,234.4,3.1,2.0,69,61,0,0,0,0,0,0.0,0,0,0,0,0,0
1157.3,2026-05-17T16:15:00,0016c001f10c2ef6,14.5,1.2,13.3,0.0,7809,704,7105,9.0,0.74,0.66,0.56,396292964,2029564904,4015,43828,1.2,234.4,3.1,2.0,69,61,0,0,0,0,0,0.0,0,0,0,0,0,0
1157.7,2026-05-17T16:15:01,0016c001f10c2ef6,6.4,2.9,3.5,0.0,7809,704,7105,9.0,0.74,0.66,0.56,396295998,2029576711,3034,11807,1.2,234.4,3.1,2.0,69,61,0,0,0,0,0,0.0,0,0,0,0,0,0
1158.1,2026-05-17T16:15:01,0016c001f10c2ef6,6.6,2.4,4.2,0.0,7809,704,7105,9.0,0.74,0.66,0.56,396299032,2029588518,3034,11807,1.2,234.4,3.1,2.0,69,61,0,0,0,0,0,0.0,0,0,0,0,0,0
1158.6,2026-05-17T16:15:01,0016c001f10c2ef6,6.3,1.7,4.6,0.0,7809,704,7105,9.0,0.74,0.66,0.56,396302166,2029600325,3134,11807,1.2,234.4,3.1,2.0,69,61,0,0,0,0,0,0.0,0,0,0,0,0,0
1159.0,2026-05-17T16:15:02,0016c001f10c2ef6,6.4,1.7,4.6,0.0,7809,704,7105,9.0,0.68,0.65,0.55,396305152,2029612132,2986,11807,1.2,234.4,3.1,2.0,69,61,0,0,0,0,0,0.0,0,0,0,0,0,0
1159.4,2026-05-17T16:15:02,0016c001f10c2ef6,8.1,2.3,5.8,0.0,7809,704,7105,9.0,0.68,0.65,0.55,396309319,2029655960,4167,43828,1.2,234.4,3.1,2.0,69,61,0,0,0,0,0,0.0,0,0,0,0,0,0
1159.9,2026-05-17T16:15:03,0016c001f10c2ef6,8.5,4.0,4.5,0.0,7809,701,7108,9.0,0.68,0.65,0.55,396312357,2029667833,3038,11873,1.2,234.4,3.1,2.0,69,61,0,0,0,0,0,0.0,0,0,0,0,0,0
1160.3,2026-05-17T16:15:03,0016c001f10c2ef6,6.9,2.3,4.6,0.0,7809,702,7107,9.0,0.68,0.65,0.55,396315543,2029679640,3186,11807,1.2,234.4,3.1,2.0,69,61,0,0,0,0,0,0.0,0,0,0,0,0,0
1160.8,2026-05-17T16:15:04,0016c001f10c2ef6,6.3,2.3,4.0,0.0,7809,702,7107,9.0,0.68,0.65,0.55,396318601,2029691533,3058,11893,1.2,234.4,3.1,2.0,69,61,0,0,0,0,0,0.0,0,0,0,0,0,0
1161.2,2026-05-17T16:15:04,0016c001f10c2ef6,6.4,2.9,3.5,0.0,7809,701,7108,9.0,0.68,0.65,0.55,396322148,2029718232,3547,26699,1.2,234.4,3.1,2.0,69,61,0,0,0,0,0,0.0,0,0,0,0,0,0
1161.6,2026-05-17T16:15:04,0016c001f10c2ef6,8.1,2.9,5.2,0.0,7809,703,7106,9.0,0.68,0.65,0.55,396325750,2029747168,3602,28936,1.2,234.4,3.1,2.0,69,61,0,0,0,0,0,0.0,0,0,0,0,0,0
1162.1,2026-05-17T16:15:05,0016c001f10c2ef6,5.7,1.1,4.6,0.0,7809,703,7106,9.0,0.68,0.65,0.55,396328788,2029758975,3038,11807,1.2,234.4,3.1,2.0,69,61,0,0,0,0,0,0.0,0,0,0,0,0,0
1162.5,2026-05-17T16:15:06,0016c001f10c2ef6,6.9,3.4,3.4,0.0,7809,702,7107,9.0,0.68,0.65,0.55,396331822,2029770782,3034,11807,1.2,234.2,3.1,2.0,69,61,0,0,0,0,0,0.0,0,0,0,0,0,0
1162.9,2026-05-17T16:15:07,0016c001f10c2ef6,6.2,2.3,4.0,0.0,7809,702,7107,9.0,0.68,0.65,0.55,396334856,2029782589,3034,11807,1.2,234.2,3.1,2.0,69,61,0,0,0,0,0,0.0,0,0,0,0,0,0
1163.3,2026-05-17T16:15:07,0016c001f10c2ef6,6.4,2.3,4.0,0.0,7809,702,7107,9.0,0.68,0.65,0.55,396338871,2029826417,4015,43828,1.2,234.2,3.1,2.0,69,61,0,0,0,0,0,0.0,0,0,0,0,0,0
1163.8,2026-05-17T16:15:07,0016c001f10c2ef6,7.7,3.0,4.7,0.0,7809,703,7106,9.0,0.68,0.65,0.55,396341905,2029838224,3034,11807,1.2,234.2,3.1,2.0,69,61,0,0,0,0,0,0.0,0,0,0,0,0,0
1164.2,2026-05-17T16:15:08,0016c001f10c2ef6,7.6,2.3,5.2,0.0,7809,703,7106,9.0,0.7,0.65,0.56,396344991,2029850031,3086,11807,1.2,234.2,3.1,2.0,69,61,0,0,0,0,0,0.0,0,0,0,0,0,0
1164.6,2026-05-17T16:15:08,0016c001f10c2ef6,6.8,1.7,5.1,0.0,7809,702,7107,9.0,0.7,0.65,0.56,396348181,2029861838,3190,11807,1.2,234.2,3.1,2.0,69,61,0,0,0,0,0,0.0,0,0,0,0,0,0
1165.1,2026-05-17T16:15:09,0016c001f10c2ef6,8.9,3.5,5.4,0.0,7809,703,7106,9.0,0.7,0.65,0.56,396351371,2029873711,3190,11873,1.2,234.2,3.1,2.0,69,61,0,0,0,0,0,0.0,0,0,0,0,0,0
1165.5,2026-05-17T16:15:09,0016c001f10c2ef6,7.5,2.9,4.6,0.0,7809,704,7105,9.0,0.7,0.65,0.56,396355334,2029917539,3963,43828,1.2,234.2,3.1,2.0,69,61,0,0,0,0,0,0.0,0,0,0,0,0,0
1166.0,2026-05-17T16:15:10,0016c001f10c2ef6,5.8,1.8,4.1,0.0,7809,703,7106,9.0,0.7,0.65,0.56,396358849,2029929346,3515,11807,1.2,234.2,3.1,2.0,69,61,0,0,0,0,0,0.0,0,0,0,0,0,0
1166.4,2026-05-17T16:15:10,0016c001f10c2ef6,6.5,0.6,5.9,0.0,7809,703,7106,9.0,0.7,0.65,0.56,396361883,2029941153,3034,11807,1.2,234.2,3.1,2.0,69,61,0,0,0,0,0,0.0,0,0,0,0,0,0
1166.8,2026-05-17T16:15:10,0016c001f10c2ef6,6.4,2.3,3.5,0.6,7809,703,7106,9.0,0.7,0.65,0.56,396365045,2029953116,3162,11963,1.2,234.2,3.1,2.0,69,61,0,0,0,0,0,0.0,0,0,0,0,0,0
1167.2,2026-05-17T16:15:11,0016c001f10c2ef6,8.1,2.9,5.2,0.0,7809,703,7106,9.0,0.7,0.65,0.56,396368131,2029964923,3086,11807,1.2,234.2,3.1,2.0,69,61,0,0,0,0,0,0.0,0,0,0,0,0,0
1167.7,2026-05-17T16:15:11,0016c001f10c2ef6,20.8,2.9,17.9,0.0,7809,702,7107,9.0,0.7,0.65,0.56,396372146,2030008751,4015,43828,1.2,234.2,3.1,2.0,69,61,0,0,0,0,0,0.0,0,0,0,0,0,0
1168.1,2026-05-17T16:15:12,0016c001f10c2ef6,19.0,1.7,17.2,0.0,7809,703,7106,9.0,0.7,0.65,0.56,396375232,2030020558,3086,11807,1.2,234.2,3.1,2.0,69,61,0,0,0,0,0,0.0,0,0,0,0,0,0
1168.5,2026-05-17T16:15:12,0016c001f10c2ef6,17.5,1.8,15.7,0.0,7809,704,7105,9.0,0.7,0.65,0.56,396378370,2030032365,3138,11807,1.2,234.2,3.1,2.0,69,61,0,0,0,0,0,0.0,0,0,0,0,0,0
1169.0,2026-05-17T16:15:13,0016c001f10c2ef6,12.2,4.1,8.1,0.0,7809,704,7105,9.0,0.65,0.64,0.55,396381456,2030044172,3086,11807,1.2,234.2,3.1,2.0,69,61,0,0,0,0,0,0.0,0,0,0,0,0,0
1169.4,2026-05-17T16:15:13,0016c001f10c2ef6,6.6,2.2,4.4,0.0,7809,704,7105,9.0,0.65,0.64,0.55,396385367,2030088000,3911,43828,1.2,234.2,3.1,2.0,69,61,0,0,0,0,0,0.0,0,0,0,0,0,0
1169.8,2026-05-17T16:15:13,0016c001f10c2ef6,7.5,3.4,4.0,0.0,7809,704,7105,9.0,0.65,0.64,0.55,396388605,2030099807,3238,11807,1.2,234.2,3.1,2.0,69,61,0,0,0,0,0,0.0,0,0,0,0,0,0
1170.3,2026-05-17T16:15:14,0016c001f10c2ef6,10.0,3.5,6.5,0.0,7809,704,7105,9.0,0.65,0.64,0.55,396391591,2030111680,2986,11873,1.2,234.2,3.1,2.0,69,61,0,0,0,0,0,0.0,0,0,0,0,0,0
1170.7,2026-05-17T16:15:14,0016c001f10c2ef6,8.0,2.9,5.2,0.0,7809,703,7106,9.0,0.65,0.64,0.55,396394625,2030123487,3034,11807,1.2,234.2,3.1,2.0,69,61,0,0,0,0,0,0.0,0,0,0,0,0,0
1171.2,2026-05-17T16:15:15,0016c001f10c2ef6,7.4,2.9,4.6,0.0,7809,703,7106,9.0,0.65,0.64,0.55,396397705,2030135360,3080,11873,1.2,234.2,3.1,2.0,69,61,0,0,0,0,0,0.0,0,0,0,0,0,0
1171.6,2026-05-17T16:15:15,0016c001f10c2ef6,8.2,4.1,4.1,0.0,7809,701,7108,9.0,0.65,0.64,0.55,396401734,2030179308,4029,43948,1.2,234.2,3.1,2.0,69,61,0,0,0,0,0,0.0,0,0,0,0,0,0
1172.0,2026-05-17T16:15:16,0016c001f10c2ef6,7.0,1.8,5.3,0.0,7809,702,7107,9.0,0.65,0.64,0.55,396404872,2030191115,3138,11807,1.2,234.2,3.1,2.0,69,61,0,0,0,0,0,0.0,0,0,0,0,0,0
1172.4,2026-05-17T16:15:16,0016c001f10c2ef6,5.6,2.3,3.4,0.0,7809,703,7106,9.0,0.65,0.64,0.55,396408010,2030202922,3138,11807,1.2,234.2,3.1,2.0,69,61,0,0,0,0,0,0.0,0,0,0,0,0,0
1172.9,2026-05-17T16:15:17,0016c001f10c2ef6,9.5,2.8,5.6,1.1,7809,702,7107,9.0,0.65,0.64,0.55,396411044,2030214729,3034,11807,1.2,234.2,3.1,2.0,69,61,0,0,0,0,0,0.0,0,0,0,0,0,0
1173.3,2026-05-17T16:15:17,0016c001f10c2ef6,6.9,1.7,5.2,0.0,7809,702,7107,9.0,0.65,0.64,0.55,396414234,2030226536,3190,11807,1.2,234.2,3.1,2.0,69,61,0,0,0,0,0,0.0,0,0,0,0,0,0
1173.7,2026-05-17T16:15:17,0016c001f10c2ef6,6.9,2.3,4.6,0.0,7809,702,7107,9.0,0.6,0.63,0.55,396418349,2030270364,4115,43828,1.2,234.2,3.1,2.0,69,61,0,0,0,0,0,0.0,0,0,0,0,0,0
1174.2,2026-05-17T16:15:18,0016c001f10c2ef6,6.1,0.6,5.6,0.0,7809,702,7107,9.0,0.6,0.63,0.55,396421387,2030282171,3038,11807,1.2,234.2,3.1,2.0,69,61,0,0,0,0,0,0.0,0,0,0,0,0,0
1174.6,2026-05-17T16:15:18,0016c001f10c2ef6,6.2,3.4,2.8,0.0,7809,701,7108,9.0,0.6,0.63,0.55,396424473,2030293978,3086,11807,1.2,234.2,3.1,2.0,69,61,0,0,0,0,0,0.0,0,0,0,0,0,0
1175.0,2026-05-17T16:15:19,0016c001f10c2ef6,5.2,1.2,4.1,0.0,7809,702,7107,9.0,0.6,0.63,0.55,396427659,2030305785,3186,11807,1.2,234.2,3.1,2.0,69,61,0,0,0,0,0,0.0,0,0,0,0,0,0
1175.5,2026-05-17T16:15:19,0016c001f10c2ef6,9.3,2.6,6.7,0.0,7809,702,7107,9.0,0.6,0.63,0.55,396431678,2030349679,4019,43894,1.2,234.2,3.1,2.0,69,61,0,0,0,0,0,0.0,0,0,0,0,0,0
1175.9,2026-05-17T16:15:20,0016c001f10c2ef6,7.1,2.9,4.1,0.0,7809,702,7107,9.0,0.6,0.63,0.55,396435193,2030361486,3515,11807,1.2,234.2,3.1,2.0,69,61,0,0,0,0,0,0.0,0,0,0,0,0,0
1176.3,2026-05-17T16:15:20,0016c001f10c2ef6,5.7,2.9,2.9,0.0,7809,702,7107,9.0,0.6,0.63,0.55,396438227,2030373293,3034,11807,1.2,234.2,3.1,2.0,69,61,0,0,0,0,0,0.0,0,0,0,0,0,0
1176.8,2026-05-17T16:15:20,0016c001f10c2ef6,6.9,2.9,4.0,0.0,7809,703,7106,9.0,0.6,0.63,0.55,396441261,2030385100,3034,11807,1.2,234.2,3.1,2.0,69,61,0,0,0,0,0,0.0,0,0,0,0,0,0
1177.2,2026-05-17T16:15:21,0016c001f10c2ef6,6.1,1.7,4.5,0.0,7809,704,7105,9.0,0.6,0.63,0.55,396444395,2030396907,3134,11807,1.2,234.2,3.1,2.0,69,61,0,0,0,0,0,0.0,0,0,0,0,0,0
1177.6,2026-05-17T16:15:21,0016c001f10c2ef6,9.2,3.5,5.2,0.6,7809,704,7105,9.0,0.6,0.63,0.55,396448362,2030440735,3967,43828,1.2,234.2,3.1,2.0,69,61,0,0,0,0,0,0.0,0,0,0,0,0,0
1178.1,2026-05-17T16:15:22,0016c001f10c2ef6,6.2,2.2,3.9,0.0,7809,704,7105,9.0,0.6,0.63,0.55,396451448,2030452542,3086,11807,1.2,234.2,3.1,2.0,69,61,0,0,0,0,0,0.0,0,0,0,0,0,0
1178.5,2026-05-17T16:15:22,0016c001f10c2ef6,6.5,1.8,4.7,0.0,7809,703,7106,9.0,0.6,0.63,0.55,396454534,2030464349,3086,11807,1.2,234.2,3.1,2.0,69,61,0,0,0,0,0,0.0,0,0,0,0,0,0
1178.9,2026-05-17T16:15:23,0016c001f10c2ef6,14.7,2.4,12.4,0.0,7809,703,7106,9.0,0.55,0.62,0.55,396457568,2030476156,3034,11807,1.2,234.2,3.1,2.0,69,61,0,0,0,0,0,0.0,0,0,0,0,0,0
1179.3,2026-05-17T16:15:23,0016c001f10c2ef6,19.8,2.3,17.4,0.0,7809,703,7106,9.0,0.55,0.62,0.55,396460674,2030488041,3106,11885,1.2,234.2,3.1,2.0,69,61,0,0,0,0,0,0.0,0,0,0,0,0,0
1179.8,2026-05-17T16:15:23,0016c001f10c2ef6,19.4,2.9,16.6,0.0,7809,701,7108,9.0,0.55,0.62,0.55,396464637,2030531869,3963,43828,1.2,234.1,3.1,2.0,69,61,0,0,0,0,0,0.0,0,0,0,0,0,0
1180.2,2026-05-17T16:15:24,0016c001f10c2ef6,16.2,2.3,13.9,0.0,7809,701,7108,9.0,0.55,0.62,0.55,396467875,2030543676,3238,11807,1.2,234.1,3.1,2.0,69,61,0,0,0,0,0,0.0,0,0,0,0,0,0
1180.7,2026-05-17T16:15:24,0016c001f10c2ef6,7.7,3.1,4.6,0.0,7809,701,7108,9.0,0.55,0.62,0.55,396470861,2030555549,2986,11873,1.2,234.1,3.1,2.0,69,61,0,0,0,0,0,0.0,0,0,0,0,0,0
1181.1,2026-05-17T16:15:25,0016c001f10c2ef6,6.3,2.3,4.0,0.0,7809,702,7107,9.0,0.55,0.62,0.55,396473947,2030567356,3086,11807,1.2,234.1,3.1,2.0,69,61,0,0,0,0,0,0.0,0,0,0,0,0,0
1181.6,2026-05-17T16:15:25,0016c001f10c2ef6,5.6,0.6,5.1,0.0,7809,704,7105,9.0,0.55,0.62,0.55,396478118,2030611184,4171,43828,1.2,234.1,3.1,2.0,69,61,0,0,0,0,0,0.0,0,0,0,0,0,0
1182.0,2026-05-17T16:15:26,0016c001f10c2ef6,6.9,1.7,5.1,0.0,7809,703,7106,9.0,0.55,0.62,0.55,396481152,2030622991,3034,11807,1.2,234.1,3.1,2.0,69,61,0,0,0,0,0,0.0,0,0,0,0,0,0
1182.4,2026-05-17T16:15:26,0016c001f10c2ef6,7.1,2.4,4.7,0.0,7809,703,7106,9.0,0.55,0.62,0.55,396484342,2030634798,3190,11807,1.2,234.1,3.1,2.0,69,61,0,0,0,0,0,0.0,0,0,0,0,0,0
1182.8,2026-05-17T16:15:26,0016c001f10c2ef6,6.0,3.0,3.0,0.0,7809,703,7106,9.0,0.55,0.62,0.55,396487480,2030646605,3138,11807,1.2,234.1,3.1,2.0,69,61,0,0,0,0,0,0.0,0,0,0,0,0,0
1183.2,2026-05-17T16:15:27,0016c001f10c2ef6,7.6,2.9,4.7,0.0,7809,703,7106,9.0,0.55,0.62,0.55,396490718,2030658412,3238,11807,1.2,234.1,3.1,2.0,69,61,0,0,0,0,0,0.0,0,0,0,0,0,0
1183.6,2026-05-17T16:15:27,0016c001f10c2ef6,6.9,1.7,5.2,0.0,7809,703,7106,9.0,0.5,0.61,0.54,396494737,2030702240,4019,43828,1.2,234.1,3.1,2.0,69,61,0,0,0,0,0,0.0,0,0,0,0,0,0
1184.1,2026-05-17T16:15:28,0016c001f10c2ef6,6.7,2.6,4.1,0.0,7809,703,7106,9.0,0.5,0.61,0.54,396497783,2030714289,3046,12049,1.2,234.1,3.1,2.0,69,61,0,0,0,0,0,0.0,0,0,0,0,0,0
1184.6,2026-05-17T16:15:28,0016c001f10c2ef6,6.2,1.7,4.5,0.0,7809,703,7106,9.0,0.5,0.61,0.54,396500969,2030726096,3186,11807,1.2,234.1,3.1,2.0,69,61,0,0,0,0,0,0.0,0,0,0,0,0,0
1185.0,2026-05-17T16:15:29,0016c001f10c2ef6,6.3,2.3,4.0,0.0,7809,703,7106,9.0,0.5,0.61,0.54,396504107,2030737903,3138,11807,1.2,234.1,3.1,2.0,69,61,0,0,0,0,0,0.0,0,0,0,0,0,0
1185.4,2026-05-17T16:15:29,0016c001f10c2ef6,7.4,2.3,4.0,1.1,7809,703,7106,9.0,0.5,0.61,0.54,396507622,2030749710,3515,11807,1.2,234.1,3.1,2.0,69,61,0,0,0,0,0,0.0,0,0,0,0,0,0
1185.9,2026-05-17T16:15:30,0016c001f10c2ef6,11.7,5.6,6.1,0.0,7809,703,7106,9.0,0.5,0.61,0.54,396511741,2030793604,4119,43894,1.2,234.1,3.1,2.0,69,61,0,0,0,0,0,0.0,0,0,0,0,0,0
1186.4,2026-05-17T16:15:30,0016c001f10c2ef6,8.6,3.0,5.6,0.0,7809,703,7106,9.0,0.5,0.61,0.54,396514879,2030805477,3138,11873,1.2,234.1,3.1,2.0,69,61,0,0,0,0,0,0.0,0,0,0,0,0,0
1186.9,2026-05-17T16:15:31,0016c001f10c2ef6,9.6,3.5,6.1,0.0,7809,703,7106,9.0,0.5,0.61,0.54,396518017,2030817350,3138,11873,1.2,234.1,3.1,2.0,69,61,0,0,0,0,0,0.0,0,0,0,0,0,0
1187.3,2026-05-17T16:15:31,0016c001f10c2ef6,5.1,2.3,2.9,0.0,7809,703,7106,9.0,0.5,0.61,0.54,396521075,2030829235,3058,11885,1.2,234.1,3.1,2.0,69,61,0,0,0,0,0,0.0,0,0,0,0,0,0
1187.7,2026-05-17T16:15:31,0016c001f10c2ef6,5.8,1.8,4.1,0.0,7809,702,7107,9.0,0.5,0.61,0.54,396525142,2030873063,4067,43828,1.2,234.1,3.1,2.0,69,61,0,0,0,0,0,0.0,0,0,0,0,0,0
1188.2,2026-05-17T16:15:32,0016c001f10c2ef6,7.6,2.4,5.3,0.0,7809,702,7107,9.0,0.5,0.61,0.54,396528276,2030884870,3134,11807,1.2,234.1,3.1,2.0,69,61,0,0,0,0,0,0.0,0,0,0,0,0,0
1188.6,2026-05-17T16:15:32,0016c001f10c2ef6,7.5,2.3,5.2,0.0,7809,703,7106,9.0,0.46,0.6,0.54,396531414,2030896677,3138,11807,1.2,234.1,3.1,2.0,69,61,0,0,0,0,0,0.0,0,0,0,0,0,0
1189.0,2026-05-17T16:15:33,0016c001f10c2ef6,5.7,1.7,4.0,0.0,7809,703,7106,9.0,0.46,0.6,0.54,396534452,2030908484,3038,11807,1.2,234.1,3.1,2.0,69,61,0,0,0,0,0,0.0,0,0,0,0,0,0
1189.4,2026-05-17T16:15:33,0016c001f10c2ef6,7.2,1.7,5.5,0.0,7809,703,7106,9.0,0.46,0.6,0.54,396537538,2030920291,3086,11807,1.2,234.1,3.1,2.0,69,61,0,0,0,0,0,0.0,0,0,0,0,0,0
1189.9,2026-05-17T16:15:34,0016c001f10c2ef6,6.1,1.5,4.6,0.0,7809,703,7106,9.0,0.46,0.6,0.54,396541605,2030964119,4067,43828,1.2,234.1,3.1,2.0,69,61,0,0,0,0,0,0.0,0,0,0,0,0,0
1190.4,2026-05-17T16:15:34,0016c001f10c2ef6,15.6,1.2,14.5,0.0,7809,703,7106,9.0,0.46,0.6,0.54,396544739,2030975926,3134,11807,1.2,234.1,3.1,2.0,69,61,0,0,0,0,0,0.0,0,0,0,0,0,0
1190.8,2026-05-17T16:15:34,0016c001f10c2ef6,19.4,2.9,16.5,0.0,7809,703,7106,9.0,0.46,0.6,0.54,396547725,2030987733,2986,11807,1.2,234.1,3.1,2.0,69,61,0,0,0,0,0,0.0,0,0,0,0,0,0
1191.2,2026-05-17T16:15:35,0016c001f10c2ef6,19.6,1.8,17.9,0.0,7809,703,7106,9.0,0.46,0.6,0.54,396550759,2030999540,3034,11807,1.2,234.1,3.1,2.0,69,61,0,0,0,0,0,0.0,0,0,0,0,0,0
1191.7,2026-05-17T16:15:35,0016c001f10c2ef6,16.1,1.7,14.4,0.0,7809,702,7107,9.0,0.46,0.6,0.54,396554826,2031043368,4067,43828,1.2,234.1,3.1,2.0,69,61,0,0,0,0,0,0.0,0,0,0,0,0,0
1192.1,2026-05-17T16:15:36,0016c001f10c2ef6,10.4,5.2,5.2,0.0,7809,702,7107,9.0,0.46,0.6,0.54,396558136,2031055327,3310,11959,1.2,234.1,3.1,2.0,69,61,0,0,0,0,0,0.0,0,0,0,0,0,0
1192.6,2026-05-17T16:15:36,0016c001f10c2ef6,10.8,4.4,5.9,0.5,7809,702,7107,9.0,0.46,0.6,0.54,396561378,2031067200,3242,11873,1.2,234.1,3.1,2.0,69,61,0,0,0,0,0,0.0,0,0,0,0,0,0
1193.2,2026-05-17T16:15:37,0016c001f10c2ef6,10.6,3.9,6.8,0.0,7809,702,7107,9.0,0.43,0.59,0.54,396564464,2031079073,3086,11873,1.2,234.1,3.1,2.0,69,61,0,0,0,0,0,0.0,0,0,0,0,0,0
1193.6,2026-05-17T16:15:37,0016c001f10c2ef6,7.0,2.9,4.1,0.0,7809,702,7107,9.0,0.43,0.59,0.54,396567450,2031090880,2986,11807,1.2,234.1,3.1,2.0,69,61,0,0,0,0,0,0.0,0,0,0,0,0,0
1194.0,2026-05-17T16:15:38,0016c001f10c2ef6,6.5,2.4,4.1,0.0,7809,702,7107,9.0,0.43,0.59,0.54,396571361,2031134708,3911,43828,1.2,234.1,3.1,2.0,69,61,0,0,0,0,0,0.0,0,0,0,0,0,0
1194.4,2026-05-17T16:15:38,0016c001f10c2ef6,5.7,2.3,3.4,0.0,7809,702,7107,9.0,0.43,0.59,0.54,396574499,2031146515,3138,11807,1.2,234.1,3.1,2.0,69,61,0,0,0,0,0,0.0,0,0,0,0,0,0
1194.9,2026-05-17T16:15:39,0016c001f10c2ef6,6.3,1.7,4.6,0.0,7809,702,7107,9.0,0.43,0.59,0.54,396577737,2031158322,3238,11807,1.2,234.1,3.1,2.0,69,61,0,0,0,0,0,0.0,0,0,0,0,0,0
1195.3,2026-05-17T16:15:40,0016c001f10c2ef6,6.2,1.7,4.5,0.0,7809,702,7107,9.0,0.43,0.59,0.54,396581152,2031170129,3415,11807,1.2,234.1,3.1,2.0,69,61,0,0,0,0,0,0.0,0,0,0,0,0,0
1195.7,2026-05-17T16:15:40,0016c001f10c2ef6,7.0,2.3,4.7,0.0,7809,703,7106,9.0,0.43,0.59,0.54,396585187,2031214113,4035,43984,1.2,233.9,3.1,2.0,69,61,0,0,0,0,0,0.0,0,0,0,0,0,0
1196.1,2026-05-17T16:15:41,0016c001f10c2ef6,7.8,2.2,5.6,0.0,7809,703,7106,9.0,0.43,0.59,0.54,396588277,2031225920,3090,11807,1.2,233.9,3.1,2.0,69,61,0,0,0,0,0,0.0,0,0,0,0,0,0
1196.6,2026-05-17T16:15:41,0016c001f10c2ef6,7.6,2.3,5.2,0.0,7809,702,7107,9.0,0.43,0.59,0.54,396591415,2031237727,3138,11807,1.2,233.9,3.1,2.0,69,61,0,0,0,0,0,0.0,0,0,0,0,0,0
1197.0,2026-05-17T16:15:42,0016c001f10c2ef6,6.2,2.8,3.4,0.0,7809,702,7107,9.0,0.43,0.59,0.54,396594601,2031249534,3186,11807,1.2,233.9,3.1,2.0,69,61,0,0,0,0,0,0.0,0,0,0,0,0,0
1197.4,2026-05-17T16:15:42,0016c001f10c2ef6,5.9,2.4,3.5,0.0,7809,703,7106,9.0,0.43,0.59,0.54,396597587,2031261341,2986,11807,1.2,233.9,3.1,2.0,69,61,0,0,0,0,0,0.0,0,0,0,0,0,0
1197.8,2026-05-17T16:15:42,0016c001f10c2ef6,5.9,1.8,4.1,0.0,7809,702,7107,9.0,0.43,0.59,0.54,396601754,2031305169,4167,43828,1.2,233.9,3.1,2.0,69,61,0,0,0,0,0,0.0,0,0,0,0,0,0
1198.3,2026-05-17T16:15:43,0016c001f10c2ef6,11.9,6.2,5.7,0.0,7809,701,7108,9.0,0.39,0.58,0.53,396604892,2031317042,3138,11873,1.2,233.9,3.1,2.0,69,61,0,0,0,0,0,0.0,0,0,0,0,0,0
1198.8,2026-05-17T16:15:43,0016c001f10c2ef6,10.0,3.0,7.0,0.0,7809,701,7108,9.0,0.39,0.58,0.53,396607878,2031328915,2986,11873,1.2,233.9,3.1,2.0,69,61,0,0,0,0,0,0.0,0,0,0,0,0,0
1199.2,2026-05-17T16:15:44,0016c001f10c2ef6,6.8,2.3,4.5,0.0,7809,702,7107,9.0,0.39,0.58,0.53,396610964,2031340722,3086,11807,1.2,233.9,3.1,2.0,69,61,0,0,0,0,0,0.0,0,0,0,0,0,0
1199.7,2026-05-17T16:15:44,0016c001f10c2ef6,6.9,2.3,4.6,0.0,7809,702,7107,9.0,0.39,0.58,0.53,396614102,2031352529,3138,11807,1.2,234.2,3.1,2.0,69,61,0,0,0,0,0,0.0,0,0,0,0,0,0
1200.1,2026-05-17T16:15:45,0016c001f10c2ef6,7.5,4.0,3.4,0.0,7809,701,7108,9.0,0.39,0.58,0.53,396618065,2031396357,3963,43828,1.2,234.2,3.1,2.0,69,61,0,0,0,0,0,0.0,0,0,0,0,0,0
1200.5,2026-05-17T16:15:45,0016c001f10c2ef6,6.4,3.5,2.9,0.0,7809,700,7109,9.0,0.39,0.58,0.53,396621151,2031408164,3086,11807,1.2,234.2,3.1,2.0,69,61,0,0,0,0,0,0.0,0,0,0,0,0,0
1200.9,2026-05-17T16:15:45,0016c001f10c2ef6,5.7,1.1,4.5,0.0,7809,700,7109,9.0,0.39,0.58,0.53,396624231,2031420013,3080,11849,1.2,234.2,3.1,2.0,69,61,0,0,0,0,0,0.0,0,0,0,0,0,0
1201.3,2026-05-17T16:15:46,0016c001f10c2ef6,7.6,2.3,5.3,0.0,7809,701,7108,9.0,0.39,0.58,0.53,396627265,2031431820,3034,11807,1.2,234.2,3.1,2.0,69,61,0,0,0,0,0,0.0,0,0,0,0,0,0
1201.8,2026-05-17T16:15:46,0016c001f10c2ef6,12.6,2.3,10.3,0.0,7809,702,7107,9.0,0.39,0.58,0.53,396630812,2031443627,3547,11807,1.2,234.2,3.1,2.0,69,61,0,0,0,0,0,0.0,0,0,0,0,0,0
1202.2,2026-05-17T16:15:47,0016c001f10c2ef6,20.2,3.1,17.2,0.0,7809,703,7106,9.0,0.39,0.58,0.53,396634262,2031487455,3450,43828,1.2,234.2,3.1,2.0,69,61,0,0,0,0,0,0.0,0,0,0,0,0,0
1202.6,2026-05-17T16:15:47,0016c001f10c2ef6,20.1,3.0,17.2,0.0,7809,702,7107,9.0,0.39,0.58,0.53,396637472,2031499340,3210,11885,1.2,234.2,3.1,2.0,69,61,0,0,0,0,0,0.0,0,0,0,0,0,0
1203.0,2026-05-17T16:15:48,0016c001f10c2ef6,19.8,2.4,17.4,0.0,7809,704,7105,9.0,0.44,0.59,0.54,396640558,2031511147,3086,11807,1.2,234.2,3.1,2.0,69,61,0,0,0,0,0,0.0,0,0,0,0,0,0
1203.4,2026-05-17T16:15:48,0016c001f10c2ef6,6.5,1.8,4.7,0.0,7809,702,7107,9.0,0.44,0.59,0.54,396643644,2031522954,3086,11807,1.2,234.2,3.1,2.0,69,61,0,0,0,0,0,0.0,0,0,0,0,0,0
1203.9,2026-05-17T16:15:48,0016c001f10c2ef6,9.0,3.2,5.8,0.0,7809,704,7105,9.0,0.44,0.59,0.54,396647759,2031566848,4115,43894,1.2,234.2,3.1,2.0,69,61,0,0,0,0,0,0.0,0,0,0,0,0,0
1204.4,2026-05-17T16:15:49,0016c001f10c2ef6,11.7,5.6,6.1,0.0,7809,704,7105,9.0,0.44,0.59,0.54,396650897,2031578721,3138,11873,1.2,234.0,3.1,2.0,69,61,0,0,0,0,0,0.0,0,0,0,0,0,0
1204.8,2026-05-17T16:15:49,0016c001f10c2ef6,6.7,1.7,5.0,0.0,7809,703,7106,9.0,0.44,0.59,0.54,396654312,2031590528,3415,11807,1.2,234.0,3.1,2.0,69,61,0,0,0,0,0,0.0,0,0,0,0,0,0
1205.2,2026-05-17T16:15:50,0016c001f10c2ef6,6.4,2.9,3.5,0.0,7809,701,7108,9.0,0.44,0.59,0.54,396657398,2031602335,3086,11807,1.2,234.0,3.1,2.0,69,61,0,0,0,0,0,0.0,0,0,0,0,0,0
1205.7,2026-05-17T16:15:50,0016c001f10c2ef6,4.6,2.3,2.3,0.0,7809,702,7107,9.0,0.44,0.59,0.54,396660636,2031614142,3238,11807,1.2,234.0,3.1,2.0,69,61,0,0,0,0,0,0.0,0,0,0,0,0,0
1206.1,2026-05-17T16:15:51,0016c001f10c2ef6,6.4,2.3,4.1,0.0,7809,702,7107,9.0,0.44,0.59,0.54,396664655,2031657970,4019,43828,1.2,234.0,3.1,2.0,69,61,0,0,0,0,0,0.0,0,0,0,0,0,0
1206.5,2026-05-17T16:15:51,0016c001f10c2ef6,7.9,2.8,5.1,0.0,7809,703,7106,9.0,0.44,0.59,0.54,396667689,2031669777,3034,11807,1.2,234.0,3.1,2.0,69,61,0,0,0,0,0,0.0,0,0,0,0,0,0
1206.9,2026-05-17T16:15:51,0016c001f10c2ef6,7.9,2.8,5.1,0.0,7809,702,7107,9.0,0.44,0.59,0.54,396670823,2031681584,3134,11807,1.2,234.0,3.1,2.0,69,61,0,0,0,0,0,0.0,0,0,0,0,0,0
1207.4,2026-05-17T16:15:52,0016c001f10c2ef6,5.6,1.1,4.5,0.0,7809,701,7108,9.0,0.44,0.59,0.54,396673913,2031693391,3090,11807,1.2,234.0,3.1,2.0,69,61,0,0,0,0,0,0.0,0,0,0,0,0,0
1207.8,2026-05-17T16:15:52,0016c001f10c2ef6,6.4,2.3,4.0,0.0,7809,700,7109,9.0,0.41,0.58,0.53,396677047,2031705198,3134,11807,1.2,234.0,3.1,2.0,69,61,0,0,0,0,0,0.0,0,0,0,0,0,0
1208.2,2026-05-17T16:15:53,0016c001f10c2ef6,7.9,2.2,5.6,0.0,7809,702,7107,9.0,0.41,0.58,0.53,396681014,2031749026,3967,43828,1.2,234.0,3.1,2.0,69,61,0,0,0,0,0,0.0,0,0,0,0,0,0
1208.7,2026-05-17T16:15:53,0016c001f10c2ef6,6.3,1.7,4.0,0.6,7809,702,7107,9.0,0.41,0.58,0.53,396684048,2031760833,3034,11807,1.2,234.0,3.1,2.0,69,61,0,0,0,0,0,0.0,0,0,0,0,0,0
1209.1,2026-05-17T16:15:54,0016c001f10c2ef6,6.9,2.9,4.0,0.0,7809,702,7107,9.0,0.41,0.58,0.53,396687286,2031772640,3238,11807,1.2,234.0,3.1,2.0,69,61,0,0,0,0,0,0.0,0,0,0,0,0,0
1209.6,2026-05-17T16:15:54,0016c001f10c2ef6,9.4,3.3,6.1,0.0,7809,702,7107,9.0,0.41,0.58,0.53,396690528,2031784513,3242,11873,1.2,234.0,3.1,2.0,69,61,0,0,0,0,0,0.0,0,0,0,0,0,0
1210.1,2026-05-17T16:15:55,0016c001f10c2ef6,10.8,4.9,5.9,0.0,7809,702,7107,9.0,0.41,0.58,0.53,396694651,2031828407,4123,43894,1.2,234.0,3.1,2.0,69,61,0,0,0,0,0,0.0,0,0,0,0,0,0
1210.5,2026-05-17T16:15:55,0016c001f10c2ef6,6.7,2.2,4.5,0.0,7809,703,7106,9.0,0.41,0.58,0.53,396697861,2031840292,3210,11885,1.2,234.0,3.1,2.0,69,61,0,0,0,0,0,0.0,0,0,0,0,0,0
1210.9,2026-05-17T16:15:55,0016c001f10c2ef6,6.3,2.3,4.0,0.0,7809,702,7107,9.0,0.41,0.58,0.53,396700999,2031852099,3138,11807,1.2,234.0,3.1,2.0,69,61,0,0,0,0,0,0.0,0,0,0,0,0,0
1211.4,2026-05-17T16:15:56,0016c001f10c2ef6,5.7,2.9,2.9,0.0,7809,701,7108,9.0,0.41,0.58,0.53,396704189,2031863906,3190,11807,1.2,234.0,3.1,2.0,69,61,0,0,0,0,0,0.0,0,0,0,0,0,0
1211.8,2026-05-17T16:15:56,0016c001f10c2ef6,6.2,1.1,5.1,0.0,7809,701,7108,9.0,0.41,0.58,0.53,396707327,2031875713,3138,11807,1.2,234.0,3.1,2.0,69,61,0,0,0,0,0,0.0,0,0,0,0,0,0
1212.2,2026-05-17T16:15:57,0016c001f10c2ef6,5.9,2.4,3.6,0.0,7809,701,7108,9.0,0.41,0.58,0.53,396711342,2031919541,4015,43828,1.2,234.0,3.1,2.0,69,61,0,0,0,0,0,0.0,0,0,0,0,0,0
1212.7,2026-05-17T16:15:57,0016c001f10c2ef6,6.3,2.3,4.0,0.0,7809,702,7107,9.0,0.37,0.57,0.53,396714428,2031931348,3086,11807,1.2,234.0,3.1,2.0,69,61,0,0,0,0,0,0.0,0,0,0,0,0,0
1213.1,2026-05-17T16:15:58,0016c001f10c2ef6,11.9,2.8,9.1,0.0,7809,702,7107,9.0,0.37,0.57,0.53,396717514,2031943155,3086,11807,1.2,234.0,3.1,2.0,69,61,0,0,0,0,0,0.0,0,0,0,0,0,0
1213.5,2026-05-17T16:15:58,0016c001f10c2ef6,19.1,1.7,17.3,0.0,7809,702,7107,9.0,0.37,0.57,0.53,396720548,2031954962,3034,11807,1.2,234.0,3.1,2.0,69,61,0,0,0,0,0,0.0,0,0,0,0,0,0
1214.0,2026-05-17T16:15:58,0016c001f10c2ef6,17.8,1.7,16.1,0.0,7809,702,7107,9.0,0.37,0.57,0.53,396724611,2031998856,4063,43894,1.2,234.0,3.1,2.0,69,61,0,0,0,0,0,0.0,0,0,0,0,0,0
1214.4,2026-05-17T16:15:59,0016c001f10c2ef6,19.0,1.7,17.2,0.0,7809,702,7107,9.0,0.37,0.57,0.53,396727649,2032010663,3038,11807,1.2,234.0,3.1,2.0,69,61,0,0,0,0,0,0.0,0,0,0,0,0,0
1214.8,2026-05-17T16:15:59,0016c001f10c2ef6,9.1,2.3,6.8,0.0,7809,702,7107,9.0,0.37,0.57,0.53,396731310,2032022536,3661,11873,1.2,234.0,3.1,2.0,69,61,0,0,0,0,0,0.0,0,0,0,0,0,0
1215.3,2026-05-17T16:16:00,0016c001f10c2ef6,9.6,3.6,6.1,0.0,7809,702,7107,9.0,0.37,0.57,0.53,396734296,2032034409,2986,11873,1.2,234.0,3.1,2.0,69,61,0,0,0,0,0,0.0,0,0,0,0,0,0
1215.7,2026-05-17T16:16:00,0016c001f10c2ef6,5.8,1.7,4.0,0.0,7809,702,7107,9.0,0.37,0.57,0.53,396737382,2032046216,3086,11807,1.2,234.0,3.1,2.0,69,61,0,0,0,0,0,0.0,0,0,0,0,0,0
1216.2,2026-05-17T16:16:01,0016c001f10c2ef6,8.4,3.4,5.0,0.0,7809,703,7106,9.0,0.37,0.57,0.53,396741449,2032090044,4067,43828,1.2,234.0,3.1,2.0,69,61,0,0,0,0,0,0.0,0,0,0,0,0,0
1216.6,2026-05-17T16:16:01,0016c001f10c2ef6,6.3,1.7,4.6,0.0,7809,703,7106,9.0,0.37,0.57,0.53,396744583,2032101851,3134,11807,1.2,234.0,3.1,2.0,69,61,0,0,0,0,0,0.0,0,0,0,0,0,0
1217.0,2026-05-17T16:16:02,0016c001f10c2ef6,7.4,2.8,4.5,0.0,7809,702,7107,9.0,0.37,0.57,0.53,396747569,2032113658,2986,11807,1.2,234.0,3.1,2.0,69,61,0,0,0,0,0,0.0,0,0,0,0,0,0
1217.5,2026-05-17T16:16:02,0016c001f10c2ef6,6.4,2.9,2.9,0.6,7809,702,7107,9.0,0.34,0.56,0.53,396750655,2032125465,3086,11807,1.2,234.0,3.1,2.0,69,61,0,0,0,0,0,0.0,0,0,0,0,0,0
1217.9,2026-05-17T16:16:02,0016c001f10c2ef6,6.9,2.9,4.0,0.0,7809,703,7106,9.0,0.34,0.56,0.53,396753689,2032137272,3034,11807,1.2,234.0,3.1,2.0,69,61,0,0,0,0,0,0.0,0,0,0,0,0,0
1218.3,2026-05-17T16:16:03,0016c001f10c2ef6,7.0,2.3,4.7,0.0,7809,702,7107,9.0,0.34,0.56,0.53,396757876,2032181178,4187,43906,1.2,234.0,3.1,2.0,69,61,0,0,0,0,0,0.0,0,0,0,0,0,0
1218.7,2026-05-17T16:16:03,0016c001f10c2ef6,6.3,2.9,3.4,0.0,7809,702,7107,9.0,0.34,0.56,0.53,396760862,2032192985,2986,11807,1.2,234.0,3.1,2.0,69,61,0,0,0,0,0,0.0,0,0,0,0,0,0
1219.1,2026-05-17T16:16:04,0016c001f10c2ef6,6.0,1.2,4.8,0.0,7809,702,7107,9.0,0.34,0.56,0.53,396763948,2032204792,3086,11807,1.2,234.0,3.1,2.0,69,61,0,0,0,0,0,0.0,0,0,0,0,0,0
1219.6,2026-05-17T16:16:04,0016c001f10c2ef6,7.9,3.4,4.5,0.0,7809,702,7107,9.0,0.34,0.56,0.53,396766982,2032216599,3034,11807,1.2,234.0,3.1,2.0,69,61,0,0,0,0,0,0.0,0,0,0,0,0,0
1220.0,2026-05-17T16:16:05,0016c001f10c2ef6,6.8,2.3,4.5,0.0,7809,702,7107,9.0,0.34,0.56,0.53,396770733,2032228406,3751,11807,1.2,234.0,3.1,2.0,69,61,0,0,0,0,0,0.0,0,0,0,0,0,0
1220.5,2026-05-17T16:16:05,0016c001f10c2ef6,9.8,3.6,6.2,0.0,7809,701,7108,9.0,0.34,0.56,0.53,396774135,2032272300,3402,43894,1.2,234.0,3.1,2.0,69,61,0,0,0,0,0,0.0,0,0,0,0,0,0
1220.9,2026-05-17T16:16:05,0016c001f10c2ef6,5.3,1.2,4.1,0.0,7809,701,7108,9.0,0.34,0.56,0.53,396777273,2032284107,3138,11807,1.2,234.0,3.1,2.0,69,61,0,0,0,0,0,0.0,0,0,0,0,0,0
1221.3,2026-05-17T16:16:06,0016c001f10c2ef6,5.2,1.7,3.4,0.0,7809,701,7108,9.0,0.34,0.56,0.53,396780411,2032295914,3138,11807,1.2,234.0,3.1,2.0,69,61,0,0,0,0,0,0.0,0,0,0,0,0,0
1221.8,2026-05-17T16:16:06,0016c001f10c2ef6,6.8,4.0,2.8,0.0,7809,702,7107,9.0,0.34,0.56,0.53,396783497,2032307721,3086,11807,1.2,234.0,3.1,2.0,69,61,0,0,0,0,0,0.0,0,0,0,0,0,0
1222.2,2026-05-17T16:16:07,0016c001f10c2ef6,5.9,1.8,4.1,0.0,7809,702,7107,9.0,0.34,0.56,0.53,396787560,2032351549,4063,43828,1.2,234.0,3.1,2.0,69,61,0,0,0,0,0,0.0,0,0,0,0,0,0
1222.6,2026-05-17T16:16:07,0016c001f10c2ef6,6.9,2.9,4.0,0.0,7809,702,7107,9.0,0.31,0.55,0.52,396790546,2032363356,2986,11807,1.2,234.0,3.1,2.0,69,61,0,0,0,0,0,0.0,0,0,0,0,0,0
1223.1,2026-05-17T16:16:08,0016c001f10c2ef6,7.0,1.8,5.3,0.0,7809,702,7107,9.0,0.31,0.55,0.52,396793704,2032375249,3158,11893,1.2,234.0,3.1,2.0,69,61,0,0,0,0,0,0.0,0,0,0,0,0,0
1223.5,2026-05-17T16:16:08,0016c001f10c2ef6,6.0,1.8,4.2,0.0,7809,703,7106,9.0,0.31,0.55,0.52,396796790,2032387056,3086,11807,1.2,234.0,3.1,2.0,69,61,0,0,0,0,0,0.0,0,0,0,0,0,0
1223.9,2026-05-17T16:16:08,0016c001f10c2ef6,5.7,2.3,3.4,0.0,7809,703,7106,9.0,0.31,0.55,0.52,396799928,2032398863,3138,11807,1.2,234.0,3.1,2.0,69,61,0,0,0,0,0,0.0,0,0,0,0,0,0
1224.4,2026-05-17T16:16:09,0016c001f10c2ef6,6.3,2.9,3.4,0.0,7809,701,7108,9.0,0.31,0.55,0.52,396804216,2032442757,4288,43894,1.2,234.0,3.1,2.0,69,61,0,0,0,0,0,0.0,0,0,0,0,0,0
1224.8,2026-05-17T16:16:09,0016c001f10c2ef6,19.5,3.6,16.0,0.0,7809,700,7109,9.0,0.31,0.55,0.52,396807302,2032454564,3086,11807,1.2,234.0,3.1,2.0,69,61,0,0,0,0,0,0.0,0,0,0,0,0,0
1225.2,2026-05-17T16:16:10,0016c001f10c2ef6,18.9,2.4,16.6,0.0,7809,700,7109,9.0,0.31,0.55,0.52,396810516,2032466527,3214,11963,1.2,234.0,3.1,2.0,69,61,0,0,0,0,0,0.0,0,0,0,0,0,0
1225.7,2026-05-17T16:16:10,0016c001f10c2ef6,20.2,2.2,18.0,0.0,7809,701,7108,9.0,0.31,0.55,0.52,396813706,2032478400,3190,11873,1.2,234.0,3.1,2.0,69,61,0,0,0,0,0,0.0,0,0,0,0,0,0
1226.1,2026-05-17T16:16:11,0016c001f10c2ef6,15.2,1.8,13.5,0.0,7809,701,7108,9.0,0.31,0.55,0.52,396817461,2032522228,3755,43828,1.2,234.0,3.1,2.0,69,61,0,0,0,0,0,0.0,0,0,0,0,0,0
1226.6,2026-05-17T16:16:11,0016c001f10c2ef6,6.5,2.4,4.1,0.0,7809,702,7107,9.0,0.31,0.55,0.52,396820651,2032534035,3190,11807,1.2,234.2,3.1,2.0,69,61,0,0,0,0,0,0.0,0,0,0,0,0,0
1227.0,2026-05-17T16:16:12,0016c001f10c2ef6,7.9,2.8,5.1,0.0,7809,702,7107,9.0,0.31,0.55,0.52,396823737,2032545842,3086,11807,1.2,234.2,3.1,2.0,69,61,0,0,0,0,0,0.0,0,0,0,0,0,0
1227.5,2026-05-17T16:16:13,0016c001f10c2ef6,8.1,2.3,5.8,0.0,7809,704,7105,9.0,0.37,0.56,0.53,396826823,2032557649,3086,11807,1.2,234.2,3.1,2.0,69,61,0,0,0,0,0,0.0,0,0,0,0,0,0
1227.9,2026-05-17T16:16:13,0016c001f10c2ef6,5.2,1.2,4.0,0.0,7809,703,7106,9.0,0.37,0.56,0.53,396829857,2032569456,3034,11807,1.2,234.2,3.1,2.0,69,61,0,0,0,0,0,0.0,0,0,0,0,0,0
1228.3,2026-05-17T16:16:14,0016c001f10c2ef6,6.9,2.3,4.6,0.0,7809,704,7105,9.0,0.37,0.56,0.53,396833924,2032613284,4067,43828,1.2,234.2,3.1,2.0,69,61,0,0,0,0,0,0.0,0,0,0,0,0,0
1228.8,2026-05-17T16:16:14,0016c001f10c2ef6,7.2,3.0,4.2,0.0,7809,701,7108,9.0,0.37,0.56,0.53,396836958,2032625091,3034,11807,1.2,234.2,3.1,2.0,69,61,0,0,0,0,0,0.0,0,0,0,0,0,0
1229.2,2026-05-17T16:16:15,0016c001f10c2ef6,6.9,2.9,4.0,0.0,7809,701,7108,9.0,0.37,0.56,0.53,396840096,2032636898,3138,11807,1.2,234.2,3.1,2.0,69,61,0,0,0,0,0,0.0,0,0,0,0,0,0
1229.6,2026-05-17T16:16:15,0016c001f10c2ef6,6.4,1.7,4.6,0.0,7809,701,7108,9.0,0.37,0.56,0.53,396843334,2032648705,3238,11807,1.2,234.2,3.1,2.0,69,61,0,0,0,0,0,0.0,0,0,0,0,0,0
1230.1,2026-05-17T16:16:15,0016c001f10c2ef6,6.4,2.3,4.1,0.0,7809,701,7108,9.0,0.37,0.56,0.53,396846320,2032660512,2986,11807,1.2,234.2,3.1,2.0,69,61,0,0,0,0,0,0.0,0,0,0,0,0,0
1230.5,2026-05-17T16:16:16,0016c001f10c2ef6,7.6,1.8,5.8,0.0,7809,701,7108,9.0,0.37,0.56,0.53,396850585,2032704382,4265,43870,1.2,234.2,3.1,2.0,69,61,0,0,0,0,0,0.0,0,0,0,0,0,0
1231.0,2026-05-17T16:16:16,0016c001f10c2ef6,9.8,4.4,5.4,0.0,7809,701,7108,9.0,0.37,0.56,0.53,396853723,2032716255,3138,11873,1.2,234.2,3.1,2.0,69,61,0,0,0,0,0,0.0,0,0,0,0,0,0
1231.5,2026-05-17T16:16:17,0016c001f10c2ef6,8.7,2.6,6.1,0.0,7809,701,7108,9.0,0.37,0.56,0.53,396857017,2032728128,3294,11873,1.2,234.2,3.1,2.0,69,61,0,0,0,0,0,0.0,0,0,0,0,0,0
1232.0,2026-05-17T16:16:17,0016c001f10c2ef6,9.0,3.5,5.5,0.0,7809,701,7108,9.0,0.37,0.56,0.53,396860207,2032740001,3190,11873,1.2,234.2,3.1,2.0,69,61,0,0,0,0,0,0.0,0,0,0,0,0,0
1232.5,2026-05-17T16:16:18,0016c001f10c2ef6,13.6,6.0,6.0,1.5,7809,702,7107,9.0,0.42,0.56,0.53,396864222,2032783895,4015,43894,1.2,234.2,3.1,2.0,69,61,0,0,0,0,0,0.0,0,0,0,0,0,0
1233.0,2026-05-17T16:16:18,0016c001f10c2ef6,8.1,3.6,4.6,0.0,7809,702,7107,9.0,0.42,0.56,0.53,396867208,2032795768,2986,11873,1.2,234.2,3.1,2.0,69,61,0,0,0,0,0,0.0,0,0,0,0,0,0
1233.5,2026-05-17T16:16:19,0016c001f10c2ef6,8.3,2.9,5.4,0.0,7809,702,7107,9.0,0.42,0.56,0.53,396870346,2032807641,3138,11873,1.2,234.2,3.1,2.0,69,61,0,0,0,0,0,0.0,0,0,0,0,0,0
1233.9,2026-05-17T16:16:19,0016c001f10c2ef6,6.4,2.9,3.5,0.0,7809,702,7107,9.0,0.42,0.56,0.53,396873556,2032819526,3210,11885,1.2,234.2,3.1,2.0,69,61,0,0,0,0,0,0.0,0,0,0,0,0,0
1234.3,2026-05-17T16:16:20,0016c001f10c2ef6,6.5,2.9,3.5,0.0,7809,702,7107,9.0,0.42,0.56,0.53,396878000,2032863354,4444,43828,1.2,234.2,3.1,2.0,69,61,0,0,0,0,0,0.0,0,0,0,0,0,0
1234.8,2026-05-17T16:16:20,0016c001f10c2ef6,8.5,3.4,5.1,0.0,7809,702,7107,9.0,0.42,0.56,0.53,396881238,2032875161,3238,11807,1.2,234.2,3.1,2.0,69,61,0,0,0,0,0,0.0,0,0,0,0,0,0
1235.2,2026-05-17T16:16:21,0016c001f10c2ef6,5.2,1.1,4.0,0.0,7809,702,7107,9.0,0.42,0.56,0.53,396884224,2032886968,2986,11807,1.2,234.2,3.1,2.0,69,61,0,0,0,0,0,0.0,0,0,0,0,0,0
1235.6,2026-05-17T16:16:21,0016c001f10c2ef6,8.9,4.5,4.5,0.0,7809,702,7107,9.0,0.42,0.56,0.53,396887362,2032898775,3138,11807,1.2,234.2,3.1,2.0,69,61,0,0,0,0,0,0.0,0,0,0,0,0,0
1236.1,2026-05-17T16:16:21,0016c001f10c2ef6,6.8,2.3,4.5,0.0,7809,702,7107,9.0,0.42,0.56,0.53,396890448,2032910582,3086,11807,1.2,234.2,3.1,2.0,69,61,0,0,0,0,0,0.0,0,0,0,0,0,0
1236.5,2026-05-17T16:16:22,0016c001f10c2ef6,17.7,1.7,16.0,0.0,7809,703,7106,9.0,0.42,0.56,0.53,396894515,2032954410,4067,43828,1.2,234.3,3.1,2.0,69,61,0,0,0,0,0,0.0,0,0,0,0,0,0
1236.9,2026-05-17T16:16:22,0016c001f10c2ef6,20.1,3.0,17.2,0.0,7809,702,7107,9.0,0.42,0.56,0.53,396897601,2032966217,3086,11807,1.2,234.3,3.1,2.0,69,61,0,0,0,0,0,0.0,0,0,0,0,0,0
1237.4,2026-05-17T16:16:23,0016c001f10c2ef6,19.4,2.4,17.1,0.0,7809,703,7106,9.0,0.55,0.59,0.54,396900687,2032978024,3086,11807,1.2,234.3,3.1,2.0,69,61,0,0,0,0,0,0.0,0,0,0,0,0,0
1237.8,2026-05-17T16:16:23,0016c001f10c2ef6,13.9,1.8,12.0,0.0,7809,703,7106,9.0,0.55,0.59,0.54,396903773,2032989831,3086,11807,1.2,234.3,3.1,2.0,69,61,0,0,0,0,0,0.0,0,0,0,0,0,0
1238.2,2026-05-17T16:16:24,0016c001f10c2ef6,7.9,2.8,5.1,0.0,7809,702,7107,9.0,0.55,0.59,0.54,396907011,2033001638,3238,11807,1.2,234.3,3.1,2.0,69,61,0,0,0,0,0,0.0,0,0,0,0,0,0
1238.7,2026-05-17T16:16:24,0016c001f10c2ef6,9.4,4.0,5.4,0.0,7809,703,7106,9.0,0.55,0.59,0.54,396911130,2033045532,4119,43894,1.2,234.3,3.1,2.0,69,61,0,0,0,0,0,0.0,0,0,0,0,0,0
1239.1,2026-05-17T16:16:24,0016c001f10c2ef6,6.1,2.8,3.3,0.0,7809,703,7106,9.0,0.55,0.59,0.54,396914168,2033057339,3038,11807,1.2,234.3,3.1,2.0,69,61,0,0,0,0,0,0.0,0,0,0,0,0,0
1239.5,2026-05-17T16:16:25,0016c001f10c2ef6,6.1,1.7,4.4,0.0,7809,703,7106,9.0,0.55,0.59,0.54,396917306,2033069146,3138,11807,1.2,234.3,3.1,2.0,69,61,0,0,0,0,0,0.0,0,0,0,0,0,0
1240.0,2026-05-17T16:16:25,0016c001f10c2ef6,6.2,2.3,4.0,0.0,7809,702,7107,9.0,0.55,0.59,0.54,396920392,2033080953,3086,11807,1.2,234.3,3.1,2.0,69,61,0,0,0,0,0,0.0,0,0,0,0,0,0
1240.4,2026-05-17T16:16:26,0016c001f10c2ef6,6.1,1.1,5.0,0.0,7809,701,7108,9.0,0.55,0.59,0.54,396923991,2033107652,3599,26699,1.2,234.3,3.1,2.0,69,61,0,0,0,0,0,0.0,0,0,0,0,0,0
1240.9,2026-05-17T16:16:26,0016c001f10c2ef6,6.1,2.0,4.1,0.0,7809,701,7108,9.0,0.55,0.59,0.54,396927493,2033136588,3502,28936,1.2,234.3,3.1,2.0,69,61,0,0,0,0,0,0.0,0,0,0,0,0,0
1241.3,2026-05-17T16:16:27,0016c001f10c2ef6,5.7,1.7,4.0,0.0,7809,701,7108,9.0,0.55,0.59,0.54,396930579,2033148395,3086,11807,1.2,234.3,3.1,2.0,69,61,0,0,0,0,0,0.0,0,0,0,0,0,0
1241.7,2026-05-17T16:16:27,0016c001f10c2ef6,5.8,2.3,3.5,0.0,7809,702,7107,9.0,0.55,0.59,0.54,396933737,2033160280,3158,11885,1.2,234.3,3.1,2.0,69,61,0,0,0,0,0,0.0,0,0,0,0,0,0
1242.1,2026-05-17T16:16:27,0016c001f10c2ef6,7.4,2.3,5.1,0.0,7809,702,7107,9.0,0.5,0.58,0.54,396936875,2033172087,3138,11807,1.2,234.3,3.1,2.0,69,61,0,0,0,0,0,0.0,0,0,0,0,0,0
1242.5,2026-05-17T16:16:28,0016c001f10c2ef6,6.8,2.3,4.0,0.6,7809,701,7108,9.0,0.5,0.58,0.54,396940942,2033215915,4067,43828,1.2,234.3,3.1,2.0,69,61,0,0,0,0,0,0.0,0,0,0,0,0,0
1242.9,2026-05-17T16:16:28,0016c001f10c2ef6,7.5,2.9,4.6,0.0,7809,701,7108,9.0,0.5,0.58,0.54,396943976,2033227722,3034,11807,1.2,234.3,3.1,2.0,69,61,0,0,0,0,0,0.0,0,0,0,0,0,0
1243.4,2026-05-17T16:16:29,0016c001f10c2ef6,6.8,2.3,4.5,0.0,7809,702,7107,9.0,0.5,0.58,0.54,396947214,2033239529,3238,11807,1.2,234.3,3.1,2.0,69,61,0,0,0,0,0,0.0,0,0,0,0,0,0
1243.9,2026-05-17T16:16:29,0016c001f10c2ef6,9.7,2.9,6.8,0.0,7809,702,7107,9.0,0.5,0.58,0.54,396950629,2033251402,3415,11873,1.2,234.3,3.1,2.0,69,61,0,0,0,0,0,0.0,0,0,0,0,0,0
1244.3,2026-05-17T16:16:30,0016c001f10c2ef6,5.6,1.7,3.9,0.0,7809,702,7107,9.0,0.5,0.58,0.54,396953767,2033263209,3138,11807,1.2,234.3,3.1,2.0,69,61,0,0,0,0,0,0.0,0,0,0,0,0,0
1244.7,2026-05-17T16:16:30,0016c001f10c2ef6,6.9,2.3,4.6,0.0,7809,702,7107,9.0,0.5,0.58,0.54,396957834,2033307037,4067,43828,1.2,234.3,3.1,2.0,69,61,0,0,0,0,0,0.0,0,0,0,0,0,0
1245.1,2026-05-17T16:16:30,0016c001f10c2ef6,6.4,2.3,4.0,0.0,7809,702,7107,9.0,0.5,0.58,0.54,396960868,2033318844,3034,11807,1.2,234.3,3.1,2.0,69,61,0,0,0,0,0,0.0,0,0,0,0,0,0
1245.5,2026-05-17T16:16:31,0016c001f10c2ef6,6.4,1.8,4.7,0.0,7809,701,7108,9.0,0.5,0.58,0.54,396963902,2033330651,3034,11807,1.2,234.3,3.1,2.0,69,61,0,0,0,0,0,0.0,0,0,0,0,0,0
1245.9,2026-05-17T16:16:31,0016c001f10c2ef6,7.5,2.9,4.6,0.0,7809,701,7108,9.0,0.5,0.58,0.54,396966936,2033342458,3034,11807,1.2,234.3,3.1,2.0,69,61,0,0,0,0,0,0.0,0,0,0,0,0,0
1246.3,2026-05-17T16:16:32,0016c001f10c2ef6,5.7,1.7,4.0,0.0,7809,703,7106,9.0,0.5,0.58,0.54,396970074,2033354265,3138,11807,1.2,234.3,3.1,2.0,69,61,0,0,0,0,0,0.0,0,0,0,0,0,0
1246.8,2026-05-17T16:16:32,0016c001f10c2ef6,7.6,2.9,4.7,0.0,7809,703,7106,9.0,0.54,0.59,0.54,396974241,2033398093,4167,43828,1.2,234.3,3.1,2.0,69,61,0,0,0,0,0,0.0,0,0,0,0,0,0
1247.2,2026-05-17T16:16:33,0016c001f10c2ef6,5.2,0.6,4.6,0.0,7809,702,7107,9.0,0.54,0.59,0.54,396977279,2033409900,3038,11807,1.2,234.3,3.1,2.0,69,61,0,0,0,0,0,0.0,0,0,0,0,0,0
1247.6,2026-05-17T16:16:33,0016c001f10c2ef6,14.8,2.3,12.5,0.0,7809,702,7107,9.0,0.54,0.59,0.54,396980365,2033421707,3086,11807,1.2,234.3,3.1,2.0,69,61,0,0,0,0,0,0.0,0,0,0,0,0,0
1248.1,2026-05-17T16:16:33,0016c001f10c2ef6,21.8,3.4,18.4,0.0,7809,702,7107,9.0,0.54,0.59,0.54,396983603,2033433514,3238,11807,1.2,234.3,3.1,2.0,69,61,0,0,0,0,0,0.0,0,0,0,0,0,0
1248.5,2026-05-17T16:16:34,0016c001f10c2ef6,19.3,2.4,16.9,0.0,7809,701,7108,9.0,0.54,0.59,0.54,396986793,2033445321,3190,11807,1.2,234.3,3.1,2.0,69,61,0,0,0,0,0,0.0,0,0,0,0,0,0
1249.0,2026-05-17T16:16:34,0016c001f10c2ef6,16.2,2.5,13.7,0.0,7809,701,7108,9.0,0.54,0.59,0.54,396990668,2033489391,3875,44070,1.2,234.3,3.1,2.0,69,61,0,0,0,0,0,0.0,0,0,0,0,0,0
1249.4,2026-05-17T16:16:35,0016c001f10c2ef6,5.8,2.9,2.9,0.0,7809,701,7108,9.0,0.54,0.59,0.54,396993826,2033501276,3158,11885,1.2,234.3,3.1,2.0,69,61,0,0,0,0,0,0.0,0,0,0,0,0,0
1249.8,2026-05-17T16:16:35,0016c001f10c2ef6,6.3,2.3,4.0,0.0,7809,701,7108,9.0,0.54,0.59,0.54,396996860,2033513083,3034,11807,1.2,234.3,3.1,2.0,69,61,0,0,0,0,0,0.0,0,0,0,0,0,0
1250.3,2026-05-17T16:16:36,0016c001f10c2ef6,7.3,2.2,5.0,0.0,7809,702,7107,9.0,0.54,0.59,0.54,396999894,2033524890,3034,11807,1.2,234.3,3.1,2.0,69,61,0,0,0,0,0,0.0,0,0,0,0,0,0
1250.7,2026-05-17T16:16:36,0016c001f10c2ef6,5.8,1.8,4.1,0.0,7809,703,7106,9.0,0.54,0.59,0.54,397003857,2033568718,3963,43828,1.2,234.3,3.1,2.0,69,61,0,0,0,0,0,0.0,0,0,0,0,0,0
1251.1,2026-05-17T16:16:36,0016c001f10c2ef6,7.3,1.7,5.6,0.0,7809,702,7107,9.0,0.54,0.59,0.54,397007095,2033580525,3238,11807,1.2,234.3,3.1,2.0,69,61,0,0,0,0,0,0.0,0,0,0,0,0,0
1251.6,2026-05-17T16:16:37,0016c001f10c2ef6,7.3,2.2,5.0,0.0,7809,703,7106,9.0,0.5,0.58,0.54,397010081,2033592332,2986,11807,1.2,234.3,3.1,2.0,69,61,0,0,0,0,0,0.0,0,0,0,0,0,0
1252.0,2026-05-17T16:16:37,0016c001f10c2ef6,5.6,2.2,3.4,0.0,7809,703,7106,9.0,0.5,0.58,0.54,397013323,2033604139,3242,11807,1.2,234.3,3.1,2.0,69,61,0,0,0,0,0,0.0,0,0,0,0,0,0
1252.4,2026-05-17T16:16:38,0016c001f10c2ef6,6.8,2.8,4.0,0.0,7809,702,7107,9.0,0.5,0.58,0.54,397016409,2033615946,3086,11807,1.2,234.3,3.1,2.0,69,61,0,0,0,0,0,0.0,0,0,0,0,0,0
1252.9,2026-05-17T16:16:38,0016c001f10c2ef6,8.1,3.5,4.7,0.0,7809,703,7106,9.0,0.5,0.58,0.54,397020424,2033659774,4015,43828,1.2,234.2,3.1,2.0,69,61,0,0,0,0,0,0.0,0,0,0,0,0,0
1253.3,2026-05-17T16:16:39,0016c001f10c2ef6,5.1,2.3,2.9,0.0,7809,703,7106,9.0,0.5,0.58,0.54,397023614,2033671581,3190,11807,1.2,234.2,3.1,2.0,69,61,0,0,0,0,0,0.0,0,0,0,0,0,0
1253.7,2026-05-17T16:16:39,0016c001f10c2ef6,6.8,1.7,5.1,0.0,7809,703,7106,9.0,0.5,0.58,0.54,397027229,2033683388,3615,11807,1.2,234.2,3.1,2.0,69,61,0,0,0,0,0,0.0,0,0,0,0,0,0
1254.2,2026-05-17T16:16:40,0016c001f10c2ef6,9.5,3.5,6.0,0.0,7809,702,7107,9.0,0.5,0.58,0.54,397030415,2033695503,3186,12115,1.2,234.2,3.1,2.0,69,61,0,0,0,0,0,0.0,0,0,0,0,0,0
1254.6,2026-05-17T16:16:40,0016c001f10c2ef6,6.4,1.8,4.7,0.0,7809,702,7107,9.0,0.5,0.58,0.54,397034118,2033739331,3703,43828,1.2,234.2,3.1,2.0,69,61,0,0,0,0,0,0.0,0,0,0,0,0,0
1255.1,2026-05-17T16:16:40,0016c001f10c2ef6,6.5,3.0,3.6,0.0,7809,702,7107,9.0,0.5,0.58,0.54,397037308,2033751138,3190,11807,1.2,234.2,3.1,2.0,69,61,0,0,0,0,0,0.0,0,0,0,0,0,0
1255.5,2026-05-17T16:16:41,0016c001f10c2ef6,5.2,1.7,3.5,0.0,7809,702,7107,9.0,0.5,0.58,0.54,397040446,2033762945,3138,11807,1.2,234.2,3.1,2.0,69,61,0,0,0,0,0,0.0,0,0,0,0,0,0
1256.0,2026-05-17T16:16:41,0016c001f10c2ef6,6.7,2.8,3.9,0.0,7809,702,7107,9.0,0.5,0.58,0.54,397043480,2033774752,3034,11807,1.2,234.2,3.1,2.0,69,61,0,0,0,0,0,0.0,0,0,0,0,0,0
1256.4,2026-05-17T16:16:42,0016c001f10c2ef6,6.3,1.7,4.6,0.0,7809,702,7107,9.0,0.5,0.58,0.54,397046566,2033786559,3086,11807,1.2,234.2,3.1,2.0,69,61,0,0,0,0,0,0.0,0,0,0,0,0,0
1256.8,2026-05-17T16:16:42,0016c001f10c2ef6,8.0,2.3,5.7,0.0,7809,701,7108,9.0,0.46,0.57,0.53,397050685,2033830387,4119,43828,1.2,234.2,3.1,2.0,69,61,0,0,0,0,0,0.0,0,0,0,0,0,0
1257.3,2026-05-17T16:16:43,0016c001f10c2ef6,7.4,2.3,5.1,0.0,7809,702,7107,9.0,0.46,0.57,0.53,397053771,2033842194,3086,11807,1.2,234.2,3.1,2.0,69,61,0,0,0,0,0,0.0,0,0,0,0,0,0
1257.7,2026-05-17T16:16:43,0016c001f10c2ef6,6.2,1.1,5.1,0.0,7809,702,7107,9.0,0.46,0.57,0.53,397056857,2033854001,3086,11807,1.2,234.1,3.1,2.0,69,61,0,0,0,0,0,0.0,0,0,0,0,0,0
1258.1,2026-05-17T16:16:43,0016c001f10c2ef6,6.4,2.3,4.1,0.0,7809,701,7108,9.0,0.46,0.57,0.53,397059943,2033865808,3086,11807,1.2,234.1,3.1,2.0,69,61,0,0,0,0,0,0.0,0,0,0,0,0,0
1258.5,2026-05-17T16:16:44,0016c001f10c2ef6,5.8,1.2,4.7,0.0,7809,703,7106,9.0,0.46,0.57,0.53,397063075,2033877681,3132,11873,1.2,234.1,3.1,2.0,69,61,0,0,0,0,0,0.0,0,0,0,0,0,0
1259.0,2026-05-17T16:16:44,0016c001f10c2ef6,10.2,2.8,7.4,0.0,7809,702,7107,9.0,0.46,0.57,0.53,397067294,2033921509,4219,43828,1.2,234.1,3.1,2.0,69,61,0,0,0,0,0,0.0,0,0,0,0,0,0
1259.4,2026-05-17T16:16:46,0016c001f10c2ef6,20.0,2.9,17.1,0.0,7809,702,7107,9.0,0.46,0.57,0.53,397070326,2033933358,3032,11849,1.2,234.1,3.1,2.0,69,61,0,0,0,0,0,0.0,0,0,0,0,0,0
1259.9,2026-05-17T16:16:46,0016c001f10c2ef6,18.8,2.9,15.9,0.0,7809,701,7108,9.0,0.46,0.57,0.53,397073564,2033945231,3238,11873,1.2,234.1,3.1,2.0,69,61,0,0,0,0,0,0.0,0,0,0,0,0,0
1260.3,2026-05-17T16:16:47,0016c001f10c2ef6,19.3,1.8,17.5,0.0,7809,703,7106,9.0,0.46,0.57,0.53,397076650,2033957038,3086,11807,1.2,234.1,3.1,2.0,69,61,0,0,0,0,0,0.0,0,0,0,0,0,0
1260.7,2026-05-17T16:16:47,0016c001f10c2ef6,8.0,2.3,5.7,0.0,7809,703,7106,9.0,0.46,0.57,0.53,397080669,2034000866,4019,43828,1.2,234.1,3.1,2.0,69,61,0,0,0,0,0,0.0,0,0,0,0,0,0
1261.2,2026-05-17T16:16:47,0016c001f10c2ef6,7.5,2.9,4.6,0.0,7809,703,7106,9.0,0.46,0.57,0.53,397083807,2034012673,3138,11807,1.2,234.1,3.1,2.0,69,61,0,0,0,0,0,0.0,0,0,0,0,0,0
1261.6,2026-05-17T16:16:48,0016c001f10c2ef6,5.6,1.7,4.0,0.0,7809,703,7106,9.0,0.42,0.56,0.53,397086889,2034024480,3082,11807,1.2,234.1,3.1,2.0,69,61,0,0,0,0,0,0.0,0,0,0,0,0,0
1262.0,2026-05-17T16:16:48,0016c001f10c2ef6,6.3,2.3,4.0,0.0,7809,702,7107,9.0,0.42,0.56,0.53,397089975,2034036287,3086,11807,1.2,234.1,3.1,2.0,69,61,0,0,0,0,0,0.0,0,0,0,0,0,0
1262.5,2026-05-17T16:16:49,0016c001f10c2ef6,6.4,1.7,4.6,0.0,7809,702,7107,9.0,0.42,0.56,0.53,397092961,2034048094,2986,11807,1.2,234.1,3.1,2.0,69,61,0,0,0,0,0,0.0,0,0,0,0,0,0
1262.9,2026-05-17T16:16:49,0016c001f10c2ef6,5.9,2.4,3.5,0.0,7809,702,7107,9.0,0.42,0.56,0.53,397096924,2034091922,3963,43828,1.2,234.0,3.1,2.0,69,61,0,0,0,0,0,0.0,0,0,0,0,0,0
1263.3,2026-05-17T16:16:50,0016c001f10c2ef6,7.5,2.9,4.6,0.0,7809,702,7107,9.0,0.42,0.56,0.53,397100439,2034103729,3515,11807,1.2,234.0,3.1,2.0,69,61,0,0,0,0,0,0.0,0,0,0,0,0,0
1263.7,2026-05-17T16:16:50,0016c001f10c2ef6,8.1,2.3,5.8,0.0,7809,702,7107,9.0,0.42,0.56,0.53,397103473,2034115536,3034,11807,1.2,234.0,3.1,2.0,69,61,0,0,0,0,0,0.0,0,0,0,0,0,0
1264.2,2026-05-17T16:16:50,0016c001f10c2ef6,8.3,2.2,5.6,0.6,7809,701,7108,9.0,0.42,0.56,0.53,397106559,2034127343,3086,11807,1.2,234.0,3.1,2.0,69,61,0,0,0,0,0,0.0,0,0,0,0,0,0
1264.7,2026-05-17T16:16:51,0016c001f10c2ef6,9.5,3.5,6.0,0.0,7809,701,7108,9.0,0.42,0.56,0.53,397109645,2034139216,3086,11873,1.2,234.0,3.1,2.0,69,61,0,0,0,0,0,0.0,0,0,0,0,0,0
1265.1,2026-05-17T16:16:51,0016c001f10c2ef6,7.9,4.0,4.0,0.0,7809,702,7107,9.0,0.42,0.56,0.53,397113732,2034183122,4087,43906,1.2,234.0,3.1,2.0,69,61,0,0,0,0,0,0.0,0,0,0,0,0,0
1265.5,2026-05-17T16:16:52,0016c001f10c2ef6,5.2,2.3,2.9,0.0,7809,703,7106,9.0,0.42,0.56,0.53,397116766,2034194929,3034,11807,1.2,234.0,3.1,2.0,69,61,0,0,0,0,0,0.0,0,0,0,0,0,0
1265.9,2026-05-17T16:16:52,0016c001f10c2ef6,6.5,2.4,4.1,0.0,7809,703,7106,9.0,0.42,0.56,0.53,397119800,2034206736,3034,11807,1.2,234.0,3.1,2.0,69,61,0,0,0,0,0,0.0,0,0,0,0,0,0
1266.4,2026-05-17T16:16:53,0016c001f10c2ef6,6.9,1.7,5.1,0.0,7809,702,7107,9.0,0.39,0.55,0.53,397122990,2034218543,3190,11807,1.2,234.0,3.1,2.0,69,61,0,0,0,0,0,0.0,0,0,0,0,0,0
1266.8,2026-05-17T16:16:53,0016c001f10c2ef6,5.8,2.9,2.9,0.0,7809,701,7108,9.0,0.39,0.55,0.53,397126124,2034230350,3134,11807,1.2,234.0,3.1,2.0,69,61,0,0,0,0,0,0.0,0,0,0,0,0,0
1267.2,2026-05-17T16:16:53,0016c001f10c2ef6,8.5,2.8,5.7,0.0,7809,702,7107,9.0,0.39,0.55,0.53,397130143,2034274178,4019,43828,1.2,234.0,3.1,2.0,69,61,0,0,0,0,0,0.0,0,0,0,0,0,0
1267.6,2026-05-17T16:16:54,0016c001f10c2ef6,5.3,1.8,3.5,0.0,7809,702,7107,9.0,0.39,0.55,0.53,397133229,2034285985,3086,11807,1.2,234.0,3.1,2.0,69,61,0,0,0,0,0,0.0,0,0,0,0,0,0
1268.1,2026-05-17T16:16:54,0016c001f10c2ef6,5.9,3.0,3.0,0.0,7809,702,7107,9.0,0.39,0.55,0.53,397136367,2034297792,3138,11807,1.2,234.0,3.1,2.0,69,61,0,0,0,0,0,0.0,0,0,0,0,0,0
1268.5,2026-05-17T16:16:55,0016c001f10c2ef6,5.7,2.3,3.4,0.0,7809,702,7107,9.0,0.39,0.55,0.53,397139401,2034309599,3034,11807,1.2,234.0,3.1,2.0,69,61,0,0,0,0,0,0.0,0,0,0,0,0,0
1268.9,2026-05-17T16:16:55,0016c001f10c2ef6,5.8,1.8,4.1,0.0,7809,702,7107,9.0,0.39,0.55,0.53,397143364,2034353427,3963,43828,1.2,234.0,3.1,2.0,69,61,0,0,0,0,0,0.0,0,0,0,0,0,0
1269.3,2026-05-17T16:16:56,0016c001f10c2ef6,6.5,2.4,4.1,0.0,7809,702,7107,9.0,0.39,0.55,0.53,397146550,2034365234,3186,11807,1.2,234.0,3.1,2.0,69,61,0,0,0,0,0,0.0,0,0,0,0,0,0
1269.8,2026-05-17T16:16:56,0016c001f10c2ef6,15.7,2.0,7.1,6.6,7809,701,7108,9.0,0.39,0.55,0.53,397149636,2034377107,3086,11873,1.2,234.0,3.1,2.0,69,61,0,0,0,0,0,0.0,0,0,0,0,0,0
1270.2,2026-05-17T16:16:56,0016c001f10c2ef6,7.3,1.7,5.6,0.0,7809,701,7108,9.0,0.39,0.55,0.53,397152774,2034388914,3138,11807,1.2,233.8,3.1,2.0,69,61,0,0,0,0,0,0.0,0,0,0,0,0,0
1270.7,2026-05-17T16:16:57,0016c001f10c2ef6,16.6,1.8,14.8,0.0,7809,702,7107,9.0,0.39,0.55,0.53,397155912,2034400721,3138,11807,1.2,233.8,3.1,2.0,69,61,0,0,0,0,0,0.0,0,0,0,0,0,0
1271.1,2026-05-17T16:16:57,0016c001f10c2ef6,19.9,3.0,16.9,0.0,7809,701,7108,9.0,0.44,0.55,0.53,397159875,2034444549,3963,43828,1.2,233.8,3.1,2.0,69,61,0,0,0,0,0,0.0,0,0,0,0,0,0
1271.5,2026-05-17T16:16:58,0016c001f10c2ef6,18.8,1.8,17.0,0.0,7809,701,7108,9.0,0.44,0.55,0.53,397162861,2034456356,2986,11807,1.2,233.8,3.1,2.0,69,61,0,0,0,0,0,0.0,0,0,0,0,0,0
1271.9,2026-05-17T16:16:58,0016c001f10c2ef6,17.8,2.3,15.5,0.0,7809,702,7107,9.0,0.44,0.55,0.53,397165895,2034468163,3034,11807,1.2,233.8,3.1,2.0,69,61,0,0,0,0,0,0.0,0,0,0,0,0,0
1272.3,2026-05-17T16:16:59,0016c001f10c2ef6,5.9,2.4,3.6,0.0,7809,702,7107,9.0,0.44,0.55,0.53,397168981,2034479970,3086,11807,1.2,233.8,3.1,2.0,69,61,0,0,0,0,0,0.0,0,0,0,0,0,0
1272.8,2026-05-17T16:16:59,0016c001f10c2ef6,6.4,2.3,4.0,0.0,7809,703,7106,9.0,0.44,0.55,0.53,397172239,2034491855,3258,11885,1.2,233.8,3.1,2.0,69,61,0,0,0,0,0,0.0,0,0,0,0,0,0
1273.2,2026-05-17T16:16:59,0016c001f10c2ef6,6.3,3.4,2.9,0.0,7809,703,7106,9.0,0.44,0.55,0.53,397176583,2034535683,4344,43828,1.2,233.8,3.1,2.0,69,61,0,0,0,0,0,0.0,0,0,0,0,0,0
1273.6,2026-05-17T16:17:00,0016c001f10c2ef6,6.3,2.9,3.4,0.0,7809,703,7106,9.0,0.44,0.55,0.53,397179721,2034547490,3138,11807,1.2,234.0,3.1,2.0,69,61,0,0,0,0,0,0.0,0,0,0,0,0,0
1274.0,2026-05-17T16:17:00,0016c001f10c2ef6,7.6,2.9,4.7,0.0,7809,703,7106,9.0,0.44,0.55,0.53,397182807,2034559297,3086,11807,1.2,234.0,3.1,2.0,69,61,0,0,0,0,0,0.0,0,0,0,0,0,0
1274.5,2026-05-17T16:17:01,0016c001f10c2ef6,5.2,2.3,2.9,0.0,7809,702,7107,9.0,0.44,0.55,0.53,397186097,2034571104,3290,11807,1.2,234.0,3.1,2.0,69,61,0,0,0,0,0,0.0,0,0,0,0,0,0
1274.9,2026-05-17T16:17:01,0016c001f10c2ef6,9.1,3.5,5.1,0.5,7809,702,7107,9.0,0.44,0.55,0.53,397190112,2034614998,4015,43894,1.2,234.0,3.1,2.0,69,61,0,0,0,0,0,0.0,0,0,0,0,0,0
1275.4,2026-05-17T16:17:02,0016c001f10c2ef6,8.5,2.3,6.2,0.0,7809,702,7107,9.0,0.44,0.55,0.53,397193098,2034626805,2986,11807,1.2,234.0,3.1,2.0,69,61,0,0,0,0,0,0.0,0,0,0,0,0,0
1275.8,2026-05-17T16:17:02,0016c001f10c2ef6,6.9,2.9,4.0,0.0,7809,702,7107,9.0,0.44,0.55,0.53,397196236,2034638612,3138,11807,1.2,234.0,3.1,2.0,69,61,0,0,0,0,0,0.0,0,0,0,0,0,0
1276.2,2026-05-17T16:17:02,0016c001f10c2ef6,5.8,1.7,4.0,0.0,7809,702,7107,9.0,0.4,0.55,0.53,397199322,2034650419,3086,11807,1.2,234.0,3.1,2.0,69,61,0,0,0,0,0,0.0,0,0,0,0,0,0
1276.6,2026-05-17T16:17:03,0016c001f10c2ef6,7.2,2.8,4.4,0.0,7809,702,7107,9.0,0.4,0.55,0.53,397202560,2034662226,3238,11807,1.2,234.0,3.1,2.0,69,61,0,0,0,0,0,0.0,0,0,0,0,0,0
1277.1,2026-05-17T16:17:03,0016c001f10c2ef6,7.7,2.7,4.9,0.0,7809,702,7107,9.0,0.4,0.55,0.53,397206423,2034706054,3863,43828,1.2,234.0,3.1,2.0,69,61,0,0,0,0,0,0.0,0,0,0,0,0,0
1277.5,2026-05-17T16:17:04,0016c001f10c2ef6,7.4,3.4,4.0,0.0,7809,702,7107,9.0,0.4,0.55,0.53,397209609,2034717861,3186,11807,1.2,234.0,3.1,2.0,69,61,0,0,0,0,0,0.0,0,0,0,0,0,0
1277.9,2026-05-17T16:17:04,0016c001f10c2ef6,6.2,1.7,4.5,0.0,7809,702,7107,9.0,0.4,0.55,0.53,397212747,2034729668,3138,11807,1.2,234.0,3.1,2.0,69,61,0,0,0,0,0,0.0,0,0,0,0,0,0
1278.4,2026-05-17T16:17:05,0016c001f10c2ef6,8.0,2.3,5.7,0.0,7809,703,7106,9.0,0.4,0.55,0.53,397215733,2034741475,2986,11807,1.2,234.0,3.1,2.0,69,61,0,0,0,0,0,0.0,0,0,0,0,0,0
1278.8,2026-05-17T16:17:05,0016c001f10c2ef6,5.7,2.3,3.4,0.0,7809,702,7107,9.0,0.4,0.55,0.53,397218819,2034753282,3086,11807,1.2,234.0,3.1,2.0,69,61,0,0,0,0,0,0.0,0,0,0,0,0,0
1279.2,2026-05-17T16:17:05,0016c001f10c2ef6,7.4,2.3,5.1,0.0,7809,702,7107,9.0,0.4,0.55,0.53,397222830,2034797110,4011,43828,1.2,234.0,3.1,2.0,69,61,0,0,0,0,0,0.0,0,0,0,0,0,0
1279.7,2026-05-17T16:17:06,0016c001f10c2ef6,7.7,3.3,4.4,0.0,7809,702,7107,9.0,0.4,0.55,0.53,397226020,2034808917,3190,11807,1.2,234.0,3.1,2.0,69,61,0,0,0,0,0,0.0,0,0,0,0,0,0
1280.2,2026-05-17T16:17:06,0016c001f10c2ef6,9.5,3.5,6.0,0.0,7809,701,7108,9.0,0.4,0.55,0.53,397229006,2034820790,2986,11873,1.2,234.0,3.1,2.0,69,61,0,0,0,0,0,0.0,0,0,0,0,0,0
1280.6,2026-05-17T16:17:07,0016c001f10c2ef6,5.8,1.7,4.1,0.0,7809,702,7107,9.0,0.4,0.55,0.53,397232112,2034832675,3106,11885,1.2,234.0,3.1,2.0,69,61,0,0,0,0,0,0.0,0,0,0,0,0,0
1281.0,2026-05-17T16:17:07,0016c001f10c2ef6,6.4,2.3,4.0,0.0,7809,701,7108,9.0,0.45,0.55,0.53,397235867,2034876503,3755,43828,1.2,234.1,3.1,2.0,69,61,0,0,0,0,0,0.0,0,0,0,0,0,0
1281.4,2026-05-17T16:17:08,0016c001f10c2ef6,8.2,4.1,4.1,0.0,7809,701,7108,9.0,0.45,0.55,0.53,397239109,2034888310,3242,11807,1.2,234.1,3.1,2.0,69,61,0,0,0,0,0,0.0,0,0,0,0,0,0
1281.9,2026-05-17T16:17:08,0016c001f10c2ef6,10.0,2.8,7.2,0.0,7809,701,7108,9.0,0.45,0.55,0.53,397242143,2034900117,3034,11807,1.2,234.1,3.1,2.0,69,61,0,0,0,0,0,0.0,0,0,0,0,0,0
1282.3,2026-05-17T16:17:09,0016c001f10c2ef6,19.8,2.3,17.4,0.0,7809,702,7107,9.0,0.45,0.55,0.53,397245277,2034911924,3134,11807,1.2,234.1,3.1,2.0,69,61,0,0,0,0,0,0.0,0,0,0,0,0,0
1282.7,2026-05-17T16:17:09,0016c001f10c2ef6,19.4,2.2,17.2,0.0,7809,700,7109,9.0,0.45,0.55,0.53,397248744,2034923731,3467,11807,1.2,234.1,3.1,2.0,69,61,0,0,0,0,0,0.0,0,0,0,0,0,0
1283.2,2026-05-17T16:17:09,0016c001f10c2ef6,18.0,2.4,15.6,0.0,7809,702,7107,9.0,0.45,0.55,0.53,397252911,2034967559,4167,43828,1.2,234.1,3.1,2.0,69,61,0,0,0,0,0,0.0,0,0,0,0,0,0
1283.6,2026-05-17T16:17:10,0016c001f10c2ef6,9.9,2.9,7.0,0.0,7809,702,7107,9.0,0.45,0.55,0.53,397256025,2034979522,3114,11963,1.2,234.1,3.1,2.0,69,61,0,0,0,0,0,0.0,0,0,0,0,0,0
1284.0,2026-05-17T16:17:10,0016c001f10c2ef6,5.7,1.1,4.6,0.0,7809,702,7107,9.0,0.45,0.55,0.53,397259211,2034991329,3186,11807,1.2,234.1,3.1,2.0,69,61,0,0,0,0,0,0.0,0,0,0,0,0,0
1284.5,2026-05-17T16:17:11,0016c001f10c2ef6,6.2,1.7,4.5,0.0,7809,702,7107,9.0,0.45,0.55,0.53,397262401,2035003136,3190,11807,1.2,234.1,3.1,2.0,69,61,0,0,0,0,0,0.0,0,0,0,0,0,0
1284.9,2026-05-17T16:17:11,0016c001f10c2ef6,7.2,2.2,5.0,0.0,7809,701,7108,9.0,0.45,0.55,0.53,397265539,2035014943,3138,11807,1.2,234.1,3.1,2.0,69,61,0,0,0,0,0,0.0,0,0,0,0,0,0
1285.4,2026-05-17T16:17:12,0016c001f10c2ef6,10.0,5.0,5.0,0.0,7809,700,7109,9.0,0.45,0.55,0.53,397269678,2035058923,4139,43980,1.2,234.1,3.1,2.0,69,61,0,0,0,0,0,0.0,0,0,0,0,0,0
1285.8,2026-05-17T16:17:12,0016c001f10c2ef6,9.0,2.2,6.2,0.6,7809,700,7109,9.0,0.41,0.54,0.53,397272816,2035070730,3138,11807,1.2,234.1,3.1,2.0,69,61,0,0,0,0,0,0.0,0,0,0,0,0,0
1286.3,2026-05-17T16:17:13,0016c001f10c2ef6,6.7,2.2,4.5,0.0,7809,701,7108,9.0,0.41,0.54,0.53,397275854,2035082537,3038,11807,1.2,234.1,3.1,2.0,69,61,0,0,0,0,0,0.0,0,0,0,0,0,0
1286.7,2026-05-17T16:17:13,0016c001f10c2ef6,5.2,1.7,3.4,0.0,7809,701,7108,9.0,0.41,0.54,0.53,397279040,2035094344,3186,11807,1.2,234.1,3.1,2.0,69,61,0,0,0,0,0,0.0,0,0,0,0,0,0
1287.1,2026-05-17T16:17:13,0016c001f10c2ef6,7.3,2.8,4.5,0.0,7809,702,7107,9.0,0.41,0.54,0.53,397283007,2035138172,3967,43828,1.2,234.1,3.1,2.0,69,61,0,0,0,0,0,0.0,0,0,0,0,0,0
1287.6,2026-05-17T16:17:14,0016c001f10c2ef6,6.3,2.9,3.4,0.0,7809,701,7108,9.0,0.41,0.54,0.53,397286193,2035149979,3186,11807,1.2,234.1,3.1,2.0,69,61,0,0,0,0,0,0.0,0,0,0,0,0,0
1288.0,2026-05-17T16:17:14,0016c001f10c2ef6,6.4,1.7,4.6,0.0,7809,701,7108,9.0,0.41,0.54,0.53,397289331,2035161786,3138,11807,1.2,234.1,3.1,2.0,69,61,0,0,0,0,0,0.0,0,0,0,0,0,0
1288.5,2026-05-17T16:17:15,0016c001f10c2ef6,6.1,2.2,3.9,0.0,7809,702,7107,9.0,0.41,0.54,0.53,397292463,2035173635,3132,11849,1.2,234.1,3.1,2.0,69,61,0,0,0,0,0,0.0,0,0,0,0,0,0
1288.9,2026-05-17T16:17:15,0016c001f10c2ef6,6.9,2.9,4.0,0.0,7809,702,7107,9.0,0.41,0.54,0.53,397295449,2035185442,2986,11807,1.2,234.1,3.1,2.0,69,61,0,0,0,0,0,0.0,0,0,0,0,0,0
1289.3,2026-05-17T16:17:16,0016c001f10c2ef6,6.4,2.3,4.0,0.0,7809,702,7107,9.0,0.41,0.54,0.53,397299360,2035229270,3911,43828,1.2,233.9,3.1,2.0,69,61,0,0,0,0,0,0.0,0,0,0,0,0,0
1289.7,2026-05-17T16:17:16,0016c001f10c2ef6,6.9,2.9,4.0,0.0,7809,701,7108,9.0,0.41,0.54,0.53,397302394,2035241077,3034,11807,1.2,233.9,3.1,2.0,69,61,0,0,0,0,0,0.0,0,0,0,0,0,0
1290.2,2026-05-17T16:17:16,0016c001f10c2ef6,6.4,1.2,5.3,0.0,7809,701,7108,9.0,0.41,0.54,0.53,397305632,2035252884,3238,11807,1.2,233.9,3.1,2.0,69,61,0,0,0,0,0,0.0,0,0,0,0,0,0
1290.6,2026-05-17T16:17:17,0016c001f10c2ef6,8.6,4.1,4.6,0.0,7809,702,7107,9.0,0.38,0.53,0.52,397308770,2035264757,3138,11873,1.2,233.9,3.1,2.0,69,61,0,0,0,0,0,0.0,0,0,0,0,0,0
1291.1,2026-05-17T16:17:17,0016c001f10c2ef6,8.5,3.5,5.0,0.0,7809,702,7107,9.0,0.38,0.53,0.52,397312837,2035308651,4067,43894,1.2,233.9,3.1,2.0,69,61,0,0,0,0,0,0.0,0,0,0,0,0,0
1291.6,2026-05-17T16:17:19,0016c001f10c2ef6,14.9,5.0,7.9,2.0,7809,702,7107,9.0,0.38,0.53,0.52,397315975,2035320524,3138,11873,1.2,233.9,3.1,2.0,69,61,0,0,0,0,0,0.0,0,0,0,0,0,0
1292.1,2026-05-17T16:17:19,0016c001f10c2ef6,8.2,3.6,4.6,0.0,7809,702,7107,9.0,0.38,0.53,0.52,397319165,2035332397,3190,11873,1.2,234.1,3.1,2.0,69,61,0,0,0,0,0,0.0,0,0,0,0,0,0
1292.6,2026-05-17T16:17:20,0016c001f10c2ef6,9.4,2.5,6.9,0.0,7809,703,7106,9.0,0.38,0.53,0.52,397322732,2035344270,3567,11873,1.2,234.1,3.1,2.0,69,61,0,0,0,0,0,0.0,0,0,0,0,0,0
1293.1,2026-05-17T16:17:20,0016c001f10c2ef6,9.0,3.5,5.5,0.0,7809,703,7106,9.0,0.38,0.53,0.52,397325870,2035356143,3138,11873,1.2,234.1,3.1,2.0,69,61,0,0,0,0,0,0.0,0,0,0,0,0,0
1293.6,2026-05-17T16:17:21,0016c001f10c2ef6,18.3,3.9,14.4,0.0,7809,702,7107,9.0,0.38,0.53,0.52,397329785,2035399971,3915,43828,1.2,234.1,3.1,2.0,69,61,0,0,0,0,0,0.0,0,0,0,0,0,0
1294.0,2026-05-17T16:17:21,0016c001f10c2ef6,19.2,1.7,17.5,0.0,7809,703,7106,9.0,0.38,0.53,0.52,397332923,2035411778,3138,11807,1.2,234.1,3.1,2.0,69,61,0,0,0,0,0,0.0,0,0,0,0,0,0
1294.5,2026-05-17T16:17:22,0016c001f10c2ef6,20.1,3.0,17.2,0.0,7809,703,7106,9.0,0.38,0.53,0.52,397336057,2035423585,3134,11807,1.2,234.1,3.1,2.0,69,61,0,0,0,0,0,0.0,0,0,0,0,0,0
1294.9,2026-05-17T16:17:22,0016c001f10c2ef6,13.9,1.7,12.1,0.0,7809,702,7107,9.0,0.38,0.53,0.52,397339043,2035435392,2986,11807,1.2,234.2,3.1,2.0,69,61,0,0,0,0,0,0.0,0,0,0,0,0,0
1295.3,2026-05-17T16:17:22,0016c001f10c2ef6,5.8,1.7,4.1,0.0,7809,702,7107,9.0,0.38,0.53,0.52,397343314,2035479220,4271,43828,1.2,234.2,3.1,2.0,69,61,0,0,0,0,0,0.0,0,0,0,0,0,0
1295.8,2026-05-17T16:17:23,0016c001f10c2ef6,6.4,2.9,3.5,0.0,7809,702,7107,9.0,0.35,0.53,0.52,397346352,2035491027,3038,11807,1.2,234.2,3.1,2.0,69,61,0,0,0,0,0,0.0,0,0,0,0,0,0
1296.2,2026-05-17T16:17:23,0016c001f10c2ef6,5.1,1.7,3.4,0.0,7809,702,7107,9.0,0.35,0.53,0.52,397349458,2035502912,3106,11885,1.2,234.2,3.1,2.0,69,61,0,0,0,0,0,0.0,0,0,0,0,0,0
1296.6,2026-05-17T16:17:24,0016c001f10c2ef6,6.8,1.7,4.5,0.6,7809,703,7106,9.0,0.35,0.53,0.52,397352492,2035514719,3034,11807,1.2,234.2,3.1,2.0,69,61,0,0,0,0,0,0.0,0,0,0,0,0,0
1297.0,2026-05-17T16:17:24,0016c001f10c2ef6,5.2,1.2,4.0,0.0,7809,703,7106,9.0,0.35,0.53,0.52,397355630,2035526592,3138,11873,1.2,238.6,3.1,2.0,69,61,0,0,0,0,0,0.0,0,0,0,0,0,0
1297.5,2026-05-17T16:17:25,0016c001f10c2ef6,8.7,4.6,4.1,0.0,7809,698,7111,8.9,0.35,0.53,0.52,397373605,2040314148,17975,4787556,1.2,234.3,3.1,2.0,69,61,0,0,0,0,0,0.0,0,0,0,0,0,0
1298.1,2026-05-17T16:17:25,0016c001f10c2ef6,6.6,2.2,4.4,0.0,7809,701,7108,9.0,0.35,0.53,0.52,397383590,2040344953,9985,30805,1.2,234.2,3.1,2.0,69,61,0,0,0,0,0,0.0,0,0,0,0,0,0
1298.6,2026-05-17T16:17:26,0016c001f10c2ef6,12.1,5.5,6.6,0.0,7809,702,7107,9.0,0.35,0.53,0.52,397390291,2040361356,6701,16403,1.2,234.2,3.1,2.0,69,61,0,0,0,0,0,0.0,0,0,0,0,0,0
1299.0,2026-05-17T16:17:26,0016c001f10c2ef6,6.2,2.8,3.4,0.0,7809,702,7107,9.0,0.35,0.53,0.52,397393477,2040373163,3186,11807,1.2,234.2,3.1,2.0,69,61,0,0,0,0,0,0.0,0,0,0,0,0,0
1299.4,2026-05-17T16:17:27,0016c001f10c2ef6,5.9,2.4,3.6,0.0,7809,702,7107,9.0,0.35,0.53,0.52,397397492,2040416991,4015,43828,1.2,234.2,3.1,2.0,69,61,0,0,0,0,0,0.0,0,0,0,0,0,0
1299.8,2026-05-17T16:17:27,0016c001f10c2ef6,7.3,3.0,4.2,0.0,7809,702,7107,9.0,0.35,0.53,0.52,397400630,2040428798,3138,11807,1.2,234.2,3.1,2.0,69,61,0,0,0,0,0,0.0,0,0,0,0,0,0
1300.2,2026-05-17T16:17:27,0016c001f10c2ef6,7.0,3.5,3.5,0.0,7809,702,7107,9.0,0.35,0.53,0.52,397405652,2040444479,5022,15681,1.2,234.2,3.1,2.0,69,61,0,0,0,0,0,0.0,0,0,0,0,0,0
1300.7,2026-05-17T16:17:28,0016c001f10c2ef6,5.9,1.2,4.7,0.0,7809,702,7107,9.0,0.32,0.52,0.52,397408842,2040456286,3190,11807,1.2,234.2,3.1,2.0,69,61,0,0,0,0,0,0.0,0,0,0,0,0,0
1301.1,2026-05-17T16:17:28,0016c001f10c2ef6,5.9,1.8,4.1,0.0,7809,702,7107,9.0,0.32,0.52,0.52,397411980,2040468093,3138,11807,1.2,234.2,3.1,2.0,69,61,0,0,0,0,0,0.0,0,0,0,0,0,0
1301.5,2026-05-17T16:17:29,0016c001f10c2ef6,6.4,3.5,2.9,0.0,7809,702,7107,9.0,0.32,0.52,0.52,397416099,2040511921,4119,43828,1.2,234.2,3.1,2.0,69,61,0,0,0,0,0,0.0,0,0,0,0,0,0
1301.9,2026-05-17T16:17:29,0016c001f10c2ef6,5.4,1.2,4.2,0.0,7809,703,7106,9.0,0.32,0.52,0.52,397419237,2040523728,3138,11807,1.2,234.2,3.1,2.0,69,61,0,0,0,0,0,0.0,0,0,0,0,0,0
1302.3,2026-05-17T16:17:29,0016c001f10c2ef6,7.0,2.9,4.1,0.0,7809,701,7108,9.0,0.32,0.52,0.52,397422850,2040535601,3613,11873,1.2,234.2,3.1,2.0,69,61,0,0,0,0,0,0.0,0,0,0,0,0,0
1302.7,2026-05-17T16:17:30,0016c001f10c2ef6,5.3,1.8,3.6,0.0,7809,702,7107,9.0,0.32,0.52,0.52,397426040,2040547408,3190,11807,1.2,234.2,3.1,2.0,69,61,0,0,0,0,0,0.0,0,0,0,0,0,0
1303.2,2026-05-17T16:17:30,0016c001f10c2ef6,6.9,2.9,4.0,0.0,7809,702,7107,9.0,0.32,0.52,0.52,397430950,2040563097,4910,15689,1.2,234.2,3.1,2.0,69,61,0,0,0,0,0,0.0,0,0,0,0,0,0
1303.6,2026-05-17T16:17:31,0016c001f10c2ef6,9.2,2.7,6.5,0.0,7809,702,7107,9.0,0.32,0.52,0.52,397435069,2040606991,4119,43894,1.2,234.2,3.1,2.0,69,61,0,0,0,0,0,0.0,0,0,0,0,0,0
1304.0,2026-05-17T16:17:31,0016c001f10c2ef6,6.6,2.7,3.8,0.0,7809,702,7107,9.0,0.32,0.52,0.52,397438231,2040618876,3162,11885,1.2,234.2,3.1,2.0,69,61,0,0,0,0,0,0.0,0,0,0,0,0,0
1304.5,2026-05-17T16:17:32,0016c001f10c2ef6,6.2,2.3,4.0,0.0,7809,702,7107,9.0,0.32,0.52,0.52,397441469,2040630683,3238,11807,1.2,234.2,3.1,2.0,69,61,0,0,0,0,0,0.0,0,0,0,0,0,0
1304.9,2026-05-17T16:17:32,0016c001f10c2ef6,13.5,3.5,10.0,0.0,7809,702,7107,9.0,0.32,0.52,0.52,397446439,2040646284,4970,15601,1.2,234.2,3.1,2.0,69,61,0,0,0,0,0,0.0,0,0,0,0,0,0
1305.3,2026-05-17T16:17:32,0016c001f10c2ef6,19.2,1.8,17.4,0.0,7809,703,7106,9.0,0.38,0.52,0.52,397449629,2040658157,3190,11873,1.2,234.2,3.1,2.0,69,61,0,0,0,0,0,0.0,0,0,0,0,0,0
1305.7,2026-05-17T16:17:33,0016c001f10c2ef6,19.9,2.4,17.5,0.0,7809,703,7106,9.0,0.38,0.52,0.52,397453492,2040701985,3863,43828,1.2,234.2,3.1,2.0,69,61,0,0,0,0,0,0.0,0,0,0,0,0,0
1306.1,2026-05-17T16:17:33,0016c001f10c2ef6,19.8,2.4,17.4,0.0,7809,702,7107,9.0,0.38,0.52,0.52,397456678,2040713792,3186,11807,1.2,234.2,3.1,2.0,69,61,0,0,0,0,0,0.0,0,0,0,0,0,0
1306.6,2026-05-17T16:17:34,0016c001f10c2ef6,7.0,2.9,4.1,0.0,7809,702,7107,9.0,0.38,0.52,0.52,397461648,2040729857,4970,16065,1.2,234.2,3.1,2.0,69,61,0,0,0,0,0,0.0,0,0,0,0,0,0
1307.0,2026-05-17T16:17:34,0016c001f10c2ef6,5.9,1.8,4.1,0.0,7809,703,7106,9.0,0.38,0.52,0.52,397464890,2040741664,3242,11807,1.2,234.2,3.1,2.0,69,61,0,0,0,0,0,0.0,0,0,0,0,0,0
1307.4,2026-05-17T16:17:35,0016c001f10c2ef6,5.2,1.7,3.5,0.0,7809,702,7107,9.0,0.38,0.52,0.52,397468493,2040753471,3603,11807,1.2,234.2,3.1,2.0,69,61,0,0,0,0,0,0.0,0,0,0,0,0,0
1307.8,2026-05-17T16:17:35,0016c001f10c2ef6,7.7,2.7,4.9,0.0,7809,703,7106,9.0,0.38,0.52,0.52,397472107,2040797329,3614,43858,1.2,234.2,3.1,2.0,69,61,0,0,0,0,0,0.0,0,0,0,0,0,0
1308.3,2026-05-17T16:17:35,0016c001f10c2ef6,5.7,2.3,3.4,0.0,7809,703,7106,9.0,0.38,0.52,0.52,397475193,2040809136,3086,11807,1.2,234.2,3.1,2.0,69,61,0,0,0,0,0,0.0,0,0,0,0,0,0
1308.7,2026-05-17T16:17:36,0016c001f10c2ef6,10.3,3.1,7.2,0.0,7809,703,7106,9.0,0.38,0.52,0.52,397478383,2040821009,3190,11873,1.2,234.2,3.1,2.0,69,61,0,0,0,0,0,0.0,0,0,0,0,0,0
1309.2,2026-05-17T16:17:36,0016c001f10c2ef6,8.9,2.6,6.3,0.0,7809,702,7107,9.0,0.38,0.52,0.52,397481573,2040832882,3190,11873,1.2,234.2,3.1,2.0,69,61,0,0,0,0,0,0.0,0,0,0,0,0,0
1309.7,2026-05-17T16:17:37,0016c001f10c2ef6,9.3,4.1,5.2,0.0,7809,702,7107,9.0,0.38,0.52,0.52,397485592,2040876776,4019,43894,1.2,234.2,3.1,2.0,69,61,0,0,0,0,0,0.0,0,0,0,0,0,0
1310.1,2026-05-17T16:17:37,0016c001f10c2ef6,8.0,3.4,4.5,0.0,7809,702,7107,9.0,0.35,0.52,0.52,397488730,2040888583,3138,11807,1.2,234.2,3.1,2.0,69,61,0,0,0,0,0,0.0,0,0,0,0,0,0
1310.6,2026-05-17T16:17:38,0016c001f10c2ef6,5.1,2.9,2.3,0.0,7809,703,7106,9.0,0.35,0.52,0.52,397491864,2040900390,3134,11807,1.2,234.2,3.1,2.0,69,61,0,0,0,0,0,0.0,0,0,0,0,0,0
1311.0,2026-05-17T16:17:38,0016c001f10c2ef6,6.2,2.8,3.4,0.0,7809,702,7107,9.0,0.35,0.52,0.52,397494954,2040912197,3090,11807,1.2,234.2,3.1,2.0,69,61,0,0,0,0,0,0.0,0,0,0,0,0,0
1311.4,2026-05-17T16:17:39,0016c001f10c2ef6,6.2,2.3,4.0,0.0,7809,703,7106,9.0,0.35,0.52,0.52,397498144,2040924004,3190,11807,1.2,234.2,3.1,2.0,69,61,0,0,0,0,0,0.0,0,0,0,0,0,0
1311.8,2026-05-17T16:17:39,0016c001f10c2ef6,6.6,2.4,4.2,0.0,7809,703,7106,9.0,0.35,0.52,0.52,397502331,2040967910,4187,43906,1.2,234.2,3.1,2.0,69,61,0,0,0,0,0,0.0,0,0,0,0,0,0
