elapsed_s,timestamp,gateway_id,cpu_pct,cpu_user,cpu_sys,cpu_iowait,mem_total_mb,mem_used_mb,mem_free_mb,mem_used_pct,load_1,load_5,load_15,net_rx_bytes,net_tx_bytes,net_rx_delta,net_tx_delta,cs_cpu_pct,cs_mem_mb,pf_cpu_pct,pf_mem_mb,rx_total,tx_total,rx_delta,tx_delta,rx_crc_ok,rx_crc_error,rx_crc_none,crc_error_rate_pct,rx_dr0,rx_dr1,rx_dr2,rx_dr3,rx_dr4,rx_dr5
0.0,2026-05-17T18:11:57,0016c001f10c2ef6,,,,,7809,701,7108,9.0,0.32,0.4,0.42,411651109,2197226912,,,1.2,234.2,3.1,2.0,49,36,,,0,0,0,0.0,0,0,0,0,0,0
0.5,2026-05-17T18:11:58,0016c001f10c2ef6,13.5,3.2,10.3,0.0,7809,701,7108,9.0,0.32,0.4,0.42,411654143,2197238718,3034,11806,1.2,234.4,3.1,2.0,49,36,0,0,0,0,0,0.0,0,0,0,0,0,0
0.9,2026-05-17T18:11:58,0016c001f10c2ef6,18.9,1.7,17.2,0.0,7809,702,7107,9.0,0.38,0.41,0.42,411658210,2197281039,4067,42321,1.2,234.4,3.1,2.0,49,36,0,0,0,0,0,0.0,0,0,0,0,0,0
1.4,2026-05-17T18:11:59,0016c001f10c2ef6,22.8,3.9,17.2,1.7,7809,700,7109,9.0,0.38,0.41,0.42,411661290,2197292911,3080,11872,1.2,234.4,3.1,2.0,49,36,0,0,0,0,0,0.0,0,0,0,0,0,0
1.8,2026-05-17T18:11:59,0016c001f10c2ef6,17.3,2.4,14.9,0.0,7809,701,7108,9.0,0.38,0.41,0.42,411664324,2197304717,3034,11806,1.2,234.4,3.1,2.0,49,36,0,0,0,0,0,0.0,0,0,0,0,0,0
2.2,2026-05-17T18:12:00,0016c001f10c2ef6,6.4,2.3,4.1,0.0,7809,702,7107,9.0,0.38,0.41,0.42,411667410,2197316523,3086,11806,1.2,234.4,3.1,2.0,49,36,0,0,0,0,0,0.0,0,0,0,0,0,0
2.7,2026-05-17T18:12:00,0016c001f10c2ef6,6.2,1.1,5.1,0.0,7809,703,7106,9.0,0.38,0.41,0.42,411670444,2197328329,3034,11806,1.2,234.4,3.1,2.0,49,36,0,0,0,0,0,0.0,0,0,0,0,0,0
3.1,2026-05-17T18:12:00,0016c001f10c2ef6,6.4,2.3,4.0,0.0,7809,702,7107,9.0,0.38,0.41,0.42,411674511,2197370650,4067,42321,1.2,234.4,3.1,2.0,49,36,0,0,0,0,0,0.0,0,0,0,0,0,0
3.5,2026-05-17T18:12:01,0016c001f10c2ef6,7.4,2.8,4.5,0.0,7809,702,7107,9.0,0.38,0.41,0.42,411677545,2197382456,3034,11806,1.2,234.4,3.1,2.0,49,36,0,0,0,0,0,0.0,0,0,0,0,0,0
3.9,2026-05-17T18:12:01,0016c001f10c2ef6,5.7,2.3,3.4,0.0,7809,702,7107,9.0,0.38,0.41,0.42,411680579,2197394262,3034,11806,1.2,234.4,3.1,2.0,49,36,0,0,0,0,0,0.0,0,0,0,0,0,0
4.4,2026-05-17T18:12:02,0016c001f10c2ef6,5.7,2.3,3.4,0.0,7809,702,7107,9.0,0.38,0.41,0.42,411683613,2197406068,3034,11806,1.2,234.4,3.1,2.0,49,36,0,0,0,0,0,0.0,0,0,0,0,0,0
4.8,2026-05-17T18:12:02,0016c001f10c2ef6,8.5,3.7,4.8,0.0,7809,702,7107,9.0,0.38,0.41,0.42,411686903,2197417940,3290,11872,1.2,234.4,3.1,2.0,49,36,0,0,0,0,0,0.0,0,0,0,0,0,0
5.3,2026-05-17T18:12:03,0016c001f10c2ef6,8.2,2.6,5.7,0.0,7809,703,7106,9.0,0.38,0.41,0.42,411691074,2197460327,4171,42387,1.2,234.4,3.1,2.0,49,36,0,0,0,0,0,0.0,0,0,0,0,0,0
5.8,2026-05-17T18:12:03,0016c001f10c2ef6,10.8,3.9,6.9,0.0,7809,702,7107,9.0,0.43,0.42,0.43,411694388,2197472277,3314,11950,1.2,234.4,3.1,2.0,49,36,0,0,0,0,0,0.0,0,0,0,0,0,0
6.3,2026-05-17T18:12:04,0016c001f10c2ef6,8.9,3.0,5.9,0.0,7809,702,7107,9.0,0.43,0.42,0.43,411697630,2197484215,3242,11938,1.2,234.4,3.1,2.0,49,36,0,0,0,0,0,0.0,0,0,0,0,0,0
6.8,2026-05-17T18:12:04,0016c001f10c2ef6,9.1,3.5,5.6,0.0,7809,702,7107,9.0,0.43,0.42,0.43,411700616,2197496087,2986,11872,1.2,234.4,3.1,2.0,49,36,0,0,0,0,0,0.0,0,0,0,0,0,0
7.3,2026-05-17T18:12:05,0016c001f10c2ef6,6.4,2.3,4.0,0.0,7809,702,7107,9.0,0.43,0.42,0.43,411704631,2197538408,4015,42321,1.2,234.4,3.1,2.0,49,36,0,0,0,0,0,0.0,0,0,0,0,0,0
7.7,2026-05-17T18:12:05,0016c001f10c2ef6,7.4,2.9,4.6,0.0,7809,702,7107,9.0,0.43,0.42,0.43,411707717,2197550214,3086,11806,1.2,234.4,3.1,2.0,49,36,0,0,0,0,0,0.0,0,0,0,0,0,0
8.1,2026-05-17T18:12:05,0016c001f10c2ef6,6.2,2.2,3.9,0.0,7809,702,7107,9.0,0.43,0.42,0.43,411711180,2197562020,3463,11806,1.2,234.4,3.1,2.0,49,36,0,0,0,0,0,0.0,0,0,0,0,0,0
8.5,2026-05-17T18:12:06,0016c001f10c2ef6,6.3,1.7,4.6,0.0,7809,703,7106,9.0,0.43,0.42,0.43,411714214,2197573826,3034,11806,1.2,234.4,3.1,2.0,49,36,0,0,0,0,0,0.0,0,0,0,0,0,0
9.0,2026-05-17T18:12:06,0016c001f10c2ef6,5.9,1.8,4.1,0.0,7809,703,7106,9.0,0.43,0.42,0.43,411717248,2197585632,3034,11806,1.2,234.4,3.1,2.0,49,36,0,0,0,0,0,0.0,0,0,0,0,0,0
9.4,2026-05-17T18:12:07,0016c001f10c2ef6,8.2,2.9,5.3,0.0,7809,703,7106,9.0,0.43,0.42,0.43,411721315,2197627953,4067,42321,1.2,234.4,3.1,2.0,49,36,0,0,0,0,0,0.0,0,0,0,0,0,0
9.8,2026-05-17T18:12:07,0016c001f10c2ef6,6.3,2.3,4.0,0.0,7809,702,7107,9.0,0.43,0.42,0.43,411724349,2197639759,3034,11806,1.2,234.4,3.1,2.0,49,36,0,0,0,0,0,0.0,0,0,0,0,0,0
10.2,2026-05-17T18:12:08,0016c001f10c2ef6,4.6,1.2,3.5,0.0,7809,702,7107,9.0,0.43,0.42,0.43,411727383,2197651565,3034,11806,1.2,234.4,3.1,2.0,49,36,0,0,0,0,0,0.0,0,0,0,0,0,0
10.7,2026-05-17T18:12:08,0016c001f10c2ef6,6.9,2.3,4.6,0.0,7809,702,7107,9.0,0.39,0.41,0.42,411730469,2197663371,3086,11806,1.2,234.4,3.1,2.0,49,36,0,0,0,0,0,0.0,0,0,0,0,0,0
11.1,2026-05-17T18:12:08,0016c001f10c2ef6,6.3,2.3,4.0,0.0,7809,702,7107,9.0,0.39,0.41,0.42,411734536,2197705692,4067,42321,1.2,234.4,3.1,2.0,49,36,0,0,0,0,0,0.0,0,0,0,0,0,0
11.5,2026-05-17T18:12:09,0016c001f10c2ef6,6.2,3.4,2.8,0.0,7809,702,7107,9.0,0.39,0.41,0.42,411737774,2197717498,3238,11806,1.2,234.4,3.1,2.0,49,36,0,0,0,0,0,0.0,0,0,0,0,0,0
12.0,2026-05-17T18:12:09,0016c001f10c2ef6,17.8,3.3,14.4,0.0,7809,702,7107,9.0,0.39,0.41,0.42,411740760,2197729304,2986,11806,1.2,234.4,3.1,2.0,49,36,0,0,0,0,0,0.0,0,0,0,0,0,0
12.4,2026-05-17T18:12:10,0016c001f10c2ef6,19.5,2.9,16.7,0.0,7809,702,7107,9.0,0.39,0.41,0.42,411743794,2197741110,3034,11806,1.2,234.4,3.1,2.0,49,36,0,0,0,0,0,0.0,0,0,0,0,0,0
12.8,2026-05-17T18:12:10,0016c001f10c2ef6,19.1,2.9,16.2,0.0,7809,703,7106,9.0,0.39,0.41,0.42,411746956,2197753072,3162,11962,1.2,234.4,3.1,2.0,49,36,0,0,0,0,0,0.0,0,0,0,0,0,0
13.3,2026-05-17T18:12:11,0016c001f10c2ef6,16.7,3.0,13.7,0.0,7809,703,7106,9.0,0.39,0.41,0.42,411751023,2197795393,4067,42321,1.2,234.4,3.1,2.0,49,36,0,0,0,0,0,0.0,0,0,0,0,0,0
13.7,2026-05-17T18:12:11,0016c001f10c2ef6,5.8,2.3,3.5,0.0,7809,703,7106,9.0,0.39,0.41,0.42,411754129,2197807277,3106,11884,1.2,234.4,3.1,2.0,49,36,0,0,0,0,0,0.0,0,0,0,0,0,0
14.1,2026-05-17T18:12:11,0016c001f10c2ef6,6.4,2.9,3.5,0.0,7809,703,7106,9.0,0.39,0.41,0.42,411757163,2197819083,3034,11806,1.2,234.4,3.1,2.0,49,36,0,0,0,0,0,0.0,0,0,0,0,0,0
14.5,2026-05-17T18:12:12,0016c001f10c2ef6,6.9,1.7,5.2,0.0,7809,702,7107,9.0,0.39,0.41,0.42,411760197,2197830889,3034,11806,1.2,234.4,3.1,2.0,49,36,0,0,0,0,0,0.0,0,0,0,0,0,0
15.0,2026-05-17T18:12:12,0016c001f10c2ef6,9.8,4.0,5.2,0.6,7809,702,7107,9.0,0.39,0.41,0.42,411763381,2197844956,3184,14067,1.2,234.3,3.1,2.0,49,36,0,0,0,0,0,0.0,0,0,0,0,0,0
15.4,2026-05-17T18:12:13,0016c001f10c2ef6,8.5,4.0,4.5,0.0,7809,701,7108,9.0,0.36,0.4,0.42,411767396,2197887277,4015,42321,1.2,234.3,3.1,2.0,49,36,0,0,0,0,0,0.0,0,0,0,0,0,0
15.8,2026-05-17T18:12:13,0016c001f10c2ef6,6.9,2.3,4.6,0.0,7809,703,7106,9.0,0.36,0.4,0.42,411770482,2197899083,3086,11806,1.2,234.3,3.1,2.0,49,36,0,0,0,0,0,0.0,0,0,0,0,0,0
16.3,2026-05-17T18:12:14,0016c001f10c2ef6,6.3,2.9,3.4,0.0,7809,704,7105,9.0,0.36,0.4,0.42,411773620,2197910889,3138,11806,1.2,234.3,3.1,2.0,49,36,0,0,0,0,0,0.0,0,0,0,0,0,0
16.7,2026-05-17T18:12:14,0016c001f10c2ef6,5.6,1.7,3.9,0.0,7809,703,7106,9.0,0.36,0.4,0.42,411776858,2197922695,3238,11806,1.2,234.3,3.1,2.0,49,36,0,0,0,0,0,0.0,0,0,0,0,0,0
17.2,2026-05-17T18:12:15,0016c001f10c2ef6,15.2,3.9,5.9,5.4,7809,703,7106,9.0,0.36,0.4,0.42,411780721,2197965082,3863,42387,1.2,234.3,3.1,2.0,49,36,0,0,0,0,0,0.0,0,0,0,0,0,0
17.6,2026-05-17T18:12:15,0016c001f10c2ef6,6.9,4.0,2.9,0.0,7809,703,7106,9.0,0.36,0.4,0.42,411783911,2197976888,3190,11806,1.2,234.3,3.1,2.0,49,36,0,0,0,0,0,0.0,0,0,0,0,0,0
18.1,2026-05-17T18:12:15,0016c001f10c2ef6,5.6,2.2,3.3,0.0,7809,703,7106,9.0,0.36,0.4,0.42,411787426,2197988694,3515,11806,1.2,234.3,3.1,2.0,49,36,0,0,0,0,0,0.0,0,0,0,0,0,0
18.5,2026-05-17T18:12:16,0016c001f10c2ef6,6.9,2.3,4.6,0.0,7809,703,7106,9.0,0.36,0.4,0.42,411790512,2198000500,3086,11806,1.2,234.3,3.1,2.0,49,36,0,0,0,0,0,0.0,0,0,0,0,0,0
18.9,2026-05-17T18:12:16,0016c001f10c2ef6,6.2,2.2,3.9,0.0,7809,703,7106,9.0,0.36,0.4,0.42,411793546,2198012306,3034,11806,1.2,234.3,3.1,2.0,49,36,0,0,0,0,0,0.0,0,0,0,0,0,0
19.3,2026-05-17T18:12:17,0016c001f10c2ef6,7.6,2.3,5.3,0.0,7809,703,7106,9.0,0.36,0.4,0.42,411797561,2198054627,4015,42321,1.2,234.2,3.1,2.0,49,36,0,0,0,0,0,0.0,0,0,0,0,0,0
19.8,2026-05-17T18:12:17,0016c001f10c2ef6,5.7,2.9,2.9,0.0,7809,703,7106,9.0,0.36,0.4,0.42,411800595,2198066433,3034,11806,1.2,234.2,3.1,2.0,49,36,0,0,0,0,0,0.0,0,0,0,0,0,0
20.2,2026-05-17T18:12:18,0016c001f10c2ef6,7.4,4.0,3.4,0.0,7809,702,7107,9.0,0.33,0.4,0.42,411803629,2198078239,3034,11806,1.2,234.2,3.1,2.0,49,36,0,0,0,0,0,0.0,0,0,0,0,0,0
20.6,2026-05-17T18:12:18,0016c001f10c2ef6,6.1,2.2,3.9,0.0,7809,701,7108,9.0,0.33,0.4,0.42,411806663,2198090045,3034,11806,1.2,234.2,3.1,2.0,49,36,0,0,0,0,0,0.0,0,0,0,0,0,0
21.1,2026-05-17T18:12:18,0016c001f10c2ef6,5.7,2.3,3.4,0.0,7809,701,7108,9.0,0.33,0.4,0.42,411809749,2198101851,3086,11806,1.2,234.2,3.1,2.0,49,36,0,0,0,0,0,0.0,0,0,0,0,0,0
21.5,2026-05-17T18:12:19,0016c001f10c2ef6,7.4,2.3,5.1,0.0,7809,702,7107,9.0,0.33,0.4,0.42,411813784,2198144250,4035,42399,1.2,234.2,3.1,2.0,49,36,0,0,0,0,0,0.0,0,0,0,0,0,0
21.9,2026-05-17T18:12:19,0016c001f10c2ef6,7.3,3.9,3.4,0.0,7809,701,7108,9.0,0.33,0.4,0.42,411816918,2198156056,3134,11806,1.2,234.2,3.1,2.0,49,36,0,0,0,0,0,0.0,0,0,0,0,0,0
22.4,2026-05-17T18:12:20,0016c001f10c2ef6,9.5,3.0,6.0,0.5,7809,701,7108,9.0,0.33,0.4,0.42,411819956,2198167928,3038,11872,1.2,234.2,3.1,2.0,49,36,0,0,0,0,0,0.0,0,0,0,0,0,0
22.9,2026-05-17T18:12:20,0016c001f10c2ef6,6.3,1.1,5.1,0.0,7809,701,7108,9.0,0.33,0.4,0.42,411823042,2198179734,3086,11806,1.2,234.2,3.1,2.0,49,36,0,0,0,0,0,0.0,0,0,0,0,0,0
23.3,2026-05-17T18:12:21,0016c001f10c2ef6,12.4,2.8,9.6,0.0,7809,702,7107,9.0,0.33,0.4,0.42,411826953,2198222055,3911,42321,1.2,234.3,3.1,2.0,49,36,0,0,0,0,0,0.0,0,0,0,0,0,0
23.7,2026-05-17T18:12:21,0016c001f10c2ef6,20.8,2.4,17.9,0.6,7809,702,7107,9.0,0.33,0.4,0.42,411829987,2198233861,3034,11806,1.2,234.3,3.1,2.0,50,37,1,1,0,0,0,0.0,0,0,0,0,0,0
24.2,2026-05-17T18:12:22,0016c001f10c2ef6,18.0,1.5,16.5,0.0,7809,702,7107,9.0,0.33,0.4,0.42,411833073,2198245667,3086,11806,1.2,234.3,3.1,2.0,50,37,0,0,0,0,0,0.0,0,0,0,0,0,0
24.7,2026-05-17T18:12:22,0016c001f10c2ef6,18.1,1.2,17.0,0.0,7809,702,7107,9.0,0.33,0.4,0.42,411836107,2198257473,3034,11806,1.2,234.3,3.1,2.0,50,37,0,0,0,0,0,0.0,0,0,0,0,0,0
25.1,2026-05-17T18:12:22,0016c001f10c2ef6,10.7,3.4,6.2,1.1,7809,702,7107,9.0,0.39,0.41,0.42,411839245,2198269962,3138,12489,1.2,234.2,3.1,2.0,50,37,0,0,0,0,0,0.0,0,0,0,0,0,0
25.5,2026-05-17T18:12:23,0016c001f10c2ef6,6.9,2.3,4.6,0.0,7809,701,7108,9.0,0.39,0.41,0.42,411843156,2198312283,3911,42321,1.2,234.2,3.1,2.0,50,37,0,0,0,0,0,0.0,0,0,0,0,0,0
25.9,2026-05-17T18:12:23,0016c001f10c2ef6,5.9,1.8,4.1,0.0,7809,702,7107,9.0,0.39,0.41,0.42,411846236,2198325590,3080,13307,1.2,234.2,3.1,2.0,50,37,0,0,0,0,0,0.0,0,0,0,0,0,0
26.4,2026-05-17T18:12:24,0016c001f10c2ef6,4.6,1.2,3.5,0.0,7809,701,7108,9.0,0.39,0.41,0.42,411849498,2198337482,3262,11892,1.2,234.2,3.1,2.0,50,37,0,0,0,0,0,0.0,0,0,0,0,0,0
26.8,2026-05-17T18:12:24,0016c001f10c2ef6,6.3,2.3,4.0,0.0,7809,701,7108,9.0,0.39,0.41,0.42,411852532,2198349288,3034,11806,1.2,234.2,3.1,2.0,50,37,0,0,0,0,0,0.0,0,0,0,0,0,0
27.2,2026-05-17T18:12:25,0016c001f10c2ef6,6.9,1.7,5.1,0.0,7809,701,7108,9.0,0.39,0.41,0.42,411856543,2198386584,4011,37296,1.2,234.2,3.1,2.0,50,37,0,0,0,0,0,0.0,0,0,0,0,0,0
27.7,2026-05-17T18:12:25,0016c001f10c2ef6,10.1,3.5,6.6,0.0,7809,701,7108,9.0,0.39,0.41,0.42,411860166,2198403481,3623,16897,1.2,234.2,3.1,2.0,50,37,0,0,0,0,0,0.0,0,0,0,0,0,0
28.1,2026-05-17T18:12:26,0016c001f10c2ef6,7.0,2.3,3.5,1.2,7809,701,7108,9.0,0.39,0.41,0.42,411863200,2198415287,3034,11806,1.2,234.2,3.1,2.0,50,37,0,0,0,0,0,0.0,0,0,0,0,0,0
28.6,2026-05-17T18:12:26,0016c001f10c2ef6,5.9,1.8,4.1,0.0,7809,702,7107,9.0,0.39,0.41,0.42,411866234,2198427093,3034,11806,1.2,234.2,3.1,2.0,50,37,0,0,0,0,0,0.0,0,0,0,0,0,0
29.0,2026-05-17T18:12:26,0016c001f10c2ef6,5.8,1.2,4.7,0.0,7809,701,7108,9.0,0.39,0.41,0.42,411869268,2198438899,3034,11806,1.2,234.2,3.1,2.0,50,37,0,0,0,0,0,0.0,0,0,0,0,0,0
29.4,2026-05-17T18:12:28,0016c001f10c2ef6,8.0,2.8,5.1,0.0,7809,701,7108,9.0,0.39,0.41,0.42,411873387,2198481220,4119,42321,1.2,234.2,3.1,2.0,50,37,0,0,0,0,0,0.0,0,0,0,0,0,0
29.9,2026-05-17T18:12:28,0016c001f10c2ef6,7.9,2.8,5.1,0.0,7809,701,7108,9.0,0.39,0.41,0.42,411876473,2198493026,3086,11806,1.2,234.2,3.1,2.0,50,37,0,0,0,0,0,0.0,0,0,0,0,0,0
30.3,2026-05-17T18:12:29,0016c001f10c2ef6,6.6,2.8,3.9,0.0,7809,702,7107,9.0,0.52,0.43,0.43,411879559,2198504832,3086,11806,1.2,234.2,3.1,2.0,50,37,0,0,0,0,0,0.0,0,0,0,0,0,0
30.7,2026-05-17T18:12:29,0016c001f10c2ef6,6.8,2.3,4.5,0.0,7809,701,7108,9.0,0.52,0.43,0.43,411882593,2198516638,3034,11806,1.2,234.2,3.1,2.0,50,37,0,0,0,0,0,0.0,0,0,0,0,0,0
31.1,2026-05-17T18:12:29,0016c001f10c2ef6,6.9,3.5,3.5,0.0,7809,701,7108,9.0,0.52,0.43,0.43,411885627,2198528444,3034,11806,1.2,234.2,3.1,2.0,50,37,0,0,0,0,0,0.0,0,0,0,0,0,0
31.6,2026-05-17T18:12:30,0016c001f10c2ef6,6.3,2.3,4.0,0.0,7809,701,7108,9.0,0.52,0.43,0.43,411889434,2198570765,3807,42321,1.2,234.3,3.1,2.0,50,37,0,0,0,0,0,0.0,0,0,0,0,0,0
32.0,2026-05-17T18:12:30,0016c001f10c2ef6,5.7,2.3,3.4,0.0,7809,701,7108,9.0,0.52,0.43,0.43,411892468,2198582571,3034,11806,1.2,234.3,3.1,2.0,50,37,0,0,0,0,0,0.0,0,0,0,0,0,0
32.4,2026-05-17T18:12:31,0016c001f10c2ef6,8.0,3.4,4.5,0.0,7809,702,7107,9.0,0.52,0.43,0.43,411895602,2198594377,3134,11806,1.2,234.3,3.1,2.0,50,37,0,0,0,0,0,0.0,0,0,0,0,0,0
32.9,2026-05-17T18:12:31,0016c001f10c2ef6,8.5,3.0,5.5,0.0,7809,702,7107,9.0,0.52,0.43,0.43,411898792,2198606249,3190,11872,1.2,234.3,3.1,2.0,50,37,0,0,0,0,0,0.0,0,0,0,0,0,0
33.4,2026-05-17T18:12:32,0016c001f10c2ef6,8.5,4.0,4.5,0.0,7809,702,7107,9.0,0.52,0.43,0.43,411902811,2198648636,4019,42387,1.2,234.3,3.1,2.0,50,37,0,0,0,0,0,0.0,0,0,0,0,0,0
33.9,2026-05-17T18:12:32,0016c001f10c2ef6,9.2,2.9,5.2,1.2,7809,702,7107,9.0,0.52,0.43,0.43,411905845,2198660442,3034,11806,1.2,234.3,3.1,2.0,50,37,0,0,0,0,0,0.0,0,0,0,0,0,0
34.3,2026-05-17T18:12:33,0016c001f10c2ef6,6.2,2.2,3.9,0.0,7809,702,7107,9.0,0.52,0.43,0.43,411908879,2198672248,3034,11806,1.2,234.3,3.1,2.0,50,37,0,0,0,0,0,0.0,0,0,0,0,0,0
34.7,2026-05-17T18:12:33,0016c001f10c2ef6,10.8,2.3,8.5,0.0,7809,702,7107,9.0,0.52,0.43,0.43,411911965,2198685131,3086,12883,1.2,234.2,3.1,2.0,50,37,0,0,0,0,0,0.0,0,0,0,0,0,0
35.2,2026-05-17T18:12:33,0016c001f10c2ef6,23.4,4.7,17.0,1.8,7809,698,7111,8.9,0.64,0.46,0.44,411915051,2198696937,3086,11806,1.2,234.2,3.1,2.0,50,37,0,0,0,0,0,0.0,0,0,0,0,0,0
35.6,2026-05-17T18:12:34,0016c001f10c2ef6,20.2,3.1,17.2,0.0,7809,699,7110,9.0,0.64,0.46,0.44,411919212,2198741249,4161,44312,1.2,234.2,3.1,2.0,50,37,0,0,0,0,0,0.0,0,0,0,0,0,0
36.0,2026-05-17T18:12:34,0016c001f10c2ef6,18.9,2.2,16.7,0.0,7809,701,7108,9.0,0.64,0.46,0.44,411922198,2198753055,2986,11806,1.2,234.2,3.1,2.0,50,37,0,0,0,0,0,0.0,0,0,0,0,0,0
36.4,2026-05-17T18:12:35,0016c001f10c2ef6,8.3,1.2,7.1,0.0,7809,699,7110,9.0,0.64,0.46,0.44,411925284,2198764861,3086,11806,1.2,234.2,3.1,2.0,50,37,0,0,0,0,0,0.0,0,0,0,0,0,0
36.9,2026-05-17T18:12:35,0016c001f10c2ef6,5.3,2.4,2.9,0.0,7809,700,7109,9.0,0.64,0.46,0.44,411928370,2198776667,3086,11806,1.2,234.2,3.1,2.0,50,37,0,0,0,0,0,0.0,0,0,0,0,0,0
37.3,2026-05-17T18:12:36,0016c001f10c2ef6,6.8,1.7,5.1,0.0,7809,700,7109,9.0,0.64,0.46,0.44,411931905,2198788551,3535,11884,1.2,234.2,3.1,2.0,50,37,0,0,0,0,0,0.0,0,0,0,0,0,0
37.7,2026-05-17T18:12:36,0016c001f10c2ef6,6.3,2.3,4.0,0.0,7809,699,7110,9.0,0.64,0.46,0.44,411935920,2198830897,4015,42346,1.2,234.2,3.1,2.0,50,37,0,0,0,0,0,0.0,0,0,0,0,0,0
38.2,2026-05-17T18:12:36,0016c001f10c2ef6,6.2,2.3,4.0,0.0,7809,701,7108,9.0,0.64,0.46,0.44,411939158,2198842703,3238,11806,1.2,234.2,3.1,2.0,50,37,0,0,0,0,0,0.0,0,0,0,0,0,0
38.6,2026-05-17T18:12:37,0016c001f10c2ef6,8.5,2.5,6.0,0.0,7809,702,7107,9.0,0.64,0.46,0.44,411942144,2198854575,2986,11872,1.2,234.2,3.1,2.0,50,37,0,0,0,0,0,0.0,0,0,0,0,0,0
39.1,2026-05-17T18:12:37,0016c001f10c2ef6,6.9,2.9,3.4,0.6,7809,702,7107,9.0,0.64,0.46,0.44,411945230,2198866381,3086,11806,1.2,234.2,3.1,2.0,50,37,0,0,0,0,0,0.0,0,0,0,0,0,0
39.5,2026-05-17T18:12:38,0016c001f10c2ef6,5.6,1.7,3.9,0.0,7809,701,7108,9.0,0.64,0.46,0.44,411949245,2198908727,4015,42346,1.2,234.2,3.1,2.0,50,37,0,0,0,0,0,0.0,0,0,0,0,0,0
40.0,2026-05-17T18:12:38,0016c001f10c2ef6,6.7,3.4,3.4,0.0,7809,701,7108,9.0,0.58,0.45,0.44,411952279,2198920533,3034,11806,1.2,234.2,3.1,2.0,50,37,0,0,0,0,0,0.0,0,0,0,0,0,0
40.4,2026-05-17T18:12:39,0016c001f10c2ef6,7.3,2.3,5.1,0.0,7809,701,7108,9.0,0.58,0.45,0.44,411955313,2198932339,3034,11806,1.2,234.2,3.1,2.0,50,37,0,0,0,0,0,0.0,0,0,0,0,0,0
40.8,2026-05-17T18:12:39,0016c001f10c2ef6,7.0,3.5,3.5,0.0,7809,701,7108,9.0,0.58,0.45,0.44,411958485,2198944343,3172,12004,1.2,234.1,3.1,2.0,50,37,0,0,0,0,0,0.0,0,0,0,0,0,0
41.2,2026-05-17T18:12:39,0016c001f10c2ef6,6.2,2.8,3.4,0.0,7809,702,7107,9.0,0.58,0.45,0.44,411961519,2198956149,3034,11806,1.2,234.1,3.1,2.0,50,37,0,0,0,0,0,0.0,0,0,0,0,0,0
41.6,2026-05-17T18:12:40,0016c001f10c2ef6,7.1,3.0,4.2,0.0,7809,701,7108,9.0,0.58,0.45,0.44,411965378,2198998495,3859,42346,1.2,234.2,3.1,2.0,50,37,0,0,0,0,0,0.0,0,0,0,0,0,0
42.1,2026-05-17T18:12:40,0016c001f10c2ef6,6.3,1.7,4.6,0.0,7809,701,7108,9.0,0.58,0.45,0.44,411968592,2199010457,3214,11962,1.2,234.2,3.1,2.0,50,37,0,0,0,0,0,0.0,0,0,0,0,0,0
42.5,2026-05-17T18:12:41,0016c001f10c2ef6,5.5,1.6,3.8,0.0,7809,701,7108,9.0,0.58,0.45,0.44,411971626,2199022263,3034,11806,1.2,234.2,3.1,2.0,50,37,0,0,0,0,0,0.0,0,0,0,0,0,0
42.9,2026-05-17T18:12:41,0016c001f10c2ef6,6.7,3.4,3.4,0.0,7809,702,7107,9.0,0.58,0.45,0.44,411974712,2199034069,3086,11806,1.2,234.2,3.1,2.0,50,37,0,0,0,0,0,0.0,0,0,0,0,0,0
43.4,2026-05-17T18:12:42,0016c001f10c2ef6,6.2,1.7,4.5,0.0,7809,702,7107,9.0,0.58,0.45,0.44,411977898,2199045875,3186,11806,1.2,234.2,3.1,2.0,50,37,0,0,0,0,0,0.0,0,0,0,0,0,0
43.9,2026-05-17T18:12:42,0016c001f10c2ef6,12.7,4.9,6.3,1.5,7809,702,7107,9.0,0.58,0.45,0.44,411981865,2199088970,3967,43095,1.2,234.3,3.1,2.0,50,37,0,0,0,0,0,0.0,0,0,0,0,0,0
44.3,2026-05-17T18:12:43,0016c001f10c2ef6,8.7,5.2,3.5,0.0,7809,702,7107,9.0,0.58,0.45,0.44,411984945,2199102358,3080,13388,1.2,234.3,3.1,2.0,50,37,0,0,0,0,0,0.0,0,0,0,0,0,0
44.7,2026-05-17T18:12:43,0016c001f10c2ef6,6.4,1.7,4.7,0.0,7809,702,7107,9.0,0.54,0.44,0.44,411988259,2199114242,3314,11884,1.2,234.3,3.1,2.0,50,37,0,0,0,0,0,0.0,0,0,0,0,0,0
45.2,2026-05-17T18:12:43,0016c001f10c2ef6,5.2,1.1,4.0,0.0,7809,702,7107,9.0,0.54,0.44,0.44,411991397,2199126048,3138,11806,1.2,234.3,3.1,2.0,50,37,0,0,0,0,0,0.0,0,0,0,0,0,0
45.6,2026-05-17T18:12:44,0016c001f10c2ef6,6.3,1.7,4.6,0.0,7809,702,7107,9.0,0.54,0.44,0.44,411995412,2199168394,4015,42346,1.2,234.3,3.1,2.0,50,37,0,0,0,0,0,0.0,0,0,0,0,0,0
46.0,2026-05-17T18:12:44,0016c001f10c2ef6,7.0,3.5,3.5,0.0,7809,702,7107,9.0,0.54,0.44,0.44,411998654,2199180200,3242,11806,1.2,234.3,3.1,2.0,50,37,0,0,0,0,0,0.0,0,0,0,0,0,0
46.5,2026-05-17T18:12:45,0016c001f10c2ef6,18.6,1.2,17.4,0.0,7809,702,7107,9.0,0.54,0.44,0.44,412001740,2199192006,3086,11806,1.2,234.3,3.1,2.0,50,37,0,0,0,0,0,0.0,0,0,0,0,0,0
46.9,2026-05-17T18:12:45,0016c001f10c2ef6,20.2,2.9,17.3,0.0,7809,702,7107,9.0,0.54,0.44,0.44,412004826,2199203878,3086,11872,1.2,234.3,3.1,2.0,50,37,0,0,0,0,0,0.0,0,0,0,0,0,0
47.4,2026-05-17T18:12:46,0016c001f10c2ef6,18.8,2.1,16.7,0.0,7809,703,7106,9.0,0.54,0.44,0.44,412008457,2199216858,3631,12980,1.2,234.3,3.1,2.0,50,37,0,0,0,0,0,0.0,0,0,0,0,0,0
47.8,2026-05-17T18:12:46,0016c001f10c2ef6,11.6,2.9,8.7,0.0,7809,703,7106,9.0,0.54,0.44,0.44,412012368,2199259204,3911,42346,1.2,234.3,3.1,2.0,50,37,0,0,0,0,0,0.0,0,0,0,0,0,0
48.2,2026-05-17T18:12:46,0016c001f10c2ef6,6.3,2.3,4.0,0.0,7809,703,7106,9.0,0.54,0.44,0.44,412015558,2199271010,3190,11806,1.2,234.3,3.1,2.0,50,37,0,0,0,0,0,0.0,0,0,0,0,0,0
48.7,2026-05-17T18:12:47,0016c001f10c2ef6,6.6,1.6,4.9,0.0,7809,703,7106,9.0,0.54,0.44,0.44,412018848,2199282816,3290,11806,1.2,234.3,3.1,2.0,50,37,0,0,0,0,0,0.0,0,0,0,0,0,0
49.2,2026-05-17T18:12:47,0016c001f10c2ef6,8.5,2.5,5.5,0.5,7809,703,7106,9.0,0.54,0.44,0.44,412022038,2199294688,3190,11872,1.2,234.3,3.1,2.0,50,37,0,0,0,0,0,0.0,0,0,0,0,0,0
49.7,2026-05-17T18:12:48,0016c001f10c2ef6,9.8,3.4,6.4,0.0,7809,702,7107,9.0,0.57,0.45,0.44,412026365,2199337100,4327,42412,1.2,234.3,3.1,2.0,50,37,0,0,0,0,0,0.0,0,0,0,0,0,0
50.2,2026-05-17T18:12:48,0016c001f10c2ef6,9.1,4.1,5.1,0.0,7809,701,7108,9.0,0.57,0.45,0.44,412029351,2199348972,2986,11872,1.2,234.3,3.1,2.0,50,37,0,0,0,0,0,0.0,0,0,0,0,0,0
50.6,2026-05-17T18:12:49,0016c001f10c2ef6,6.9,2.3,4.6,0.0,7809,701,7108,9.0,0.57,0.45,0.44,412032385,2199360778,3034,11806,1.2,234.3,3.1,2.0,50,37,0,0,0,0,0,0.0,0,0,0,0,0,0
51.0,2026-05-17T18:12:49,0016c001f10c2ef6,5.7,1.7,4.0,0.0,7809,701,7108,9.0,0.57,0.45,0.44,412035471,2199372584,3086,11806,1.2,234.3,3.1,2.0,50,37,0,0,0,0,0,0.0,0,0,0,0,0,0
51.4,2026-05-17T18:12:50,0016c001f10c2ef6,6.8,2.3,4.5,0.0,7809,700,7109,9.0,0.57,0.45,0.44,412038505,2199384390,3034,11806,1.2,234.3,3.1,2.0,50,37,0,0,0,0,0,0.0,0,0,0,0,0,0
51.9,2026-05-17T18:12:50,0016c001f10c2ef6,8.8,3.5,5.3,0.0,7809,700,7109,9.0,0.57,0.45,0.44,412042364,2199426736,3859,42346,1.2,234.3,3.1,2.0,50,37,0,0,0,0,0,0.0,0,0,0,0,0,0
52.3,2026-05-17T18:12:51,0016c001f10c2ef6,5.6,1.7,4.0,0.0,7809,701,7108,9.0,0.57,0.45,0.44,412045450,2199438542,3086,11806,1.2,234.3,3.1,2.0,50,37,0,0,0,0,0,0.0,0,0,0,0,0,0
52.7,2026-05-17T18:12:51,0016c001f10c2ef6,6.2,2.8,3.4,0.0,7809,701,7108,9.0,0.57,0.45,0.44,412048608,2199450426,3158,11884,1.2,234.3,3.1,2.0,53,40,3,3,0,0,0,0.0,0,0,0,0,0,0
53.2,2026-05-17T18:12:51,0016c001f10c2ef6,7.3,3.4,4.0,0.0,7809,701,7108,9.0,0.57,0.45,0.44,412051694,2199462235,3086,11809,1.2,234.3,3.1,2.0,53,40,0,0,0,0,0,0.0,0,0,0,0,0,0
53.6,2026-05-17T18:12:52,0016c001f10c2ef6,6.3,2.9,3.4,0.0,7809,701,7108,9.0,0.57,0.45,0.44,412054780,2199474044,3086,11809,1.2,234.4,3.1,2.0,53,40,0,0,0,0,0,0.0,0,0,0,0,0,0
54.0,2026-05-17T18:12:52,0016c001f10c2ef6,8.6,4.0,4.6,0.0,7809,701,7108,9.0,0.57,0.45,0.44,412058841,2199518662,4061,44618,1.2,234.3,3.1,2.0,53,40,0,0,0,0,0,0.0,0,0,0,0,0,0
54.4,2026-05-17T18:12:53,0016c001f10c2ef6,5.8,2.3,3.5,0.0,7809,701,7108,9.0,0.53,0.44,0.44,412062131,2199530471,3290,11809,1.2,234.3,3.1,2.0,53,40,0,0,0,0,0,0.0,0,0,0,0,0,0
54.9,2026-05-17T18:12:53,0016c001f10c2ef6,6.2,2.8,3.4,0.0,7809,702,7107,9.0,0.53,0.44,0.44,412065373,2199542280,3242,11809,1.2,234.3,3.1,2.0,53,40,0,0,0,0,0,0.0,0,0,0,0,0,0
55.4,2026-05-17T18:12:54,0016c001f10c2ef6,8.1,2.0,6.1,0.0,7809,702,7107,9.0,0.53,0.44,0.44,412068411,2199554155,3038,11875,1.2,234.3,3.1,2.0,53,40,0,0,0,0,0,0.0,0,0,0,0,0,0
55.8,2026-05-17T18:12:54,0016c001f10c2ef6,6.2,1.1,5.1,0.0,7809,702,7107,9.0,0.53,0.44,0.44,412072374,2199596504,3963,42349,1.2,234.3,3.1,2.0,53,40,0,0,0,0,0,0.0,0,0,0,0,0,0
56.2,2026-05-17T18:12:54,0016c001f10c2ef6,6.9,2.9,4.0,0.0,7809,702,7107,9.0,0.53,0.44,0.44,412075408,2199608379,3034,11875,1.2,234.3,3.1,2.0,53,40,0,0,0,0,0,0.0,0,0,0,0,0,0
56.7,2026-05-17T18:12:55,0016c001f10c2ef6,7.0,2.9,4.1,0.0,7809,702,7107,9.0,0.53,0.44,0.44,412078442,2199620188,3034,11809,1.2,234.3,3.1,2.0,53,40,0,0,0,0,0,0.0,0,0,0,0,0,0
57.1,2026-05-17T18:12:55,0016c001f10c2ef6,5.2,1.7,3.4,0.0,7809,701,7108,9.0,0.53,0.44,0.44,412081905,2199631997,3463,11809,1.2,234.3,3.1,2.0,53,40,0,0,0,0,0,0.0,0,0,0,0,0,0
57.5,2026-05-17T18:12:56,0016c001f10c2ef6,7.9,2.2,5.6,0.0,7809,701,7108,9.0,0.53,0.44,0.44,412085039,2199643806,3134,11809,1.2,234.3,3.1,2.0,53,40,0,0,0,0,0,0.0,0,0,0,0,0,0
57.9,2026-05-17T18:12:56,0016c001f10c2ef6,19.2,3.6,15.6,0.0,7809,701,7108,9.0,0.53,0.44,0.44,412088902,2199686155,3863,42349,1.2,234.3,3.1,2.0,53,40,0,0,0,0,0,0.0,0,0,0,0,0,0
58.4,2026-05-17T18:12:57,0016c001f10c2ef6,19.6,2.4,17.3,0.0,7809,701,7108,9.0,0.53,0.44,0.44,412092036,2199697964,3134,11809,1.2,234.3,3.1,2.0,53,40,0,0,0,0,0,0.0,0,0,0,0,0,0
58.8,2026-05-17T18:12:57,0016c001f10c2ef6,19.8,2.3,17.4,0.0,7809,700,7109,9.0,0.53,0.44,0.44,412095022,2199709773,2986,11809,1.2,234.3,3.1,2.0,53,40,0,0,0,0,0,0.0,0,0,0,0,0,0
59.2,2026-05-17T18:12:57,0016c001f10c2ef6,12.4,1.2,11.2,0.0,7809,700,7109,9.0,0.49,0.44,0.43,412098056,2199721582,3034,11809,1.2,234.3,3.1,2.0,53,40,0,0,0,0,0,0.0,0,0,0,0,0,0
59.7,2026-05-17T18:12:58,0016c001f10c2ef6,6.4,1.2,5.2,0.0,7809,701,7108,9.0,0.49,0.44,0.43,412101090,2199733391,3034,11809,1.2,234.3,3.1,2.0,53,40,0,0,0,0,0,0.0,0,0,0,0,0,0
60.1,2026-05-17T18:12:58,0016c001f10c2ef6,6.4,2.9,3.5,0.0,7809,701,7108,9.0,0.49,0.44,0.43,412105101,2199775740,4011,42349,1.2,234.2,3.1,2.0,53,40,0,0,0,0,0,0.0,0,0,0,0,0,0
60.6,2026-05-17T18:12:59,0016c001f10c2ef6,12.1,4.5,6.0,1.5,7809,701,7108,9.0,0.49,0.44,0.43,412108311,2199787693,3210,11953,1.2,234.2,3.1,2.0,53,40,0,0,0,0,0,0.0,0,0,0,0,0,0
61.1,2026-05-17T18:12:59,0016c001f10c2ef6,9.2,4.4,4.9,0.0,7809,700,7109,9.0,0.49,0.44,0.43,412111501,2199799634,3190,11941,1.2,234.2,3.1,2.0,53,40,0,0,0,0,0,0.0,0,0,0,0,0,0
61.6,2026-05-17T18:13:01,0016c001f10c2ef6,8.9,2.5,6.4,0.0,7809,702,7107,9.0,0.49,0.44,0.43,412114487,2199811509,2986,11875,1.2,234.2,3.1,2.0,53,40,0,0,0,0,0,0.0,0,0,0,0,0,0
62.0,2026-05-17T18:13:01,0016c001f10c2ef6,6.7,2.8,3.9,0.0,7809,701,7108,9.0,0.49,0.44,0.43,412118398,2199853858,3911,42349,1.2,234.2,3.1,2.0,53,40,0,0,0,0,0,0.0,0,0,0,0,0,0
62.5,2026-05-17T18:13:02,0016c001f10c2ef6,5.8,1.7,4.0,0.0,7809,701,7108,9.0,0.49,0.44,0.43,412121432,2199865667,3034,11809,1.2,234.2,3.1,2.0,53,40,0,0,0,0,0,0.0,0,0,0,0,0,0
62.9,2026-05-17T18:13:02,0016c001f10c2ef6,4.7,1.8,2.9,0.0,7809,701,7108,9.0,0.49,0.44,0.43,412124466,2199877476,3034,11809,1.2,234.2,3.1,2.0,53,40,0,0,0,0,0,0.0,0,0,0,0,0,0
63.3,2026-05-17T18:13:02,0016c001f10c2ef6,8.5,2.3,6.2,0.0,7809,701,7108,9.0,0.49,0.44,0.43,412127604,2199889285,3138,11809,1.2,234.2,3.1,2.0,53,40,0,0,0,0,0,0.0,0,0,0,0,0,0
63.8,2026-05-17T18:13:03,0016c001f10c2ef6,6.2,2.8,3.4,0.0,7809,701,7108,9.0,0.49,0.44,0.43,412130742,2199903160,3138,13875,1.2,234.4,3.1,2.0,53,40,0,0,0,0,0,0.0,0,0,0,0,0,0
64.2,2026-05-17T18:13:03,0016c001f10c2ef6,10.1,3.6,6.0,0.6,7809,701,7108,9.0,0.45,0.43,0.43,412134751,2199945534,4009,42374,1.2,234.4,3.1,2.0,53,40,0,0,0,0,0,0.0,0,0,0,0,0,0
64.6,2026-05-17T18:13:04,0016c001f10c2ef6,5.8,3.5,2.3,0.0,7809,701,7108,9.0,0.45,0.43,0.43,412137837,2199957343,3086,11809,1.2,234.4,3.1,2.0,53,40,0,0,0,0,0,0.0,0,0,0,0,0,0
65.0,2026-05-17T18:13:04,0016c001f10c2ef6,6.9,2.3,4.6,0.0,7809,700,7109,9.0,0.45,0.43,0.43,412140917,2199970101,3080,12758,1.2,234.4,3.1,2.0,53,40,0,0,0,0,0,0.0,0,0,0,0,0,0
65.5,2026-05-17T18:13:05,0016c001f10c2ef6,6.9,2.9,4.0,0.0,7809,700,7109,9.0,0.45,0.43,0.43,412144179,2199981996,3262,11895,1.2,234.4,3.1,2.0,53,40,0,0,0,0,0,0.0,0,0,0,0,0,0
65.9,2026-05-17T18:13:05,0016c001f10c2ef6,6.2,2.8,3.4,0.0,7809,702,7107,9.0,0.45,0.43,0.43,412148398,2200024370,4219,42374,1.2,234.4,3.1,2.0,53,40,0,0,0,0,0,0.0,0,0,0,0,0,0
66.3,2026-05-17T18:13:05,0016c001f10c2ef6,8.0,3.4,4.5,0.0,7809,702,7107,9.0,0.45,0.43,0.43,412151536,2200036179,3138,11809,1.2,234.4,3.1,2.0,53,40,0,0,0,0,0,0.0,0,0,0,0,0,0
66.8,2026-05-17T18:13:06,0016c001f10c2ef6,9.0,3.0,6.0,0.0,7809,702,7107,9.0,0.45,0.43,0.43,412155103,2200048054,3567,11875,1.2,234.4,3.1,2.0,53,40,0,0,0,0,0,0.0,0,0,0,0,0,0
67.2,2026-05-17T18:13:06,0016c001f10c2ef6,5.7,2.3,3.4,0.0,7809,701,7108,9.0,0.45,0.43,0.43,412158089,2200059863,2986,11809,1.2,234.4,3.1,2.0,53,40,0,0,0,0,0,0.0,0,0,0,0,0,0
67.7,2026-05-17T18:13:07,0016c001f10c2ef6,5.3,1.8,3.5,0.0,7809,701,7108,9.0,0.45,0.43,0.43,412161275,2200071672,3186,11809,1.2,234.4,3.1,2.0,53,40,0,0,0,0,0,0.0,0,0,0,0,0,0
68.1,2026-05-17T18:13:07,0016c001f10c2ef6,5.1,2.3,2.9,0.0,7809,701,7108,9.0,0.45,0.43,0.43,412165086,2200114046,3811,42374,1.2,234.4,3.1,2.0,53,40,0,0,0,0,0,0.0,0,0,0,0,0,0
68.5,2026-05-17T18:13:08,0016c001f10c2ef6,6.4,1.7,4.6,0.0,7809,701,7108,9.0,0.45,0.43,0.43,412168120,2200125921,3034,11875,1.2,234.4,3.1,2.0,53,40,0,0,0,0,0,0.0,0,0,0,0,0,0
69.0,2026-05-17T18:13:08,0016c001f10c2ef6,5.1,2.3,2.8,0.0,7809,701,7108,9.0,0.49,0.44,0.43,412171206,2200137730,3086,11809,1.2,234.4,3.1,2.0,53,40,0,0,0,0,0,0.0,0,0,0,0,0,0
69.4,2026-05-17T18:13:09,0016c001f10c2ef6,18.3,3.0,15.4,0.0,7809,701,7108,9.0,0.49,0.44,0.43,412174344,2200149539,3138,11809,1.2,234.4,3.1,2.0,53,40,0,0,0,0,0,0.0,0,0,0,0,0,0
69.8,2026-05-17T18:13:09,0016c001f10c2ef6,18.3,1.7,16.6,0.0,7809,702,7107,9.0,0.49,0.44,0.43,412177943,2200161348,3599,11809,1.2,234.2,3.1,2.0,53,40,0,0,0,0,0,0.0,0,0,0,0,0,0
70.3,2026-05-17T18:13:09,0016c001f10c2ef6,20.2,2.3,17.9,0.0,7809,702,7107,9.0,0.49,0.44,0.43,412181445,2200203722,3502,42374,1.2,234.2,3.1,2.0,53,40,0,0,0,0,0,0.0,0,0,0,0,0,0
70.7,2026-05-17T18:13:10,0016c001f10c2ef6,13.7,2.3,11.4,0.0,7809,702,7107,9.0,0.49,0.44,0.43,412184583,2200215531,3138,11809,1.2,234.2,3.1,2.0,53,40,0,0,0,0,0,0.0,0,0,0,0,0,0
71.2,2026-05-17T18:13:10,0016c001f10c2ef6,6.2,2.8,3.4,0.0,7809,702,7107,9.0,0.49,0.44,0.43,412187617,2200227340,3034,11809,1.2,234.2,3.1,2.0,53,40,0,0,0,0,0,0.0,0,0,0,0,0,0
71.6,2026-05-17T18:13:11,0016c001f10c2ef6,5.2,2.3,2.9,0.0,7809,701,7108,9.0,0.49,0.44,0.43,412191035,2200239305,3418,11965,1.2,234.2,3.1,2.0,53,40,0,0,0,0,0,0.0,0,0,0,0,0,0
72.1,2026-05-17T18:13:11,0016c001f10c2ef6,9.7,3.9,5.8,0.0,7809,702,7107,9.0,0.49,0.44,0.43,412195106,2200281745,4071,42440,1.2,234.1,3.1,2.0,53,40,0,0,0,0,0,0.0,0,0,0,0,0,0
72.5,2026-05-17T18:13:12,0016c001f10c2ef6,5.6,1.1,4.4,0.0,7809,701,7108,9.0,0.49,0.44,0.43,412198140,2200293554,3034,11809,1.2,234.1,3.1,2.0,53,40,0,0,0,0,0,0.0,0,0,0,0,0,0
73.0,2026-05-17T18:13:12,0016c001f10c2ef6,5.7,2.3,3.4,0.0,7809,702,7107,9.0,0.49,0.44,0.43,412201174,2200305363,3034,11809,1.2,234.1,3.1,2.0,53,40,0,0,0,0,0,0.0,0,0,0,0,0,0
73.4,2026-05-17T18:13:13,0016c001f10c2ef6,8.8,5.3,3.5,0.0,7809,701,7108,9.0,0.49,0.44,0.43,412204208,2200317172,3034,11809,1.2,234.1,3.1,2.0,53,40,0,0,0,0,0,0.0,0,0,0,0,0,0
73.8,2026-05-17T18:13:13,0016c001f10c2ef6,8.5,3.4,5.1,0.0,7809,700,7109,9.0,0.45,0.43,0.43,412207392,2200331250,3184,14078,1.2,234.1,3.1,2.0,53,40,0,0,0,0,0,0.0,0,0,0,0,0,0
74.3,2026-05-17T18:13:13,0016c001f10c2ef6,7.0,3.5,3.5,0.0,7809,701,7108,9.0,0.45,0.43,0.43,412211407,2200373624,4015,42374,1.2,234.1,3.1,2.0,53,40,0,0,0,0,0,0.0,0,0,0,0,0,0
74.7,2026-05-17T18:13:14,0016c001f10c2ef6,5.7,2.3,3.4,0.0,7809,701,7108,9.0,0.45,0.43,0.43,412214545,2200385433,3138,11809,1.2,234.1,3.1,2.0,53,40,0,0,0,0,0,0.0,0,0,0,0,0,0
75.1,2026-05-17T18:13:14,0016c001f10c2ef6,6.7,1.7,5.0,0.0,7809,700,7109,9.0,0.45,0.43,0.43,412217631,2200397242,3086,11809,1.2,234.1,3.1,2.0,53,40,0,0,0,0,0,0.0,0,0,0,0,0,0
75.6,2026-05-17T18:13:15,0016c001f10c2ef6,5.2,1.7,3.5,0.0,7809,700,7109,9.0,0.45,0.43,0.43,412220665,2200409051,3034,11809,1.2,234.1,3.1,2.0,53,40,0,0,0,0,0,0.0,0,0,0,0,0,0
76.0,2026-05-17T18:13:15,0016c001f10c2ef6,5.1,1.7,3.4,0.0,7809,700,7109,9.0,0.45,0.43,0.43,412224752,2200451503,4087,42452,1.2,234.1,3.1,2.0,53,40,0,0,0,0,0,0.0,0,0,0,0,0,0
76.4,2026-05-17T18:13:16,0016c001f10c2ef6,7.6,2.9,4.7,0.0,7809,700,7109,9.0,0.45,0.43,0.43,412228215,2200463312,3463,11809,1.2,234.1,3.1,2.0,53,40,0,0,0,0,0,0.0,0,0,0,0,0,0
76.8,2026-05-17T18:13:16,0016c001f10c2ef6,6.2,1.7,4.5,0.0,7809,701,7108,9.0,0.45,0.43,0.43,412231301,2200475121,3086,11809,1.2,234.1,3.1,2.0,53,40,0,0,0,0,0,0.0,0,0,0,0,0,0
77.4,2026-05-17T18:13:16,0016c001f10c2ef6,10.3,3.4,6.9,0.0,7809,701,7108,9.0,0.45,0.43,0.43,412234335,2200486996,3034,11875,1.2,234.1,3.1,2.0,53,40,0,0,0,0,0,0.0,0,0,0,0,0,0
77.8,2026-05-17T18:13:17,0016c001f10c2ef6,7.2,2.2,5.0,0.0,7809,701,7108,9.0,0.45,0.43,0.43,412237369,2200498805,3034,11809,1.2,234.2,3.1,2.0,53,40,0,0,0,0,0,0.0,0,0,0,0,0,0
78.2,2026-05-17T18:13:17,0016c001f10c2ef6,6.3,2.3,4.0,0.0,7809,700,7109,9.0,0.45,0.43,0.43,412241176,2200541179,3807,42374,1.2,234.2,3.1,2.0,53,40,0,0,0,0,0,0.0,0,0,0,0,0,0
78.7,2026-05-17T18:13:18,0016c001f10c2ef6,12.2,5.0,6.6,0.6,7809,701,7108,9.0,0.45,0.43,0.43,412244262,2200552988,3086,11809,1.2,234.2,3.1,2.0,53,40,0,0,0,0,0,0.0,0,0,0,0,0,0
79.1,2026-05-17T18:13:18,0016c001f10c2ef6,7.5,0.6,6.9,0.0,7809,701,7108,9.0,0.41,0.42,0.43,412247348,2200564797,3086,11809,1.2,234.2,3.1,2.0,53,40,0,0,0,0,0,0.0,0,0,0,0,0,0
79.5,2026-05-17T18:13:19,0016c001f10c2ef6,5.7,2.3,3.4,0.0,7809,702,7107,9.0,0.41,0.42,0.43,412250382,2200576606,3034,11809,1.2,234.2,3.1,2.0,53,40,0,0,0,0,0,0.0,0,0,0,0,0,0
79.9,2026-05-17T18:13:19,0016c001f10c2ef6,5.7,1.7,4.0,0.0,7809,702,7107,9.0,0.41,0.42,0.43,412253468,2200588415,3086,11809,1.2,234.3,3.1,2.0,53,40,0,0,0,0,0,0.0,0,0,0,0,0,0
80.4,2026-05-17T18:13:19,0016c001f10c2ef6,6.5,2.4,4.1,0.0,7809,701,7108,9.0,0.41,0.42,0.43,412257431,2200630789,3963,42374,1.2,234.3,3.1,2.0,53,40,0,0,0,0,0,0.0,0,0,0,0,0,0
80.8,2026-05-17T18:13:20,0016c001f10c2ef6,14.9,1.7,13.1,0.0,7809,703,7106,9.0,0.41,0.42,0.43,412260569,2200642598,3138,11809,1.2,234.3,3.1,2.0,53,40,0,0,0,0,0,0.0,0,0,0,0,0,0
81.2,2026-05-17T18:13:20,0016c001f10c2ef6,18.5,2.3,16.2,0.0,7809,703,7106,9.0,0.41,0.42,0.43,412263603,2200654407,3034,11809,1.2,234.3,3.1,2.0,53,40,0,0,0,0,0,0.0,0,0,0,0,0,0
81.7,2026-05-17T18:13:21,0016c001f10c2ef6,19.9,2.3,17.5,0.0,7809,703,7106,9.0,0.41,0.42,0.43,412266689,2200666216,3086,11809,1.2,234.3,3.1,2.0,53,40,0,0,0,0,0,0.0,0,0,0,0,0,0
82.1,2026-05-17T18:13:21,0016c001f10c2ef6,17.2,1.7,14.4,1.1,7809,703,7106,9.0,0.41,0.42,0.43,412270808,2200708590,4119,42374,1.2,234.3,3.1,2.0,56,43,3,3,0,0,0,0.0,0,0,0,0,0,0
82.6,2026-05-17T18:13:22,0016c001f10c2ef6,11.4,5.0,6.4,0.0,7809,703,7106,9.0,0.41,0.42,0.43,412273894,2200720465,3086,11875,1.2,234.3,3.1,2.0,56,43,0,0,0,0,0,0.0,0,0,0,0,0,0
83.0,2026-05-17T18:13:22,0016c001f10c2ef6,7.4,1.1,6.3,0.0,7809,702,7107,9.0,0.41,0.42,0.43,412277032,2200732274,3138,11809,1.2,234.3,3.1,2.0,56,43,0,0,0,0,0,0.0,0,0,0,0,0,0
83.5,2026-05-17T18:13:23,0016c001f10c2ef6,6.2,2.8,3.4,0.0,7809,703,7106,9.0,0.41,0.42,0.43,412280118,2200744083,3086,11809,1.2,234.3,3.1,2.0,56,43,0,0,0,0,0,0.0,0,0,0,0,0,0
83.9,2026-05-17T18:13:23,0016c001f10c2ef6,7.7,4.4,2.7,0.5,7809,703,7106,9.0,0.54,0.45,0.44,412283328,2200756653,3210,12570,1.2,234.3,3.1,2.0,56,43,0,0,0,0,0,0.0,0,0,0,0,0,0
84.4,2026-05-17T18:13:23,0016c001f10c2ef6,5.8,1.7,4.1,0.0,7809,702,7107,9.0,0.54,0.45,0.44,412287233,2200800601,3905,43948,1.2,234.3,3.1,2.0,56,43,0,0,0,0,0,0.0,0,0,0,0,0,0
84.8,2026-05-17T18:13:24,0016c001f10c2ef6,5.3,1.2,4.1,0.0,7809,703,7106,9.0,0.54,0.45,0.44,412290457,2200812608,3224,12007,1.2,234.3,3.1,2.0,56,43,0,0,0,0,0,0.0,0,0,0,0,0,0
85.2,2026-05-17T18:13:24,0016c001f10c2ef6,6.3,1.7,4.6,0.0,7809,702,7107,9.0,0.54,0.45,0.44,412293595,2200824417,3138,11809,1.2,234.3,3.1,2.0,56,43,0,0,0,0,0,0.0,0,0,0,0,0,0
85.6,2026-05-17T18:13:25,0016c001f10c2ef6,5.6,1.7,4.0,0.0,7809,702,7107,9.0,0.54,0.45,0.44,412296629,2200836226,3034,11809,1.2,234.3,3.1,2.0,56,43,0,0,0,0,0,0.0,0,0,0,0,0,0
86.1,2026-05-17T18:13:25,0016c001f10c2ef6,6.4,1.7,4.7,0.0,7809,702,7107,9.0,0.54,0.45,0.44,412300809,2200848035,4180,11809,1.2,234.3,3.1,2.0,56,43,0,0,0,0,0,0.0,0,0,0,0,0,0
86.5,2026-05-17T18:13:26,0016c001f10c2ef6,5.8,1.9,3.9,0.0,7809,702,7107,9.0,0.54,0.45,0.44,412304107,2200890409,3298,42374,1.2,234.3,3.1,2.0,56,43,0,0,0,0,0,0.0,0,0,0,0,0,0
87.0,2026-05-17T18:13:26,0016c001f10c2ef6,6.8,3.4,3.4,0.0,7809,702,7107,9.0,0.54,0.45,0.44,412307245,2200902218,3138,11809,1.2,234.3,3.1,2.0,56,43,0,0,0,0,0,0.0,0,0,0,0,0,0
87.4,2026-05-17T18:13:27,0016c001f10c2ef6,6.1,1.7,4.5,0.0,7809,701,7108,9.0,0.54,0.45,0.44,412310431,2200914027,3186,11809,1.2,234.3,3.1,2.0,56,43,0,0,0,0,0,0.0,0,0,0,0,0,0
88.0,2026-05-17T18:13:27,0016c001f10c2ef6,9.4,3.4,5.9,0.0,7809,702,7107,9.0,0.54,0.45,0.44,412313417,2200925902,2986,11875,1.2,234.3,3.1,2.0,56,43,0,0,0,0,0,0.0,0,0,0,0,0,0
88.4,2026-05-17T18:13:27,0016c001f10c2ef6,8.0,2.3,5.7,0.0,7809,702,7107,9.0,0.54,0.45,0.44,412317328,2200968276,3911,42374,1.2,234.3,3.1,2.0,56,43,0,0,0,0,0,0.0,0,0,0,0,0,0
88.8,2026-05-17T18:13:28,0016c001f10c2ef6,6.0,1.6,4.3,0.0,7809,701,7108,9.0,0.5,0.44,0.44,412320414,2200980085,3086,11809,1.2,234.3,3.1,2.0,56,43,0,0,0,0,0,0.0,0,0,0,0,0,0
89.3,2026-05-17T18:13:28,0016c001f10c2ef6,6.0,2.2,3.8,0.0,7809,702,7107,9.0,0.5,0.44,0.44,412323552,2200991894,3138,11809,1.2,234.3,3.1,2.0,56,43,0,0,0,0,0,0.0,0,0,0,0,0,0
89.7,2026-05-17T18:13:29,0016c001f10c2ef6,6.2,2.8,3.4,0.0,7809,702,7107,9.0,0.5,0.44,0.44,412326638,2201003703,3086,11809,1.2,234.3,3.1,2.0,56,43,0,0,0,0,0,0.0,0,0,0,0,0,0
90.1,2026-05-17T18:13:29,0016c001f10c2ef6,7.0,2.9,4.1,0.0,7809,702,7107,9.0,0.5,0.44,0.44,412330237,2201036460,3599,32757,1.2,234.3,3.1,2.0,56,43,0,0,0,0,0,0.0,0,0,0,0,0,0
90.6,2026-05-17T18:13:30,0016c001f10c2ef6,6.9,3.5,3.5,0.0,7809,702,7107,9.0,0.5,0.44,0.44,412333635,2201057886,3398,21426,1.2,234.3,3.1,2.0,56,43,0,0,0,0,0,0.0,0,0,0,0,0,0
91.0,2026-05-17T18:13:30,0016c001f10c2ef6,5.6,2.8,2.8,0.0,7809,702,7107,9.0,0.5,0.44,0.44,412336669,2201069695,3034,11809,1.2,234.3,3.1,2.0,56,43,0,0,0,0,0,0.0,0,0,0,0,0,0
91.4,2026-05-17T18:13:31,0016c001f10c2ef6,5.8,1.7,4.0,0.0,7809,701,7108,9.0,0.5,0.44,0.44,412339703,2201081504,3034,11809,1.2,234.3,3.1,2.0,56,43,0,0,0,0,0,0.0,0,0,0,0,0,0
91.8,2026-05-17T18:13:31,0016c001f10c2ef6,5.9,2.9,2.9,0.0,7809,702,7107,9.0,0.5,0.44,0.44,412342809,2201093391,3106,11887,1.2,234.3,3.1,2.0,56,43,0,0,0,0,0,0.0,0,0,0,0,0,0
92.3,2026-05-17T18:13:31,0016c001f10c2ef6,14.3,2.4,11.9,0.0,7809,702,7107,9.0,0.5,0.44,0.44,412346772,2201135765,3963,42374,1.2,234.3,3.1,2.0,56,43,0,0,0,0,0,0.0,0,0,0,0,0,0
92.7,2026-05-17T18:13:32,0016c001f10c2ef6,20.5,4.2,16.3,0.0,7809,702,7107,9.0,0.5,0.44,0.44,412349910,2201147574,3138,11809,1.2,234.3,3.1,2.0,56,43,0,0,0,0,0,0.0,0,0,0,0,0,0
93.1,2026-05-17T18:13:32,0016c001f10c2ef6,20.0,2.9,17.1,0.0,7809,703,7106,9.0,0.5,0.44,0.44,412352944,2201159383,3034,11809,1.2,234.3,3.1,2.0,56,43,0,0,0,0,0,0.0,0,0,0,0,0,0
93.6,2026-05-17T18:13:33,0016c001f10c2ef6,18.1,2.8,15.3,0.0,7809,703,7106,9.0,0.62,0.47,0.45,412356186,2201172258,3242,12875,1.2,234.3,3.1,2.0,56,43,0,0,0,0,0,0.0,0,0,0,0,0,0
94.0,2026-05-17T18:13:34,0016c001f10c2ef6,8.0,3.4,4.0,0.6,7809,703,7106,9.0,0.62,0.47,0.45,412359370,2201186010,3184,13752,1.2,234.3,3.1,2.0,56,43,0,0,0,0,0,0.0,0,0,0,0,0,0
94.5,2026-05-17T18:13:34,0016c001f10c2ef6,7.3,2.8,4.5,0.0,7809,701,7108,9.0,0.62,0.47,0.45,412363437,2201228409,4067,42399,1.2,234.3,3.1,2.0,56,43,0,0,0,0,0,0.0,0,0,0,0,0,0
94.9,2026-05-17T18:13:35,0016c001f10c2ef6,6.8,1.1,5.6,0.0,7809,701,7108,9.0,0.62,0.47,0.45,412366727,2201240218,3290,11809,1.2,234.3,3.1,2.0,56,43,0,0,0,0,0,0.0,0,0,0,0,0,0
95.3,2026-05-17T18:13:35,0016c001f10c2ef6,5.6,2.2,3.4,0.0,7809,701,7108,9.0,0.62,0.47,0.45,412369865,2201252027,3138,11809,1.2,234.3,3.1,2.0,56,43,0,0,0,0,0,0.0,0,0,0,0,0,0
95.8,2026-05-17T18:13:36,0016c001f10c2ef6,5.7,1.1,4.6,0.0,7809,702,7107,9.0,0.62,0.47,0.45,412372851,2201263836,2986,11809,1.2,234.3,3.1,2.0,56,43,0,0,0,0,0,0.0,0,0,0,0,0,0
96.2,2026-05-17T18:13:36,0016c001f10c2ef6,6.5,2.4,4.1,0.0,7809,702,7107,9.0,0.62,0.47,0.45,412376366,2201275645,3515,11809,1.2,234.3,3.1,2.0,56,43,0,0,0,0,0,0.0,0,0,0,0,0,0
96.6,2026-05-17T18:13:36,0016c001f10c2ef6,7.5,2.3,5.2,0.0,7809,702,7107,9.0,0.62,0.47,0.45,412380485,2201318044,4119,42399,1.2,234.4,3.1,2.0,56,43,0,0,0,0,0,0.0,0,0,0,0,0,0
97.0,2026-05-17T18:13:37,0016c001f10c2ef6,5.7,2.3,3.4,0.0,7809,701,7108,9.0,0.62,0.47,0.45,412383571,2201329853,3086,11809,1.2,234.4,3.1,2.0,56,43,0,0,0,0,0,0.0,0,0,0,0,0,0
97.5,2026-05-17T18:13:37,0016c001f10c2ef6,6.2,1.1,5.1,0.0,7809,701,7108,9.0,0.62,0.47,0.45,412386605,2201341662,3034,11809,1.2,234.4,3.1,2.0,56,43,0,0,0,0,0,0.0,0,0,0,0,0,0
97.9,2026-05-17T18:13:38,0016c001f10c2ef6,9.5,4.2,5.3,0.0,7809,703,7106,9.0,0.62,0.47,0.45,412389639,2201353537,3034,11875,1.2,234.4,3.1,2.0,56,43,0,0,0,0,0,0.0,0,0,0,0,0,0
98.4,2026-05-17T18:13:38,0016c001f10c2ef6,6.2,3.4,2.8,0.0,7809,703,7106,9.0,0.57,0.46,0.44,412393602,2201395936,3963,42399,1.2,234.4,3.1,2.0,56,43,0,0,0,0,0,0.0,0,0,0,0,0,0
98.8,2026-05-17T18:13:39,0016c001f10c2ef6,6.3,2.3,4.0,0.0,7809,702,7107,9.0,0.57,0.46,0.44,412396688,2201407745,3086,11809,1.2,234.4,3.1,2.0,56,43,0,0,0,0,0,0.0,0,0,0,0,0,0
99.2,2026-05-17T18:13:39,0016c001f10c2ef6,6.9,1.7,5.1,0.0,7809,702,7107,9.0,0.57,0.46,0.44,412399774,2201419554,3086,11809,1.2,234.4,3.1,2.0,56,43,0,0,0,0,0,0.0,0,0,0,0,0,0
99.7,2026-05-17T18:13:40,0016c001f10c2ef6,8.0,3.4,4.5,0.0,7809,702,7107,9.0,0.57,0.46,0.44,412402932,2201431441,3158,11887,1.2,234.4,3.1,2.0,56,43,0,0,0,0,0,0.0,0,0,0,0,0,0
100.1,2026-05-17T18:13:40,0016c001f10c2ef6,6.8,2.3,4.5,0.0,7809,702,7107,9.0,0.57,0.46,0.44,412406070,2201443250,3138,11809,1.2,234.4,3.1,2.0,56,43,0,0,0,0,0,0.0,0,0,0,0,0,0
100.5,2026-05-17T18:13:40,0016c001f10c2ef6,7.4,2.3,5.1,0.0,7809,702,7107,9.0,0.57,0.46,0.44,412410161,2201485805,4091,42555,1.2,234.4,3.1,2.0,56,43,0,0,0,0,0,0.0,0,0,0,0,0,0
100.9,2026-05-17T18:13:41,0016c001f10c2ef6,5.2,1.7,3.5,0.0,7809,702,7107,9.0,0.57,0.46,0.44,412413195,2201497614,3034,11809,1.2,234.4,3.1,2.0,56,43,0,0,0,0,0,0.0,0,0,0,0,0,0
101.4,2026-05-17T18:13:41,0016c001f10c2ef6,6.9,3.2,3.7,0.0,7809,701,7108,9.0,0.57,0.46,0.44,412416241,2201509665,3046,12051,1.2,234.4,3.1,2.0,56,43,0,0,0,0,0,0.0,0,0,0,0,0,0
101.8,2026-05-17T18:13:42,0016c001f10c2ef6,5.4,0.6,4.8,0.0,7809,701,7108,9.0,0.57,0.46,0.44,412419275,2201521474,3034,11809,1.2,234.4,3.1,2.0,56,43,0,0,0,0,0,0.0,0,0,0,0,0,0
102.3,2026-05-17T18:13:42,0016c001f10c2ef6,5.7,1.7,4.0,0.0,7809,702,7107,9.0,0.57,0.46,0.44,412422309,2201533283,3034,11809,1.2,234.3,3.1,2.0,56,43,0,0,0,0,0,0.0,0,0,0,0,0,0
102.7,2026-05-17T18:13:43,0016c001f10c2ef6,9.4,4.7,4.7,0.0,7809,701,7108,9.0,0.57,0.46,0.44,412426476,2201575682,4167,42399,1.2,234.3,3.1,2.0,56,43,0,0,0,0,0,0.0,0,0,0,0,0,0
103.2,2026-05-17T18:13:43,0016c001f10c2ef6,9.3,4.9,4.4,0.0,7809,702,7107,9.0,0.6,0.47,0.45,412429718,2201587557,3242,11875,1.2,234.3,3.1,2.0,56,43,0,0,0,0,0,0.0,0,0,0,0,0,0
103.7,2026-05-17T18:13:44,0016c001f10c2ef6,15.5,3.4,12.1,0.0,7809,702,7107,9.0,0.6,0.47,0.45,412432756,2201600115,3038,12558,1.2,234.3,3.1,2.0,56,43,0,0,0,0,0,0.0,0,0,0,0,0,0
104.1,2026-05-17T18:13:44,0016c001f10c2ef6,21.0,3.6,17.4,0.0,7809,703,7106,9.0,0.6,0.47,0.45,412436040,2201613526,3284,13411,1.2,234.3,3.1,2.0,56,43,0,0,0,0,0,0.0,0,0,0,0,0,0
104.5,2026-05-17T18:13:44,0016c001f10c2ef6,19.9,3.5,16.4,0.0,7809,703,7106,9.0,0.6,0.47,0.45,412440179,2201656011,4139,42485,1.2,234.4,3.1,2.0,56,43,0,0,0,0,0,0.0,0,0,0,0,0,0
105.0,2026-05-17T18:13:45,0016c001f10c2ef6,19.7,1.7,17.9,0.0,7809,703,7106,9.0,0.6,0.47,0.45,412443165,2201667820,2986,11809,1.2,234.4,3.1,2.0,56,43,0,0,0,0,0,0.0,0,0,0,0,0,0
105.4,2026-05-17T18:13:45,0016c001f10c2ef6,8.6,3.4,5.2,0.0,7809,703,7106,9.0,0.6,0.47,0.45,412446251,2201679629,3086,11809,1.2,234.4,3.1,2.0,56,43,0,0,0,0,0,0.0,0,0,0,0,0,0
105.8,2026-05-17T18:13:46,0016c001f10c2ef6,5.4,1.2,4.2,0.0,7809,702,7107,9.0,0.6,0.47,0.45,412449818,2201691438,3567,11809,1.2,234.4,3.1,2.0,56,43,0,0,0,0,0,0.0,0,0,0,0,0,0
106.3,2026-05-17T18:13:46,0016c001f10c2ef6,6.1,2.8,3.3,0.0,7809,702,7107,9.0,0.6,0.47,0.45,412452904,2201703247,3086,11809,1.2,234.4,3.1,2.0,56,43,0,0,0,0,0,0.0,0,0,0,0,0,0
106.7,2026-05-17T18:13:47,0016c001f10c2ef6,8.1,2.9,5.2,0.0,7809,702,7107,9.0,0.6,0.47,0.45,412456867,2201745646,3963,42399,1.2,234.4,3.1,2.0,56,43,0,0,0,0,0,0.0,0,0,0,0,0,0
107.1,2026-05-17T18:13:47,0016c001f10c2ef6,4.7,2.3,2.3,0.0,7809,702,7107,9.0,0.6,0.47,0.45,412460005,2201757455,3138,11809,1.2,234.4,3.1,2.0,56,43,0,0,0,0,0,0.0,0,0,0,0,0,0
107.6,2026-05-17T18:13:47,0016c001f10c2ef6,6.6,1.6,4.9,0.0,7809,703,7106,9.0,0.6,0.47,0.45,412463091,2201769264,3086,11809,1.2,234.4,3.1,2.0,56,43,0,0,0,0,0,0.0,0,0,0,0,0,0
108.0,2026-05-17T18:13:48,0016c001f10c2ef6,7.3,2.8,4.5,0.0,7809,703,7106,9.0,0.6,0.47,0.45,412466329,2201781073,3238,11809,1.2,234.4,3.1,2.0,56,43,0,0,0,0,0,0.0,0,0,0,0,0,0
108.4,2026-05-17T18:13:48,0016c001f10c2ef6,5.7,1.1,4.6,0.0,7809,702,7107,9.0,0.56,0.46,0.44,412470356,2201823714,4027,42641,1.2,234.4,3.1,2.0,56,43,0,0,0,0,0,0.0,0,0,0,0,0,0
109.0,2026-05-17T18:13:49,0016c001f10c2ef6,10.1,3.5,6.1,0.4,7809,702,7107,9.0,0.56,0.46,0.44,412473394,2201835589,3038,11875,1.2,234.4,3.1,2.0,56,43,0,0,0,0,0,0.0,0,0,0,0,0,0
109.4,2026-05-17T18:13:49,0016c001f10c2ef6,5.7,1.7,4.0,0.0,7809,703,7106,9.0,0.56,0.46,0.44,412476428,2201847398,3034,11809,1.2,234.4,3.1,2.0,56,43,0,0,0,0,0,0.0,0,0,0,0,0,0
109.8,2026-05-17T18:13:50,0016c001f10c2ef6,6.5,3.0,3.6,0.0,7809,702,7107,9.0,0.56,0.46,0.44,412479462,2201859207,3034,11809,1.2,234.4,3.1,2.0,56,43,0,0,0,0,0,0.0,0,0,0,0,0,0
110.3,2026-05-17T18:13:50,0016c001f10c2ef6,7.0,2.3,4.7,0.0,7809,702,7107,9.0,0.56,0.46,0.44,412482496,2201871016,3034,11809,1.2,234.4,3.1,2.0,56,43,0,0,0,0,0,0.0,0,0,0,0,0,0
110.7,2026-05-17T18:13:51,0016c001f10c2ef6,5.3,1.8,3.6,0.0,7809,702,7107,9.0,0.56,0.46,0.44,412486459,2201913415,3963,42399,1.2,234.4,3.1,2.0,56,43,0,0,0,0,0,0.0,0,0,0,0,0,0
111.1,2026-05-17T18:13:51,0016c001f10c2ef6,6.8,1.7,5.1,0.0,7809,702,7107,9.0,0.56,0.46,0.44,412489597,2201925224,3138,11809,1.2,234.4,3.1,2.0,56,43,0,0,0,0,0,0.0,0,0,0,0,0,0
111.5,2026-05-17T18:13:51,0016c001f10c2ef6,6.9,1.1,5.7,0.0,7809,702,7107,9.0,0.56,0.46,0.44,412492735,2201937033,3138,11809,1.2,234.4,3.1,2.0,59,46,3,3,0,0,0,0.0,0,0,0,0,0,0
112.0,2026-05-17T18:13:52,0016c001f10c2ef6,7.2,3.3,3.9,0.0,7809,703,7106,9.0,0.56,0.46,0.44,412496025,2201949525,3290,12492,1.2,234.4,3.1,2.0,59,46,0,0,0,0,0,0.0,0,0,0,0,0,0
112.4,2026-05-17T18:13:52,0016c001f10c2ef6,6.2,1.7,4.5,0.0,7809,703,7106,9.0,0.56,0.46,0.44,412499063,2201961334,3038,11809,1.2,234.5,3.1,2.0,59,46,0,0,0,0,0,0.0,0,0,0,0,0,0
112.9,2026-05-17T18:13:53,0016c001f10c2ef6,7.8,2.8,5.0,0.0,7809,702,7107,9.0,0.56,0.46,0.44,412503224,2202005315,4161,43981,1.2,234.5,3.1,2.0,59,46,0,0,0,0,0,0.0,0,0,0,0,0,0
113.3,2026-05-17T18:13:53,0016c001f10c2ef6,6.7,2.2,4.4,0.0,7809,702,7107,9.0,0.51,0.45,0.44,412506310,2202017124,3086,11809,1.2,234.5,3.1,2.0,59,46,0,0,0,0,0,0.0,0,0,0,0,0,0
113.7,2026-05-17T18:13:54,0016c001f10c2ef6,7.2,1.7,5.6,0.0,7809,703,7106,9.0,0.51,0.45,0.44,412509500,2202029616,3190,12492,1.2,234.5,3.1,2.0,59,46,0,0,0,0,0,0.0,0,0,0,0,0,0
114.2,2026-05-17T18:13:54,0016c001f10c2ef6,12.6,5.3,6.8,0.5,7809,703,7106,9.0,0.51,0.45,0.44,412512486,2202041491,2986,11875,1.2,234.5,3.1,2.0,59,46,0,0,0,0,0,0.0,0,0,0,0,0,0
114.7,2026-05-17T18:13:55,0016c001f10c2ef6,7.3,2.8,4.5,0.0,7809,703,7106,9.0,0.51,0.45,0.44,412516651,2202085538,4165,44047,1.2,234.5,3.1,2.0,59,46,0,0,0,0,0,0.0,0,0,0,0,0,0
115.1,2026-05-17T18:13:55,0016c001f10c2ef6,11.7,3.9,7.8,0.0,7809,703,7106,9.0,0.51,0.45,0.44,412519913,2202097425,3262,11887,1.2,234.5,3.1,2.0,59,46,0,0,0,0,0,0.0,0,0,0,0,0,0
115.6,2026-05-17T18:13:55,0016c001f10c2ef6,19.9,3.4,16.5,0.0,7809,703,7106,9.0,0.51,0.45,0.44,412524417,2202139964,4504,42539,1.2,234.2,3.1,2.0,59,46,0,0,0,0,0,0.0,0,0,0,0,0,0
116.0,2026-05-17T18:13:56,0016c001f10c2ef6,19.4,2.3,17.1,0.0,7809,702,7107,9.0,0.51,0.45,0.44,412527503,2202151773,3086,11809,1.2,234.2,3.1,2.0,59,46,0,0,0,0,0,0.0,0,0,0,0,0,0
116.5,2026-05-17T18:13:56,0016c001f10c2ef6,20.0,2.8,17.2,0.0,7809,703,7106,9.0,0.51,0.45,0.44,412530741,2202163582,3238,11809,1.2,234.2,3.1,2.0,59,46,0,0,0,0,0,0.0,0,0,0,0,0,0
116.9,2026-05-17T18:13:57,0016c001f10c2ef6,6.9,1.7,5.1,0.0,7809,703,7106,9.0,0.51,0.45,0.44,412533779,2202175391,3038,11809,1.2,234.2,3.1,2.0,59,46,0,0,0,0,0,0.0,0,0,0,0,0,0
117.3,2026-05-17T18:13:57,0016c001f10c2ef6,5.7,2.9,2.9,0.0,7809,702,7107,9.0,0.51,0.45,0.44,412537842,2202217790,4063,42399,1.2,234.3,3.1,2.0,59,46,0,0,0,0,0,0.0,0,0,0,0,0,0
117.8,2026-05-17T18:13:58,0016c001f10c2ef6,6.2,2.3,4.0,0.0,7809,702,7107,9.0,0.47,0.45,0.44,412540880,2202229599,3038,11809,1.2,234.3,3.1,2.0,59,46,0,0,0,0,0,0.0,0,0,0,0,0,0
118.2,2026-05-17T18:13:58,0016c001f10c2ef6,5.3,1.8,3.5,0.0,7809,702,7107,9.0,0.47,0.45,0.44,412544070,2202241408,3190,11809,1.2,234.3,3.1,2.0,59,46,0,0,0,0,0,0.0,0,0,0,0,0,0
118.6,2026-05-17T18:13:59,0016c001f10c2ef6,6.1,1.7,4.5,0.0,7809,702,7107,9.0,0.47,0.45,0.44,412547256,2202253217,3186,11809,1.2,234.3,3.1,2.0,59,46,0,0,0,0,0,0.0,0,0,0,0,0,0
119.1,2026-05-17T18:13:59,0016c001f10c2ef6,5.2,1.7,3.5,0.0,7809,701,7108,9.0,0.47,0.45,0.44,412550498,2202265026,3242,11809,1.2,234.4,3.1,2.0,59,46,0,0,0,0,0,0.0,0,0,0,0,0,0
119.6,2026-05-17T18:13:59,0016c001f10c2ef6,10.5,4.5,6.0,0.0,7809,701,7108,9.0,0.47,0.45,0.44,412554617,2202307491,4119,42465,1.2,234.4,3.1,2.0,59,46,0,0,0,0,0,0.0,0,0,0,0,0,0
120.0,2026-05-17T18:14:00,0016c001f10c2ef6,11.9,4.5,6.0,1.5,7809,700,7109,9.0,0.47,0.45,0.44,412557807,2202319366,3190,11875,1.2,234.4,3.1,2.0,59,46,0,0,0,0,0,0.0,0,0,0,0,0,0
120.5,2026-05-17T18:14:00,0016c001f10c2ef6,9.0,3.0,6.0,0.0,7809,702,7107,9.0,0.47,0.45,0.44,412560997,2202331241,3190,11875,1.2,234.4,3.1,2.0,59,46,0,0,0,0,0,0.0,0,0,0,0,0,0
121.0,2026-05-17T18:14:01,0016c001f10c2ef6,10.1,3.0,7.0,0.0,7809,701,7108,9.0,0.47,0.45,0.44,412564187,2202343116,3190,11875,1.2,234.4,3.1,2.0,59,46,0,0,0,0,0,0.0,0,0,0,0,0,0
121.5,2026-05-17T18:14:01,0016c001f10c2ef6,10.0,4.0,6.0,0.0,7809,702,7107,9.0,0.47,0.45,0.44,412568254,2202385581,4067,42465,1.2,234.6,3.1,2.0,59,46,0,0,0,0,0,0.0,0,0,0,0,0,0
122.0,2026-05-17T18:14:02,0016c001f10c2ef6,13.1,4.9,7.8,0.5,7809,702,7107,9.0,0.47,0.45,0.44,412571496,2202399314,3242,13733,1.2,234.6,3.1,2.0,59,46,0,0,0,0,0,0.0,0,0,0,0,0,0
122.5,2026-05-17T18:14:02,0016c001f10c2ef6,5.6,3.4,2.2,0.0,7809,702,7107,9.0,0.47,0.45,0.44,412574580,2202414009,3084,14695,1.2,234.6,3.1,2.0,59,46,0,0,0,0,0,0.0,0,0,0,0,0,0
122.9,2026-05-17T18:14:03,0016c001f10c2ef6,5.2,2.3,2.9,0.0,7809,702,7107,9.0,0.43,0.44,0.44,412577902,2202426138,3322,12129,1.2,234.6,3.1,2.0,59,46,0,0,0,0,0,0.0,0,0,0,0,0,0
123.4,2026-05-17T18:14:03,0016c001f10c2ef6,6.3,2.6,3.7,0.0,7809,703,7106,9.0,0.43,0.44,0.44,412581865,2202468537,3963,42399,1.2,234.6,3.1,2.0,59,46,0,0,0,0,0,0.0,0,0,0,0,0,0
123.8,2026-05-17T18:14:04,0016c001f10c2ef6,6.1,2.8,3.3,0.0,7809,702,7107,9.0,0.43,0.44,0.44,412584951,2202480346,3086,11809,1.2,234.6,3.1,2.0,59,46,0,0,0,0,0,0.0,0,0,0,0,0,0
124.3,2026-05-17T18:14:04,0016c001f10c2ef6,7.2,1.7,5.6,0.0,7809,702,7107,9.0,0.43,0.44,0.44,412587937,2202492155,2986,11809,1.2,234.6,3.1,2.0,59,46,0,0,0,0,0,0.0,0,0,0,0,0,0
124.7,2026-05-17T18:14:05,0016c001f10c2ef6,6.9,2.9,4.0,0.0,7809,703,7106,9.0,0.43,0.44,0.44,412591075,2202503964,3138,11809,1.2,234.6,3.1,2.0,59,46,0,0,0,0,0,0.0,0,0,0,0,0,0
125.1,2026-05-17T18:14:05,0016c001f10c2ef6,5.3,1.2,4.1,0.0,7809,702,7107,9.0,0.43,0.44,0.44,412594213,2202515773,3138,11809,1.2,234.6,3.1,2.0,59,46,0,0,0,0,0,0.0,0,0,0,0,0,0
125.5,2026-05-17T18:14:05,0016c001f10c2ef6,7.4,2.9,4.6,0.0,7809,702,7107,9.0,0.43,0.44,0.44,412598709,2202558172,4496,42399,1.2,234.6,3.1,2.0,59,46,0,0,0,0,0,0.0,0,0,0,0,0,0
126.0,2026-05-17T18:14:06,0016c001f10c2ef6,6.9,3.4,3.4,0.0,7809,702,7107,9.0,0.43,0.44,0.44,412601795,2202569981,3086,11809,1.2,234.6,3.1,2.0,59,46,0,0,0,0,0,0.0,0,0,0,0,0,0
126.4,2026-05-17T18:14:07,0016c001f10c2ef6,6.1,2.2,3.9,0.0,7809,702,7107,9.0,0.43,0.44,0.44,412604933,2202581790,3138,11809,1.2,234.6,3.1,2.0,59,46,0,0,0,0,0,0.0,0,0,0,0,0,0
126.8,2026-05-17T18:14:08,0016c001f10c2ef6,19.2,3.5,15.7,0.0,7809,703,7106,9.0,0.43,0.44,0.44,412608071,2202593599,3138,11809,1.2,234.6,3.1,2.0,59,46,0,0,0,0,0,0.0,0,0,0,0,0,0
127.3,2026-05-17T18:14:08,0016c001f10c2ef6,19.7,2.9,16.8,0.0,7809,703,7106,9.0,0.43,0.44,0.44,412611157,2202605408,3086,11809,1.2,234.6,3.1,2.0,59,46,0,0,0,0,0,0.0,0,0,0,0,0,0
127.7,2026-05-17T18:14:08,0016c001f10c2ef6,19.2,1.8,17.4,0.0,7809,703,7106,9.0,0.48,0.45,0.44,412615220,2202647807,4063,42399,1.2,234.6,3.1,2.0,59,46,0,0,0,0,0,0.0,0,0,0,0,0,0
128.1,2026-05-17T18:14:09,0016c001f10c2ef6,14.0,2.2,11.8,0.0,7809,702,7107,9.0,0.48,0.45,0.44,412618358,2202659616,3138,11809,1.2,234.6,3.1,2.0,59,46,0,0,0,0,0,0.0,0,0,0,0,0,0
128.6,2026-05-17T18:14:09,0016c001f10c2ef6,5.6,2.2,3.4,0.0,7809,702,7107,9.0,0.48,0.45,0.44,412621482,2202671623,3124,12007,1.2,234.6,3.1,2.0,59,46,0,0,0,0,0,0.0,0,0,0,0,0,0
129.0,2026-05-17T18:14:10,0016c001f10c2ef6,7.9,2.8,5.1,0.0,7809,702,7107,9.0,0.48,0.45,0.44,412624672,2202683432,3190,11809,1.2,234.6,3.1,2.0,59,46,0,0,0,0,0,0.0,0,0,0,0,0,0
129.5,2026-05-17T18:14:10,0016c001f10c2ef6,5.1,2.3,2.8,0.0,7809,702,7107,9.0,0.48,0.45,0.44,412628479,2202725831,3807,42399,1.2,234.6,3.1,2.0,59,46,0,0,0,0,0,0.0,0,0,0,0,0,0
129.9,2026-05-17T18:14:11,0016c001f10c2ef6,6.4,2.9,3.5,0.0,7809,702,7107,9.0,0.48,0.45,0.44,412632053,2202737796,3574,11965,1.2,234.6,3.1,2.0,59,46,0,0,0,0,0,0.0,0,0,0,0,0,0
130.3,2026-05-17T18:14:11,0016c001f10c2ef6,6.7,2.2,4.5,0.0,7809,708,7101,9.1,0.48,0.45,0.44,412648673,2207492228,16620,4754432,1.2,234.5,3.1,2.0,59,46,0,0,0,0,0,0.0,0,0,0,0,0,0
131.0,2026-05-17T18:14:12,0016c001f10c2ef6,7.5,1.9,5.2,0.4,7809,699,7110,9.0,0.48,0.45,0.44,412662987,2207527581,14314,35353,1.2,234.5,3.1,2.0,59,46,0,0,0,0,0,0.0,0,0,0,0,0,0
131.4,2026-05-17T18:14:12,0016c001f10c2ef6,7.6,4.7,2.9,0.0,7809,700,7109,9.0,0.48,0.45,0.44,412667085,2207541219,4098,13638,1.2,234.5,3.1,2.0,59,46,0,0,0,0,0,0.0,0,0,0,0,0,0
131.8,2026-05-17T18:14:13,0016c001f10c2ef6,7.4,2.9,4.6,0.0,7809,700,7109,9.0,0.48,0.45,0.44,412671100,2207583618,4015,42399,1.2,234.5,3.1,2.0,59,46,0,0,0,0,0,0.0,0,0,0,0,0,0
132.3,2026-05-17T18:14:13,0016c001f10c2ef6,10.7,4.6,6.1,0.0,7809,701,7108,9.0,0.48,0.45,0.44,412674238,2207595493,3138,11875,1.2,234.5,3.1,2.0,59,46,0,0,0,0,0,0.0,0,0,0,0,0,0
132.8,2026-05-17T18:14:13,0016c001f10c2ef6,5.7,2.9,2.9,0.0,7809,701,7108,9.0,0.44,0.44,0.44,412678298,2207609143,4060,13650,1.2,234.5,3.1,2.0,59,46,0,0,0,0,0,0.0,0,0,0,0,0,0
133.2,2026-05-17T18:14:14,0016c001f10c2ef6,8.0,3.4,4.5,0.0,7809,700,7109,9.0,0.44,0.44,0.44,412682346,2207622793,4048,13650,1.2,234.5,3.1,2.0,59,46,0,0,0,0,0,0.0,0,0,0,0,0,0
133.6,2026-05-17T18:14:14,0016c001f10c2ef6,6.4,2.3,4.1,0.0,7809,700,7109,9.0,0.44,0.44,0.44,412686417,2207665192,4071,42399,1.2,234.5,3.1,2.0,59,46,0,0,0,0,0,0.0,0,0,0,0,0,0
134.0,2026-05-17T18:14:15,0016c001f10c2ef6,7.5,2.9,4.6,0.0,7809,700,7109,9.0,0.44,0.44,0.44,412689603,2207677684,3186,12492,1.2,234.5,3.1,2.0,59,46,0,0,0,0,0,0.0,0,0,0,0,0,0
134.5,2026-05-17T18:14:15,0016c001f10c2ef6,8.1,3.5,4.7,0.0,7809,700,7109,9.0,0.44,0.44,0.44,412694775,2207694734,5172,17050,1.2,234.5,3.1,2.0,59,46,0,0,0,0,0,0.0,0,0,0,0,0,0
134.9,2026-05-17T18:14:16,0016c001f10c2ef6,6.2,1.1,5.1,0.0,7809,700,7109,9.0,0.44,0.44,0.44,412698446,2207706543,3671,11809,1.2,234.5,3.1,2.0,59,46,0,0,0,0,0,0.0,0,0,0,0,0,0
135.3,2026-05-17T18:14:16,0016c001f10c2ef6,6.5,3.8,2.7,0.0,7809,700,7109,9.0,0.44,0.44,0.44,412701636,2207719035,3190,12492,1.2,234.5,3.1,2.0,59,46,0,0,0,0,0,0.0,0,0,0,0,0,0
135.8,2026-05-17T18:14:16,0016c001f10c2ef6,9.4,4.7,4.7,0.0,7809,701,7108,9.0,0.44,0.44,0.44,412707487,2207765076,5851,46041,1.2,234.5,3.1,2.0,59,46,0,0,0,0,0,0.0,0,0,0,0,0,0
136.2,2026-05-17T18:14:17,0016c001f10c2ef6,6.9,2.3,4.6,0.0,7809,700,7109,9.0,0.44,0.44,0.44,412710619,2207778455,3132,13379,1.2,234.5,3.1,2.0,59,46,0,0,0,0,0,0.0,0,0,0,0,0,0
136.6,2026-05-17T18:14:17,0016c001f10c2ef6,6.2,3.4,2.8,0.0,7809,700,7109,9.0,0.44,0.44,0.44,412713809,2207790264,3190,11809,1.2,234.5,3.1,2.0,59,46,0,0,0,0,0,0.0,0,0,0,0,0,0
137.1,2026-05-17T18:14:18,0016c001f10c2ef6,8.2,3.3,4.9,0.0,7809,700,7109,9.0,0.44,0.44,0.44,412717151,2207802073,3342,11809,1.2,234.5,3.1,2.0,59,46,0,0,0,0,0,0.0,0,0,0,0,0,0
137.6,2026-05-17T18:14:18,0016c001f10c2ef6,8.7,3.1,5.6,0.0,7809,700,7109,9.0,0.56,0.47,0.45,412722086,2207846343,4935,44270,1.2,234.5,3.1,2.0,59,46,0,0,0,0,0,0.0,0,0,0,0,0,0
138.0,2026-05-17T18:14:19,0016c001f10c2ef6,9.9,4.1,5.8,0.0,7809,701,7108,9.0,0.56,0.47,0.45,412726240,2207859957,4154,13614,1.2,234.5,3.1,2.0,59,46,0,0,0,0,0,0.0,0,0,0,0,0,0
138.4,2026-05-17T18:14:19,0016c001f10c2ef6,19.9,3.6,16.3,0.0,7809,700,7109,9.0,0.56,0.47,0.45,412729454,2207871844,3214,11887,1.2,234.5,3.1,2.0,59,46,0,0,0,0,0,0.0,0,0,0,0,0,0
138.9,2026-05-17T18:14:20,0016c001f10c2ef6,20.1,2.2,17.9,0.0,7809,701,7108,9.0,0.56,0.47,0.45,412734476,2207887295,5022,15451,1.2,234.5,3.1,2.0,59,46,0,0,0,0,0,0.0,0,0,0,0,0,0
139.3,2026-05-17T18:14:20,0016c001f10c2ef6,20.1,3.4,16.8,0.0,7809,702,7107,9.0,0.56,0.47,0.45,412737614,2207899170,3138,11875,1.2,234.5,3.1,2.0,59,46,0,0,0,0,0,0.0,0,0,0,0,0,0
139.7,2026-05-17T18:14:20,0016c001f10c2ef6,10.9,2.3,8.6,0.0,7809,702,7107,9.0,0.56,0.47,0.45,412741629,2207941569,4015,42399,1.2,234.5,3.1,2.0,59,46,0,0,0,0,0,0.0,0,0,0,0,0,0
140.2,2026-05-17T18:14:21,0016c001f10c2ef6,6.7,2.8,3.9,0.0,7809,702,7107,9.0,0.56,0.47,0.45,412744715,2207953378,3086,11809,1.2,234.5,3.1,2.0,59,46,0,0,0,0,0,0.0,0,0,0,0,0,0
140.6,2026-05-17T18:14:21,0016c001f10c2ef6,6.5,1.6,4.3,0.5,7809,703,7106,9.0,0.56,0.47,0.45,412747953,2207965187,3238,11809,1.2,234.5,3.1,2.0,65,51,6,5,0,0,0,0.0,0,0,0,0,0,0
141.1,2026-05-17T18:14:22,0016c001f10c2ef6,7.4,3.4,4.0,0.0,7809,702,7107,9.0,0.56,0.47,0.45,412751095,2207976996,3142,11809,1.2,234.5,3.1,2.0,65,51,0,0,0,0,0,0.0,0,0,0,0,0,0
141.5,2026-05-17T18:14:22,0016c001f10c2ef6,5.2,2.3,2.9,0.0,7809,702,7107,9.0,0.56,0.47,0.45,412754129,2207988805,3034,11809,1.2,234.5,3.1,2.0,65,51,0,0,0,0,0,0.0,0,0,0,0,0,0
141.9,2026-05-17T18:14:23,0016c001f10c2ef6,7.5,3.4,4.0,0.0,7809,701,7108,9.0,0.56,0.47,0.45,412758040,2208031204,3911,42399,1.2,234.5,3.1,2.0,65,51,0,0,0,0,0,0.0,0,0,0,0,0,0
142.4,2026-05-17T18:14:23,0016c001f10c2ef6,8.3,3.3,5.0,0.0,7809,701,7108,9.0,0.92,0.54,0.47,412761226,2208043013,3186,11809,1.2,234.5,3.1,2.0,65,51,0,0,0,0,0,0.0,0,0,0,0,0,0
142.9,2026-05-17T18:14:24,0016c001f10c2ef6,9.9,3.9,5.9,0.0,7809,701,7108,9.0,0.92,0.54,0.47,412764316,2208054888,3090,11875,1.2,234.5,3.1,2.0,65,51,0,0,0,0,0,0.0,0,0,0,0,0,0
143.3,2026-05-17T18:14:24,0016c001f10c2ef6,7.2,2.2,5.0,0.0,7809,701,7108,9.0,0.92,0.54,0.47,412769410,2208070393,5094,15505,1.2,234.5,3.1,2.0,65,51,0,0,0,0,0,0.0,0,0,0,0,0,0
143.7,2026-05-17T18:14:24,0016c001f10c2ef6,7.5,2.3,5.2,0.0,7809,701,7108,9.0,0.92,0.54,0.47,412773629,2208112792,4219,42399,1.2,234.5,3.1,2.0,65,51,0,0,0,0,0,0.0,0,0,0,0,0,0
144.2,2026-05-17T18:14:25,0016c001f10c2ef6,7.4,4.0,3.4,0.0,7809,701,7108,9.0,0.92,0.54,0.47,412776767,2208124601,3138,11809,1.2,234.5,3.1,2.0,65,51,0,0,0,0,0,0.0,0,0,0,0,0,0
144.6,2026-05-17T18:14:25,0016c001f10c2ef6,6.9,2.3,4.6,0.0,7809,701,7108,9.0,0.92,0.54,0.47,412779957,2208136410,3190,11809,1.2,234.5,3.1,2.0,65,51,0,0,0,0,0,0.0,0,0,0,0,0,0
145.0,2026-05-17T18:14:26,0016c001f10c2ef6,6.3,2.3,4.0,0.0,7809,701,7108,9.0,0.92,0.54,0.47,412785256,2208151861,5299,15451,1.2,234.5,3.1,2.0,65,51,0,0,0,0,0,0.0,0,0,0,0,0,0
145.5,2026-05-17T18:14:26,0016c001f10c2ef6,6.7,2.2,4.5,0.0,7809,701,7108,9.0,0.92,0.54,0.47,412788394,2208163670,3138,11809,1.2,234.5,3.1,2.0,65,51,0,0,0,0,0,0.0,0,0,0,0,0,0
145.9,2026-05-17T18:14:27,0016c001f10c2ef6,7.9,2.8,5.1,0.0,7809,702,7107,9.0,0.92,0.54,0.47,412792409,2208206069,4015,42399,1.2,234.5,3.1,2.0,65,51,0,0,0,0,0,0.0,0,0,0,0,0,0
146.3,2026-05-17T18:14:27,0016c001f10c2ef6,7.3,2.3,5.1,0.0,7809,702,7107,9.0,0.92,0.54,0.47,412795599,2208218561,3190,12492,1.2,234.4,3.1,2.0,65,51,0,0,0,0,0,0.0,0,0,0,0,0,0
146.7,2026-05-17T18:14:27,0016c001f10c2ef6,7.6,2.9,4.1,0.6,7809,702,7107,9.0,0.92,0.54,0.47,412798883,2208232821,3284,14260,1.2,234.4,3.1,2.0,65,51,0,0,0,0,0,0.0,0,0,0,0,0,0
147.2,2026-05-17T18:14:28,0016c001f10c2ef6,7.7,2.7,4.9,0.0,7809,702,7107,9.0,0.85,0.53,0.47,412801921,2208244630,3038,11809,1.2,234.4,3.1,2.0,65,51,0,0,0,0,0,0.0,0,0,0,0,0,0
147.6,2026-05-17T18:14:28,0016c001f10c2ef6,5.6,2.8,2.8,0.0,7809,702,7107,9.0,0.85,0.53,0.47,412805107,2208256439,3186,11809,1.2,234.4,3.1,2.0,65,51,0,0,0,0,0,0.0,0,0,0,0,0,0
148.1,2026-05-17T18:14:29,0016c001f10c2ef6,10.1,3.5,6.6,0.0,7809,702,7107,9.0,0.85,0.53,0.47,412809178,2208298904,4071,42465,1.2,234.4,3.1,2.0,65,51,0,0,0,0,0,0.0,0,0,0,0,0,0
148.6,2026-05-17T18:14:29,0016c001f10c2ef6,6.5,3.3,3.3,0.0,7809,703,7106,9.0,0.85,0.53,0.47,412812316,2208310713,3138,11809,1.2,234.4,3.1,2.0,65,51,0,0,0,0,0,0.0,0,0,0,0,0,0
149.0,2026-05-17T18:14:30,0016c001f10c2ef6,5.7,1.0,4.7,0.0,7809,703,7106,9.0,0.85,0.53,0.47,412815506,2208322522,3190,11809,1.2,234.4,3.1,2.0,65,51,0,0,0,0,0,0.0,0,0,0,0,0,0
149.5,2026-05-17T18:14:30,0016c001f10c2ef6,8.8,2.2,6.6,0.0,7809,702,7107,9.0,0.85,0.53,0.47,412818644,2208334331,3138,11809,1.2,234.4,3.1,2.0,65,51,0,0,0,0,0,0.0,0,0,0,0,0,0
149.9,2026-05-17T18:14:31,0016c001f10c2ef6,19.8,3.4,16.4,0.0,7809,702,7107,9.0,0.85,0.53,0.47,412822915,2208376730,4271,42399,1.2,234.4,3.1,2.0,65,51,0,0,0,0,0,0.0,0,0,0,0,0,0
150.4,2026-05-17T18:14:31,0016c001f10c2ef6,19.4,2.3,17.1,0.0,7809,702,7107,9.0,0.85,0.53,0.47,412825953,2208388539,3038,11809,1.2,234.4,3.1,2.0,65,51,0,0,0,0,0,0.0,0,0,0,0,0,0
150.8,2026-05-17T18:14:32,0016c001f10c2ef6,19.8,1.8,18.0,0.0,7809,703,7106,9.0,0.85,0.53,0.47,412829091,2208400348,3138,11809,1.2,234.4,3.1,2.0,65,51,0,0,0,0,0,0.0,0,0,0,0,0,0
151.2,2026-05-17T18:14:32,0016c001f10c2ef6,10.5,1.8,8.8,0.0,7809,702,7107,9.0,0.85,0.53,0.47,412832329,2208412157,3238,11809,1.2,234.4,3.1,2.0,65,51,0,0,0,0,0,0.0,0,0,0,0,0,0
151.7,2026-05-17T18:14:32,0016c001f10c2ef6,6.2,2.2,3.9,0.0,7809,703,7106,9.0,0.85,0.53,0.47,412835367,2208423966,3038,11809,1.2,234.4,3.1,2.0,65,51,0,0,0,0,0,0.0,0,0,0,0,0,0
152.1,2026-05-17T18:14:33,0016c001f10c2ef6,8.0,2.9,5.2,0.0,7809,702,7107,9.0,0.78,0.52,0.47,412839330,2208466365,3963,42399,1.2,234.4,3.1,2.0,65,51,0,0,0,0,0,0.0,0,0,0,0,0,0
152.5,2026-05-17T18:14:33,0016c001f10c2ef6,6.4,2.3,4.1,0.0,7809,702,7107,9.0,0.78,0.52,0.47,412842468,2208478174,3138,11809,1.2,234.4,3.1,2.0,65,51,0,0,0,0,0,0.0,0,0,0,0,0,0
152.9,2026-05-17T18:14:34,0016c001f10c2ef6,6.8,2.3,4.5,0.0,7809,702,7107,9.0,0.78,0.52,0.47,412845706,2208489983,3238,11809,1.2,234.4,3.1,2.0,65,51,0,0,0,0,0,0.0,0,0,0,0,0,0
153.4,2026-05-17T18:14:34,0016c001f10c2ef6,8.7,3.1,5.6,0.0,7809,703,7106,9.0,0.78,0.52,0.47,412848948,2208501858,3242,11875,1.2,234.4,3.1,2.0,65,51,0,0,0,0,0,0.0,0,0,0,0,0,0
153.9,2026-05-17T18:14:35,0016c001f10c2ef6,9.1,3.6,5.6,0.0,7809,703,7106,9.0,0.78,0.52,0.47,412853191,2208544401,4243,42543,1.2,234.4,3.1,2.0,65,51,0,0,0,0,0,0.0,0,0,0,0,0,0
154.4,2026-05-17T18:14:35,0016c001f10c2ef6,11.9,5.0,6.9,0.0,7809,703,7106,9.0,0.78,0.52,0.47,412856810,2208556276,3619,11875,1.2,234.4,3.1,2.0,65,51,0,0,0,0,0,0.0,0,0,0,0,0,0
154.9,2026-05-17T18:14:36,0016c001f10c2ef6,9.2,2.6,6.6,0.0,7809,702,7107,9.0,0.78,0.52,0.47,412860052,2208568151,3242,11875,1.2,234.4,3.1,2.0,65,51,0,0,0,0,0,0.0,0,0,0,0,0,0
155.4,2026-05-17T18:14:36,0016c001f10c2ef6,10.1,2.9,7.2,0.0,7809,703,7106,9.0,0.78,0.52,0.47,412863294,2208580026,3242,11875,1.2,234.4,3.1,2.0,65,51,0,0,0,0,0,0.0,0,0,0,0,0,0
155.9,2026-05-17T18:14:37,0016c001f10c2ef6,10.0,2.5,7.5,0.0,7809,702,7107,9.0,0.78,0.52,0.47,412867413,2208622491,4119,42465,1.2,234.4,3.1,2.0,65,51,0,0,0,0,0,0.0,0,0,0,0,0,0
156.4,2026-05-17T18:14:37,0016c001f10c2ef6,11.7,5.1,6.6,0.0,7809,702,7107,9.0,0.78,0.52,0.47,412870707,2208635430,3294,12939,1.2,234.4,3.1,2.0,65,51,0,0,0,0,0,0.0,0,0,0,0,0,0
156.9,2026-05-17T18:14:38,0016c001f10c2ef6,11.7,5.1,6.1,0.5,7809,702,7107,9.0,0.88,0.55,0.47,412873891,2208649271,3184,13841,1.2,234.4,3.1,2.0,65,51,0,0,0,0,0,0.0,0,0,0,0,0,0
157.4,2026-05-17T18:14:38,0016c001f10c2ef6,9.2,2.8,6.5,0.0,7809,701,7108,9.0,0.88,0.55,0.47,412876977,2208661146,3086,11875,1.2,234.4,3.1,2.0,65,51,0,0,0,0,0,0.0,0,0,0,0,0,0
157.8,2026-05-17T18:14:39,0016c001f10c2ef6,5.2,1.1,4.0,0.0,7809,700,7109,9.0,0.88,0.55,0.47,412880015,2208672955,3038,11809,1.2,234.4,3.1,2.0,65,51,0,0,0,0,0,0.0,0,0,0,0,0,0
158.2,2026-05-17T18:14:39,0016c001f10c2ef6,6.6,3.0,3.6,0.0,7809,700,7109,9.0,0.88,0.55,0.47,412884134,2208715379,4119,42424,1.2,234.4,3.1,2.0,65,51,0,0,0,0,0,0.0,0,0,0,0,0,0
158.7,2026-05-17T18:14:40,0016c001f10c2ef6,6.2,1.1,5.1,0.0,7809,700,7109,9.0,0.88,0.55,0.47,412887376,2208727188,3242,11809,1.2,234.4,3.1,2.0,65,51,0,0,0,0,0,0.0,0,0,0,0,0,0
159.1,2026-05-17T18:14:41,0016c001f10c2ef6,4.6,1.1,3.4,0.0,7809,702,7107,9.0,0.88,0.55,0.47,412890846,2208739153,3470,11965,1.2,234.4,3.1,2.0,65,51,0,0,0,0,0,0.0,0,0,0,0,0,0
159.6,2026-05-17T18:14:41,0016c001f10c2ef6,7.1,3.3,3.8,0.0,7809,702,7107,9.0,0.88,0.55,0.47,412893832,2208750962,2986,11809,1.2,234.4,3.1,2.0,65,51,0,0,0,0,0,0.0,0,0,0,0,0,0
160.0,2026-05-17T18:14:42,0016c001f10c2ef6,6.3,1.7,4.6,0.0,7809,702,7107,9.0,0.88,0.55,0.47,412897951,2208793386,4119,42424,1.2,234.4,3.1,2.0,65,51,0,0,0,0,0,0.0,0,0,0,0,0,0
160.4,2026-05-17T18:14:42,0016c001f10c2ef6,7.3,2.8,4.5,0.0,7809,701,7108,9.0,0.88,0.55,0.47,412901141,2208806076,3190,12690,1.2,234.4,3.1,2.0,65,51,0,0,0,0,0,0.0,0,0,0,0,0,0
160.9,2026-05-17T18:14:42,0016c001f10c2ef6,6.3,2.9,3.4,0.0,7809,700,7109,9.0,0.88,0.55,0.47,412904429,2208817885,3288,11809,1.2,234.4,3.1,2.0,65,51,0,0,0,0,0,0.0,0,0,0,0,0,0
161.3,2026-05-17T18:14:43,0016c001f10c2ef6,20.7,4.0,16.7,0.0,7809,702,7107,9.0,0.88,0.55,0.47,412907567,2208829694,3138,11809,1.2,234.4,3.1,2.0,65,51,0,0,0,0,0,0.0,0,0,0,0,0,0
161.7,2026-05-17T18:14:43,0016c001f10c2ef6,18.7,2.9,15.8,0.0,7809,701,7108,9.0,0.89,0.56,0.48,412910777,2208841581,3210,11887,1.2,234.4,3.1,2.0,65,51,0,0,0,0,0,0.0,0,0,0,0,0,0
162.2,2026-05-17T18:14:44,0016c001f10c2ef6,19.2,2.9,16.3,0.0,7809,700,7109,9.0,0.89,0.56,0.48,412914996,2208884005,4219,42424,1.2,234.4,3.1,2.0,65,51,0,0,0,0,0,0.0,0,0,0,0,0,0
162.6,2026-05-17T18:14:44,0016c001f10c2ef6,13.3,2.3,11.0,0.0,7809,702,7107,9.0,0.89,0.56,0.48,412918034,2208895814,3038,11809,1.2,234.4,3.1,2.0,65,51,0,0,0,0,0,0.0,0,0,0,0,0,0
163.0,2026-05-17T18:14:45,0016c001f10c2ef6,5.6,1.7,4.0,0.0,7809,703,7106,9.0,0.89,0.56,0.48,412921272,2208907623,3238,11809,1.2,234.4,3.1,2.0,65,51,0,0,0,0,0,0.0,0,0,0,0,0,0
163.5,2026-05-17T18:14:45,0016c001f10c2ef6,5.2,1.7,3.4,0.0,7809,703,7106,9.0,0.89,0.56,0.48,412924358,2208919432,3086,11809,1.2,234.4,3.1,2.0,65,51,0,0,0,0,0,0.0,0,0,0,0,0,0
163.9,2026-05-17T18:14:45,0016c001f10c2ef6,5.8,2.3,3.5,0.0,7809,703,7106,9.0,0.89,0.56,0.48,412927444,2208931241,3086,11809,1.2,234.4,3.1,2.0,65,51,0,0,0,0,0,0.0,0,0,0,0,0,0
164.3,2026-05-17T18:14:46,0016c001f10c2ef6,7.0,2.9,4.1,0.0,7809,702,7107,9.0,0.89,0.56,0.48,412931840,2208973665,4396,42424,1.2,234.4,3.1,2.0,65,51,0,0,0,0,0,0.0,0,0,0,0,0,0
164.7,2026-05-17T18:14:46,0016c001f10c2ef6,5.8,2.3,3.5,0.0,7809,702,7107,9.0,0.89,0.56,0.48,412935078,2208985474,3238,11809,1.2,234.4,3.1,2.0,65,51,0,0,0,0,0,0.0,0,0,0,0,0,0
165.2,2026-05-17T18:14:47,0016c001f10c2ef6,6.8,2.3,4.5,0.0,7809,702,7107,9.0,0.89,0.56,0.48,412938220,2208998032,3142,12558,1.2,234.5,3.1,2.0,65,51,0,0,0,0,0,0.0,0,0,0,0,0,0
165.6,2026-05-17T18:14:47,0016c001f10c2ef6,7.6,2.9,4.7,0.0,7809,702,7107,9.0,0.89,0.56,0.48,412941504,2209011427,3284,13395,1.2,234.5,3.1,2.0,65,51,0,0,0,0,0,0.0,0,0,0,0,0,0
166.0,2026-05-17T18:14:48,0016c001f10c2ef6,6.7,2.8,3.9,0.0,7809,701,7108,9.0,0.89,0.56,0.48,412945627,2209053851,4123,42424,1.2,234.5,3.1,2.0,65,51,0,0,0,0,0,0.0,0,0,0,0,0,0
166.5,2026-05-17T18:14:48,0016c001f10c2ef6,5.8,2.3,3.5,0.0,7809,702,7107,9.0,0.89,0.56,0.48,412948817,2209065660,3190,11809,1.2,234.5,3.1,2.0,65,51,0,0,0,0,0,0.0,0,0,0,0,0,0
166.9,2026-05-17T18:14:48,0016c001f10c2ef6,6.7,2.8,3.9,0.0,7809,702,7107,9.0,0.82,0.55,0.47,412952055,2209077469,3238,11809,1.2,234.5,3.1,2.0,65,51,0,0,0,0,0,0.0,0,0,0,0,0,0
167.4,2026-05-17T18:14:49,0016c001f10c2ef6,8.1,2.7,5.4,0.0,7809,702,7107,9.0,0.82,0.55,0.47,412955041,2209089344,2986,11875,1.2,234.5,3.1,2.0,65,51,0,0,0,0,0,0.0,0,0,0,0,0,0
167.9,2026-05-17T18:14:49,0016c001f10c2ef6,6.1,1.1,5.0,0.0,7809,702,7107,9.0,0.82,0.55,0.47,412958227,2209101153,3186,11809,1.2,234.5,3.1,2.0,65,51,0,0,0,0,0,0.0,0,0,0,0,0,0
168.3,2026-05-17T18:14:50,0016c001f10c2ef6,7.6,3.5,4.1,0.0,7809,700,7109,9.0,0.82,0.55,0.47,412962194,2209143577,3967,42424,1.2,234.5,3.1,2.0,65,51,0,0,0,0,0,0.0,0,0,0,0,0,0
168.7,2026-05-17T18:14:50,0016c001f10c2ef6,5.3,1.2,4.1,0.0,7809,701,7108,9.0,0.82,0.55,0.47,412965384,2209155386,3190,11809,1.2,234.5,3.1,2.0,65,51,0,0,0,0,0,0.0,0,0,0,0,0,0
169.2,2026-05-17T18:14:51,0016c001f10c2ef6,6.9,2.9,4.0,0.0,7809,703,7106,9.0,0.82,0.55,0.47,412968626,2209167195,3242,11809,1.2,234.5,3.1,2.0,65,51,0,0,0,0,0,0.0,0,0,0,0,0,0
169.6,2026-05-17T18:14:51,0016c001f10c2ef6,6.6,1.7,5.0,0.0,7809,702,7107,9.0,0.82,0.55,0.47,412971884,2209179082,3258,11887,1.2,234.5,3.1,2.0,65,51,0,0,0,0,0,0.0,0,0,0,0,0,0
170.0,2026-05-17T18:14:52,0016c001f10c2ef6,6.9,2.9,3.4,0.6,7809,702,7107,9.0,0.82,0.55,0.47,412975951,2209221506,4067,42424,1.2,234.5,3.1,2.0,71,54,6,3,0,0,0,0.0,0,0,0,0,0,0
170.5,2026-05-17T18:14:52,0016c001f10c2ef6,7.6,2.2,5.4,0.0,7809,702,7107,9.0,0.82,0.55,0.47,412979193,2209233315,3242,11809,1.2,234.5,3.1,2.0,71,54,0,0,0,0,0,0.0,0,0,0,0,0,0
170.9,2026-05-17T18:14:52,0016c001f10c2ef6,5.6,1.7,3.9,0.0,7809,702,7107,9.0,0.82,0.55,0.47,412982383,2209245124,3190,11809,1.2,234.5,3.1,2.0,71,54,0,0,0,0,0,0.0,0,0,0,0,0,0
171.4,2026-05-17T18:14:53,0016c001f10c2ef6,6.8,2.8,4.0,0.0,7809,701,7108,9.0,0.82,0.55,0.47,412985473,2209256933,3090,11809,1.2,234.5,3.1,2.0,71,54,0,0,0,0,0,0.0,0,0,0,0,0,0
171.8,2026-05-17T18:14:53,0016c001f10c2ef6,6.2,2.3,4.0,0.0,7809,702,7107,9.0,0.75,0.54,0.47,412988559,2209268742,3086,11809,1.2,234.5,3.1,2.0,71,54,0,0,0,0,0,0.0,0,0,0,0,0,0
172.2,2026-05-17T18:14:54,0016c001f10c2ef6,6.9,2.9,4.0,0.0,7809,702,7107,9.0,0.75,0.54,0.47,412992730,2209311166,4171,42424,1.2,234.4,3.1,2.0,71,54,0,0,0,0,0,0.0,0,0,0,0,0,0
172.7,2026-05-17T18:14:54,0016c001f10c2ef6,18.7,2.7,16.0,0.0,7809,703,7106,9.0,0.75,0.54,0.47,412995920,2209322975,3190,11809,1.2,234.4,3.1,2.0,71,54,0,0,0,0,0,0.0,0,0,0,0,0,0
173.1,2026-05-17T18:14:55,0016c001f10c2ef6,17.8,1.8,16.0,0.0,7809,702,7107,9.0,0.75,0.54,0.47,412999058,2209334784,3138,11809,1.2,234.4,3.1,2.0,71,54,0,0,0,0,0,0.0,0,0,0,0,0,0
173.5,2026-05-17T18:14:55,0016c001f10c2ef6,20.6,2.4,18.2,0.0,7809,702,7107,9.0,0.75,0.54,0.47,413002144,2209346593,3086,11809,1.2,234.4,3.1,2.0,71,54,0,0,0,0,0,0.0,0,0,0,0,0,0
174.0,2026-05-17T18:14:56,0016c001f10c2ef6,16.8,2.9,13.9,0.0,7809,701,7108,9.0,0.75,0.54,0.47,413005915,2209358402,3771,11809,1.2,234.4,3.1,2.0,71,54,0,0,0,0,0,0.0,0,0,0,0,0,0
174.4,2026-05-17T18:14:56,0016c001f10c2ef6,8.1,3.2,4.9,0.0,7809,700,7109,9.0,0.75,0.54,0.47,413009726,2209400826,3811,42424,1.2,234.4,3.1,2.0,71,54,0,0,0,0,0,0.0,0,0,0,0,0,0
174.8,2026-05-17T18:14:56,0016c001f10c2ef6,6.3,2.3,4.0,0.0,7809,702,7107,9.0,0.75,0.54,0.47,413012956,2209412767,3230,11941,1.2,234.4,3.1,2.0,71,54,0,0,0,0,0,0.0,0,0,0,0,0,0
175.3,2026-05-17T18:14:57,0016c001f10c2ef6,9.6,3.4,6.2,0.0,7809,702,7107,9.0,0.75,0.54,0.47,413016396,2209427438,3440,14671,1.2,234.4,3.1,2.0,71,54,0,0,0,0,0,0.0,0,0,0,0,0,0
175.7,2026-05-17T18:14:57,0016c001f10c2ef6,6.2,3.4,2.8,0.0,7809,702,7107,9.0,0.75,0.54,0.47,413019434,2209439247,3038,11809,1.2,234.4,3.1,2.0,71,54,0,0,0,0,0,0.0,0,0,0,0,0,0
176.2,2026-05-17T18:14:58,0016c001f10c2ef6,8.3,2.2,5.6,0.6,7809,703,7106,9.0,0.75,0.54,0.47,413023497,2209482701,4063,43454,1.2,234.4,3.1,2.0,71,54,0,0,0,0,0,0.0,0,0,0,0,0,0
176.6,2026-05-17T18:14:58,0016c001f10c2ef6,5.4,1.8,3.6,0.0,7809,703,7106,9.0,0.69,0.53,0.47,413026633,2209494510,3136,11809,1.2,234.4,3.1,2.0,71,54,0,0,0,0,0,0.0,0,0,0,0,0,0
177.0,2026-05-17T18:14:59,0016c001f10c2ef6,5.9,1.6,4.3,0.0,7809,703,7106,9.0,0.69,0.53,0.47,413029667,2209506319,3034,11809,1.2,234.4,3.1,2.0,71,54,0,0,0,0,0,0.0,0,0,0,0,0,0
177.5,2026-05-17T18:14:59,0016c001f10c2ef6,6.4,1.7,4.7,0.0,7809,703,7106,9.0,0.69,0.53,0.47,413033029,2209518206,3362,11887,1.2,234.5,3.1,2.0,71,54,0,0,0,0,0,0.0,0,0,0,0,0,0
177.9,2026-05-17T18:14:59,0016c001f10c2ef6,8.7,3.1,5.6,0.0,7809,703,7106,9.0,0.69,0.53,0.47,413036219,2209530081,3190,11875,1.2,234.5,3.1,2.0,71,54,0,0,0,0,0,0.0,0,0,0,0,0,0
178.4,2026-05-17T18:15:00,0016c001f10c2ef6,10.7,4.1,6.6,0.0,7809,703,7106,9.0,0.69,0.53,0.47,413040390,2209572652,4171,42571,1.2,234.5,3.1,2.0,71,54,0,0,0,0,0,0.0,0,0,0,0,0,0
178.9,2026-05-17T18:15:00,0016c001f10c2ef6,9.1,3.0,6.1,0.0,7809,703,7106,9.0,0.69,0.53,0.47,413043428,2209584527,3038,11875,1.2,234.5,3.1,2.0,71,54,0,0,0,0,0,0.0,0,0,0,0,0,0
179.4,2026-05-17T18:15:01,0016c001f10c2ef6,7.9,2.3,5.6,0.0,7809,702,7107,9.0,0.69,0.53,0.47,413046566,2209596336,3138,11809,1.2,234.5,3.1,2.0,71,54,0,0,0,0,0,0.0,0,0,0,0,0,0
179.8,2026-05-17T18:15:01,0016c001f10c2ef6,8.6,2.9,4.6,1.1,7809,701,7108,9.0,0.69,0.53,0.47,413049856,2209608145,3290,11809,1.2,234.5,3.1,2.0,71,54,0,0,0,0,0,0.0,0,0,0,0,0,0
180.2,2026-05-17T18:15:02,0016c001f10c2ef6,5.8,1.7,4.0,0.0,7809,702,7107,9.0,0.69,0.53,0.47,413053871,2209650650,4015,42505,1.2,234.5,3.1,2.0,71,54,0,0,0,0,0,0.0,0,0,0,0,0,0
180.7,2026-05-17T18:15:02,0016c001f10c2ef6,7.2,3.3,3.9,0.0,7809,702,7107,9.0,0.69,0.53,0.47,413056957,2209662459,3086,11809,1.2,234.5,3.1,2.0,71,54,0,0,0,0,0,0.0,0,0,0,0,0,0
181.1,2026-05-17T18:15:03,0016c001f10c2ef6,6.8,3.4,3.4,0.0,7809,702,7107,9.0,0.69,0.53,0.47,413060099,2209674268,3142,11809,1.2,234.5,3.1,2.0,71,54,0,0,0,0,0,0.0,0,0,0,0,0,0
181.5,2026-05-17T18:15:03,0016c001f10c2ef6,5.7,1.1,4.6,0.0,7809,702,7107,9.0,0.63,0.52,0.46,413063185,2209686077,3086,11809,1.2,234.5,3.1,2.0,71,54,0,0,0,0,0,0.0,0,0,0,0,0,0
181.9,2026-05-17T18:15:03,0016c001f10c2ef6,6.5,1.8,4.7,0.0,7809,702,7107,9.0,0.63,0.52,0.46,413066371,2209697886,3186,11809,1.2,234.5,3.1,2.0,71,54,0,0,0,0,0,0.0,0,0,0,0,0,0
182.4,2026-05-17T18:15:04,0016c001f10c2ef6,6.4,1.7,4.6,0.0,7809,703,7106,9.0,0.63,0.52,0.46,413070302,2209740477,3931,42591,1.2,234.5,3.1,2.0,71,54,0,0,0,0,0,0.0,0,0,0,0,0,0
182.8,2026-05-17T18:15:04,0016c001f10c2ef6,7.0,2.9,4.1,0.0,7809,702,7107,9.0,0.63,0.52,0.46,413073492,2209752286,3190,11809,1.2,234.5,3.1,2.0,71,54,0,0,0,0,0,0.0,0,0,0,0,0,0
183.2,2026-05-17T18:15:05,0016c001f10c2ef6,4.6,1.2,3.5,0.0,7809,703,7106,9.0,0.63,0.52,0.46,413076694,2209764337,3202,12051,1.2,234.5,3.1,2.0,71,54,0,0,0,0,0,0.0,0,0,0,0,0,0
183.7,2026-05-17T18:15:05,0016c001f10c2ef6,5.6,2.8,2.8,0.0,7809,703,7106,9.0,0.63,0.52,0.46,413080313,2209776146,3619,11809,1.2,234.5,3.1,2.0,71,54,0,0,0,0,0,0.0,0,0,0,0,0,0
184.1,2026-05-17T18:15:06,0016c001f10c2ef6,16.1,3.9,12.2,0.0,7809,702,7107,9.0,0.63,0.52,0.46,413083503,2209788021,3190,11875,1.2,234.5,3.1,2.0,71,54,0,0,0,0,0,0.0,0,0,0,0,0,0
184.6,2026-05-17T18:15:06,0016c001f10c2ef6,20.2,3.4,16.3,0.6,7809,702,7107,9.0,0.63,0.52,0.46,413087522,2209830526,4019,42505,1.2,234.5,3.1,2.0,71,54,0,0,0,0,0,0.0,0,0,0,0,0,0
185.0,2026-05-17T18:15:07,0016c001f10c2ef6,19.4,2.4,17.0,0.0,7809,703,7106,9.0,0.63,0.52,0.46,413090556,2209842335,3034,11809,1.2,234.5,3.1,2.0,71,54,0,0,0,0,0,0.0,0,0,0,0,0,0
185.4,2026-05-17T18:15:07,0016c001f10c2ef6,17.1,1.8,15.2,0.0,7809,703,7106,9.0,0.63,0.52,0.46,413093798,2209854144,3242,11809,1.2,234.5,3.1,2.0,71,54,0,0,0,0,0,0.0,0,0,0,0,0,0
185.8,2026-05-17T18:15:07,0016c001f10c2ef6,6.2,3.4,2.8,0.0,7809,703,7106,9.0,0.63,0.52,0.46,413097088,2209865953,3290,11809,1.2,234.5,3.1,2.0,71,54,0,0,0,0,0,0.0,0,0,0,0,0,0
186.3,2026-05-17T18:15:08,0016c001f10c2ef6,6.2,2.8,3.4,0.0,7809,703,7106,9.0,0.66,0.53,0.47,413100847,2209904766,3759,38813,1.2,234.5,3.1,2.0,71,54,0,0,0,0,0,0.0,0,0,0,0,0,0
186.7,2026-05-17T18:15:08,0016c001f10c2ef6,6.5,3.0,3.6,0.0,7809,702,7107,9.0,0.66,0.53,0.47,413104345,2209920267,3498,15501,1.2,234.5,3.1,2.0,71,54,0,0,0,0,0,0.0,0,0,0,0,0,0
187.1,2026-05-17T18:15:09,0016c001f10c2ef6,5.8,2.9,2.9,0.0,7809,702,7107,9.0,0.66,0.53,0.47,413107483,2209932076,3138,11809,1.2,234.5,3.1,2.0,71,54,0,0,0,0,0,0.0,0,0,0,0,0,0
187.5,2026-05-17T18:15:09,0016c001f10c2ef6,6.2,1.1,5.1,0.0,7809,701,7108,9.0,0.66,0.53,0.47,413110673,2209943885,3190,11809,1.2,234.5,3.1,2.0,71,54,0,0,0,0,0,0.0,0,0,0,0,0,0
188.0,2026-05-17T18:15:10,0016c001f10c2ef6,7.1,3.3,3.8,0.0,7809,702,7107,9.0,0.66,0.53,0.47,413113815,2209955694,3142,11809,1.2,234.5,3.1,2.0,71,54,0,0,0,0,0,0.0,0,0,0,0,0,0
188.4,2026-05-17T18:15:10,0016c001f10c2ef6,6.3,2.3,4.0,0.0,7809,702,7107,9.0,0.66,0.53,0.47,413118526,2209998355,4711,42661,1.2,234.5,3.1,2.0,71,54,0,0,0,0,0,0.0,0,0,0,0,0,0
188.8,2026-05-17T18:15:10,0016c001f10c2ef6,6.8,2.8,4.0,0.0,7809,701,7108,9.0,0.66,0.53,0.47,413121814,2210010230,3288,11875,1.2,234.5,3.1,2.0,71,54,0,0,0,0,0,0.0,0,0,0,0,0,0
189.3,2026-05-17T18:15:11,0016c001f10c2ef6,9.8,4.1,5.7,0.0,7809,701,7108,9.0,0.66,0.53,0.47,413124952,2210022105,3138,11875,1.2,234.5,3.1,2.0,71,54,0,0,0,0,0,0.0,0,0,0,0,0,0
189.8,2026-05-17T18:15:11,0016c001f10c2ef6,6.9,1.7,5.2,0.0,7809,702,7107,9.0,0.66,0.53,0.47,413128042,2210033914,3090,11809,1.2,234.5,3.1,2.0,71,54,0,0,0,0,0,0.0,0,0,0,0,0,0
190.2,2026-05-17T18:15:12,0016c001f10c2ef6,6.9,3.4,3.4,0.0,7809,701,7108,9.0,0.66,0.53,0.47,413131180,2210045723,3138,11809,1.2,234.5,3.1,2.0,71,54,0,0,0,0,0,0.0,0,0,0,0,0,0
190.6,2026-05-17T18:15:13,0016c001f10c2ef6,9.4,5.9,3.5,0.0,7809,701,7108,9.0,0.66,0.53,0.47,413135399,2210088228,4219,42505,1.2,234.5,3.1,2.0,71,54,0,0,0,0,0,0.0,0,0,0,0,0,0
191.0,2026-05-17T18:15:13,0016c001f10c2ef6,5.1,1.1,4.0,0.0,7809,701,7108,9.0,0.61,0.52,0.46,413138589,2210100037,3190,11809,1.2,234.5,3.1,2.0,71,54,0,0,0,0,0,0.0,0,0,0,0,0,0
191.5,2026-05-17T18:15:14,0016c001f10c2ef6,6.6,2.2,4.4,0.0,7809,701,7108,9.0,0.61,0.52,0.46,413141831,2210111846,3242,11809,1.2,234.5,3.1,2.0,71,54,0,0,0,0,0,0.0,0,0,0,0,0,0
191.9,2026-05-17T18:15:14,0016c001f10c2ef6,6.4,2.3,4.1,0.0,7809,701,7108,9.0,0.61,0.52,0.46,413144917,2210123655,3086,11809,1.2,234.5,3.1,2.0,71,54,0,0,0,0,0,0.0,0,0,0,0,0,0
192.3,2026-05-17T18:15:15,0016c001f10c2ef6,5.3,3.6,1.8,0.0,7809,700,7109,9.0,0.61,0.52,0.46,413148055,2210135464,3138,11809,1.2,234.5,3.1,2.0,71,54,0,0,0,0,0,0.0,0,0,0,0,0,0
192.7,2026-05-17T18:15:15,0016c001f10c2ef6,7.6,3.5,4.1,0.0,7809,700,7109,9.0,0.61,0.52,0.46,413152174,2210177969,4119,42505,1.2,234.5,3.1,2.0,71,54,0,0,0,0,0,0.0,0,0,0,0,0,0
193.2,2026-05-17T18:15:16,0016c001f10c2ef6,5.9,1.2,4.7,0.0,7809,701,7108,9.0,0.61,0.52,0.46,413155336,2210189856,3162,11887,1.2,234.5,3.1,2.0,71,54,0,0,0,0,0,0.0,0,0,0,0,0,0
193.6,2026-05-17T18:15:16,0016c001f10c2ef6,6.6,2.2,4.4,0.0,7809,701,7108,9.0,0.61,0.52,0.46,413159055,2210201665,3719,11809,1.2,234.5,3.1,2.0,71,54,0,0,0,0,0,0.0,0,0,0,0,0,0
194.0,2026-05-17T18:15:16,0016c001f10c2ef6,5.7,1.7,4.0,0.0,7809,700,7109,9.0,0.61,0.52,0.46,413162245,2210213474,3190,11809,1.2,234.5,3.1,2.0,71,54,0,0,0,0,0,0.0,0,0,0,0,0,0
194.5,2026-05-17T18:15:17,0016c001f10c2ef6,8.7,3.6,5.1,0.0,7809,701,7108,9.0,0.61,0.52,0.46,413166416,2210256111,4171,42637,1.2,234.5,3.1,2.0,71,54,0,0,0,0,0,0.0,0,0,0,0,0,0
195.0,2026-05-17T18:15:17,0016c001f10c2ef6,11.6,5.0,6.5,0.0,7809,701,7108,9.0,0.61,0.52,0.46,413169606,2210267986,3190,11875,1.2,234.5,3.1,2.0,71,54,0,0,0,0,0,0.0,0,0,0,0,0,0
195.4,2026-05-17T18:15:18,0016c001f10c2ef6,9.3,1.2,8.1,0.0,7809,702,7107,9.0,0.61,0.52,0.46,413172796,2210279795,3190,11809,1.2,234.5,3.1,2.0,71,54,0,0,0,0,0,0.0,0,0,0,0,0,0
195.9,2026-05-17T18:15:18,0016c001f10c2ef6,20.5,3.0,17.5,0.0,7809,702,7107,9.0,0.64,0.53,0.47,413175986,2210291604,3190,11809,1.2,234.5,3.1,2.0,71,54,0,0,0,0,0,0.0,0,0,0,0,0,0
196.3,2026-05-17T18:15:19,0016c001f10c2ef6,22.0,4.5,16.9,0.6,7809,702,7107,9.0,0.64,0.53,0.47,413179280,2210304096,3294,12492,1.2,234.5,3.1,2.0,71,54,0,0,0,0,0,0.0,0,0,0,0,0,0
196.7,2026-05-17T18:15:19,0016c001f10c2ef6,19.6,3.0,16.7,0.0,7809,702,7107,9.0,0.64,0.53,0.47,413183393,2210348179,4113,44083,1.2,234.5,3.1,2.0,71,54,0,0,0,0,0,0.0,0,0,0,0,0,0
197.2,2026-05-17T18:15:20,0016c001f10c2ef6,10.1,2.2,7.9,0.0,7809,702,7107,9.0,0.64,0.53,0.47,413186327,2210359988,2934,11809,1.2,234.5,3.1,2.0,71,54,0,0,0,0,0,0.0,0,0,0,0,0,0
197.6,2026-05-17T18:15:20,0016c001f10c2ef6,5.9,2.1,3.7,0.0,7809,702,7107,9.0,0.64,0.53,0.47,413189617,2210371797,3290,11809,1.2,234.5,3.1,2.0,71,54,0,0,0,0,0,0.0,0,0,0,0,0,0
198.1,2026-05-17T18:15:20,0016c001f10c2ef6,4.1,1.8,2.4,0.0,7809,703,7106,9.0,0.64,0.53,0.47,413192859,2210383606,3242,11809,1.2,234.5,3.1,2.0,71,54,0,0,0,0,0,0.0,0,0,0,0,0,0
198.5,2026-05-17T18:15:21,0016c001f10c2ef6,5.8,2.3,3.5,0.0,7809,704,7105,9.0,0.64,0.53,0.47,413196878,2210426111,4019,42505,1.2,234.5,3.1,2.0,71,54,0,0,0,0,0,0.0,0,0,0,0,0,0
198.9,2026-05-17T18:15:21,0016c001f10c2ef6,7.2,3.6,3.6,0.0,7809,703,7106,9.0,0.64,0.53,0.47,413200116,2210437920,3238,11809,1.2,234.5,3.1,2.0,73,56,2,2,0,0,0,0.0,0,0,0,0,0,0
199.3,2026-05-17T18:15:22,0016c001f10c2ef6,6.3,2.9,2.9,0.6,7809,703,7106,9.0,0.64,0.53,0.47,413203358,2210449729,3242,11809,1.2,234.5,3.1,2.0,73,56,0,0,0,0,0,0.0,0,0,0,0,0,0
199.7,2026-05-17T18:15:22,0016c001f10c2ef6,6.4,2.9,3.5,0.0,7809,702,7107,9.0,0.64,0.53,0.47,413206548,2210461538,3190,11809,1.2,234.5,3.1,2.0,73,56,0,0,0,0,0,0.0,0,0,0,0,0,0
200.2,2026-05-17T18:15:23,0016c001f10c2ef6,8.5,2.6,5.8,0.0,7809,703,7106,9.0,0.64,0.53,0.47,413209738,2210473413,3190,11875,1.2,234.5,3.1,2.0,73,56,0,0,0,0,0,0.0,0,0,0,0,0,0
200.7,2026-05-17T18:15:23,0016c001f10c2ef6,11.6,4.5,7.1,0.0,7809,702,7107,9.0,0.59,0.52,0.46,413213929,2210516062,4191,42649,1.2,234.5,3.1,2.0,73,56,0,0,0,0,0,0.0,0,0,0,0,0,0
201.2,2026-05-17T18:15:24,0016c001f10c2ef6,9.7,3.6,6.2,0.0,7809,703,7106,9.0,0.59,0.52,0.46,413217119,2210527937,3190,11875,1.2,234.5,3.1,2.0,73,56,0,0,0,0,0,0.0,0,0,0,0,0,0
201.6,2026-05-17T18:15:24,0016c001f10c2ef6,6.3,3.4,2.9,0.0,7809,702,7107,9.0,0.59,0.52,0.46,413220105,2210539746,2986,11809,1.2,234.5,3.1,2.0,73,56,0,0,0,0,0,0.0,0,0,0,0,0,0
202.0,2026-05-17T18:15:24,0016c001f10c2ef6,7.1,2.4,4.7,0.0,7809,702,7107,9.0,0.59,0.52,0.46,413223343,2210551555,3238,11809,1.2,234.5,3.1,2.0,73,56,0,0,0,0,0,0.0,0,0,0,0,0,0
202.5,2026-05-17T18:15:25,0016c001f10c2ef6,5.7,2.3,3.4,0.0,7809,702,7107,9.0,0.59,0.52,0.46,413226533,2210563364,3190,11809,1.2,234.5,3.1,2.0,73,56,0,0,0,0,0,0.0,0,0,0,0,0,0
202.9,2026-05-17T18:15:25,0016c001f10c2ef6,6.5,3.0,3.6,0.0,7809,702,7107,9.0,0.59,0.52,0.46,413230548,2210605869,4015,42505,1.2,234.5,3.1,2.0,73,56,0,0,0,0,0,0.0,0,0,0,0,0,0
203.3,2026-05-17T18:15:26,0016c001f10c2ef6,6.3,2.3,4.0,0.0,7809,702,7107,9.0,0.59,0.52,0.46,413234015,2210617678,3467,11809,1.2,234.5,3.1,2.0,73,56,0,0,0,0,0,0.0,0,0,0,0,0,0
203.7,2026-05-17T18:15:26,0016c001f10c2ef6,6.3,1.7,4.6,0.0,7809,701,7108,9.0,0.59,0.52,0.46,413237253,2210629487,3238,11809,1.2,234.5,3.1,2.0,73,56,0,0,0,0,0,0.0,0,0,0,0,0,0
204.2,2026-05-17T18:15:27,0016c001f10c2ef6,5.6,1.7,3.9,0.0,7809,701,7108,9.0,0.59,0.52,0.46,413240291,2210641296,3038,11809,1.2,234.5,3.1,2.0,73,56,0,0,0,0,0,0.0,0,0,0,0,0,0
204.6,2026-05-17T18:15:27,0016c001f10c2ef6,7.1,2.4,4.1,0.6,7809,702,7107,9.0,0.59,0.52,0.46,413244254,2210683801,3963,42505,1.2,234.5,3.1,2.0,73,56,0,0,0,0,0,0.0,0,0,0,0,0,0
205.0,2026-05-17T18:15:27,0016c001f10c2ef6,7.0,2.9,4.1,0.0,7809,702,7107,9.0,0.59,0.52,0.46,413247544,2210695610,3290,11809,1.2,234.5,3.1,2.0,73,56,0,0,0,0,0,0.0,0,0,0,0,0,0
205.4,2026-05-17T18:15:28,0016c001f10c2ef6,5.8,1.7,4.1,0.0,7809,702,7107,9.0,0.59,0.52,0.46,413250682,2210707419,3138,11809,1.2,234.5,3.1,2.0,73,56,0,0,0,0,0,0.0,0,0,0,0,0,0
205.9,2026-05-17T18:15:28,0016c001f10c2ef6,5.7,2.3,3.4,0.0,7809,702,7107,9.0,0.54,0.51,0.46,413253976,2210721021,3294,13602,1.2,234.5,3.1,2.0,73,56,0,0,0,0,0,0.0,0,0,0,0,0,0
206.3,2026-05-17T18:15:29,0016c001f10c2ef6,14.7,5.8,8.4,0.5,7809,702,7107,9.0,0.54,0.51,0.46,413257164,2210734862,3188,13841,1.2,234.5,3.1,2.0,73,56,0,0,0,0,0,0.0,0,0,0,0,0,0
206.8,2026-05-17T18:15:29,0016c001f10c2ef6,7.5,2.7,4.8,0.0,7809,703,7106,9.0,0.54,0.51,0.46,413261075,2210777448,3911,42586,1.2,234.6,3.1,2.0,73,56,0,0,0,0,0,0.0,0,0,0,0,0,0
207.2,2026-05-17T18:15:30,0016c001f10c2ef6,17.9,1.7,16.2,0.0,7809,703,7106,9.0,0.54,0.51,0.46,413264313,2210789257,3238,11809,1.2,234.6,3.1,2.0,73,56,0,0,0,0,0,0.0,0,0,0,0,0,0
207.7,2026-05-17T18:15:30,0016c001f10c2ef6,19.3,2.4,16.9,0.0,7809,703,7106,9.0,0.54,0.51,0.46,413267403,2210801066,3090,11809,1.2,234.6,3.1,2.0,73,56,0,0,0,0,0,0.0,0,0,0,0,0,0
208.1,2026-05-17T18:15:30,0016c001f10c2ef6,20.2,2.4,16.7,1.2,7809,703,7106,9.0,0.54,0.51,0.46,413270541,2210812875,3138,11809,1.2,234.6,3.1,2.0,73,56,0,0,0,0,0,0.0,0,0,0,0,0,0
208.5,2026-05-17T18:15:31,0016c001f10c2ef6,12.7,2.3,10.4,0.0,7809,703,7106,9.0,0.54,0.51,0.46,413273955,2210824762,3414,11887,1.2,234.6,3.1,2.0,73,56,0,0,0,0,0,0.0,0,0,0,0,0,0
209.0,2026-05-17T18:15:31,0016c001f10c2ef6,6.4,2.3,4.1,0.0,7809,702,7107,9.0,0.54,0.51,0.46,413278074,2210867348,4119,42586,1.2,234.6,3.1,2.0,73,56,0,0,0,0,0,0.0,0,0,0,0,0,0
209.4,2026-05-17T18:15:32,0016c001f10c2ef6,5.9,2.4,3.6,0.0,7809,702,7107,9.0,0.54,0.51,0.46,413281316,2210879157,3242,11809,1.2,234.6,3.1,2.0,73,56,0,0,0,0,0,0.0,0,0,0,0,0,0
209.8,2026-05-17T18:15:32,0016c001f10c2ef6,5.7,1.1,4.5,0.0,7809,703,7106,9.0,0.54,0.51,0.46,413284454,2210890966,3138,11809,1.2,234.6,3.1,2.0,73,56,0,0,0,0,0,0.0,0,0,0,0,0,0
210.3,2026-05-17T18:15:33,0016c001f10c2ef6,6.5,3.0,3.5,0.0,7809,702,7107,9.0,0.54,0.51,0.46,413287540,2210902775,3086,11809,1.2,234.6,3.1,2.0,73,56,0,0,0,0,0,0.0,0,0,0,0,0,0
210.7,2026-05-17T18:15:33,0016c001f10c2ef6,6.8,2.3,4.5,0.0,7809,702,7107,9.0,0.5,0.5,0.46,413291503,2210945361,3963,42586,1.2,234.6,3.1,2.0,73,56,0,0,0,0,0,0.0,0,0,0,0,0,0
211.2,2026-05-17T18:15:34,0016c001f10c2ef6,7.9,3.4,4.0,0.6,7809,702,7107,9.0,0.5,0.5,0.46,413294745,2210957170,3242,11809,1.2,234.6,3.1,2.0,73,56,0,0,0,0,0,0.0,0,0,0,0,0,0
211.7,2026-05-17T18:15:34,0016c001f10c2ef6,8.9,3.0,5.9,0.0,7809,702,7107,9.0,0.5,0.5,0.46,413297935,2210969045,3190,11875,1.2,234.6,3.1,2.0,73,56,0,0,0,0,0,0.0,0,0,0,0,0,0
212.1,2026-05-17T18:15:34,0016c001f10c2ef6,6.3,2.3,4.0,0.0,7809,703,7106,9.0,0.5,0.5,0.46,413300973,2210980854,3038,11809,1.2,234.6,3.1,2.0,73,56,0,0,0,0,0,0.0,0,0,0,0,0,0
212.5,2026-05-17T18:15:35,0016c001f10c2ef6,5.7,1.1,4.6,0.0,7809,703,7106,9.0,0.5,0.5,0.46,413304315,2210992663,3342,11809,1.2,234.6,3.1,2.0,73,56,0,0,0,0,0,0.0,0,0,0,0,0,0
213.0,2026-05-17T18:15:35,0016c001f10c2ef6,8.5,3.4,5.1,0.0,7809,703,7106,9.0,0.5,0.5,0.46,413308863,2211035249,4548,42586,1.2,234.6,3.1,2.0,73,56,0,0,0,0,0,0.0,0,0,0,0,0,0
213.4,2026-05-17T18:15:36,0016c001f10c2ef6,7.3,2.8,4.5,0.0,7809,703,7106,9.0,0.5,0.5,0.46,413312005,2211047058,3142,11809,1.2,234.6,3.1,2.0,73,56,0,0,0,0,0,0.0,0,0,0,0,0,0
213.8,2026-05-17T18:15:36,0016c001f10c2ef6,5.9,1.8,4.1,0.0,7809,703,7106,9.0,0.5,0.5,0.46,413315195,2211058867,3190,11809,1.2,234.6,3.1,2.0,73,56,0,0,0,0,0,0.0,0,0,0,0,0,0
214.2,2026-05-17T18:15:37,0016c001f10c2ef6,5.7,1.7,4.0,0.0,7809,703,7106,9.0,0.5,0.5,0.46,413318437,2211070676,3242,11809,1.2,234.6,3.1,2.0,73,56,0,0,0,0,0,0.0,0,0,0,0,0,0
214.7,2026-05-17T18:15:37,0016c001f10c2ef6,6.9,2.3,4.6,0.0,7809,703,7106,9.0,0.5,0.5,0.46,413322400,2211113262,3963,42586,1.2,234.6,3.1,2.0,73,56,0,0,0,0,0,0.0,0,0,0,0,0,0
215.1,2026-05-17T18:15:37,0016c001f10c2ef6,7.0,4.1,2.9,0.0,7809,703,7106,9.0,0.5,0.5,0.46,413325742,2211125071,3342,11809,1.2,234.6,3.1,2.0,73,56,0,0,0,0,0,0.0,0,0,0,0,0,0
215.5,2026-05-17T18:15:38,0016c001f10c2ef6,7.3,3.4,4.0,0.0,7809,702,7107,9.0,0.54,0.51,0.46,413328932,2211136880,3190,11809,1.2,234.6,3.1,2.0,73,56,0,0,0,0,0,0.0,0,0,0,0,0,0
215.9,2026-05-17T18:15:38,0016c001f10c2ef6,5.1,2.3,2.8,0.0,7809,702,7107,9.0,0.54,0.51,0.46,413332070,2211148689,3138,11809,1.2,234.6,3.1,2.0,73,56,0,0,0,0,0,0.0,0,0,0,0,0,0
216.4,2026-05-17T18:15:39,0016c001f10c2ef6,6.5,2.4,4.2,0.0,7809,702,7107,9.0,0.54,0.51,0.46,413335384,2211160576,3314,11887,1.2,234.6,3.1,2.0,73,56,0,0,0,0,0,0.0,0,0,0,0,0,0
216.8,2026-05-17T18:15:39,0016c001f10c2ef6,9.4,2.6,6.8,0.0,7809,702,7107,9.0,0.54,0.51,0.46,413339659,2211203294,4275,42718,1.2,234.6,3.1,2.0,73,56,0,0,0,0,0,0.0,0,0,0,0,0,0
217.2,2026-05-17T18:15:40,0016c001f10c2ef6,8.3,3.6,4.8,0.0,7809,702,7107,9.0,0.54,0.51,0.46,413342801,2211215103,3142,11809,1.2,234.6,3.1,2.0,73,56,0,0,0,0,0,0.0,0,0,0,0,0,0
217.7,2026-05-17T18:15:40,0016c001f10c2ef6,6.9,2.9,4.0,0.0,7809,702,7107,9.0,0.54,0.51,0.46,413346115,2211227068,3314,11965,1.2,234.6,3.1,2.0,73,56,0,0,0,0,0,0.0,0,0,0,0,0,0
218.1,2026-05-17T18:15:40,0016c001f10c2ef6,5.8,1.7,4.0,0.0,7809,702,7107,9.0,0.54,0.51,0.46,413349357,2211238877,3242,11809,1.2,234.6,3.1,2.0,73,56,0,0,0,0,0,0.0,0,0,0,0,0,0
218.5,2026-05-17T18:15:41,0016c001f10c2ef6,14.5,1.2,13.3,0.0,7809,703,7106,9.0,0.54,0.51,0.46,413352447,2211250686,3090,11809,1.2,234.6,3.1,2.0,73,56,0,0,0,0,0,0.0,0,0,0,0,0,0
219.0,2026-05-17T18:15:41,0016c001f10c2ef6,20.4,3.6,16.8,0.0,7809,703,7106,9.0,0.54,0.51,0.46,413356758,2211293404,4311,42718,1.2,234.6,3.1,2.0,73,56,0,0,0,0,0,0.0,0,0,0,0,0,0
219.4,2026-05-17T18:15:42,0016c001f10c2ef6,18.9,1.7,17.1,0.0,7809,702,7107,9.0,0.54,0.51,0.46,413359948,2211305213,3190,11809,1.2,234.6,3.1,2.0,73,56,0,0,0,0,0,0.0,0,0,0,0,0,0
219.8,2026-05-17T18:15:42,0016c001f10c2ef6,20.5,3.5,17.0,0.0,7809,703,7106,9.0,0.54,0.51,0.46,413363138,2211317022,3190,11809,1.2,234.6,3.1,2.0,73,56,0,0,0,0,0,0.0,0,0,0,0,0,0
220.3,2026-05-17T18:15:43,0016c001f10c2ef6,6.9,2.9,4.0,0.0,7809,701,7108,9.0,0.5,0.5,0.46,413366224,2211328831,3086,11809,1.2,234.6,3.1,2.0,73,56,0,0,0,0,0,0.0,0,0,0,0,0,0
220.7,2026-05-17T18:15:43,0016c001f10c2ef6,6.4,1.7,4.6,0.0,7809,702,7107,9.0,0.5,0.5,0.46,413369314,2211340640,3090,11809,1.2,234.6,3.1,2.0,73,56,0,0,0,0,0,0.0,0,0,0,0,0,0
221.1,2026-05-17T18:15:43,0016c001f10c2ef6,8.0,2.3,5.7,0.0,7809,702,7107,9.0,0.5,0.5,0.46,413373325,2211383226,4011,42586,1.2,234.6,3.1,2.0,73,56,0,0,0,0,0,0.0,0,0,0,0,0,0
221.5,2026-05-17T18:15:44,0016c001f10c2ef6,5.4,2.4,3.0,0.0,7809,703,7106,9.0,0.5,0.5,0.46,413376535,2211395121,3210,11895,1.2,234.6,3.1,2.0,73,56,0,0,0,0,0,0.0,0,0,0,0,0,0
222.0,2026-05-17T18:15:44,0016c001f10c2ef6,8.4,3.1,5.2,0.0,7809,703,7106,9.0,0.5,0.5,0.46,413379621,2211406996,3086,11875,1.2,234.4,3.1,2.0,73,56,0,0,0,0,0,0.0,0,0,0,0,0,0
222.4,2026-05-17T18:15:45,0016c001f10c2ef6,6.8,2.3,4.5,0.0,7809,702,7107,9.0,0.5,0.5,0.46,413382811,2211418805,3190,11809,1.2,234.3,3.1,2.0,73,56,0,0,0,0,0,0.0,0,0,0,0,0,0
222.9,2026-05-17T18:15:46,0016c001f10c2ef6,5.6,1.7,4.0,0.0,7809,702,7107,9.0,0.5,0.5,0.46,413387259,2211461391,4448,42586,1.2,234.3,3.1,2.0,73,56,0,0,0,0,0,0.0,0,0,0,0,0,0
223.3,2026-05-17T18:15:47,0016c001f10c2ef6,8.6,4.0,4.6,0.0,7809,701,7108,9.0,0.5,0.5,0.46,413390501,2211473200,3242,11809,1.2,234.3,3.1,2.0,73,56,0,0,0,0,0,0.0,0,0,0,0,0,0
223.7,2026-05-17T18:15:47,0016c001f10c2ef6,5.1,1.7,3.4,0.0,7809,703,7106,9.0,0.5,0.5,0.46,413393639,2211485009,3138,11809,1.2,234.3,3.1,2.0,73,56,0,0,0,0,0,0.0,0,0,0,0,0,0
224.1,2026-05-17T18:15:47,0016c001f10c2ef6,8.4,2.2,6.2,0.0,7809,703,7106,9.0,0.5,0.5,0.46,413396829,2211496818,3190,11809,1.2,234.3,3.1,2.0,73,56,0,0,0,0,0,0.0,0,0,0,0,0,0
224.6,2026-05-17T18:15:48,0016c001f10c2ef6,5.2,1.7,3.4,0.0,7809,703,7106,9.0,0.5,0.5,0.46,413399915,2211508627,3086,11809,1.2,234.3,3.1,2.0,73,56,0,0,0,0,0,0.0,0,0,0,0,0,0
225.0,2026-05-17T18:15:48,0016c001f10c2ef6,8.2,3.5,4.7,0.0,7809,703,7106,9.0,0.5,0.5,0.46,413404082,2211551213,4167,42586,1.2,234.3,3.1,2.0,73,56,0,0,0,0,0,0.0,0,0,0,0,0,0
225.4,2026-05-17T18:15:49,0016c001f10c2ef6,6.7,2.2,4.5,0.0,7809,703,7106,9.0,0.46,0.49,0.46,413407120,2211563022,3038,11809,1.2,234.3,3.1,2.0,73,56,0,0,0,0,0,0.0,0,0,0,0,0,0
225.9,2026-05-17T18:15:49,0016c001f10c2ef6,5.1,1.1,4.0,0.0,7809,703,7106,9.0,0.46,0.49,0.46,413410410,2211574831,3290,11809,1.2,234.4,3.1,2.0,73,56,0,0,0,0,0,0.0,0,0,0,0,0,0
226.3,2026-05-17T18:15:50,0016c001f10c2ef6,7.3,2.2,5.1,0.0,7809,701,7108,9.0,0.46,0.49,0.46,413413600,2211586640,3190,11809,1.2,234.4,3.1,2.0,73,56,0,0,0,0,0,0.0,0,0,0,0,0,0
226.7,2026-05-17T18:15:50,0016c001f10c2ef6,7.3,2.2,4.5,0.6,7809,701,7108,9.0,0.46,0.49,0.46,413416894,2211599132,3294,12492,1.2,234.4,3.1,2.0,73,56,0,0,0,0,0,0.0,0,0,0,0,0,0
227.2,2026-05-17T18:15:50,0016c001f10c2ef6,13.3,5.4,7.9,0.0,7809,702,7107,9.0,0.46,0.49,0.46,413420751,2211643366,3857,44234,1.2,234.4,3.1,2.0,73,56,0,0,0,0,0,0.0,0,0,0,0,0,0
227.8,2026-05-17T18:15:51,0016c001f10c2ef6,8.5,3.3,5.2,0.0,7809,702,7107,9.0,0.46,0.49,0.46,413423989,2211655241,3238,11875,1.2,234.4,3.1,2.0,73,56,0,0,0,0,0,0.0,0,0,0,0,0,0
228.2,2026-05-17T18:15:51,0016c001f10c2ef6,5.6,1.7,3.9,0.0,7809,699,7110,9.0,0.46,0.49,0.46,413427027,2211667050,3038,11809,1.2,234.3,3.1,2.0,75,58,2,2,0,0,0,0.0,0,0,0,0,0,0
228.6,2026-05-17T18:15:52,0016c001f10c2ef6,7.3,2.8,4.5,0.0,7809,701,7108,9.0,0.46,0.49,0.46,413430265,2211678859,3238,11809,1.2,234.3,3.1,2.0,75,58,0,0,0,0,0,0.0,0,0,0,0,0,0
229.1,2026-05-17T18:15:52,0016c001f10c2ef6,6.8,2.3,4.5,0.0,7809,701,7108,9.0,0.46,0.49,0.46,413434336,2211721511,4071,42652,1.2,234.3,3.1,2.0,75,58,0,0,0,0,0,0.0,0,0,0,0,0,0
229.5,2026-05-17T18:15:53,0016c001f10c2ef6,5.8,1.7,4.0,0.0,7809,701,7108,9.0,0.46,0.49,0.46,413437422,2211733320,3086,11809,1.2,234.3,3.1,2.0,75,58,0,0,0,0,0,0.0,0,0,0,0,0,0
229.9,2026-05-17T18:15:53,0016c001f10c2ef6,12.1,2.3,9.8,0.0,7809,703,7106,9.0,0.5,0.5,0.46,413440608,2211745129,3186,11809,1.2,234.3,3.1,2.0,75,58,0,0,0,0,0,0.0,0,0,0,0,0,0
230.4,2026-05-17T18:15:54,0016c001f10c2ef6,19.9,2.9,17.0,0.0,7809,703,7106,9.0,0.5,0.5,0.46,413443698,2211756938,3090,11809,1.2,234.3,3.1,2.0,75,58,0,0,0,0,0,0.0,0,0,0,0,0,0
230.8,2026-05-17T18:15:54,0016c001f10c2ef6,19.2,1.2,18.0,0.0,7809,703,7106,9.0,0.5,0.5,0.46,413446836,2211768747,3138,11809,1.2,234.3,3.1,2.0,75,58,0,0,0,0,0,0.0,0,0,0,0,0,0
231.2,2026-05-17T18:15:54,0016c001f10c2ef6,20.8,3.5,17.3,0.0,7809,704,7105,9.0,0.5,0.5,0.46,413450955,2211811333,4119,42586,1.2,234.3,3.1,2.0,75,58,0,0,0,0,0,0.0,0,0,0,0,0,0
231.7,2026-05-17T18:15:55,0016c001f10c2ef6,7.3,2.3,4.5,0.6,7809,703,7106,9.0,0.5,0.5,0.46,413454145,2211823142,3190,11809,1.2,234.3,3.1,2.0,75,58,0,0,0,0,0,0.0,0,0,0,0,0,0
232.1,2026-05-17T18:15:55,0016c001f10c2ef6,6.9,2.9,4.0,0.0,7809,703,7106,9.0,0.5,0.5,0.46,413457355,2211835029,3210,11887,1.2,234.3,3.1,2.0,75,58,0,0,0,0,0,0.0,0,0,0,0,0,0
232.5,2026-05-17T18:15:56,0016c001f10c2ef6,7.3,2.2,5.0,0.0,7809,703,7106,9.0,0.5,0.5,0.46,413460916,2211846904,3561,11875,1.2,234.3,3.1,2.0,75,58,0,0,0,0,0,0.0,0,0,0,0,0,0
233.0,2026-05-17T18:15:56,0016c001f10c2ef6,9.8,4.6,5.2,0.0,7809,703,7106,9.0,0.5,0.5,0.46,413464979,2211889556,4063,42652,1.2,234.3,3.1,2.0,75,58,0,0,0,0,0,0.0,0,0,0,0,0,0
233.5,2026-05-17T18:15:57,0016c001f10c2ef6,11.4,4.0,7.5,0.0,7809,702,7107,9.0,0.5,0.5,0.46,413468121,2211901431,3142,11875,1.2,234.3,3.1,2.0,75,58,0,0,0,0,0,0.0,0,0,0,0,0,0
234.0,2026-05-17T18:15:57,0016c001f10c2ef6,11.4,5.0,6.5,0.0,7809,703,7106,9.0,0.5,0.5,0.46,413471463,2211913306,3342,11875,1.2,234.3,3.1,2.0,75,58,0,0,0,0,0,0.0,0,0,0,0,0,0
234.5,2026-05-17T18:15:58,0016c001f10c2ef6,8.7,3.6,5.1,0.0,7809,703,7106,9.0,0.5,0.5,0.46,413474705,2211925181,3242,11875,1.2,234.3,3.1,2.0,75,58,0,0,0,0,0,0.0,0,0,0,0,0,0
235.0,2026-05-17T18:15:58,0016c001f10c2ef6,10.9,5.0,6.0,0.0,7809,703,7106,9.0,0.46,0.49,0.46,413478980,2211968516,4275,43335,1.2,234.4,3.1,2.0,75,58,0,0,0,0,0,0.0,0,0,0,0,0,0
235.4,2026-05-17T18:15:59,0016c001f10c2ef6,13.3,5.1,8.2,0.0,7809,703,7106,9.0,0.46,0.49,0.46,413482170,2211980391,3190,11875,1.2,234.4,3.1,2.0,75,58,0,0,0,0,0,0.0,0,0,0,0,0,0
235.9,2026-05-17T18:15:59,0016c001f10c2ef6,9.0,4.0,5.0,0.0,7809,702,7107,9.0,0.46,0.49,0.46,413485302,2211993848,3132,13457,1.2,234.4,3.1,2.0,75,58,0,0,0,0,0,0.0,0,0,0,0,0,0
236.5,2026-05-17T18:16:00,0016c001f10c2ef6,9.4,3.1,6.3,0.0,7809,702,7107,9.0,0.46,0.49,0.46,413488392,2212005723,3090,11875,1.2,234.4,3.1,2.0,75,58,0,0,0,0,0,0.0,0,0,0,0,0,0
236.9,2026-05-17T18:16:00,0016c001f10c2ef6,9.7,4.0,5.7,0.0,7809,702,7107,9.0,0.46,0.49,0.46,413491676,2212019618,3284,13895,1.2,234.4,3.1,2.0,75,58,0,0,0,0,0,0.0,0,0,0,0,0,0
237.4,2026-05-17T18:16:01,0016c001f10c2ef6,6.5,1.6,4.3,0.5,7809,703,7106,9.0,0.46,0.49,0.46,413495535,2212062229,3859,42611,1.2,234.4,3.1,2.0,75,58,0,0,0,0,0,0.0,0,0,0,0,0,0
237.8,2026-05-17T18:16:01,0016c001f10c2ef6,5.5,2.2,3.3,0.0,7809,703,7106,9.0,0.46,0.49,0.46,413498515,2212074987,2980,12758,1.2,234.4,3.1,2.0,75,58,0,0,0,0,0,0.0,0,0,0,0,0,0
238.3,2026-05-17T18:16:01,0016c001f10c2ef6,5.6,2.8,2.8,0.0,7809,703,7106,9.0,0.46,0.49,0.46,413501753,2212086796,3238,11809,1.2,234.4,3.1,2.0,75,58,0,0,0,0,0,0.0,0,0,0,0,0,0
238.7,2026-05-17T18:16:02,0016c001f10c2ef6,4.3,2.2,2.2,0.0,7809,703,7106,9.0,0.46,0.49,0.46,413504839,2212098605,3086,11809,1.2,234.4,3.1,2.0,75,58,0,0,0,0,0,0.0,0,0,0,0,0,0
239.2,2026-05-17T18:16:02,0016c001f10c2ef6,10.0,2.8,6.1,1.1,7809,703,7106,9.0,0.46,0.49,0.46,413509166,2212141216,4327,42611,1.2,234.4,3.1,2.0,75,58,0,0,0,0,0,0.0,0,0,0,0,0,0
239.6,2026-05-17T18:16:03,0016c001f10c2ef6,6.9,2.3,4.6,0.0,7809,703,7106,9.0,0.46,0.49,0.46,413512204,2212153025,3038,11809,1.2,234.4,3.1,2.0,75,58,0,0,0,0,0,0.0,0,0,0,0,0,0
240.0,2026-05-17T18:16:03,0016c001f10c2ef6,6.7,1.7,5.0,0.0,7809,703,7106,9.0,0.42,0.48,0.45,413515566,2212164912,3362,11887,1.2,234.4,3.1,2.0,75,58,0,0,0,0,0,0.0,0,0,0,0,0,0
240.5,2026-05-17T18:16:04,0016c001f10c2ef6,6.7,2.8,3.9,0.0,7809,703,7106,9.0,0.42,0.48,0.45,413518656,2212176721,3090,11809,1.2,234.4,3.1,2.0,75,58,0,0,0,0,0,0.0,0,0,0,0,0,0
240.9,2026-05-17T18:16:04,0016c001f10c2ef6,5.6,1.1,4.5,0.0,7809,703,7106,9.0,0.42,0.48,0.45,413521846,2212188530,3190,11809,1.2,234.4,3.1,2.0,75,58,0,0,0,0,0,0.0,0,0,0,0,0,0
241.3,2026-05-17T18:16:05,0016c001f10c2ef6,12.3,3.4,8.9,0.0,7809,703,7106,9.0,0.42,0.48,0.45,413525861,2212231141,4015,42611,1.2,234.4,3.1,2.0,75,58,0,0,0,0,0,0.0,0,0,0,0,0,0
241.8,2026-05-17T18:16:05,0016c001f10c2ef6,19.4,2.4,17.1,0.0,7809,703,7106,9.0,0.42,0.48,0.45,413528999,2212242950,3138,11809,1.2,234.4,3.1,2.0,75,58,0,0,0,0,0,0.0,0,0,0,0,0,0
242.2,2026-05-17T18:16:05,0016c001f10c2ef6,19.2,2.4,16.8,0.0,7809,702,7107,9.0,0.42,0.48,0.45,413532618,2212254759,3619,11809,1.2,234.4,3.1,2.0,75,58,0,0,0,0,0,0.0,0,0,0,0,0,0
242.6,2026-05-17T18:16:06,0016c001f10c2ef6,19.5,3.6,16.0,0.0,7809,702,7107,9.0,0.42,0.48,0.45,413535860,2212266568,3242,11809,1.2,234.4,3.1,2.0,75,58,0,0,0,0,0,0.0,0,0,0,0,0,0
243.1,2026-05-17T18:16:06,0016c001f10c2ef6,8.7,2.3,6.4,0.0,7809,702,7107,9.0,0.42,0.48,0.45,413539819,2212309179,3959,42611,1.2,234.4,3.1,2.0,75,58,0,0,0,0,0,0.0,0,0,0,0,0,0
243.5,2026-05-17T18:16:07,0016c001f10c2ef6,5.8,1.2,4.7,0.0,7809,702,7107,9.0,0.42,0.48,0.45,413543165,2212320988,3346,11809,1.2,234.4,3.1,2.0,75,58,0,0,0,0,0,0.0,0,0,0,0,0,0
243.9,2026-05-17T18:16:07,0016c001f10c2ef6,6.9,2.9,4.0,0.0,7809,702,7107,9.0,0.42,0.48,0.45,413546255,2212332797,3090,11809,1.2,234.4,3.1,2.0,75,58,0,0,0,0,0,0.0,0,0,0,0,0,0
244.3,2026-05-17T18:16:08,0016c001f10c2ef6,5.1,1.7,3.4,0.0,7809,703,7106,9.0,0.42,0.48,0.45,413549597,2212344606,3342,11809,1.2,234.4,3.1,2.0,75,58,0,0,0,0,0,0.0,0,0,0,0,0,0
244.8,2026-05-17T18:16:08,0016c001f10c2ef6,7.8,2.2,5.6,0.0,7809,703,7106,9.0,0.47,0.49,0.46,413552739,2212358207,3142,13601,1.2,234.5,3.1,2.0,75,58,0,0,0,0,0,0.0,0,0,0,0,0,0
245.2,2026-05-17T18:16:08,0016c001f10c2ef6,8.1,4.0,3.5,0.6,7809,703,7106,9.0,0.47,0.49,0.46,413557010,2212400818,4271,42611,1.2,234.5,3.1,2.0,75,58,0,0,0,0,0,0.0,0,0,0,0,0,0
245.6,2026-05-17T18:16:09,0016c001f10c2ef6,6.8,2.3,4.5,0.0,7809,703,7106,9.0,0.47,0.49,0.46,413560094,2212414613,3084,13795,1.2,234.5,3.1,2.0,75,58,0,0,0,0,0,0.0,0,0,0,0,0,0
246.1,2026-05-17T18:16:09,0016c001f10c2ef6,6.1,2.8,3.3,0.0,7809,703,7106,9.0,0.47,0.49,0.46,413563244,2212426664,3150,12051,1.2,234.5,3.1,2.0,75,58,0,0,0,0,0,0.0,0,0,0,0,0,0
246.6,2026-05-17T18:16:10,0016c001f10c2ef6,9.1,2.9,6.2,0.0,7809,702,7107,9.0,0.47,0.49,0.46,413566430,2212438539,3186,11875,1.2,234.5,3.1,2.0,75,58,0,0,0,0,0,0.0,0,0,0,0,0,0
247.0,2026-05-17T18:16:10,0016c001f10c2ef6,6.3,1.1,5.1,0.0,7809,702,7107,9.0,0.47,0.49,0.46,413569696,2212450504,3266,11965,1.2,234.5,3.1,2.0,75,58,0,0,0,0,0,0.0,0,0,0,0,0,0
247.5,2026-05-17T18:16:11,0016c001f10c2ef6,7.4,2.8,4.5,0.0,7809,702,7107,9.0,0.47,0.49,0.46,413573627,2212493209,3931,42705,1.2,234.5,3.1,2.0,75,58,0,0,0,0,0,0.0,0,0,0,0,0,0
247.9,2026-05-17T18:16:11,0016c001f10c2ef6,5.8,2.9,2.9,0.0,7809,702,7107,9.0,0.47,0.49,0.46,413576717,2212505018,3090,11809,1.2,234.5,3.1,2.0,75,58,0,0,0,0,0,0.0,0,0,0,0,0,0
248.3,2026-05-17T18:16:12,0016c001f10c2ef6,6.8,3.4,3.4,0.0,7809,703,7106,9.0,0.47,0.49,0.46,413579855,2212516827,3138,11809,1.2,234.5,3.1,2.0,75,58,0,0,0,0,0,0.0,0,0,0,0,0,0
248.8,2026-05-17T18:16:12,0016c001f10c2ef6,5.7,1.7,4.0,0.0,7809,703,7106,9.0,0.47,0.49,0.46,413583197,2212528636,3342,11809,1.2,234.5,3.1,2.0,75,58,0,0,0,0,0,0.0,0,0,0,0,0,0
249.2,2026-05-17T18:16:12,0016c001f10c2ef6,8.9,4.4,4.4,0.0,7809,703,7106,9.0,0.47,0.49,0.46,413587164,2212571247,3967,42611,1.2,234.5,3.1,2.0,75,58,0,0,0,0,0,0.0,0,0,0,0,0,0
249.6,2026-05-17T18:16:13,0016c001f10c2ef6,8.7,3.5,5.2,0.0,7809,703,7106,9.0,0.43,0.48,0.45,413590302,2212583056,3138,11809,1.2,234.5,3.1,2.0,75,58,0,0,0,0,0,0.0,0,0,0,0,0,0
250.0,2026-05-17T18:16:13,0016c001f10c2ef6,5.7,1.7,4.0,0.0,7809,701,7108,9.0,0.43,0.48,0.45,413593440,2212594865,3138,11809,1.2,234.5,3.1,2.0,75,58,0,0,0,0,0,0.0,0,0,0,0,0,0
250.5,2026-05-17T18:16:14,0016c001f10c2ef6,7.3,3.4,3.9,0.0,7809,702,7107,9.0,0.43,0.48,0.45,413596630,2212606674,3190,11809,1.2,234.5,3.1,2.0,75,58,0,0,0,0,0,0.0,0,0,0,0,0,0
250.9,2026-05-17T18:16:14,0016c001f10c2ef6,5.6,1.1,4.5,0.0,7809,702,7107,9.0,0.43,0.48,0.45,413599868,2212618483,3238,11809,1.2,234.5,3.1,2.0,75,58,0,0,0,0,0,0.0,0,0,0,0,0,0
251.3,2026-05-17T18:16:15,0016c001f10c2ef6,6.4,1.7,4.6,0.0,7809,702,7107,9.0,0.43,0.48,0.45,413604091,2212661094,4223,42611,1.2,234.5,3.1,2.0,75,58,0,0,0,0,0,0.0,0,0,0,0,0,0
251.8,2026-05-17T18:16:15,0016c001f10c2ef6,10.6,3.5,7.1,0.0,7809,703,7106,9.0,0.43,0.48,0.45,413607129,2212672969,3038,11875,1.2,234.5,3.1,2.0,75,58,0,0,0,0,0,0.0,0,0,0,0,0,0
252.2,2026-05-17T18:16:15,0016c001f10c2ef6,5.2,2.3,2.9,0.0,7809,703,7106,9.0,0.43,0.48,0.45,413610644,2212684778,3515,11809,1.2,234.5,3.1,2.0,75,58,0,0,0,0,0,0.0,0,0,0,0,0,0
252.7,2026-05-17T18:16:16,0016c001f10c2ef6,6.3,1.7,4.6,0.0,7809,702,7107,9.0,0.43,0.48,0.45,413613678,2212696587,3034,11809,1.2,234.5,3.1,2.0,75,58,0,0,0,0,0,0.0,0,0,0,0,0,0
253.1,2026-05-17T18:16:16,0016c001f10c2ef6,18.3,1.8,16.5,0.0,7809,702,7107,9.0,0.43,0.48,0.45,413616868,2212708396,3190,11809,1.2,234.5,3.1,2.0,75,58,0,0,0,0,0,0.0,0,0,0,0,0,0
253.5,2026-05-17T18:16:17,0016c001f10c2ef6,19.8,2.3,17.4,0.0,7809,702,7107,9.0,0.43,0.48,0.45,413621087,2212751073,4219,42677,1.2,234.5,3.1,2.0,75,58,0,0,0,0,0,0.0,0,0,0,0,0,0
254.0,2026-05-17T18:16:17,0016c001f10c2ef6,18.9,2.3,16.6,0.0,7809,702,7107,9.0,0.43,0.48,0.45,413624277,2212762882,3190,11809,1.2,234.5,3.1,2.0,75,58,0,0,0,0,0,0.0,0,0,0,0,0,0
254.4,2026-05-17T18:16:18,0016c001f10c2ef6,13.0,2.3,10.7,0.0,7809,703,7106,9.0,0.4,0.48,0.45,413627519,2212774691,3242,11809,1.2,234.5,3.1,2.0,75,58,0,0,0,0,0,0.0,0,0,0,0,0,0
254.8,2026-05-17T18:16:18,0016c001f10c2ef6,7.2,2.2,5.0,0.0,7809,702,7107,9.0,0.4,0.48,0.45,413630557,2212786500,3038,11809,1.2,234.5,3.1,2.0,75,58,0,0,0,0,0,0.0,0,0,0,0,0,0
255.3,2026-05-17T18:16:19,0016c001f10c2ef6,6.4,3.5,2.9,0.0,7809,703,7106,9.0,0.4,0.48,0.45,413634796,2212829189,4239,42689,1.2,234.5,3.1,2.0,75,58,0,0,0,0,0,0.0,0,0,0,0,0,0
255.7,2026-05-17T18:16:20,0016c001f10c2ef6,7.2,3.3,3.9,0.0,7809,703,7106,9.0,0.4,0.48,0.45,413637782,2212840998,2986,11809,1.2,234.5,3.1,2.0,75,58,0,0,0,0,0,0.0,0,0,0,0,0,0
256.1,2026-05-17T18:16:20,0016c001f10c2ef6,7.4,2.8,4.5,0.0,7809,703,7106,9.0,0.4,0.48,0.45,413640968,2212852807,3186,11809,1.2,234.5,3.1,2.0,75,58,0,0,0,0,0,0.0,0,0,0,0,0,0
256.6,2026-05-17T18:16:21,0016c001f10c2ef6,5.6,2.2,3.4,0.0,7809,703,7106,9.0,0.4,0.48,0.45,413644158,2212864616,3190,11809,1.2,234.5,3.1,2.0,75,58,0,0,0,0,0,0.0,0,0,0,0,0,0
257.1,2026-05-17T18:16:21,0016c001f10c2ef6,9.4,2.5,6.9,0.0,7809,702,7107,9.0,0.4,0.48,0.45,413647348,2212876491,3190,11875,1.2,234.5,3.1,2.0,75,58,0,0,0,0,0,0.0,0,0,0,0,0,0
257.5,2026-05-17T18:16:22,0016c001f10c2ef6,6.8,2.8,4.0,0.0,7809,702,7107,9.0,0.4,0.48,0.45,413651363,2212919102,4015,42611,1.2,234.5,3.1,2.0,79,61,4,3,0,0,0,0.0,0,0,0,0,0,0
258.0,2026-05-17T18:16:22,0016c001f10c2ef6,7.9,1.7,5.6,0.6,7809,702,7107,9.0,0.4,0.48,0.45,413654553,2212930911,3190,11809,1.2,234.5,3.1,2.0,79,61,0,0,0,0,0,0.0,0,0,0,0,0,0
258.4,2026-05-17T18:16:22,0016c001f10c2ef6,8.0,5.1,2.8,0.0,7809,702,7107,9.0,0.4,0.48,0.45,413657847,2212943403,3294,12492,1.2,234.5,3.1,2.0,79,61,0,0,0,0,0,0.0,0,0,0,0,0,0
258.8,2026-05-17T18:16:23,0016c001f10c2ef6,7.0,3.5,3.5,0.0,7809,703,7106,9.0,0.4,0.48,0.45,413660985,2212955212,3138,11809,1.2,234.5,3.1,2.0,79,61,0,0,0,0,0,0.0,0,0,0,0,0,0
259.2,2026-05-17T18:16:23,0016c001f10c2ef6,6.8,1.7,5.1,0.0,7809,702,7107,9.0,0.36,0.47,0.45,413664121,2212968518,3136,13306,1.2,234.5,3.1,2.0,79,61,0,0,0,0,0,0.0,0,0,0,0,0,0
259.7,2026-05-17T18:16:24,0016c001f10c2ef6,7.3,3.4,4.0,0.0,7809,702,7107,9.0,0.36,0.47,0.45,413668084,2213011129,3963,42611,1.2,234.5,3.1,2.0,79,61,0,0,0,0,0,0.0,0,0,0,0,0,0
260.1,2026-05-17T18:16:24,0016c001f10c2ef6,6.6,2.2,4.4,0.0,7809,703,7106,9.0,0.36,0.47,0.45,413671218,2213022938,3134,11809,1.2,234.5,3.1,2.0,79,61,0,0,0,0,0,0.0,0,0,0,0,0,0
260.5,2026-05-17T18:16:25,0016c001f10c2ef6,5.8,2.3,3.5,0.0,7809,703,7106,9.0,0.36,0.47,0.45,413674380,2213034833,3162,11895,1.2,234.5,3.1,2.0,79,61,0,0,0,0,0,0.0,0,0,0,0,0,0
261.0,2026-05-17T18:16:25,0016c001f10c2ef6,8.4,2.2,6.2,0.0,7809,702,7107,9.0,0.36,0.47,0.45,413677518,2213046642,3138,11809,1.2,234.5,3.1,2.0,79,61,0,0,0,0,0,0.0,0,0,0,0,0,0
261.4,2026-05-17T18:16:25,0016c001f10c2ef6,5.7,2.3,3.4,0.0,7809,703,7106,9.0,0.36,0.47,0.45,413681633,2213089253,4115,42611,1.2,234.5,3.1,2.0,79,61,0,0,0,0,0,0.0,0,0,0,0,0,0
261.8,2026-05-17T18:16:26,0016c001f10c2ef6,9.4,3.3,6.1,0.0,7809,703,7106,9.0,0.36,0.47,0.45,413685304,2213101062,3671,11809,1.2,234.5,3.1,2.0,79,61,0,0,0,0,0,0.0,0,0,0,0,0,0
262.3,2026-05-17T18:16:26,0016c001f10c2ef6,8.5,2.5,6.0,0.0,7809,702,7107,9.0,0.36,0.47,0.45,413688390,2213112937,3086,11875,1.2,234.5,3.1,2.0,79,61,0,0,0,0,0,0.0,0,0,0,0,0,0
262.8,2026-05-17T18:16:27,0016c001f10c2ef6,7.2,3.3,3.9,0.0,7809,703,7106,9.0,0.36,0.47,0.45,413691572,2213124878,3182,11941,1.2,234.5,3.1,2.0,79,61,0,0,0,0,0,0.0,0,0,0,0,0,0
263.2,2026-05-17T18:16:27,0016c001f10c2ef6,6.3,1.7,4.6,0.0,7809,703,7106,9.0,0.36,0.47,0.45,413694862,2213136687,3290,11809,1.2,234.5,3.1,2.0,79,61,0,0,0,0,0,0.0,0,0,0,0,0,0
263.6,2026-05-17T18:16:28,0016c001f10c2ef6,6.3,2.3,4.0,0.0,7809,702,7107,9.0,0.36,0.47,0.45,413698725,2213179298,3863,42611,1.2,234.5,3.1,2.0,79,61,0,0,0,0,0,0.0,0,0,0,0,0,0
264.1,2026-05-17T18:16:28,0016c001f10c2ef6,6.4,2.3,4.1,0.0,7809,702,7107,9.0,0.36,0.47,0.45,413701911,2213191107,3186,11809,1.2,234.5,3.1,2.0,79,61,0,0,0,0,0,0.0,0,0,0,0,0,0
264.5,2026-05-17T18:16:29,0016c001f10c2ef6,15.8,2.9,12.9,0.0,7809,700,7109,9.0,0.42,0.48,0.45,413705001,2213202916,3090,11809,1.2,234.5,3.1,2.0,79,61,0,0,0,0,0,0.0,0,0,0,0,0,0
264.9,2026-05-17T18:16:29,0016c001f10c2ef6,20.0,2.4,17.6,0.0,7809,702,7107,9.0,0.42,0.48,0.45,413708239,2213214725,3238,11809,1.2,234.5,3.1,2.0,79,61,0,0,0,0,0,0.0,0,0,0,0,0,0
265.4,2026-05-17T18:16:29,0016c001f10c2ef6,20.1,3.4,16.7,0.0,7809,703,7106,9.0,0.42,0.48,0.45,413712410,2213257336,4171,42611,1.2,234.5,3.1,2.0,79,61,0,0,0,0,0,0.0,0,0,0,0,0,0
265.8,2026-05-17T18:16:30,0016c001f10c2ef6,16.4,2.8,13.6,0.0,7809,703,7106,9.0,0.42,0.48,0.45,413715500,2213269145,3090,11809,1.2,234.5,3.1,2.0,79,61,0,0,0,0,0,0.0,0,0,0,0,0,0
266.2,2026-05-17T18:16:30,0016c001f10c2ef6,6.9,2.3,4.6,0.0,7809,703,7106,9.0,0.42,0.48,0.45,413718790,2213280954,3290,11809,1.2,234.5,3.1,2.0,79,61,0,0,0,0,0,0.0,0,0,0,0,0,0
266.7,2026-05-17T18:16:31,0016c001f10c2ef6,6.7,1.7,5.0,0.0,7809,703,7106,9.0,0.42,0.48,0.45,413721932,2213292763,3142,11809,1.2,234.5,3.1,2.0,79,61,0,0,0,0,0,0.0,0,0,0,0,0,0
267.1,2026-05-17T18:16:31,0016c001f10c2ef6,7.3,2.3,5.1,0.0,7809,703,7106,9.0,0.42,0.48,0.45,413725222,2213304572,3290,11809,1.2,234.5,3.1,2.0,79,61,0,0,0,0,0,0.0,0,0,0,0,0,0
267.6,2026-05-17T18:16:32,0016c001f10c2ef6,11.3,3.4,7.4,0.5,7809,702,7107,9.0,0.42,0.48,0.45,413729341,2213347932,4119,43360,1.2,234.5,3.1,2.0,79,61,0,0,0,0,0,0.0,0,0,0,0,0,0
268.0,2026-05-17T18:16:32,0016c001f10c2ef6,7.5,2.9,4.6,0.0,7809,701,7108,9.0,0.42,0.48,0.45,413732425,2213361303,3084,13371,1.2,234.5,3.1,2.0,79,61,0,0,0,0,0,0.0,0,0,0,0,0,0
268.5,2026-05-17T18:16:33,0016c001f10c2ef6,6.7,2.6,4.1,0.0,7809,702,7107,9.0,0.42,0.48,0.45,413735563,2213373795,3138,12492,1.2,234.5,3.1,2.0,79,61,0,0,0,0,0,0.0,0,0,0,0,0,0
269.0,2026-05-17T18:16:33,0016c001f10c2ef6,7.1,2.2,4.9,0.0,7809,704,7105,9.0,0.46,0.49,0.46,413738643,2213387186,3080,13391,1.2,234.5,3.1,2.0,79,61,0,0,0,0,0,0.0,0,0,0,0,0,0
269.4,2026-05-17T18:16:33,0016c001f10c2ef6,7.7,4.2,3.6,0.0,7809,703,7106,9.0,0.46,0.49,0.46,413742242,2213413887,3599,26701,1.2,234.5,3.1,2.0,79,61,0,0,0,0,0,0.0,0,0,0,0,0,0
269.8,2026-05-17T18:16:34,0016c001f10c2ef6,5.3,2.1,3.2,0.0,7809,702,7107,9.0,0.46,0.49,0.46,413745536,2213441606,3294,27719,1.2,234.5,3.1,2.0,79,61,0,0,0,0,0,0.0,0,0,0,0,0,0
270.3,2026-05-17T18:16:34,0016c001f10c2ef6,6.9,2.3,4.6,0.0,7809,702,7107,9.0,0.46,0.49,0.46,413748570,2213453415,3034,11809,1.2,234.5,3.1,2.0,79,61,0,0,0,0,0,0.0,0,0,0,0,0,0
270.7,2026-05-17T18:16:35,0016c001f10c2ef6,6.9,2.9,4.0,0.0,7809,702,7107,9.0,0.46,0.49,0.46,413751604,2213465224,3034,11809,1.2,234.5,3.1,2.0,79,61,0,0,0,0,0,0.0,0,0,0,0,0,0
271.1,2026-05-17T18:16:35,0016c001f10c2ef6,5.3,1.2,4.1,0.0,7809,702,7107,9.0,0.46,0.49,0.46,413754710,2213477111,3106,11887,1.2,234.5,3.1,2.0,79,61,0,0,0,0,0,0.0,0,0,0,0,0,0
271.5,2026-05-17T18:16:36,0016c001f10c2ef6,6.9,2.3,4.6,0.0,7809,701,7108,9.0,0.46,0.49,0.46,413759102,2213519722,4392,42611,1.2,234.5,3.1,2.0,79,61,0,0,0,0,0,0.0,0,0,0,0,0,0
271.9,2026-05-17T18:16:36,0016c001f10c2ef6,7.7,2.4,5.3,0.0,7809,701,7108,9.0,0.46,0.49,0.46,413762136,2213531531,3034,11809,1.2,234.5,3.1,2.0,79,61,0,0,0,0,0,0.0,0,0,0,0,0,0
272.4,2026-05-17T18:16:36,0016c001f10c2ef6,8.9,3.9,5.0,0.0,7809,701,7108,9.0,0.46,0.49,0.46,413765426,2213543340,3290,11809,1.2,234.5,3.1,2.0,79,61,0,0,0,0,0,0.0,0,0,0,0,0,0
272.9,2026-05-17T18:16:37,0016c001f10c2ef6,8.3,2.4,5.8,0.0,7809,701,7108,9.0,0.46,0.49,0.46,413768412,2213555215,2986,11875,1.2,234.5,3.1,2.0,79,61,0,0,0,0,0,0.0,0,0,0,0,0,0
273.3,2026-05-17T18:16:37,0016c001f10c2ef6,7.3,2.8,4.5,0.0,7809,702,7107,9.0,0.46,0.49,0.46,413771446,2213567024,3034,11809,1.2,234.5,3.1,2.0,79,61,0,0,0,0,0,0.0,0,0,0,0,0,0
273.7,2026-05-17T18:16:38,0016c001f10c2ef6,7.6,1.8,5.9,0.0,7809,702,7107,9.0,0.46,0.49,0.46,413775357,2213609635,3911,42611,1.2,234.5,3.1,2.0,79,61,0,0,0,0,0,0.0,0,0,0,0,0,0
274.2,2026-05-17T18:16:38,0016c001f10c2ef6,8.0,3.4,4.5,0.0,7809,702,7107,9.0,0.43,0.48,0.45,413778495,2213621444,3138,11809,1.2,234.5,3.1,2.0,79,61,0,0,0,0,0,0.0,0,0,0,0,0,0
274.6,2026-05-17T18:16:39,0016c001f10c2ef6,6.0,1.6,4.4,0.0,7809,702,7107,9.0,0.43,0.48,0.45,413781581,2213633253,3086,11809,1.2,234.5,3.1,2.0,79,61,0,0,0,0,0,0.0,0,0,0,0,0,0
275.1,2026-05-17T18:16:39,0016c001f10c2ef6,5.0,1.5,3.5,0.0,7809,702,7107,9.0,0.43,0.48,0.45,413784667,2213645062,3086,11809,1.2,234.5,3.1,2.0,79,61,0,0,0,0,0,0.0,0,0,0,0,0,0
275.5,2026-05-17T18:16:40,0016c001f10c2ef6,6.4,2.9,3.5,0.0,7809,702,7107,9.0,0.43,0.48,0.45,413788578,2213687673,3911,42611,1.2,234.5,3.1,2.0,79,61,0,0,0,0,0,0.0,0,0,0,0,0,0
276.0,2026-05-17T18:16:40,0016c001f10c2ef6,15.9,1.8,14.1,0.0,7809,702,7107,9.0,0.43,0.48,0.45,413791844,2213699638,3266,11965,1.2,234.5,3.1,2.0,79,61,0,0,0,0,0,0.0,0,0,0,0,0,0
276.4,2026-05-17T18:16:40,0016c001f10c2ef6,19.0,2.4,16.7,0.0,7809,702,7107,9.0,0.43,0.48,0.45,413794976,2213711513,3132,11875,1.2,234.5,3.1,2.0,79,61,0,0,0,0,0,0.0,0,0,0,0,0,0
276.8,2026-05-17T18:16:41,0016c001f10c2ef6,20.8,3.5,17.3,0.0,7809,702,7107,9.0,0.43,0.48,0.45,413798062,2213723322,3086,11809,1.2,234.5,3.1,2.0,79,61,0,0,0,0,0,0.0,0,0,0,0,0,0
277.3,2026-05-17T18:16:41,0016c001f10c2ef6,15.1,2.2,13.0,0.0,7809,702,7107,9.0,0.43,0.48,0.45,413801148,2213735131,3086,11809,1.2,234.5,3.1,2.0,79,61,0,0,0,0,0,0.0,0,0,0,0,0,0
277.7,2026-05-17T18:16:42,0016c001f10c2ef6,12.0,5.5,6.0,0.5,7809,702,7107,9.0,0.43,0.48,0.45,413805517,2213781606,4369,46475,1.2,234.5,3.1,2.0,79,61,0,0,0,0,0,0.0,0,0,0,0,0,0
278.2,2026-05-17T18:16:42,0016c001f10c2ef6,13.3,7.6,5.7,0.0,7809,701,7108,9.0,0.43,0.48,0.45,413808503,2213793481,2986,11875,1.2,234.5,3.1,2.0,79,61,0,0,0,0,0,0.0,0,0,0,0,0,0
278.7,2026-05-17T18:16:43,0016c001f10c2ef6,6.5,2.2,4.3,0.0,7809,702,7107,9.0,0.39,0.47,0.45,413811709,2213805368,3206,11887,1.2,234.5,3.1,2.0,79,61,0,0,0,0,0,0.0,0,0,0,0,0,0
279.1,2026-05-17T18:16:43,0016c001f10c2ef6,6.2,2.8,3.4,0.0,7809,702,7107,9.0,0.39,0.47,0.45,413814695,2213817177,2986,11809,1.2,234.5,3.1,2.0,79,61,0,0,0,0,0,0.0,0,0,0,0,0,0
279.6,2026-05-17T18:16:44,0016c001f10c2ef6,5.8,1.8,4.1,0.0,7809,703,7106,9.0,0.39,0.47,0.45,413818498,2213859869,3803,42692,1.2,234.5,3.1,2.0,79,61,0,0,0,0,0,0.0,0,0,0,0,0,0
280.0,2026-05-17T18:16:44,0016c001f10c2ef6,6.3,2.3,4.0,0.0,7809,702,7107,9.0,0.39,0.47,0.45,413821948,2213871678,3450,11809,1.2,234.5,3.1,2.0,79,61,0,0,0,0,0,0.0,0,0,0,0,0,0
280.4,2026-05-17T18:16:44,0016c001f10c2ef6,6.3,2.9,3.4,0.0,7809,702,7107,9.0,0.39,0.47,0.45,413824934,2213883487,2986,11809,1.2,234.5,3.1,2.0,79,61,0,0,0,0,0,0.0,0,0,0,0,0,0
280.8,2026-05-17T18:16:45,0016c001f10c2ef6,6.5,2.4,4.1,0.0,7809,701,7108,9.0,0.39,0.47,0.45,413827968,2213895296,3034,11809,1.2,234.5,3.1,2.0,79,61,0,0,0,0,0,0.0,0,0,0,0,0,0
281.3,2026-05-17T18:16:45,0016c001f10c2ef6,5.6,1.7,3.9,0.0,7809,701,7108,9.0,0.39,0.47,0.45,413831483,2213907105,3515,11809,1.2,234.5,3.1,2.0,79,61,0,0,0,0,0,0.0,0,0,0,0,0,0
281.7,2026-05-17T18:16:46,0016c001f10c2ef6,7.9,2.8,5.1,0.0,7809,701,7108,9.0,0.39,0.47,0.45,413835702,2213949797,4219,42692,1.2,234.5,3.1,2.0,79,61,0,0,0,0,0,0.0,0,0,0,0,0,0
282.1,2026-05-17T18:16:46,0016c001f10c2ef6,8.3,3.3,5.0,0.0,7809,702,7107,9.0,0.39,0.47,0.45,413838688,2213961606,2986,11809,1.2,234.5,3.1,2.0,79,61,0,0,0,0,0,0.0,0,0,0,0,0,0
282.6,2026-05-17T18:16:47,0016c001f10c2ef6,7.8,3.9,3.9,0.0,7809,701,7108,9.0,0.39,0.47,0.45,413841774,2213973415,3086,11809,1.2,234.5,3.1,2.0,79,61,0,0,0,0,0,0.0,0,0,0,0,0,0
283.0,2026-05-17T18:16:47,0016c001f10c2ef6,6.7,1.7,5.1,0.0,7809,701,7108,9.0,0.39,0.47,0.45,413845064,2213985224,3290,11809,1.2,234.5,3.1,2.0,79,61,0,0,0,0,0,0.0,0,0,0,0,0,0
283.5,2026-05-17T18:16:48,0016c001f10c2ef6,9.9,3.4,6.4,0.0,7809,701,7108,9.0,0.39,0.47,0.45,413848050,2213997099,2986,11875,1.2,234.5,3.1,2.0,79,61,0,0,0,0,0,0.0,0,0,0,0,0,0
283.9,2026-05-17T18:16:48,0016c001f10c2ef6,7.6,4.1,3.5,0.0,7809,701,7108,9.0,0.36,0.46,0.45,413851909,2214039791,3859,42692,1.2,234.5,3.1,2.0,79,61,0,0,0,0,0,0.0,0,0,0,0,0,0
284.3,2026-05-17T18:16:48,0016c001f10c2ef6,6.5,2.9,3.5,0.0,7809,701,7108,9.0,0.36,0.46,0.45,413854943,2214051600,3034,11809,1.2,234.5,3.1,2.0,79,61,0,0,0,0,0,0.0,0,0,0,0,0,0
284.8,2026-05-17T18:16:49,0016c001f10c2ef6,5.8,2.9,2.9,0.0,7809,702,7107,9.0,0.36,0.46,0.45,413858029,2214063409,3086,11809,1.2,234.5,3.1,2.0,79,61,0,0,0,0,0,0.0,0,0,0,0,0,0
285.2,2026-05-17T18:16:49,0016c001f10c2ef6,6.2,2.3,4.0,0.0,7809,702,7107,9.0,0.36,0.46,0.45,413861063,2214075218,3034,11809,1.2,234.5,3.1,2.0,79,61,0,0,0,0,0,0.0,0,0,0,0,0,0
285.6,2026-05-17T18:16:50,0016c001f10c2ef6,7.8,2.8,5.0,0.0,7809,702,7107,9.0,0.36,0.46,0.45,413864974,2214117910,3911,42692,1.2,234.5,3.1,2.0,79,61,0,0,0,0,0,0.0,0,0,0,0,0,0
286.1,2026-05-17T18:16:50,0016c001f10c2ef6,6.8,2.8,4.0,0.0,7809,702,7107,9.0,0.36,0.46,0.45,413868320,2214129719,3346,11809,1.2,234.5,3.1,2.0,79,61,0,0,0,0,0,0.0,0,0,0,0,0,0
286.5,2026-05-17T18:16:51,0016c001f10c2ef6,5.7,2.3,3.4,0.0,7809,702,7107,9.0,0.36,0.46,0.45,413871478,2214141606,3158,11887,1.2,234.5,3.1,2.0,79,61,0,0,0,0,0,0.0,0,0,0,0,0,0
286.9,2026-05-17T18:16:51,0016c001f10c2ef6,7.5,2.3,4.6,0.6,7809,702,7107,9.0,0.36,0.46,0.45,413874564,2214153415,3086,11809,1.2,234.5,3.1,2.0,83,65,4,4,0,0,0,0.0,0,0,0,0,0,0
287.4,2026-05-17T18:16:52,0016c001f10c2ef6,11.2,1.8,9.5,0.0,7809,702,7107,9.0,0.36,0.46,0.45,413877650,2214165224,3086,11809,1.2,234.5,3.1,2.0,83,65,0,0,0,0,0,0.0,0,0,0,0,0,0
287.8,2026-05-17T18:16:53,0016c001f10c2ef6,18.4,2.9,15.5,0.0,7809,702,7107,9.0,0.36,0.46,0.45,413881665,2214207916,4015,42692,1.2,234.5,3.1,2.0,83,65,0,0,0,0,0,0.0,0,0,0,0,0,0
288.2,2026-05-17T18:16:53,0016c001f10c2ef6,20.8,3.5,17.3,0.0,7809,702,7107,9.0,0.36,0.46,0.45,413884751,2214219725,3086,11809,1.2,234.5,3.1,2.0,83,65,0,0,0,0,0,0.0,0,0,0,0,0,0
288.7,2026-05-17T18:16:54,0016c001f10c2ef6,18.4,2.8,15.6,0.0,7809,702,7107,9.0,0.49,0.49,0.46,413887993,2214231600,3242,11875,1.2,234.5,3.1,2.0,83,65,0,0,0,0,0,0.0,0,0,0,0,0,0
289.1,2026-05-17T18:16:54,0016c001f10c2ef6,5.4,2.2,3.3,0.0,7809,703,7106,9.0,0.49,0.49,0.46,413891079,2214243409,3086,11809,1.2,234.5,3.1,2.0,83,65,0,0,0,0,0,0.0,0,0,0,0,0,0
289.6,2026-05-17T18:16:55,0016c001f10c2ef6,5.0,2.8,2.2,0.0,7809,701,7108,9.0,0.49,0.49,0.46,413894269,2214255218,3190,11809,1.2,234.5,3.1,2.0,83,65,0,0,0,0,0,0.0,0,0,0,0,0,0
290.0,2026-05-17T18:16:55,0016c001f10c2ef6,7.7,3.3,4.4,0.0,7809,703,7106,9.0,0.49,0.49,0.46,413898280,2214297910,4011,42692,1.2,234.5,3.1,2.0,83,65,0,0,0,0,0,0.0,0,0,0,0,0,0
290.5,2026-05-17T18:16:55,0016c001f10c2ef6,5.7,1.7,4.0,0.0,7809,702,7107,9.0,0.49,0.49,0.46,413901370,2214310402,3090,12492,1.2,234.5,3.1,2.0,83,65,0,0,0,0,0,0.0,0,0,0,0,0,0
290.9,2026-05-17T18:16:56,0016c001f10c2ef6,6.4,2.9,3.5,0.0,7809,702,7107,9.0,0.49,0.49,0.46,413904404,2214322211,3034,11809,1.2,234.5,3.1,2.0,83,65,0,0,0,0,0,0.0,0,0,0,0,0,0
291.3,2026-05-17T18:16:56,0016c001f10c2ef6,5.6,2.2,3.4,0.0,7809,702,7107,9.0,0.49,0.49,0.46,413907913,2214335602,3509,13391,1.2,234.5,3.1,2.0,83,65,0,0,0,0,0,0.0,0,0,0,0,0,0
291.8,2026-05-17T18:16:57,0016c001f10c2ef6,7.1,3.3,3.8,0.0,7809,702,7107,9.0,0.49,0.49,0.46,413911824,2214378294,3911,42692,1.2,234.5,3.1,2.0,83,65,0,0,0,0,0,0.0,0,0,0,0,0,0
292.2,2026-05-17T18:16:57,0016c001f10c2ef6,7.0,2.9,4.1,0.0,7809,702,7107,9.0,0.49,0.49,0.46,413914806,2214390103,2982,11809,1.2,234.5,3.1,2.0,83,65,0,0,0,0,0,0.0,0,0,0,0,0,0
292.7,2026-05-17T18:16:58,0016c001f10c2ef6,5.9,2.7,3.2,0.0,7809,702,7107,9.0,0.49,0.49,0.46,413917944,2214401912,3138,11809,1.2,234.5,3.1,2.0,83,65,0,0,0,0,0,0.0,0,0,0,0,0,0
293.1,2026-05-17T18:16:58,0016c001f10c2ef6,5.2,2.3,2.9,0.0,7809,702,7107,9.0,0.49,0.49,0.46,413921130,2214413721,3186,11809,1.2,234.5,3.1,2.0,83,65,0,0,0,0,0,0.0,0,0,0,0,0,0
293.6,2026-05-17T18:16:58,0016c001f10c2ef6,9.4,4.2,5.2,0.0,7809,702,7107,9.0,0.61,0.51,0.46,413924116,2214425596,2986,11875,1.2,234.5,3.1,2.0,83,65,0,0,0,0,0,0.0,0,0,0,0,0,0
294.0,2026-05-17T18:16:59,0016c001f10c2ef6,8.1,3.5,4.7,0.0,7809,702,7107,9.0,0.61,0.51,0.46,413928027,2214468288,3911,42692,1.2,234.5,3.1,2.0,83,65,0,0,0,0,0,0.0,0,0,0,0,0,0
294.4,2026-05-17T18:16:59,0016c001f10c2ef6,6.5,3.0,3.6,0.0,7809,701,7108,9.0,0.61,0.51,0.46,413931133,2214480175,3106,11887,1.2,234.5,3.1,2.0,83,65,0,0,0,0,0,0.0,0,0,0,0,0,0
294.8,2026-05-17T18:17:00,0016c001f10c2ef6,7.4,2.3,5.1,0.0,7809,701,7108,9.0,0.61,0.51,0.46,413934167,2214491984,3034,11809,1.2,234.5,3.1,2.0,83,65,0,0,0,0,0,0.0,0,0,0,0,0,0
295.2,2026-05-17T18:17:00,0016c001f10c2ef6,6.4,1.8,4.7,0.0,7809,701,7108,9.0,0.61,0.51,0.46,413937201,2214503793,3034,11809,1.2,234.5,3.1,2.0,83,65,0,0,0,0,0,0.0,0,0,0,0,0,0
295.7,2026-05-17T18:17:01,0016c001f10c2ef6,9.1,3.4,5.7,0.0,7809,702,7107,9.0,0.61,0.51,0.46,413940339,2214515602,3138,11809,1.2,234.5,3.1,2.0,83,65,0,0,0,0,0,0.0,0,0,0,0,0,0
296.1,2026-05-17T18:17:01,0016c001f10c2ef6,8.0,4.0,4.0,0.0,7809,701,7108,9.0,0.61,0.51,0.46,413944250,2214558294,3911,42692,1.2,234.5,3.1,2.0,83,65,0,0,0,0,0,0.0,0,0,0,0,0,0
296.5,2026-05-17T18:17:01,0016c001f10c2ef6,6.2,2.3,4.0,0.0,7809,703,7106,9.0,0.61,0.51,0.46,413947284,2214570103,3034,11809,1.2,234.5,3.1,2.0,83,65,0,0,0,0,0,0.0,0,0,0,0,0,0
296.9,2026-05-17T18:17:02,0016c001f10c2ef6,6.3,2.3,4.0,0.0,7809,702,7107,9.0,0.61,0.51,0.46,413950318,2214581912,3034,11809,1.2,234.5,3.1,2.0,83,65,0,0,0,0,0,0.0,0,0,0,0,0,0
297.4,2026-05-17T18:17:02,0016c001f10c2ef6,7.5,1.7,5.2,0.6,7809,702,7107,9.0,0.61,0.51,0.46,413953352,2214593721,3034,11809,1.2,234.5,3.1,2.0,83,65,0,0,0,0,0,0.0,0,0,0,0,0,0
297.8,2026-05-17T18:17:03,0016c001f10c2ef6,5.8,1.7,4.0,0.0,7809,701,7108,9.0,0.61,0.51,0.46,413956386,2214605530,3034,11809,1.2,234.5,3.1,2.0,83,65,0,0,0,0,0,0.0,0,0,0,0,0,0
298.2,2026-05-17T18:17:03,0016c001f10c2ef6,8.1,3.5,4.6,0.0,7809,703,7106,9.0,0.56,0.5,0.46,413960501,2214648222,4115,42692,1.2,234.5,3.1,2.0,83,65,0,0,0,0,0,0.0,0,0,0,0,0,0
298.7,2026-05-17T18:17:04,0016c001f10c2ef6,15.2,3.9,10.3,1.0,7809,702,7107,9.0,0.56,0.5,0.46,413963591,2214660097,3090,11875,1.2,234.5,3.1,2.0,83,65,0,0,0,0,0,0.0,0,0,0,0,0,0
299.2,2026-05-17T18:17:04,0016c001f10c2ef6,19.1,1.7,17.3,0.0,7809,702,7107,9.0,0.56,0.5,0.46,413966697,2214671992,3106,11895,1.2,234.5,3.1,2.0,83,65,0,0,0,0,0,0.0,0,0,0,0,0,0
299.6,2026-05-17T18:17:05,0016c001f10c2ef6,18.9,0.6,18.3,0.0,7809,702,7107,9.0,0.56,0.5,0.46,413969731,2214683801,3034,11809,1.2,234.5,3.1,2.0,83,65,0,0,0,0,0,0.0,0,0,0,0,0,0
300.0,2026-05-17T18:17:05,0016c001f10c2ef6,19.4,2.4,17.1,0.0,7809,703,7106,9.0,0.56,0.5,0.46,413973850,2214726493,4119,42692,1.2,234.5,3.1,2.0,83,65,0,0,0,0,0,0.0,0,0,0,0,0,0
300.5,2026-05-17T18:17:05,0016c001f10c2ef6,8.6,2.3,6.3,0.0,7809,703,7106,9.0,0.56,0.5,0.46,413976936,2214738985,3086,12492,1.2,234.5,3.1,2.0,83,65,0,0,0,0,0,0.0,0,0,0,0,0,0
300.9,2026-05-17T18:17:06,0016c001f10c2ef6,7.2,3.0,3.6,0.6,7809,703,7106,9.0,0.56,0.5,0.46,413980399,2214750794,3463,11809,1.2,234.5,3.1,2.0,83,65,0,0,0,0,0,0.0,0,0,0,0,0,0
301.3,2026-05-17T18:17:06,0016c001f10c2ef6,6.1,3.3,2.8,0.0,7809,702,7107,9.0,0.56,0.5,0.46,413983631,2214764169,3232,13375,1.2,234.5,3.1,2.0,83,65,0,0,0,0,0,0.0,0,0,0,0,0,0
301.7,2026-05-17T18:17:07,0016c001f10c2ef6,7.3,2.8,4.5,0.0,7809,702,7107,9.0,0.56,0.5,0.46,413986617,2214775978,2986,11809,1.2,234.5,3.1,2.0,83,65,0,0,0,0,0,0.0,0,0,0,0,0,0
302.2,2026-05-17T18:17:07,0016c001f10c2ef6,7.1,3.0,4.0,0.0,7809,701,7108,9.0,0.56,0.5,0.46,413990632,2214818670,4015,42692,1.2,234.5,3.1,2.0,83,65,0,0,0,0,0,0.0,0,0,0,0,0,0
302.7,2026-05-17T18:17:08,0016c001f10c2ef6,6.8,2.8,4.0,0.0,7809,701,7108,9.0,0.56,0.5,0.46,413993718,2214830479,3086,11809,1.2,234.5,3.1,2.0,83,65,0,0,0,0,0,0.0,0,0,0,0,0,0
303.1,2026-05-17T18:17:08,0016c001f10c2ef6,6.4,2.9,3.5,0.0,7809,701,7108,9.0,0.52,0.5,0.46,413996804,2214842288,3086,11809,1.2,234.5,3.1,2.0,83,65,0,0,0,0,0,0.0,0,0,0,0,0,0
303.5,2026-05-17T18:17:08,0016c001f10c2ef6,6.1,1.7,4.4,0.0,7809,702,7107,9.0,0.52,0.5,0.46,414000042,2214854097,3238,11809,1.2,234.5,3.1,2.0,83,65,0,0,0,0,0,0.0,0,0,0,0,0,0
304.0,2026-05-17T18:17:09,0016c001f10c2ef6,8.6,3.0,5.6,0.0,7809,702,7107,9.0,0.52,0.5,0.46,414004109,2214896855,4067,42758,1.2,234.5,3.1,2.0,83,65,0,0,0,0,0,0.0,0,0,0,0,0,0
304.5,2026-05-17T18:17:09,0016c001f10c2ef6,10.6,4.5,6.1,0.0,7809,702,7107,9.0,0.52,0.5,0.46,414007299,2214908730,3190,11875,1.2,234.5,3.1,2.0,83,65,0,0,0,0,0,0.0,0,0,0,0,0,0
305.0,2026-05-17T18:17:10,0016c001f10c2ef6,11.8,4.3,7.0,0.5,7809,702,7107,9.0,0.52,0.5,0.46,414010441,2214920539,3142,11809,1.2,234.5,3.1,2.0,83,65,0,0,0,0,0,0.0,0,0,0,0,0,0
305.4,2026-05-17T18:17:10,0016c001f10c2ef6,6.2,2.2,3.9,0.0,7809,702,7107,9.0,0.52,0.5,0.46,414013603,2214932504,3162,11965,1.2,234.5,3.1,2.0,83,65,0,0,0,0,0,0.0,0,0,0,0,0,0
305.8,2026-05-17T18:17:11,0016c001f10c2ef6,6.9,2.3,4.6,0.0,7809,702,7107,9.0,0.52,0.5,0.46,414016689,2214944313,3086,11809,1.2,234.5,3.1,2.0,83,65,0,0,0,0,0,0.0,0,0,0,0,0,0
306.3,2026-05-17T18:17:11,0016c001f10c2ef6,7.9,2.3,5.1,0.6,7809,703,7106,9.0,0.52,0.5,0.46,414020700,2214987005,4011,42692,1.2,234.5,3.1,2.0,83,65,0,0,0,0,0,0.0,0,0,0,0,0,0
306.7,2026-05-17T18:17:12,0016c001f10c2ef6,6.3,3.4,2.9,0.0,7809,702,7107,9.0,0.52,0.5,0.46,414023778,2214998946,3078,11941,1.2,234.5,3.1,2.0,83,65,0,0,0,0,0,0.0,0,0,0,0,0,0
307.1,2026-05-17T18:17:12,0016c001f10c2ef6,6.4,2.3,4.0,0.0,7809,701,7108,9.0,0.52,0.5,0.46,414026916,2215010755,3138,11809,1.2,234.5,3.1,2.0,83,65,0,0,0,0,0,0.0,0,0,0,0,0,0
307.5,2026-05-17T18:17:12,0016c001f10c2ef6,8.0,4.0,4.0,0.0,7809,701,7108,9.0,0.52,0.5,0.46,414030002,2215022564,3086,11809,1.2,234.5,3.1,2.0,83,65,0,0,0,0,0,0.0,0,0,0,0,0,0
308.0,2026-05-17T18:17:13,0016c001f10c2ef6,5.8,1.7,4.1,0.0,7809,701,7108,9.0,0.48,0.49,0.46,414033649,2215034373,3647,11809,1.2,234.5,3.1,2.0,83,65,0,0,0,0,0,0.0,0,0,0,0,0,0
308.4,2026-05-17T18:17:13,0016c001f10c2ef6,7.5,3.5,4.0,0.0,7809,701,7108,9.0,0.48,0.49,0.46,414037103,2215077065,3454,42692,1.2,234.5,3.1,2.0,83,65,0,0,0,0,0,0.0,0,0,0,0,0,0
308.8,2026-05-17T18:17:14,0016c001f10c2ef6,6.2,3.4,2.8,0.0,7809,703,7106,9.0,0.48,0.49,0.46,414040189,2215088874,3086,11809,1.2,234.5,3.1,2.0,83,65,0,0,0,0,0,0.0,0,0,0,0,0,0
309.3,2026-05-17T18:17:14,0016c001f10c2ef6,8.0,2.3,5.7,0.0,7809,703,7106,9.0,0.48,0.49,0.46,414043375,2215100683,3186,11809,1.2,234.5,3.1,2.0,83,65,0,0,0,0,0,0.0,0,0,0,0,0,0
309.7,2026-05-17T18:17:15,0016c001f10c2ef6,8.2,4.1,4.1,0.0,7809,702,7107,9.0,0.48,0.49,0.46,414046361,2215112558,2986,11875,1.2,234.5,3.1,2.0,83,65,0,0,0,0,0,0.0,0,0,0,0,0,0
310.2,2026-05-17T18:17:15,0016c001f10c2ef6,9.2,2.3,6.9,0.0,7809,703,7106,9.0,0.48,0.49,0.46,414050396,2215155328,4035,42770,1.2,234.4,3.1,2.0,83,65,0,0,0,0,0,0.0,0,0,0,0,0,0
310.6,2026-05-17T18:17:16,0016c001f10c2ef6,24.6,5.8,18.1,0.6,7809,703,7106,9.0,0.48,0.49,0.46,414054015,2215168930,3619,13602,1.2,234.4,3.1,2.0,83,65,0,0,0,0,0,0.0,0,0,0,0,0,0
311.0,2026-05-17T18:17:16,0016c001f10c2ef6,21.1,3.4,17.7,0.0,7809,703,7106,9.0,0.48,0.49,0.46,414057147,2215182702,3132,13772,1.2,234.4,3.1,2.0,83,65,0,0,0,0,0,0.0,0,0,0,0,0,0
311.5,2026-05-17T18:17:16,0016c001f10c2ef6,19.5,2.3,17.2,0.0,7809,703,7106,9.0,0.48,0.49,0.46,414060233,2215194511,3086,11809,1.2,234.4,3.1,2.0,83,65,0,0,0,0,0,0.0,0,0,0,0,0,0
311.9,2026-05-17T18:17:17,0016c001f10c2ef6,8.1,1.6,6.5,0.0,7809,702,7107,9.0,0.48,0.49,0.46,414063267,2215206320,3034,11809,1.2,234.4,3.1,2.0,83,65,0,0,0,0,0,0.0,0,0,0,0,0,0
312.4,2026-05-17T18:17:17,0016c001f10c2ef6,7.3,3.4,3.9,0.0,7809,701,7108,9.0,0.48,0.49,0.46,414067382,2215249093,4115,42773,1.2,234.4,3.1,2.0,83,65,0,0,0,0,0,0.0,0,0,0,0,0,0
312.8,2026-05-17T18:17:18,0016c001f10c2ef6,6.2,2.8,3.4,0.0,7809,701,7108,9.0,0.48,0.49,0.46,414070420,2215260902,3038,11809,1.2,234.4,3.1,2.0,83,65,0,0,0,0,0,0.0,0,0,0,0,0,0
313.2,2026-05-17T18:17:18,0016c001f10c2ef6,7.8,2.8,5.0,0.0,7809,701,7108,9.0,0.44,0.48,0.45,414073558,2215272711,3138,11809,1.2,234.4,3.1,2.0,83,65,0,0,0,0,0,0.0,0,0,0,0,0,0
313.7,2026-05-17T18:17:19,0016c001f10c2ef6,5.2,1.7,3.5,0.0,7809,701,7108,9.0,0.44,0.48,0.45,414076592,2215284520,3034,11809,1.2,234.4,3.1,2.0,83,65,0,0,0,0,0,0.0,0,0,0,0,0,0
314.1,2026-05-17T18:17:19,0016c001f10c2ef6,5.2,2.3,2.9,0.0,7809,703,7106,9.0,0.44,0.48,0.45,414080555,2215327293,3963,42773,1.2,234.4,3.1,2.0,83,65,0,0,0,0,0,0.0,0,0,0,0,0,0
314.5,2026-05-17T18:17:19,0016c001f10c2ef6,5.3,2.4,3.0,0.0,7809,702,7107,9.0,0.44,0.48,0.45,414083845,2215339102,3290,11809,1.2,234.4,3.1,2.0,83,65,0,0,0,0,0,0.0,0,0,0,0,0,0
315.0,2026-05-17T18:17:20,0016c001f10c2ef6,9.8,4.9,4.9,0.0,7809,703,7106,9.0,0.44,0.48,0.45,414086831,2215350977,2986,11875,1.2,234.4,3.1,2.0,83,65,0,0,0,0,0,0.0,0,0,0,0,0,0
315.4,2026-05-17T18:17:20,0016c001f10c2ef6,5.2,1.2,4.1,0.0,7809,702,7107,9.0,0.44,0.48,0.45,414089865,2215362786,3034,11809,1.2,234.4,3.1,2.0,83,65,0,0,0,0,0,0.0,0,0,0,0,0,0
315.9,2026-05-17T18:17:21,0016c001f10c2ef6,6.4,2.3,4.0,0.0,7809,702,7107,9.0,0.44,0.48,0.45,414093003,2215374595,3138,11809,1.2,234.4,3.1,2.0,86,68,3,3,0,0,0,0.0,0,0,0,0,0,0
316.3,2026-05-17T18:17:21,0016c001f10c2ef6,7.8,3.4,4.5,0.0,7809,702,7107,9.0,0.44,0.48,0.45,414097018,2215417368,4015,42773,1.2,234.4,3.1,2.0,86,68,0,0,0,0,0,0.0,0,0,0,0,0,0
316.7,2026-05-17T18:17:22,0016c001f10c2ef6,5.8,2.3,3.5,0.0,7809,702,7107,9.0,0.44,0.48,0.45,414100052,2215429177,3034,11809,1.2,234.4,3.1,2.0,86,68,0,0,0,0,0,0.0,0,0,0,0,0,0
317.2,2026-05-17T18:17:22,0016c001f10c2ef6,5.8,1.7,4.1,0.0,7809,702,7107,9.0,0.44,0.48,0.45,414103190,2215440986,3138,11809,1.2,234.4,3.1,2.0,86,68,0,0,0,0,0,0.0,0,0,0,0,0,0
317.6,2026-05-17T18:17:23,0016c001f10c2ef6,6.8,1.7,5.1,0.0,7809,702,7107,9.0,0.44,0.48,0.45,414106224,2215452795,3034,11809,1.2,234.4,3.1,2.0,86,68,0,0,0,0,0,0.0,0,0,0,0,0,0
318.0,2026-05-17T18:17:23,0016c001f10c2ef6,6.5,1.8,4.7,0.0,7809,702,7107,9.0,0.4,0.47,0.45,414109330,2215464682,3106,11887,1.2,234.4,3.1,2.0,86,68,0,0,0,0,0,0.0,0,0,0,0,0,0
318.4,2026-05-17T18:17:23,0016c001f10c2ef6,7.0,2.9,4.1,0.0,7809,702,7107,9.0,0.4,0.47,0.45,414113397,2215507455,4067,42773,1.2,234.4,3.1,2.0,86,68,0,0,0,0,0,0.0,0,0,0,0,0,0
318.9,2026-05-17T18:17:24,0016c001f10c2ef6,6.4,2.3,4.1,0.0,7809,702,7107,9.0,0.4,0.47,0.45,414116531,2215519264,3134,11809,1.2,234.4,3.1,2.0,86,68,0,0,0,0,0,0.0,0,0,0,0,0,0
319.3,2026-05-17T18:17:24,0016c001f10c2ef6,5.8,1.8,4.1,0.0,7809,702,7107,9.0,0.4,0.47,0.45,414119569,2215531073,3038,11809,1.2,234.4,3.1,2.0,86,68,0,0,0,0,0,0.0,0,0,0,0,0,0
319.7,2026-05-17T18:17:25,0016c001f10c2ef6,7.0,2.3,4.1,0.6,7809,702,7107,9.0,0.4,0.47,0.45,414122755,2215542882,3186,11809,1.2,234.4,3.1,2.0,86,68,0,0,0,0,0,0.0,0,0,0,0,0,0
320.2,2026-05-17T18:17:26,0016c001f10c2ef6,11.1,3.9,7.2,0.0,7809,700,7109,9.0,0.4,0.47,0.45,414127349,2215585787,4594,42905,1.2,234.4,3.1,2.0,86,68,0,0,0,0,0,0.0,0,0,0,0,0,0
320.7,2026-05-17T18:17:26,0016c001f10c2ef6,13.4,6.0,7.5,0.0,7809,700,7109,9.0,0.4,0.47,0.45,414130585,2215599927,3236,14140,1.2,234.4,3.1,2.0,86,68,0,0,0,0,0,0.0,0,0,0,0,0,0
321.2,2026-05-17T18:17:27,0016c001f10c2ef6,9.6,3.6,6.1,0.0,7809,702,7107,9.0,0.4,0.47,0.45,414133775,2215611802,3190,11875,1.2,234.4,3.1,2.0,86,68,0,0,0,0,0,0.0,0,0,0,0,0,0
321.7,2026-05-17T18:17:27,0016c001f10c2ef6,12.3,3.0,9.4,0.0,7809,702,7107,9.0,0.4,0.47,0.45,414136865,2215623677,3090,11875,1.2,234.4,3.1,2.0,86,68,0,0,0,0,0,0.0,0,0,0,0,0,0
322.1,2026-05-17T18:17:28,0016c001f10c2ef6,20.1,3.4,16.8,0.0,7809,702,7107,9.0,0.4,0.47,0.45,414139899,2215635486,3034,11809,1.2,234.4,3.1,2.0,86,68,0,0,0,0,0,0.0,0,0,0,0,0,0
322.6,2026-05-17T18:17:28,0016c001f10c2ef6,19.8,3.0,16.8,0.0,7809,702,7107,9.0,0.4,0.47,0.45,414143862,2215678259,3963,42773,1.2,234.4,3.1,2.0,86,68,0,0,0,0,0,0.0,0,0,0,0,0,0
323.0,2026-05-17T18:17:29,0016c001f10c2ef6,18.7,1.8,17.0,0.0,7809,702,7107,9.0,0.45,0.48,0.45,414146948,2215690068,3086,11809,1.2,234.4,3.1,2.0,86,68,0,0,0,0,0,0.0,0,0,0,0,0,0
323.4,2026-05-17T18:17:29,0016c001f10c2ef6,8.6,1.7,6.9,0.0,7809,702,7107,9.0,0.45,0.48,0.45,414149982,2215701877,3034,11809,1.2,234.4,3.1,2.0,86,68,0,0,0,0,0,0.0,0,0,0,0,0,0
323.9,2026-05-17T18:17:30,0016c001f10c2ef6,6.3,2.3,4.0,0.0,7809,701,7108,9.0,0.45,0.48,0.45,414153016,2215713686,3034,11809,1.2,234.4,3.1,2.0,86,68,0,0,0,0,0,0.0,0,0,0,0,0,0
324.3,2026-05-17T18:17:30,0016c001f10c2ef6,6.9,2.9,4.0,0.0,7809,701,7108,9.0,0.45,0.48,0.45,414157083,2215756459,4067,42773,1.2,234.4,3.1,2.0,86,68,0,0,0,0,0,0.0,0,0,0,0,0,0
324.7,2026-05-17T18:17:30,0016c001f10c2ef6,8.0,2.3,5.7,0.0,7809,702,7107,9.0,0.45,0.48,0.45,414160269,2215768268,3186,11809,1.2,234.4,3.1,2.0,86,68,0,0,0,0,0,0.0,0,0,0,0,0,0
325.1,2026-05-17T18:17:31,0016c001f10c2ef6,5.2,1.7,3.5,0.0,7809,701,7108,9.0,0.45,0.48,0.45,414163255,2215780077,2986,11809,1.2,234.4,3.1,2.0,86,68,0,0,0,0,0,0.0,0,0,0,0,0,0
325.6,2026-05-17T18:17:31,0016c001f10c2ef6,5.8,1.2,4.7,0.0,7809,701,7108,9.0,0.45,0.48,0.45,414166361,2215791964,3106,11887,1.2,234.4,3.1,2.0,86,68,0,0,0,0,0,0.0,0,0,0,0,0,0
326.0,2026-05-17T18:17:32,0016c001f10c2ef6,7.0,1.8,5.3,0.0,7809,701,7108,9.0,0.45,0.48,0.45,414169447,2215803773,3086,11809,1.2,234.4,3.1,2.0,86,68,0,0,0,0,0,0.0,0,0,0,0,0,0
326.4,2026-05-17T18:17:32,0016c001f10c2ef6,6.2,2.3,4.0,0.0,7809,701,7108,9.0,0.45,0.48,0.45,414173458,2215846546,4011,42773,1.2,234.4,3.1,2.0,86,68,0,0,0,0,0,0.0,0,0,0,0,0,0
326.8,2026-05-17T18:17:33,0016c001f10c2ef6,6.9,2.3,4.6,0.0,7809,702,7107,9.0,0.45,0.48,0.45,414176544,2215858355,3086,11809,1.2,234.3,3.1,2.0,86,68,0,0,0,0,0,0.0,0,0,0,0,0,0
327.3,2026-05-17T18:17:33,0016c001f10c2ef6,9.5,4.0,5.5,0.0,7809,702,7107,9.0,0.45,0.48,0.45,414179734,2215870230,3190,11875,1.2,234.3,3.1,2.0,86,68,0,0,0,0,0,0.0,0,0,0,0,0,0
327.8,2026-05-17T18:17:34,0016c001f10c2ef6,7.6,1.5,6.1,0.0,7809,701,7108,9.0,0.41,0.47,0.45,414182924,2215882105,3190,11875,1.2,234.3,3.1,2.0,86,68,0,0,0,0,0,0.0,0,0,0,0,0,0
328.3,2026-05-17T18:17:34,0016c001f10c2ef6,9.0,3.5,5.5,0.0,7809,701,7108,9.0,0.41,0.47,0.45,414186991,2215924944,4067,42839,1.2,234.3,3.1,2.0,86,68,0,0,0,0,0,0.0,0,0,0,0,0,0
328.8,2026-05-17T18:17:35,0016c001f10c2ef6,9.1,4.1,5.1,0.0,7809,702,7107,9.0,0.41,0.47,0.45,414190181,2215936819,3190,11875,1.2,234.3,3.1,2.0,86,68,0,0,0,0,0,0.0,0,0,0,0,0,0
329.3,2026-05-17T18:17:35,0016c001f10c2ef6,9.4,3.9,5.4,0.0,7809,702,7107,9.0,0.41,0.47,0.45,414193423,2215948694,3242,11875,1.2,234.3,3.1,2.0,86,68,0,0,0,0,0,0.0,0,0,0,0,0,0
329.8,2026-05-17T18:17:36,0016c001f10c2ef6,10.0,3.5,6.5,0.0,7809,701,7108,9.0,0.41,0.47,0.45,414196409,2215960569,2986,11875,1.2,234.3,3.1,2.0,86,68,0,0,0,0,0,0.0,0,0,0,0,0,0
330.2,2026-05-17T18:17:36,0016c001f10c2ef6,7.1,2.9,3.5,0.6,7809,701,7108,9.0,0.41,0.47,0.45,414199972,2215972378,3563,11809,1.2,234.3,3.1,2.0,86,68,0,0,0,0,0,0.0,0,0,0,0,0,0
330.7,2026-05-17T18:17:36,0016c001f10c2ef6,9.2,4.6,4.6,0.0,7809,703,7106,9.0,0.41,0.47,0.45,414203991,2216015834,4019,43456,1.2,234.3,3.1,2.0,86,68,0,0,0,0,0,0.0,0,0,0,0,0,0
331.1,2026-05-17T18:17:37,0016c001f10c2ef6,5.9,1.2,4.7,0.0,7809,703,7106,9.0,0.41,0.47,0.45,414207077,2216027643,3086,11809,1.2,234.3,3.1,2.0,86,68,0,0,0,0,0,0.0,0,0,0,0,0,0
331.5,2026-05-17T18:17:37,0016c001f10c2ef6,5.7,1.7,4.0,0.0,7809,703,7106,9.0,0.41,0.47,0.45,414210413,2216041034,3336,13391,1.2,234.3,3.1,2.0,86,68,0,0,0,0,0,0.0,0,0,0,0,0,0
332.0,2026-05-17T18:17:38,0016c001f10c2ef6,6.5,2.7,3.8,0.0,7809,702,7107,9.0,0.41,0.47,0.45,414213399,2216052843,2986,11809,1.2,234.3,3.1,2.0,86,68,0,0,0,0,0,0.0,0,0,0,0,0,0
332.4,2026-05-17T18:17:38,0016c001f10c2ef6,4.5,2.3,2.3,0.0,7809,702,7107,9.0,0.38,0.46,0.45,414217362,2216095616,3963,42773,1.2,234.3,3.1,2.0,86,68,0,0,0,0,0,0.0,0,0,0,0,0,0
332.8,2026-05-17T18:17:39,0016c001f10c2ef6,6.3,2.3,4.0,0.0,7809,702,7107,9.0,0.38,0.46,0.45,414220500,2216107425,3138,11809,1.2,234.3,3.1,2.0,86,68,0,0,0,0,0,0.0,0,0,0,0,0,0
333.3,2026-05-17T18:17:39,0016c001f10c2ef6,12.0,1.8,10.2,0.0,7809,702,7107,9.0,0.38,0.46,0.45,414223658,2216119312,3158,11887,1.2,234.3,3.1,2.0,86,68,0,0,0,0,0,0.0,0,0,0,0,0,0
333.7,2026-05-17T18:17:39,0016c001f10c2ef6,19.0,2.9,16.1,0.0,7809,703,7106,9.0,0.38,0.46,0.45,414226896,2216131121,3238,11809,1.2,234.3,3.1,2.0,86,68,0,0,0,0,0,0.0,0,0,0,0,0,0
334.1,2026-05-17T18:17:40,0016c001f10c2ef6,19.8,1.7,18.1,0.0,7809,703,7106,9.0,0.38,0.46,0.45,414230086,2216142930,3190,11809,1.2,234.3,3.1,2.0,86,68,0,0,0,0,0,0.0,0,0,0,0,0,0
334.6,2026-05-17T18:17:40,0016c001f10c2ef6,19.9,3.4,16.5,0.0,7809,704,7105,9.0,0.38,0.46,0.45,414234229,2216185859,4143,42929,1.2,234.1,3.1,2.0,86,68,0,0,0,0,0,0.0,0,0,0,0,0,0
335.1,2026-05-17T18:17:41,0016c001f10c2ef6,9.2,4.1,5.0,0.0,7809,704,7105,9.0,0.38,0.46,0.45,414237319,2216197734,3090,11875,1.2,234.1,3.1,2.0,86,68,0,0,0,0,0,0.0,0,0,0,0,0,0
335.6,2026-05-17T18:17:41,0016c001f10c2ef6,6.8,1.1,5.7,0.0,7809,703,7106,9.0,0.38,0.46,0.45,414240353,2216209543,3034,11809,1.2,234.1,3.1,2.0,86,68,0,0,0,0,0,0.0,0,0,0,0,0,0
336.0,2026-05-17T18:17:42,0016c001f10c2ef6,4.8,1.1,3.7,0.0,7809,703,7106,9.0,0.38,0.46,0.45,414243387,2216221352,3034,11809,1.2,234.1,3.1,2.0,86,68,0,0,0,0,0,0.0,0,0,0,0,0,0
336.5,2026-05-17T18:17:42,0016c001f10c2ef6,6.9,1.7,5.1,0.0,7809,703,7106,9.0,0.38,0.46,0.45,414247454,2216264125,4067,42773,1.2,234.1,3.1,2.0,86,68,0,0,0,0,0,0.0,0,0,0,0,0,0
336.9,2026-05-17T18:17:43,0016c001f10c2ef6,8.2,4.1,4.1,0.0,7809,703,7106,9.0,0.38,0.46,0.45,414250644,2216275934,3190,11809,1.2,234.1,3.1,2.0,86,68,0,0,0,0,0,0.0,0,0,0,0,0,0
337.3,2026-05-17T18:17:43,0016c001f10c2ef6,6.7,2.2,4.5,0.0,7809,703,7106,9.0,0.43,0.47,0.45,414253730,2216287743,3086,11809,1.2,234.1,3.1,2.0,86,68,0,0,0,0,0,0.0,0,0,0,0,0,0
337.7,2026-05-17T18:17:43,0016c001f10c2ef6,5.2,2.3,2.9,0.0,7809,702,7107,9.0,0.43,0.47,0.45,414256868,2216299552,3138,11809,1.2,234.1,3.1,2.0,86,68,0,0,0,0,0,0.0,0,0,0,0,0,0
338.2,2026-05-17T18:17:44,0016c001f10c2ef6,6.3,1.7,4.6,0.0,7809,702,7107,9.0,0.43,0.47,0.45,414260126,2216311447,3258,11895,1.2,234.1,3.1,2.0,86,68,0,0,0,0,0,0.0,0,0,0,0,0,0
338.6,2026-05-17T18:17:44,0016c001f10c2ef6,6.8,1.1,5.6,0.0,7809,702,7107,9.0,0.43,0.47,0.45,414264145,2216354220,4019,42773,1.2,234.1,3.1,2.0,86,68,0,0,0,0,0,0.0,0,0,0,0,0,0
339.0,2026-05-17T18:17:45,0016c001f10c2ef6,7.9,2.8,5.1,0.0,7809,702,7107,9.0,0.43,0.47,0.45,414267231,2216366029,3086,11809,1.2,234.1,3.1,2.0,86,68,0,0,0,0,0,0.0,0,0,0,0,0,0
339.5,2026-05-17T18:17:45,0016c001f10c2ef6,6.2,1.7,4.5,0.0,7809,701,7108,9.0,0.43,0.47,0.45,414270417,2216377838,3186,11809,1.2,234.1,3.1,2.0,86,68,0,0,0,0,0,0.0,0,0,0,0,0,0
339.9,2026-05-17T18:17:46,0016c001f10c2ef6,6.7,2.2,4.4,0.0,7809,703,7106,9.0,0.43,0.47,0.45,414274036,2216389647,3619,11809,1.2,234.1,3.1,2.0,86,68,0,0,0,0,0,0.0,0,0,0,0,0,0
340.4,2026-05-17T18:17:46,0016c001f10c2ef6,10.4,4.0,6.5,0.0,7809,702,7107,9.0,0.43,0.47,0.45,414277230,2216403315,3194,13668,1.2,234.0,3.1,2.0,86,68,0,0,0,0,0,0.0,0,0,0,0,0,0
340.8,2026-05-17T18:17:47,0016c001f10c2ef6,9.7,3.4,5.7,0.6,7809,702,7107,9.0,0.43,0.47,0.45,414281297,2216446169,4067,42854,1.2,234.0,3.1,2.0,86,68,0,0,0,0,0,0.0,0,0,0,0,0,0
341.3,2026-05-17T18:17:47,0016c001f10c2ef6,7.4,2.9,4.6,0.0,7809,702,7107,9.0,0.43,0.47,0.45,414284581,2216459941,3284,13772,1.2,234.0,3.1,2.0,86,68,0,0,0,0,0,0.0,0,0,0,0,0,0
341.7,2026-05-17T18:17:47,0016c001f10c2ef6,6.1,1.7,4.4,0.0,7809,702,7107,9.0,0.43,0.47,0.45,414287619,2216471750,3038,11809,1.2,234.0,3.1,2.0,86,68,0,0,0,0,0,0.0,0,0,0,0,0,0
342.1,2026-05-17T18:17:48,0016c001f10c2ef6,5.4,2.2,3.3,0.0,7809,702,7107,9.0,0.4,0.46,0.45,414290653,2216483559,3034,11809,1.2,234.0,3.1,2.0,86,68,0,0,0,0,0,0.0,0,0,0,0,0,0
342.6,2026-05-17T18:17:48,0016c001f10c2ef6,6.2,2.3,4.0,0.0,7809,702,7107,9.0,0.4,0.46,0.45,414294716,2216526413,4063,42854,1.2,234.0,3.1,2.0,86,68,0,0,0,0,0,0.0,0,0,0,0,0,0
343.0,2026-05-17T18:17:49,0016c001f10c2ef6,8.3,2.8,5.6,0.0,7809,702,7107,9.0,0.4,0.46,0.45,414297702,2216538222,2986,11809,1.2,234.0,3.1,2.0,86,68,0,0,0,0,0,0.0,0,0,0,0,0,0
343.4,2026-05-17T18:17:49,0016c001f10c2ef6,5.3,1.2,4.1,0.0,7809,702,7107,9.0,0.4,0.46,0.45,414300736,2216550031,3034,11809,1.2,234.0,3.1,2.0,86,68,0,0,0,0,0,0.0,0,0,0,0,0,0
343.9,2026-05-17T18:17:50,0016c001f10c2ef6,6.3,2.3,4.0,0.0,7809,702,7107,9.0,0.4,0.46,0.45,414303822,2216561840,3086,11809,1.2,234.0,3.1,2.0,86,68,0,0,0,0,0,0.0,0,0,0,0,0,0
344.3,2026-05-17T18:17:50,0016c001f10c2ef6,5.8,2.9,2.9,0.0,7809,701,7108,9.0,0.4,0.46,0.45,414306856,2216573649,3034,11809,1.2,234.0,3.1,2.0,86,68,0,0,0,0,0,0.0,0,0,0,0,0,0
344.7,2026-05-17T18:17:50,0016c001f10c2ef6,15.0,2.9,12.1,0.0,7809,702,7107,9.0,0.4,0.46,0.45,414311023,2216616503,4167,42854,1.2,234.0,3.1,2.0,86,68,0,0,0,0,0,0.0,0,0,0,0,0,0
345.2,2026-05-17T18:17:51,0016c001f10c2ef6,19.7,1.7,17.9,0.0,7809,701,7108,9.0,0.4,0.46,0.45,414314061,2216628378,3038,11875,1.2,234.0,3.1,2.0,89,71,3,3,0,0,0,0.0,0,0,0,0,0,0
345.6,2026-05-17T18:17:51,0016c001f10c2ef6,21.0,2.3,17.6,1.1,7809,703,7106,9.0,0.4,0.46,0.45,414317147,2216640187,3086,11809,1.2,234.0,3.1,2.0,89,71,0,0,0,0,0,0.0,0,0,0,0,0,0
346.0,2026-05-17T18:17:52,0016c001f10c2ef6,18.3,2.4,16.0,0.0,7809,703,7106,9.0,0.4,0.46,0.45,414320285,2216651996,3138,11809,1.2,234.0,3.1,2.0,89,71,0,0,0,0,0,0.0,0,0,0,0,0,0
346.5,2026-05-17T18:17:52,0016c001f10c2ef6,6.1,1.7,4.4,0.0,7809,703,7106,9.0,0.4,0.46,0.45,414323371,2216663805,3086,11809,1.2,234.0,3.1,2.0,89,71,0,0,0,0,0,0.0,0,0,0,0,0,0
346.9,2026-05-17T18:17:53,0016c001f10c2ef6,7.0,3.5,3.5,0.0,7809,703,7106,9.0,0.4,0.46,0.45,414327490,2216706659,4119,42854,1.2,234.0,3.1,2.0,89,71,0,0,0,0,0,0.0,0,0,0,0,0,0
347.3,2026-05-17T18:17:53,0016c001f10c2ef6,7.2,3.3,3.9,0.0,7809,702,7107,9.0,0.36,0.46,0.45,414330524,2216718468,3034,11809,1.2,234.0,3.1,2.0,89,71,0,0,0,0,0,0.0,0,0,0,0,0,0
347.8,2026-05-17T18:17:54,0016c001f10c2ef6,5.2,1.1,4.0,0.0,7809,702,7107,9.0,0.36,0.46,0.45,414333558,2216730277,3034,11809,1.2,234.0,3.1,2.0,89,71,0,0,0,0,0,0.0,0,0,0,0,0,0
348.2,2026-05-17T18:17:54,0016c001f10c2ef6,6.3,1.1,5.1,0.0,7809,702,7107,9.0,0.36,0.46,0.45,414336644,2216742086,3086,11809,1.2,234.0,3.1,2.0,89,71,0,0,0,0,0,0.0,0,0,0,0,0,0
348.6,2026-05-17T18:17:54,0016c001f10c2ef6,6.4,2.9,3.5,0.0,7809,702,7107,9.0,0.36,0.46,0.45,414340659,2216784940,4015,42854,1.2,234.0,3.1,2.0,89,71,0,0,0,0,0,0.0,0,0,0,0,0,0
349.1,2026-05-17T18:17:55,0016c001f10c2ef6,6.3,4.0,2.3,0.0,7809,702,7107,9.0,0.36,0.46,0.45,414344021,2216796827,3362,11887,1.2,234.0,3.1,2.0,89,71,0,0,0,0,0,0.0,0,0,0,0,0,0
349.5,2026-05-17T18:17:55,0016c001f10c2ef6,6.0,1.6,4.4,0.0,7809,702,7107,9.0,0.36,0.46,0.45,414347436,2216808636,3415,11809,1.2,234.0,3.1,2.0,89,71,0,0,0,0,0,0.0,0,0,0,0,0,0
349.9,2026-05-17T18:17:56,0016c001f10c2ef6,7.3,2.8,4.5,0.0,7809,702,7107,9.0,0.36,0.46,0.45,414350674,2216820445,3238,11809,1.2,234.0,3.1,2.0,89,71,0,0,0,0,0,0.0,0,0,0,0,0,0
350.4,2026-05-17T18:17:56,0016c001f10c2ef6,9.7,3.1,6.7,0.0,7809,702,7107,9.0,0.36,0.46,0.45,414353804,2216833135,3130,12690,1.2,234.0,3.1,2.0,89,71,0,0,0,0,0,0.0,0,0,0,0,0,0
350.8,2026-05-17T18:17:57,0016c001f10c2ef6,9.2,3.5,5.8,0.0,7809,702,7107,9.0,0.36,0.46,0.45,414357965,2216877591,4161,44456,1.2,234.0,3.1,2.0,89,71,0,0,0,0,0,0.0,0,0,0,0,0,0
351.3,2026-05-17T18:17:57,0016c001f10c2ef6,6.9,3.4,3.4,0.0,7809,702,7107,9.0,0.36,0.46,0.45,414361103,2216889400,3138,11809,1.2,234.0,3.1,2.0,89,71,0,0,0,0,0,0.0,0,0,0,0,0,0
351.7,2026-05-17T18:17:57,0016c001f10c2ef6,5.8,1.1,4.2,0.5,7809,703,7106,9.0,0.36,0.46,0.45,414364089,2216901209,2986,11809,1.2,234.0,3.1,2.0,89,71,0,0,0,0,0,0.0,0,0,0,0,0,0
352.2,2026-05-17T18:17:59,0016c001f10c2ef6,6.9,2.1,4.8,0.0,7809,702,7107,9.0,0.33,0.45,0.45,414367227,2216913018,3138,11809,1.2,234.0,3.1,2.0,89,71,0,0,0,0,0,0.0,0,0,0,0,0,0
352.7,2026-05-17T18:17:59,0016c001f10c2ef6,5.8,2.1,3.7,0.0,7809,702,7107,9.0,0.33,0.45,0.45,414371242,2216955872,4015,42854,1.2,234.0,3.1,2.0,89,71,0,0,0,0,0,0.0,0,0,0,0,0,0
353.1,2026-05-17T18:18:00,0016c001f10c2ef6,8.1,2.9,5.2,0.0,7809,702,7107,9.0,0.33,0.45,0.45,414374328,2216967681,3086,11809,1.2,234.0,3.1,2.0,89,71,0,0,0,0,0,0.0,0,0,0,0,0,0
353.5,2026-05-17T18:18:00,0016c001f10c2ef6,6.4,2.3,4.0,0.0,7809,702,7107,9.0,0.33,0.45,0.45,414377414,2216979490,3086,11809,1.2,234.0,3.1,2.0,89,71,0,0,0,0,0,0.0,0,0,0,0,0,0
353.9,2026-05-17T18:18:01,0016c001f10c2ef6,6.2,2.2,3.9,0.0,7809,701,7108,9.0,0.33,0.45,0.45,414380500,2216991299,3086,11809,1.2,234.0,3.1,2.0,89,71,0,0,0,0,0,0.0,0,0,0,0,0,0
354.4,2026-05-17T18:18:01,0016c001f10c2ef6,5.8,1.7,4.0,0.0,7809,701,7108,9.0,0.33,0.45,0.45,414383686,2217003108,3186,11809,1.2,234.0,3.1,2.0,89,71,0,0,0,0,0,0.0,0,0,0,0,0,0
354.8,2026-05-17T18:18:01,0016c001f10c2ef6,6.8,2.3,4.5,0.0,7809,701,7108,9.0,0.33,0.45,0.45,414387601,2217045962,3915,42854,1.2,234.0,3.1,2.0,89,71,0,0,0,0,0,0.0,0,0,0,0,0,0
355.2,2026-05-17T18:18:02,0016c001f10c2ef6,7.9,4.0,4.0,0.0,7809,701,7108,9.0,0.33,0.45,0.45,414390839,2217057771,3238,11809,1.2,234.0,3.1,2.0,89,71,0,0,0,0,0,0.0,0,0,0,0,0,0
355.7,2026-05-17T18:18:02,0016c001f10c2ef6,10.2,4.4,5.9,0.0,7809,701,7108,9.0,0.33,0.45,0.45,414394029,2217069646,3190,11875,1.2,234.0,3.1,2.0,89,71,0,0,0,0,0,0.0,0,0,0,0,0,0
356.2,2026-05-17T18:18:03,0016c001f10c2ef6,14.1,3.0,11.1,0.0,7809,703,7106,9.0,0.33,0.45,0.45,414397015,2217081521,2986,11875,1.2,234.0,3.1,2.0,89,71,0,0,0,0,0,0.0,0,0,0,0,0,0
356.7,2026-05-17T18:18:03,0016c001f10c2ef6,18.0,1.2,16.9,0.0,7809,702,7107,9.0,0.33,0.45,0.45,414400634,2217108300,3619,26779,1.2,234.0,3.1,2.0,89,71,0,0,0,0,0,0.0,0,0,0,0,0,0
357.1,2026-05-17T18:18:04,0016c001f10c2ef6,20.9,3.5,17.4,0.0,7809,703,7106,9.0,0.39,0.46,0.45,414404292,2217136262,3658,27962,1.2,234.0,3.1,2.0,89,71,0,0,0,0,0,0.0,0,0,0,0,0,0
357.5,2026-05-17T18:18:04,0016c001f10c2ef6,18.2,1.8,16.4,0.0,7809,702,7107,9.0,0.39,0.46,0.45,414407326,2217148071,3034,11809,1.2,234.0,3.1,2.0,89,71,0,0,0,0,0,0.0,0,0,0,0,0,0
357.9,2026-05-17T18:18:05,0016c001f10c2ef6,9.3,1.7,5.8,1.7,7809,703,7106,9.0,0.39,0.46,0.45,414410412,2217159880,3086,11809,1.2,234.0,3.1,2.0,89,71,0,0,0,0,0,0.0,0,0,0,0,0,0
358.4,2026-05-17T18:18:05,0016c001f10c2ef6,8.4,2.8,5.6,0.0,7809,702,7107,9.0,0.39,0.46,0.45,414413498,2217171689,3086,11809,1.2,234.0,3.1,2.0,89,71,0,0,0,0,0,0.0,0,0,0,0,0,0
358.8,2026-05-17T18:18:05,0016c001f10c2ef6,5.7,1.7,4.0,0.0,7809,702,7107,9.0,0.39,0.46,0.45,414417513,2217214543,4015,42854,1.2,234.0,3.1,2.0,89,71,0,0,0,0,0,0.0,0,0,0,0,0,0
359.2,2026-05-17T18:18:06,0016c001f10c2ef6,7.5,1.7,5.8,0.0,7809,702,7107,9.0,0.39,0.46,0.45,414420547,2217226352,3034,11809,1.2,234.0,3.1,2.0,89,71,0,0,0,0,0,0.0,0,0,0,0,0,0
359.7,2026-05-17T18:18:06,0016c001f10c2ef6,7.3,2.8,4.5,0.0,7809,702,7107,9.0,0.39,0.46,0.45,414424062,2217238161,3515,11809,1.2,234.0,3.1,2.0,89,71,0,0,0,0,0,0.0,0,0,0,0,0,0
360.1,2026-05-17T18:18:07,0016c001f10c2ef6,5.6,1.7,3.9,0.0,7809,701,7108,9.0,0.39,0.46,0.45,414427096,2217249970,3034,11809,1.2,234.0,3.1,2.0,89,71,0,0,0,0,0,0.0,0,0,0,0,0,0
360.5,2026-05-17T18:18:07,0016c001f10c2ef6,7.6,4.1,3.5,0.0,7809,701,7108,9.0,0.39,0.46,0.45,414430182,2217262462,3086,12492,1.2,234.0,3.1,2.0,89,71,0,0,0,0,0,0.0,0,0,0,0,0,0
360.9,2026-05-17T18:18:08,0016c001f10c2ef6,7.2,3.0,4.2,0.0,7809,701,7108,9.0,0.39,0.46,0.45,414434395,2217306984,4213,44522,1.2,234.0,3.1,2.0,89,71,0,0,0,0,0,0.0,0,0,0,0,0,0
361.5,2026-05-17T18:18:08,0016c001f10c2ef6,9.9,4.2,5.6,0.0,7809,702,7107,9.0,0.39,0.46,0.45,414437381,2217318859,2986,11875,1.2,234.0,3.1,2.0,89,71,0,0,0,0,0,0.0,0,0,0,0,0,0
361.9,2026-05-17T18:18:09,0016c001f10c2ef6,4.3,1.1,3.2,0.0,7809,702,7107,9.0,0.36,0.45,0.45,414440415,2217330668,3034,11809,1.2,234.0,3.1,2.0,89,71,0,0,0,0,0,0.0,0,0,0,0,0,0
362.4,2026-05-17T18:18:09,0016c001f10c2ef6,6.7,3.3,3.3,0.0,7809,703,7106,9.0,0.36,0.45,0.45,414443501,2217342477,3086,11809,1.2,233.8,3.1,2.0,89,71,0,0,0,0,0,0.0,0,0,0,0,0,0
362.8,2026-05-17T18:18:09,0016c001f10c2ef6,5.9,1.2,4.7,0.0,7809,703,7106,9.0,0.36,0.45,0.45,414447464,2217385331,3963,42854,1.2,233.8,3.1,2.0,89,71,0,0,0,0,0,0.0,0,0,0,0,0,0
363.2,2026-05-17T18:18:10,0016c001f10c2ef6,8.0,3.4,4.6,0.0,7809,702,7107,9.0,0.36,0.45,0.45,414450602,2217397140,3138,11809,1.2,233.8,3.1,2.0,89,71,0,0,0,0,0,0.0,0,0,0,0,0,0
363.6,2026-05-17T18:18:10,0016c001f10c2ef6,6.2,2.3,4.0,0.0,7809,702,7107,9.0,0.36,0.45,0.45,414453764,2217409105,3162,11965,1.2,233.8,3.1,2.0,89,71,0,0,0,0,0,0.0,0,0,0,0,0,0
364.1,2026-05-17T18:18:11,0016c001f10c2ef6,6.3,2.3,4.0,0.0,7809,702,7107,9.0,0.36,0.45,0.45,414456896,2217420980,3132,11875,1.2,233.8,3.1,2.0,89,71,0,0,0,0,0,0.0,0,0,0,0,0,0
364.5,2026-05-17T18:18:11,0016c001f10c2ef6,6.2,1.7,4.5,0.0,7809,702,7107,9.0,0.36,0.45,0.45,414460054,2217432867,3158,11887,1.2,233.8,3.1,2.0,89,71,0,0,0,0,0,0.0,0,0,0,0,0,0
364.9,2026-05-17T18:18:12,0016c001f10c2ef6,6.4,2.3,4.1,0.0,7809,702,7107,9.0,0.36,0.45,0.45,414464017,2217475721,3963,42854,1.2,233.8,3.1,2.0,89,71,0,0,0,0,0,0.0,0,0,0,0,0,0
365.3,2026-05-17T18:18:12,0016c001f10c2ef6,6.5,3.5,2.9,0.0,7809,702,7107,9.0,0.36,0.45,0.45,414467051,2217487530,3034,11809,1.2,233.8,3.1,2.0,89,71,0,0,0,0,0,0.0,0,0,0,0,0,0
365.8,2026-05-17T18:18:12,0016c001f10c2ef6,7.4,1.7,5.7,0.0,7809,701,7108,9.0,0.36,0.45,0.45,414470137,2217499339,3086,11809,1.2,233.8,3.1,2.0,89,71,0,0,0,0,0,0.0,0,0,0,0,0,0
366.2,2026-05-17T18:18:13,0016c001f10c2ef6,8.1,3.5,4.6,0.0,7809,702,7107,9.0,0.36,0.45,0.45,414473323,2217511148,3186,11809,1.2,233.8,3.1,2.0,89,71,0,0,0,0,0,0.0,0,0,0,0,0,0
366.7,2026-05-17T18:18:13,0016c001f10c2ef6,10.2,2.9,7.3,0.0,7809,701,7108,9.0,0.65,0.51,0.47,414476461,2217523023,3138,11875,1.2,233.8,3.1,2.0,89,71,0,0,0,0,0,0.0,0,0,0,0,0,0
367.1,2026-05-17T18:18:14,0016c001f10c2ef6,7.3,3.4,4.0,0.0,7809,702,7107,9.0,0.65,0.51,0.47,414480324,2217565877,3863,42854,1.2,233.8,3.1,2.0,89,71,0,0,0,0,0,0.0,0,0,0,0,0,0
367.6,2026-05-17T18:18:14,0016c001f10c2ef6,9.2,1.1,8.0,0.0,7809,702,7107,9.0,0.65,0.51,0.47,414483514,2217577686,3190,11809,1.2,233.8,3.1,2.0,89,71,0,0,0,0,0,0.0,0,0,0,0,0,0
368.0,2026-05-17T18:18:15,0016c001f10c2ef6,20.1,1.7,18.4,0.0,7809,701,7108,9.0,0.65,0.51,0.47,414486600,2217589495,3086,11809,1.2,233.8,3.1,2.0,89,71,0,0,0,0,0,0.0,0,0,0,0,0,0
368.4,2026-05-17T18:18:15,0016c001f10c2ef6,19.8,2.3,16.9,0.6,7809,701,7108,9.0,0.65,0.51,0.47,414489786,2217601304,3186,11809,1.2,233.8,3.1,2.0,89,71,0,0,0,0,0,0.0,0,0,0,0,0,0
368.9,2026-05-17T18:18:15,0016c001f10c2ef6,19.1,2.8,16.3,0.0,7809,702,7107,9.0,0.65,0.51,0.47,414493649,2217644158,3863,42854,1.2,233.8,3.1,2.0,89,71,0,0,0,0,0,0.0,0,0,0,0,0,0
369.3,2026-05-17T18:18:16,0016c001f10c2ef6,10.2,2.3,7.9,0.0,7809,702,7107,9.0,0.65,0.51,0.47,414497216,2217656033,3567,11875,1.2,233.8,3.1,2.0,89,71,0,0,0,0,0,0.0,0,0,0,0,0,0
369.7,2026-05-17T18:18:16,0016c001f10c2ef6,6.2,2.3,4.0,0.0,7809,701,7108,9.0,0.65,0.51,0.47,414500350,2217667842,3134,11809,1.2,233.8,3.1,2.0,89,71,0,0,0,0,0,0.0,0,0,0,0,0,0
370.2,2026-05-17T18:18:17,0016c001f10c2ef6,6.7,2.2,4.5,0.0,7809,701,7108,9.0,0.65,0.51,0.47,414503540,2217679651,3190,11809,1.2,233.8,3.1,2.0,89,71,0,0,0,0,0,0.0,0,0,0,0,0,0
370.6,2026-05-17T18:18:17,0016c001f10c2ef6,10.2,4.5,5.6,0.0,7809,702,7107,9.0,0.65,0.51,0.47,414506728,2217695216,3188,15565,1.2,233.8,3.1,2.0,89,71,0,0,0,0,0,0.0,0,0,0,0,0,0
371.0,2026-05-17T18:18:18,0016c001f10c2ef6,10.8,5.1,5.1,0.6,7809,701,7108,9.0,0.65,0.51,0.47,414510743,2217738151,4015,42935,1.2,233.8,3.1,2.0,89,71,0,0,0,0,0,0.0,0,0,0,0,0,0
371.5,2026-05-17T18:18:18,0016c001f10c2ef6,7.5,3.0,4.5,0.0,7809,701,7108,9.0,0.6,0.5,0.46,414513981,2217749960,3238,11809,1.2,233.8,3.1,2.0,89,71,0,0,0,0,0,0.0,0,0,0,0,0,0
372.0,2026-05-17T18:18:19,0016c001f10c2ef6,10.8,3.4,7.4,0.0,7809,700,7109,9.0,0.6,0.5,0.46,414517171,2217761835,3190,11875,1.2,233.8,3.1,2.0,89,71,0,0,0,0,0,0.0,0,0,0,0,0,0
372.5,2026-05-17T18:18:19,0016c001f10c2ef6,9.5,4.0,5.5,0.0,7809,701,7108,9.0,0.6,0.5,0.46,414520333,2217773788,3162,11953,1.2,233.8,3.1,2.0,89,71,0,0,0,0,0,0.0,0,0,0,0,0,0
373.0,2026-05-17T18:18:20,0016c001f10c2ef6,5.6,2.2,3.4,0.0,7809,702,7107,9.0,0.6,0.5,0.46,414524192,2217816723,3859,42935,1.2,233.8,3.1,2.0,89,71,0,0,0,0,0,0.0,0,0,0,0,0,0
373.4,2026-05-17T18:18:20,0016c001f10c2ef6,8.2,3.5,4.7,0.0,7809,701,7108,9.0,0.6,0.5,0.46,414527430,2217828532,3238,11809,1.2,233.8,3.1,2.0,89,71,0,0,0,0,0,0.0,0,0,0,0,0,0
373.8,2026-05-17T18:18:20,0016c001f10c2ef6,6.1,1.7,4.4,0.0,7809,703,7106,9.0,0.6,0.5,0.46,414530468,2217840341,3038,11809,1.2,233.8,3.1,2.0,89,71,0,0,0,0,0,0.0,0,0,0,0,0,0
374.3,2026-05-17T18:18:21,0016c001f10c2ef6,6.8,2.8,4.0,0.0,7809,703,7106,9.0,0.6,0.5,0.46,414533606,2217852150,3138,11809,1.2,233.8,3.1,2.0,89,71,0,0,0,0,0,0.0,0,0,0,0,0,0
374.7,2026-05-17T18:18:21,0016c001f10c2ef6,6.3,2.3,4.0,0.0,7809,703,7106,9.0,0.6,0.5,0.46,414536796,2217863959,3190,11809,1.2,233.8,3.1,2.0,92,74,3,3,0,0,0,0.0,0,0,0,0,0,0
375.1,2026-05-17T18:18:22,0016c001f10c2ef6,9.3,4.4,4.9,0.0,7809,702,7107,9.0,0.6,0.5,0.46,414540811,2217906894,4015,42935,1.2,233.8,3.1,2.0,92,74,0,0,0,0,0,0.0,0,0,0,0,0,0
375.6,2026-05-17T18:18:22,0016c001f10c2ef6,5.6,1.1,4.5,0.0,7809,703,7106,9.0,0.6,0.5,0.46,414544049,2217918703,3238,11809,1.2,233.8,3.1,2.0,92,74,0,0,0,0,0,0.0,0,0,0,0,0,0
376.0,2026-05-17T18:18:23,0016c001f10c2ef6,6.2,2.3,4.0,0.0,7809,703,7106,9.0,0.6,0.5,0.46,414547087,2217930512,3038,11809,1.2,233.8,3.1,2.0,92,74,0,0,0,0,0,0.0,0,0,0,0,0,0
376.4,2026-05-17T18:18:23,0016c001f10c2ef6,5.1,1.7,3.4,0.0,7809,703,7106,9.0,0.55,0.49,0.46,414550325,2217942321,3238,11809,1.2,233.8,3.1,2.0,92,74,0,0,0,0,0,0.0,0,0,0,0,0,0
376.9,2026-05-17T18:18:23,0016c001f10c2ef6,5.1,1.1,4.0,0.0,7809,703,7106,9.0,0.55,0.49,0.46,414553415,2217954130,3090,11809,1.2,233.8,3.1,2.0,92,74,0,0,0,0,0,0.0,0,0,0,0,0,0
377.3,2026-05-17T18:18:24,0016c001f10c2ef6,10.6,4.5,5.6,0.6,7809,704,7105,9.0,0.55,0.49,0.46,414557648,2217999432,4233,45302,1.2,233.8,3.1,2.0,92,74,0,0,0,0,0,0.0,0,0,0,0,0,0
377.8,2026-05-17T18:18:24,0016c001f10c2ef6,9.1,2.5,6.6,0.0,7809,704,7105,9.0,0.55,0.49,0.46,414560686,2218011307,3038,11875,1.2,233.8,3.1,2.0,92,74,0,0,0,0,0,0.0,0,0,0,0,0,0
378.2,2026-05-17T18:18:25,0016c001f10c2ef6,7.2,2.8,4.4,0.0,7809,703,7106,9.0,0.55,0.49,0.46,414563768,2218023116,3082,11809,1.2,233.8,3.1,2.0,92,74,0,0,0,0,0,0.0,0,0,0,0,0,0
378.7,2026-05-17T18:18:25,0016c001f10c2ef6,6.8,2.6,4.2,0.0,7809,704,7105,9.0,0.55,0.49,0.46,414566806,2218034925,3038,11809,1.2,233.8,3.1,2.0,92,74,0,0,0,0,0,0.0,0,0,0,0,0,0
379.1,2026-05-17T18:18:26,0016c001f10c2ef6,12.4,2.9,9.4,0.0,7809,703,7106,9.0,0.55,0.49,0.46,414571198,2218077860,4392,42935,1.2,233.8,3.1,2.0,92,74,0,0,0,0,0,0.0,0,0,0,0,0,0
379.6,2026-05-17T18:18:26,0016c001f10c2ef6,20.0,2.9,17.1,0.0,7809,703,7106,9.0,0.55,0.49,0.46,414574232,2218089669,3034,11809,1.2,233.8,3.1,2.0,92,74,0,0,0,0,0,0.0,0,0,0,0,0,0
380.0,2026-05-17T18:18:27,0016c001f10c2ef6,20.0,3.5,16.5,0.0,7809,703,7106,9.0,0.55,0.49,0.46,414577266,2218101478,3034,11809,1.2,233.8,3.1,2.0,92,74,0,0,0,0,0,0.0,0,0,0,0,0,0
380.4,2026-05-17T18:18:27,0016c001f10c2ef6,20.3,3.4,16.9,0.0,7809,703,7106,9.0,0.55,0.49,0.46,414580404,2218113287,3138,11809,1.2,233.8,3.1,2.0,92,74,0,0,0,0,0,0.0,0,0,0,0,0,0
380.9,2026-05-17T18:18:27,0016c001f10c2ef6,6.7,2.2,4.5,0.0,7809,702,7107,9.0,0.55,0.49,0.46,414583490,2218125096,3086,11809,1.2,233.8,3.1,2.0,92,74,0,0,0,0,0,0.0,0,0,0,0,0,0
381.3,2026-05-17T18:18:28,0016c001f10c2ef6,6.7,1.7,5.1,0.0,7809,703,7106,9.0,0.5,0.48,0.46,414587297,2218168031,3807,42935,1.2,233.8,3.1,2.0,92,74,0,0,0,0,0,0.0,0,0,0,0,0,0
381.7,2026-05-17T18:18:28,0016c001f10c2ef6,7.0,2.3,4.7,0.0,7809,703,7106,9.0,0.5,0.48,0.46,414590483,2218179840,3186,11809,1.2,233.8,3.1,2.0,92,74,0,0,0,0,0,0.0,0,0,0,0,0,0
382.2,2026-05-17T18:18:29,0016c001f10c2ef6,7.3,3.4,4.0,0.0,7809,703,7106,9.0,0.5,0.48,0.46,414593573,2218191649,3090,11809,1.2,233.8,3.1,2.0,92,74,0,0,0,0,0,0.0,0,0,0,0,0,0
382.6,2026-05-17T18:18:29,0016c001f10c2ef6,4.5,0.6,4.0,0.0,7809,702,7107,9.0,0.5,0.48,0.46,414596863,2218203458,3290,11809,1.2,233.8,3.1,2.0,92,74,0,0,0,0,0,0.0,0,0,0,0,0,0
383.1,2026-05-17T18:18:30,0016c001f10c2ef6,9.0,3.5,5.5,0.0,7809,702,7107,9.0,0.5,0.48,0.46,414600882,2218246459,4019,43001,1.2,233.8,3.1,2.0,92,74,0,0,0,0,0,0.0,0,0,0,0,0,0
383.5,2026-05-17T18:18:30,0016c001f10c2ef6,7.3,2.2,5.1,0.0,7809,702,7107,9.0,0.5,0.48,0.46,414604172,2218258268,3290,11809,1.2,233.8,3.1,2.0,92,74,0,0,0,0,0,0.0,0,0,0,0,0,0
384.0,2026-05-17T18:18:31,0016c001f10c2ef6,6.8,2.8,4.0,0.0,7809,702,7107,9.0,0.5,0.48,0.46,414607310,2218270077,3138,11809,1.2,233.8,3.1,2.0,92,74,0,0,0,0,0,0.0,0,0,0,0,0,0
384.4,2026-05-17T18:18:32,0016c001f10c2ef6,5.6,2.3,3.4,0.0,7809,702,7107,9.0,0.5,0.48,0.46,414610348,2218281886,3038,11809,1.2,233.8,3.1,2.0,92,74,0,0,0,0,0,0.0,0,0,0,0,0,0
384.8,2026-05-17T18:18:32,0016c001f10c2ef6,7.8,3.4,4.5,0.0,7809,702,7107,9.0,0.5,0.48,0.46,414613434,2218293695,3086,11809,1.2,233.8,3.1,2.0,92,74,0,0,0,0,0,0.0,0,0,0,0,0,0
385.3,2026-05-17T18:18:33,0016c001f10c2ef6,6.9,2.9,4.0,0.0,7809,703,7106,9.0,0.5,0.48,0.46,414617397,2218336630,3963,42935,1.2,233.8,3.1,2.0,92,74,0,0,0,0,0,0.0,0,0,0,0,0,0
385.7,2026-05-17T18:18:33,0016c001f10c2ef6,6.2,2.3,4.0,0.0,7809,703,7106,9.0,0.5,0.48,0.46,414620431,2218348439,3034,11809,1.2,233.8,3.1,2.0,92,74,0,0,0,0,0,0.0,0,0,0,0,0,0
386.1,2026-05-17T18:18:34,0016c001f10c2ef6,6.4,2.9,3.5,0.0,7809,703,7106,9.0,0.46,0.47,0.45,414623517,2218360248,3086,11809,1.2,233.8,3.1,2.0,92,74,0,0,0,0,0,0.0,0,0,0,0,0,0
386.6,2026-05-17T18:18:34,0016c001f10c2ef6,5.9,2.1,3.7,0.0,7809,703,7106,9.0,0.46,0.47,0.45,414626603,2218372057,3086,11809,1.2,233.8,3.1,2.0,92,74,0,0,0,0,0,0.0,0,0,0,0,0,0
387.0,2026-05-17T18:18:34,0016c001f10c2ef6,6.3,1.7,4.6,0.0,7809,703,7106,9.0,0.46,0.47,0.45,414629793,2218386704,3190,14647,1.2,233.6,3.1,2.0,92,74,0,0,0,0,0,0.0,0,0,0,0,0,0
387.4,2026-05-17T18:18:35,0016c001f10c2ef6,10.5,5.8,4.1,0.6,7809,701,7108,9.0,0.46,0.47,0.45,414633802,2218429639,4009,42935,1.2,233.6,3.1,2.0,92,74,0,0,0,0,0,0.0,0,0,0,0,0,0
387.9,2026-05-17T18:18:35,0016c001f10c2ef6,7.4,2.1,5.3,0.0,7809,702,7107,9.0,0.46,0.47,0.45,414637012,2218442471,3210,12832,1.2,233.6,3.1,2.0,92,74,0,0,0,0,0,0.0,0,0,0,0,0,0
388.4,2026-05-17T18:18:36,0016c001f10c2ef6,8.9,4.0,5.0,0.0,7809,702,7107,9.0,0.46,0.47,0.45,414640400,2218454346,3388,11875,1.2,233.6,3.1,2.0,92,74,0,0,0,0,0,0.0,0,0,0,0,0,0
388.9,2026-05-17T18:18:36,0016c001f10c2ef6,9.2,3.9,5.3,0.0,7809,702,7107,9.0,0.46,0.47,0.45,414643815,2218466221,3415,11875,1.2,233.6,3.1,2.0,92,74,0,0,0,0,0,0.0,0,0,0,0,0,0
389.4,2026-05-17T18:18:37,0016c001f10c2ef6,6.3,1.7,4.6,0.0,7809,702,7107,9.0,0.46,0.47,0.45,414647930,2218509156,4115,42935,1.2,233.6,3.1,2.0,92,74,0,0,0,0,0,0.0,0,0,0,0,0,0
389.8,2026-05-17T18:18:37,0016c001f10c2ef6,5.8,2.3,3.5,0.0,7809,703,7106,9.0,0.46,0.47,0.45,414650968,2218520965,3038,11809,1.2,233.6,3.1,2.0,92,74,0,0,0,0,0,0.0,0,0,0,0,0,0
390.2,2026-05-17T18:18:38,0016c001f10c2ef6,6.3,2.9,3.4,0.0,7809,703,7106,9.0,0.46,0.47,0.45,414654106,2218532774,3138,11809,1.2,233.6,3.1,2.0,92,74,0,0,0,0,0,0.0,0,0,0,0,0,0
390.6,2026-05-17T18:18:38,0016c001f10c2ef6,13.3,2.3,11.0,0.0,7809,703,7106,9.0,0.46,0.47,0.45,414657140,2218544583,3034,11809,1.2,233.6,3.1,2.0,92,74,0,0,0,0,0,0.0,0,0,0,0,0,0
391.1,2026-05-17T18:18:39,0016c001f10c2ef6,18.1,1.7,16.4,0.0,7809,702,7107,9.0,0.59,0.5,0.46,414660330,2218556458,3190,11875,1.2,233.6,3.1,2.0,92,74,0,0,0,0,0,0.0,0,0,0,0,0,0
391.5,2026-05-17T18:18:39,0016c001f10c2ef6,22.3,4.6,17.7,0.0,7809,703,7106,9.0,0.59,0.5,0.46,414664241,2218599393,3911,42935,1.2,233.6,3.1,2.0,92,74,0,0,0,0,0,0.0,0,0,0,0,0,0
391.9,2026-05-17T18:18:39,0016c001f10c2ef6,17.4,0.6,16.8,0.0,7809,703,7106,9.0,0.59,0.5,0.46,414667379,2218611202,3138,11809,1.2,233.6,3.1,2.0,92,74,0,0,0,0,0,0.0,0,0,0,0,0,0
392.4,2026-05-17T18:18:40,0016c001f10c2ef6,6.1,1.7,4.5,0.0,7809,704,7105,9.0,0.59,0.5,0.46,414670517,2218623694,3138,12492,1.2,233.5,3.1,2.0,92,74,0,0,0,0,0,0.0,0,0,0,0,0,0
392.8,2026-05-17T18:18:40,0016c001f10c2ef6,8.0,2.9,5.1,0.0,7809,704,7105,9.0,0.59,0.5,0.46,414673783,2218637164,3266,13470,1.2,233.5,3.1,2.0,92,74,0,0,0,0,0,0.0,0,0,0,0,0,0
393.3,2026-05-17T18:18:41,0016c001f10c2ef6,6.4,2.1,4.3,0.0,7809,703,7106,9.0,0.59,0.5,0.46,414677740,2218680099,3957,42935,1.2,233.7,3.1,2.0,92,74,0,0,0,0,0,0.0,0,0,0,0,0,0
393.7,2026-05-17T18:18:41,0016c001f10c2ef6,9.6,3.4,6.2,0.0,7809,703,7106,9.0,0.59,0.5,0.46,414680826,2218694177,3086,14078,1.2,233.7,3.1,2.0,92,74,0,0,0,0,0,0.0,0,0,0,0,0,0
394.2,2026-05-17T18:18:42,0016c001f10c2ef6,10.3,3.3,7.0,0.0,7809,704,7105,9.0,0.59,0.5,0.46,414684202,2218706184,3376,12007,1.2,233.7,3.1,2.0,92,74,0,0,0,0,0,0.0,0,0,0,0,0,0
394.7,2026-05-17T18:18:42,0016c001f10c2ef6,7.9,3.4,4.4,0.0,7809,704,7105,9.0,0.59,0.5,0.46,414687188,2218718059,2986,11875,1.2,233.7,3.1,2.0,92,74,0,0,0,0,0,0.0,0,0,0,0,0,0
395.3,2026-05-17T18:18:43,0016c001f10c2ef6,13.6,5.6,7.5,0.5,7809,703,7106,9.0,0.59,0.5,0.46,414691355,2218761060,4167,43001,1.2,233.5,3.1,2.0,92,74,0,0,0,0,0,0.0,0,0,0,0,0,0
395.7,2026-05-17T18:18:43,0016c001f10c2ef6,6.3,2.6,3.7,0.0,7809,702,7107,9.0,0.62,0.51,0.47,414694577,2218773189,3222,12129,1.2,233.5,3.1,2.0,92,74,0,0,0,0,0,0.0,0,0,0,0,0,0
396.2,2026-05-17T18:18:44,0016c001f10c2ef6,7.2,2.2,5.0,0.0,7809,702,7107,9.0,0.62,0.51,0.47,414697615,2218784998,3038,11809,1.2,233.5,3.1,2.0,92,74,0,0,0,0,0,0.0,0,0,0,0,0,0
396.6,2026-05-17T18:18:44,0016c001f10c2ef6,5.8,2.3,3.5,0.0,7809,702,7107,9.0,0.62,0.51,0.47,414700905,2218796807,3290,11809,1.2,233.5,3.1,2.0,92,74,0,0,0,0,0,0.0,0,0,0,0,0,0
397.1,2026-05-17T18:18:45,0016c001f10c2ef6,6.0,2.2,3.8,0.0,7809,702,7107,9.0,0.62,0.51,0.47,414703943,2218808616,3038,11809,1.2,233.5,3.1,2.0,92,74,0,0,0,0,0,0.0,0,0,0,0,0,0
397.5,2026-05-17T18:18:45,0016c001f10c2ef6,7.6,2.9,4.7,0.0,7809,704,7105,9.0,0.62,0.51,0.47,414708214,2218851551,4271,42935,1.2,233.5,3.1,2.0,92,74,0,0,0,0,0,0.0,0,0,0,0,0,0
397.9,2026-05-17T18:18:45,0016c001f10c2ef6,5.8,1.7,4.0,0.0,7809,704,7105,9.0,0.62,0.51,0.47,414711200,2218863360,2986,11809,1.2,233.5,3.1,2.0,92,74,0,0,0,0,0,0.0,0,0,0,0,0,0
398.3,2026-05-17T18:18:46,0016c001f10c2ef6,8.4,2.8,5.6,0.0,7809,703,7106,9.0,0.62,0.51,0.47,414714767,2218875169,3567,11809,1.2,233.5,3.1,2.0,92,74,0,0,0,0,0,0.0,0,0,0,0,0,0
398.7,2026-05-17T18:18:46,0016c001f10c2ef6,6.4,1.7,4.7,0.0,7809,703,7106,9.0,0.62,0.51,0.47,414717801,2218886994,3034,11825,1.2,233.5,3.1,2.0,92,74,0,0,0,0,0,0.0,0,0,0,0,0,0
399.2,2026-05-17T18:18:47,0016c001f10c2ef6,6.4,1.8,4.7,0.0,7809,702,7107,9.0,0.62,0.51,0.47,414720887,2218898803,3086,11809,1.2,233.5,3.1,2.0,92,74,0,0,0,0,0,0.0,0,0,0,0,0,0
399.6,2026-05-17T18:18:47,0016c001f10c2ef6,8.1,3.5,4.6,0.0,7809,703,7106,9.0,0.62,0.51,0.47,414724798,2218941738,3911,42935,1.2,233.5,3.1,2.0,92,74,0,0,0,0,0,0.0,0,0,0,0,0,0
400.0,2026-05-17T18:18:47,0016c001f10c2ef6,6.8,1.7,5.1,0.0,7809,703,7106,9.0,0.62,0.51,0.47,414728036,2218953547,3238,11809,1.2,233.5,3.1,2.0,92,74,0,0,0,0,0,0.0,0,0,0,0,0,0
400.5,2026-05-17T18:18:48,0016c001f10c2ef6,9.6,3.0,6.6,0.0,7809,703,7106,9.0,0.62,0.51,0.47,414731226,2218965422,3190,11875,1.2,233.5,3.1,2.0,92,74,0,0,0,0,0,0.0,0,0,0,0,0,0
401.0,2026-05-17T18:18:48,0016c001f10c2ef6,9.9,3.5,6.4,0.0,7809,704,7105,9.0,0.57,0.5,0.46,414734468,2218977297,3242,11875,1.2,233.5,3.1,2.0,92,74,0,0,0,0,0,0.0,0,0,0,0,0,0
401.5,2026-05-17T18:18:49,0016c001f10c2ef6,9.0,2.5,6.5,0.0,7809,703,7106,9.0,0.57,0.5,0.46,414738331,2219020298,3863,43001,1.2,233.5,3.1,2.0,92,74,0,0,0,0,0,0.0,0,0,0,0,0,0
401.9,2026-05-17T18:18:49,0016c001f10c2ef6,9.1,1.7,7.4,0.0,7809,703,7106,9.0,0.57,0.5,0.46,414741517,2219032107,3186,11809,1.2,233.5,3.1,2.0,92,74,0,0,0,0,0,0.0,0,0,0,0,0,0
402.4,2026-05-17T18:18:50,0016c001f10c2ef6,18.7,1.8,17.0,0.0,7809,703,7106,9.0,0.57,0.5,0.46,414744555,2219043916,3038,11809,1.2,233.5,3.1,2.0,92,74,0,0,0,0,0,0.0,0,0,0,0,0,0
402.8,2026-05-17T18:18:50,0016c001f10c2ef6,18.5,2.4,16.1,0.0,7809,703,7106,9.0,0.57,0.5,0.46,414747693,2219055725,3138,11809,1.2,233.5,3.1,2.0,92,74,0,0,0,0,0,0.0,0,0,0,0,0,0
403.2,2026-05-17T18:18:51,0016c001f10c2ef6,19.4,2.3,17.1,0.0,7809,703,7106,9.0,0.57,0.5,0.46,414750727,2219067534,3034,11809,1.2,233.5,3.1,2.0,92,74,0,0,0,0,0,0.0,0,0,0,0,0,0
403.6,2026-05-17T18:18:51,0016c001f10c2ef6,11.6,3.5,8.1,0.0,7809,703,7106,9.0,0.57,0.5,0.46,414754918,2219110547,4191,43013,1.2,233.5,3.1,2.0,96,78,4,4,0,0,0,0.0,0,0,0,0,0,0
404.1,2026-05-17T18:18:52,0016c001f10c2ef6,7.0,2.3,4.7,0.0,7809,702,7107,9.0,0.57,0.5,0.46,414758056,2219122356,3138,11809,1.2,233.5,3.1,2.0,96,78,0,0,0,0,0,0.0,0,0,0,0,0,0
404.5,2026-05-17T18:18:52,0016c001f10c2ef6,5.6,2.8,2.8,0.0,7809,702,7107,9.0,0.57,0.5,0.46,414761298,2219134165,3242,11809,1.2,233.5,3.1,2.0,96,78,0,0,0,0,0,0.0,0,0,0,0,0,0
404.9,2026-05-17T18:18:52,0016c001f10c2ef6,8.8,3.3,5.5,0.0,7809,702,7107,9.0,0.57,0.5,0.46,414764488,2219146657,3190,12492,1.2,233.5,3.1,2.0,96,78,0,0,0,0,0,0.0,0,0,0,0,0,0
405.4,2026-05-17T18:18:53,0016c001f10c2ef6,5.7,1.1,4.6,0.0,7809,702,7107,9.0,0.57,0.5,0.46,414768603,2219189592,4115,42935,1.2,233.5,3.1,2.0,96,78,0,0,0,0,0,0.0,0,0,0,0,0,0
405.8,2026-05-17T18:18:53,0016c001f10c2ef6,8.0,1.7,6.3,0.0,7809,702,7107,9.0,0.69,0.52,0.47,414771787,2219203003,3184,13411,1.2,233.5,3.1,2.0,96,78,0,0,0,0,0,0.0,0,0,0,0,0,0
406.3,2026-05-17T18:18:54,0016c001f10c2ef6,6.4,2.1,3.7,0.5,7809,702,7107,9.0,0.69,0.52,0.47,414774825,2219214812,3038,11809,1.2,233.5,3.1,2.0,96,78,0,0,0,0,0,0.0,0,0,0,0,0,0
406.8,2026-05-17T18:18:54,0016c001f10c2ef6,9.7,3.2,6.5,0.0,7809,702,7107,9.0,0.69,0.52,0.47,414777959,2219226687,3134,11875,1.2,233.5,3.1,2.0,96,78,0,0,0,0,0,0.0,0,0,0,0,0,0
407.2,2026-05-17T18:18:55,0016c001f10c2ef6,5.8,2.3,3.5,0.0,7809,703,7106,9.0,0.69,0.52,0.47,414780997,2219238496,3038,11809,1.2,233.5,3.1,2.0,96,78,0,0,0,0,0,0.0,0,0,0,0,0,0
407.7,2026-05-17T18:18:55,0016c001f10c2ef6,6.9,2.9,4.0,0.0,7809,704,7105,9.0,0.69,0.52,0.47,414785012,2219281431,4015,42935,1.2,233.5,3.1,2.0,96,78,0,0,0,0,0,0.0,0,0,0,0,0,0
408.1,2026-05-17T18:18:56,0016c001f10c2ef6,6.8,2.8,4.0,0.0,7809,703,7106,9.0,0.69,0.52,0.47,414788725,2219293306,3713,11875,1.2,233.5,3.1,2.0,96,78,0,0,0,0,0,0.0,0,0,0,0,0,0
408.5,2026-05-17T18:18:56,0016c001f10c2ef6,6.1,1.1,5.0,0.0,7809,704,7105,9.0,0.69,0.52,0.47,414791815,2219305115,3090,11809,1.2,233.5,3.1,2.0,96,78,0,0,0,0,0,0.0,0,0,0,0,0,0
409.0,2026-05-17T18:18:56,0016c001f10c2ef6,6.2,2.3,4.0,0.0,7809,704,7105,9.0,0.69,0.52,0.47,414794901,2219316924,3086,11809,1.2,233.5,3.1,2.0,96,78,0,0,0,0,0,0.0,0,0,0,0,0,0
409.4,2026-05-17T18:18:57,0016c001f10c2ef6,6.9,2.9,4.0,0.0,7809,704,7105,9.0,0.69,0.52,0.47,414797987,2219328733,3086,11809,1.2,233.5,3.1,2.0,96,78,0,0,0,0,0,0.0,0,0,0,0,0,0
409.8,2026-05-17T18:18:57,0016c001f10c2ef6,6.3,2.3,4.0,0.0,7809,703,7106,9.0,0.69,0.52,0.47,414802054,2219371668,4067,42935,1.2,233.5,3.1,2.0,96,78,0,0,0,0,0,0.0,0,0,0,0,0,0
410.2,2026-05-17T18:18:58,0016c001f10c2ef6,5.8,1.7,4.0,0.0,7809,702,7107,9.0,0.69,0.52,0.47,414805344,2219383477,3290,11809,1.2,233.5,3.1,2.0,96,78,0,0,0,0,0,0.0,0,0,0,0,0,0
410.7,2026-05-17T18:18:58,0016c001f10c2ef6,5.7,1.7,4.0,0.0,7809,702,7107,9.0,0.63,0.52,0.47,414808382,2219395286,3038,11809,1.2,233.5,3.1,2.0,96,78,0,0,0,0,0,0.0,0,0,0,0,0,0
411.1,2026-05-17T18:18:59,0016c001f10c2ef6,7.4,2.8,4.5,0.0,7809,703,7106,9.0,0.63,0.52,0.47,414811540,2219407173,3158,11887,1.2,233.5,3.1,2.0,96,78,0,0,0,0,0,0.0,0,0,0,0,0,0
411.5,2026-05-17T18:18:59,0016c001f10c2ef6,5.2,1.2,4.0,0.0,7809,702,7107,9.0,0.63,0.52,0.47,414815503,2219450108,3963,42935,1.2,233.5,3.1,2.0,96,78,0,0,0,0,0,0.0,0,0,0,0,0,0
412.0,2026-05-17T18:18:59,0016c001f10c2ef6,10.8,3.6,7.2,0.0,7809,702,7107,9.0,0.63,0.52,0.47,414818741,2219461983,3238,11875,1.2,233.5,3.1,2.0,96,78,0,0,0,0,0,0.0,0,0,0,0,0,0
412.5,2026-05-17T18:19:00,0016c001f10c2ef6,6.2,2.3,4.0,0.0,7809,703,7106,9.0,0.63,0.52,0.47,414821879,2219473792,3138,11809,1.2,233.5,3.1,2.0,96,78,0,0,0,0,0,0.0,0,0,0,0,0,0
412.9,2026-05-17T18:19:00,0016c001f10c2ef6,5.6,2.2,3.4,0.0,7809,703,7106,9.0,0.63,0.52,0.47,414824865,2219485601,2986,11809,1.2,233.5,3.1,2.0,96,78,0,0,0,0,0,0.0,0,0,0,0,0,0
413.3,2026-05-17T18:19:01,0016c001f10c2ef6,7.2,1.7,5.5,0.0,7809,703,7106,9.0,0.63,0.52,0.47,414827951,2219497410,3086,11809,1.2,233.5,3.1,2.0,96,78,0,0,0,0,0,0.0,0,0,0,0,0,0
413.8,2026-05-17T18:19:01,0016c001f10c2ef6,19.5,2.9,16.7,0.0,7809,703,7106,9.0,0.63,0.52,0.47,414831966,2219540345,4015,42935,1.2,233.5,3.1,2.0,96,78,0,0,0,0,0,0.0,0,0,0,0,0,0
414.5,2026-05-17T18:19:02,0016c001f10c2ef6,17.8,2.1,15.8,0.0,7809,703,7106,9.0,0.63,0.52,0.47,414835052,2219553220,3086,12875,1.2,233.5,3.1,2.0,96,78,0,0,0,0,0,0.0,0,0,0,0,0,0
415.2,2026-05-17T18:19:03,0016c001f10c2ef6,11.7,1.7,10.0,0.0,7809,703,7106,9.0,0.66,0.52,0.47,414838416,2219567479,3364,14259,1.2,233.5,3.1,2.0,96,78,0,0,0,0,0,0.0,0,0,0,0,0,0
416.0,2026-05-17T18:19:03,0016c001f10c2ef6,5.2,2.4,2.7,0.0,7809,703,7106,9.0,0.66,0.52,0.47,414842631,2219611075,4215,43596,1.2,233.5,3.1,2.0,96,78,0,0,0,0,0,0.0,0,0,0,0,0,0
416.6,2026-05-17T18:19:05,0016c001f10c2ef6,5.0,2.3,2.7,0.0,7809,702,7107,9.0,0.66,0.52,0.47,414845717,2219622884,3086,11809,1.2,233.5,3.1,2.0,96,78,0,0,0,0,0,0.0,0,0,0,0,0,0
417.1,2026-05-17T18:19:05,0016c001f10c2ef6,7.4,2.1,5.3,0.0,7809,702,7107,9.0,0.66,0.52,0.47,414848903,2219634759,3186,11875,1.2,233.5,3.1,2.0,96,78,0,0,0,0,0,0.0,0,0,0,0,0,0
417.5,2026-05-17T18:19:06,0016c001f10c2ef6,8.4,2.8,3.9,1.7,7809,702,7107,9.0,0.66,0.52,0.47,414852502,2219661460,3599,26701,1.2,233.5,3.1,2.0,96,78,0,0,0,0,0,0.0,0,0,0,0,0,0
418.0,2026-05-17T18:19:06,0016c001f10c2ef6,6.8,2.3,4.5,0.0,7809,701,7108,9.0,0.66,0.52,0.47,414856437,2219689528,3935,28068,1.2,233.5,3.1,2.0,96,78,0,0,0,0,0,0.0,0,0,0,0,0,0
418.4,2026-05-17T18:19:07,0016c001f10c2ef6,6.2,1.1,5.1,0.0,7809,702,7107,9.0,0.66,0.52,0.47,414859523,2219701337,3086,11809,1.2,233.5,3.1,2.0,96,78,0,0,0,0,0,0.0,0,0,0,0,0,0
418.8,2026-05-17T18:19:07,0016c001f10c2ef6,5.2,2.3,2.9,0.0,7809,702,7107,9.0,0.66,0.52,0.47,414862709,2219713146,3186,11809,1.2,233.5,3.1,2.0,96,78,0,0,0,0,0,0.0,0,0,0,0,0,0
419.3,2026-05-17T18:19:08,0016c001f10c2ef6,6.8,2.8,4.0,0.0,7809,703,7106,9.0,0.66,0.52,0.47,414865747,2219724955,3038,11809,1.2,233.5,3.1,2.0,96,78,0,0,0,0,0,0.0,0,0,0,0,0,0
419.7,2026-05-17T18:19:08,0016c001f10c2ef6,5.7,1.1,4.5,0.0,7809,704,7105,9.0,0.66,0.52,0.47,414869710,2219767915,3963,42960,1.2,233.5,3.1,2.0,96,78,0,0,0,0,0,0.0,0,0,0,0,0,0
420.1,2026-05-17T18:19:08,0016c001f10c2ef6,7.0,2.9,4.1,0.0,7809,703,7106,9.0,0.66,0.52,0.47,414872744,2219779724,3034,11809,1.2,233.5,3.1,2.0,96,78,0,0,0,0,0,0.0,0,0,0,0,0,0
420.6,2026-05-17T18:19:09,0016c001f10c2ef6,5.2,1.2,4.1,0.0,7809,703,7106,9.0,0.61,0.52,0.47,414875934,2219791533,3190,11809,1.2,233.5,3.1,2.0,96,78,0,0,0,0,0,0.0,0,0,0,0,0,0
421.0,2026-05-17T18:19:09,0016c001f10c2ef6,7.3,2.8,4.5,0.0,7809,703,7106,9.0,0.61,0.52,0.47,414879020,2219803342,3086,11809,1.2,233.5,3.1,2.0,96,78,0,0,0,0,0,0.0,0,0,0,0,0,0
421.4,2026-05-17T18:19:10,0016c001f10c2ef6,5.2,2.3,2.9,0.0,7809,703,7106,9.0,0.61,0.52,0.47,414882106,2219815151,3086,11809,1.2,233.5,3.1,2.0,96,78,0,0,0,0,0,0.0,0,0,0,0,0,0
421.9,2026-05-17T18:19:10,0016c001f10c2ef6,7.8,3.3,4.4,0.0,7809,703,7106,9.0,0.61,0.52,0.47,414886221,2219858111,4115,42960,1.2,233.6,3.1,2.0,96,78,0,0,0,0,0,0.0,0,0,0,0,0,0
422.4,2026-05-17T18:19:11,0016c001f10c2ef6,9.6,2.9,6.7,0.0,7809,703,7106,9.0,0.61,0.52,0.47,414889435,2219870142,3214,12031,1.2,233.6,3.1,2.0,96,78,0,0,0,0,0,0.0,0,0,0,0,0,0
422.8,2026-05-17T18:19:11,0016c001f10c2ef6,6.4,2.3,4.1,0.0,7809,702,7107,9.0,0.61,0.52,0.47,414892525,2219882634,3090,12492,1.2,233.6,3.1,2.0,96,78,0,0,0,0,0,0.0,0,0,0,0,0,0
423.2,2026-05-17T18:19:12,0016c001f10c2ef6,6.9,2.3,4.6,0.0,7809,702,7107,9.0,0.61,0.52,0.47,414895757,2219896025,3232,13391,1.2,233.6,3.1,2.0,96,78,0,0,0,0,0,0.0,0,0,0,0,0,0
423.7,2026-05-17T18:19:12,0016c001f10c2ef6,6.6,1.6,4.9,0.0,7809,702,7107,9.0,0.61,0.52,0.47,414899668,2219938985,3911,42960,1.2,233.6,3.1,2.0,96,78,0,0,0,0,0,0.0,0,0,0,0,0,0
424.1,2026-05-17T18:19:12,0016c001f10c2ef6,7.0,2.7,4.3,0.0,7809,702,7107,9.0,0.61,0.52,0.47,414902706,2219950794,3038,11809,1.2,233.6,3.1,2.0,96,78,0,0,0,0,0,0.0,0,0,0,0,0,0
424.6,2026-05-17T18:19:13,0016c001f10c2ef6,7.8,3.9,3.9,0.0,7809,702,7107,9.0,0.61,0.52,0.47,414905948,2219962603,3242,11809,1.2,233.6,3.1,2.0,96,78,0,0,0,0,0,0.0,0,0,0,0,0,0
425.0,2026-05-17T18:19:13,0016c001f10c2ef6,11.3,2.8,7.9,0.6,7809,703,7106,9.0,0.61,0.52,0.47,414909082,2219974412,3134,11809,1.2,233.6,3.1,2.0,96,78,0,0,0,0,0,0.0,0,0,0,0,0,0
425.4,2026-05-17T18:19:14,0016c001f10c2ef6,19.9,1.8,18.1,0.0,7809,703,7106,9.0,0.64,0.52,0.47,414912220,2219986221,3138,11809,1.2,233.6,3.1,2.0,96,78,0,0,0,0,0,0.0,0,0,0,0,0,0
425.9,2026-05-17T18:19:14,0016c001f10c2ef6,19.2,1.7,17.4,0.0,7809,702,7107,9.0,0.64,0.52,0.47,414916187,2220029181,3967,42960,1.2,233.7,3.1,2.0,96,78,0,0,0,0,0,0.0,0,0,0,0,0,0
426.3,2026-05-17T18:19:15,0016c001f10c2ef6,19.4,1.2,18.2,0.0,7809,702,7107,9.0,0.64,0.52,0.47,414919221,2220040990,3034,11809,1.2,233.7,3.1,2.0,96,78,0,0,0,0,0,0.0,0,0,0,0,0,0
426.7,2026-05-17T18:19:15,0016c001f10c2ef6,7.8,2.4,5.4,0.0,7809,702,7107,9.0,0.64,0.52,0.47,414922307,2220052799,3086,11809,1.2,233.7,3.1,2.0,96,78,0,0,0,0,0,0.0,0,0,0,0,0,0
427.2,2026-05-17T18:19:15,0016c001f10c2ef6,6.8,2.3,4.5,0.0,7809,702,7107,9.0,0.64,0.52,0.47,414925617,2220064686,3310,11887,1.2,233.7,3.1,2.0,96,78,0,0,0,0,0,0.0,0,0,0,0,0,0
427.7,2026-05-17T18:19:16,0016c001f10c2ef6,9.8,3.9,5.9,0.0,7809,701,7108,9.0,0.64,0.52,0.47,414930217,2220107712,4600,43026,1.2,233.7,3.1,2.0,96,78,0,0,0,0,0,0.0,0,0,0,0,0,0
428.2,2026-05-17T18:19:16,0016c001f10c2ef6,11.8,4.4,7.4,0.0,7809,701,7108,9.0,0.64,0.52,0.47,414933459,2220119587,3242,11875,1.2,233.7,3.1,2.0,96,78,0,0,0,0,0,0.0,0,0,0,0,0,0
428.7,2026-05-17T18:19:17,0016c001f10c2ef6,8.8,2.9,5.9,0.0,7809,701,7108,9.0,0.64,0.52,0.47,414936597,2220131462,3138,11875,1.2,233.7,3.1,2.0,96,78,0,0,0,0,0,0.0,0,0,0,0,0,0
429.2,2026-05-17T18:19:17,0016c001f10c2ef6,9.5,2.5,7.0,0.0,7809,701,7108,9.0,0.64,0.52,0.47,414939635,2220143337,3038,11875,1.2,233.7,3.1,2.0,96,78,0,0,0,0,0,0.0,0,0,0,0,0,0
429.6,2026-05-17T18:19:18,0016c001f10c2ef6,6.7,1.1,5.6,0.0,7809,702,7107,9.0,0.64,0.52,0.47,414942773,2220155146,3138,11809,1.2,233.7,3.1,2.0,96,78,0,0,0,0,0,0.0,0,0,0,0,0,0
430.0,2026-05-17T18:19:18,0016c001f10c2ef6,7.0,3.5,3.5,0.0,7809,704,7105,9.0,0.59,0.52,0.47,414946736,2220198106,3963,42960,1.2,233.7,3.1,2.0,96,78,0,0,0,0,0,0.0,0,0,0,0,0,0
430.4,2026-05-17T18:19:19,0016c001f10c2ef6,6.2,2.2,3.9,0.0,7809,704,7105,9.0,0.59,0.52,0.47,414949974,2220209915,3238,11809,1.2,233.7,3.1,2.0,96,78,0,0,0,0,0,0.0,0,0,0,0,0,0
430.9,2026-05-17T18:19:19,0016c001f10c2ef6,6.0,2.2,3.8,0.0,7809,704,7105,9.0,0.59,0.52,0.47,414953012,2220221724,3038,11809,1.2,233.7,3.1,2.0,96,78,0,0,0,0,0,0.0,0,0,0,0,0,0
431.3,2026-05-17T18:19:20,0016c001f10c2ef6,6.7,1.7,5.0,0.0,7809,704,7105,9.0,0.59,0.52,0.47,414956098,2220233533,3086,11809,1.2,233.7,3.1,2.0,96,78,0,0,0,0,0,0.0,0,0,0,0,0,0
431.7,2026-05-17T18:19:20,0016c001f10c2ef6,5.3,2.4,2.9,0.0,7809,703,7106,9.0,0.59,0.52,0.47,414959184,2220245342,3086,11809,1.2,233.7,3.1,2.0,96,78,0,0,0,0,0,0.0,0,0,0,0,0,0
432.1,2026-05-17T18:19:20,0016c001f10c2ef6,6.2,1.7,4.5,0.0,7809,703,7106,9.0,0.59,0.52,0.47,414963147,2220288302,3963,42960,1.2,233.7,3.1,2.0,96,78,0,0,0,0,0,0.0,0,0,0,0,0,0
432.5,2026-05-17T18:19:21,0016c001f10c2ef6,5.7,2.3,3.4,0.0,7809,703,7106,9.0,0.59,0.52,0.47,414966233,2220300111,3086,11809,1.2,233.7,3.1,2.0,96,78,0,0,0,0,0,0.0,0,0,0,0,0,0
433.0,2026-05-17T18:19:21,0016c001f10c2ef6,10.3,4.6,5.2,0.6,7809,703,7106,9.0,0.59,0.52,0.47,414969521,2220315678,3288,15567,1.2,233.7,3.1,2.0,100,82,4,4,0,0,0,0.0,0,0,0,0,0,0
433.4,2026-05-17T18:19:22,0016c001f10c2ef6,7.1,2.2,4.9,0.0,7809,703,7106,9.0,0.59,0.52,0.47,414972659,2220327488,3138,11810,1.2,233.7,3.1,2.0,100,82,0,0,0,0,0,0.0,0,0,0,0,0,0
433.9,2026-05-17T18:19:22,0016c001f10c2ef6,6.2,2.1,4.1,0.0,7809,703,7106,9.0,0.59,0.52,0.47,414976826,2220370530,4167,43042,1.2,233.7,3.1,2.0,100,82,0,0,0,0,0,0.0,0,0,0,0,0,0
434.4,2026-05-17T18:19:23,0016c001f10c2ef6,10.7,4.4,6.3,0.0,7809,704,7105,9.0,0.59,0.52,0.47,414980068,2220382406,3242,11876,1.2,233.7,3.1,2.0,100,82,0,0,0,0,0,0.0,0,0,0,0,0,0
434.8,2026-05-17T18:19:23,0016c001f10c2ef6,9.5,3.5,6.0,0.0,7809,704,7105,9.0,0.54,0.51,0.47,414983382,2220394360,3314,11954,1.2,233.7,3.1,2.0,100,82,0,0,0,0,0,0.0,0,0,0,0,0,0
435.3,2026-05-17T18:19:24,0016c001f10c2ef6,9.3,4.4,4.9,0.0,7809,704,7105,9.0,0.54,0.51,0.47,414986572,2220406236,3190,11876,1.2,233.7,3.1,2.0,100,82,0,0,0,0,0,0.0,0,0,0,0,0,0
435.8,2026-05-17T18:19:24,0016c001f10c2ef6,8.9,3.4,5.4,0.0,7809,703,7106,9.0,0.54,0.51,0.47,414990643,2220449344,4071,43108,1.2,233.7,3.1,2.0,100,82,0,0,0,0,0,0.0,0,0,0,0,0,0
436.2,2026-05-17T18:19:25,0016c001f10c2ef6,9.6,2.8,6.8,0.0,7809,703,7106,9.0,0.54,0.51,0.47,414993729,2220461154,3086,11810,1.2,233.7,3.1,2.0,100,82,0,0,0,0,0,0.0,0,0,0,0,0,0
436.7,2026-05-17T18:19:25,0016c001f10c2ef6,18.5,3.0,15.5,0.0,7809,702,7107,9.0,0.54,0.51,0.47,414996815,2220472964,3086,11810,1.2,233.7,3.1,2.0,100,82,0,0,0,0,0,0.0,0,0,0,0,0,0
437.1,2026-05-17T18:19:25,0016c001f10c2ef6,18.3,2.4,16.0,0.0,7809,704,7105,9.0,0.54,0.51,0.47,414999953,2220484774,3138,11810,1.2,233.7,3.1,2.0,100,82,0,0,0,0,0,0.0,0,0,0,0,0,0
437.5,2026-05-17T18:19:26,0016c001f10c2ef6,19.0,2.3,16.7,0.0,7809,703,7106,9.0,0.54,0.51,0.47,415003416,2220496584,3463,11810,1.2,233.7,3.1,2.0,100,82,0,0,0,0,0,0.0,0,0,0,0,0,0
438.0,2026-05-17T18:19:26,0016c001f10c2ef6,11.4,2.3,9.1,0.0,7809,703,7106,9.0,0.54,0.51,0.47,415007627,2220539758,4211,43174,1.2,233.7,3.1,2.0,100,82,0,0,0,0,0,0.0,0,0,0,0,0,0
438.4,2026-05-17T18:19:27,0016c001f10c2ef6,7.5,1.7,5.7,0.0,7809,704,7105,9.0,0.54,0.51,0.47,415010765,2220551568,3138,11810,1.2,233.7,3.1,2.0,100,82,0,0,0,0,0,0.0,0,0,0,0,0,0
438.8,2026-05-17T18:19:27,0016c001f10c2ef6,6.4,1.7,4.6,0.0,7809,703,7106,9.0,0.54,0.51,0.47,415013951,2220563378,3186,11810,1.2,233.7,3.1,2.0,100,82,0,0,0,0,0,0.0,0,0,0,0,0,0
439.3,2026-05-17T18:19:28,0016c001f10c2ef6,5.1,1.1,4.0,0.0,7809,702,7107,9.0,0.54,0.51,0.47,415016937,2220575188,2986,11810,1.2,233.7,3.1,2.0,100,82,0,0,0,0,0,0.0,0,0,0,0,0,0
439.7,2026-05-17T18:19:28,0016c001f10c2ef6,5.9,2.4,3.6,0.0,7809,702,7107,9.0,0.5,0.5,0.46,415020127,2220586998,3190,11810,1.2,233.7,3.1,2.0,100,82,0,0,0,0,0,0.0,0,0,0,0,0,0
440.1,2026-05-17T18:19:28,0016c001f10c2ef6,6.9,1.7,5.2,0.0,7809,702,7107,9.0,0.5,0.5,0.46,415024350,2220630040,4223,43042,1.2,233.7,3.1,2.0,100,82,0,0,0,0,0,0.0,0,0,0,0,0,0
440.5,2026-05-17T18:19:29,0016c001f10c2ef6,6.9,1.7,5.2,0.0,7809,702,7107,9.0,0.5,0.5,0.46,415027640,2220641850,3290,11810,1.2,233.7,3.1,2.0,100,82,0,0,0,0,0,0.0,0,0,0,0,0,0
441.0,2026-05-17T18:19:29,0016c001f10c2ef6,8.5,3.0,5.5,0.0,7809,702,7107,9.0,0.5,0.5,0.46,415030626,2220653726,2986,11876,1.2,233.7,3.1,2.0,100,82,0,0,0,0,0,0.0,0,0,0,0,0,0
441.4,2026-05-17T18:19:30,0016c001f10c2ef6,7.0,1.2,5.8,0.0,7809,702,7107,9.0,0.5,0.5,0.46,415033660,2220665536,3034,11810,1.2,233.7,3.1,2.0,100,82,0,0,0,0,0,0.0,0,0,0,0,0,0
441.9,2026-05-17T18:19:30,0016c001f10c2ef6,7.1,2.2,4.9,0.0,7809,702,7107,9.0,0.5,0.5,0.46,415037775,2220708578,4115,43042,1.2,233.7,3.1,2.0,100,82,0,0,0,0,0,0.0,0,0,0,0,0,0
442.3,2026-05-17T18:19:31,0016c001f10c2ef6,7.0,2.3,4.7,0.0,7809,702,7107,9.0,0.5,0.5,0.46,415040885,2220720466,3110,11888,1.2,233.7,3.1,2.0,100,82,0,0,0,0,0,0.0,0,0,0,0,0,0
442.7,2026-05-17T18:19:31,0016c001f10c2ef6,4.7,1.2,3.6,0.0,7809,701,7108,9.0,0.5,0.5,0.46,415043919,2220732276,3034,11810,1.2,233.7,3.1,2.0,100,82,0,0,0,0,0,0.0,0,0,0,0,0,0
443.2,2026-05-17T18:19:31,0016c001f10c2ef6,7.0,2.3,4.7,0.0,7809,701,7108,9.0,0.5,0.5,0.46,415047005,2220744769,3086,12493,1.2,233.6,3.1,2.0,100,82,0,0,0,0,0,0.0,0,0,0,0,0,0
443.6,2026-05-17T18:19:32,0016c001f10c2ef6,8.2,2.9,5.3,0.0,7809,702,7107,9.0,0.5,0.5,0.46,415050143,2220758084,3138,13315,1.2,233.6,3.1,2.0,100,82,0,0,0,0,0,0.0,0,0,0,0,0,0
444.0,2026-05-17T18:19:32,0016c001f10c2ef6,5.3,2.9,2.4,0.0,7809,702,7107,9.0,0.5,0.5,0.46,415054152,2220801126,4009,43042,1.2,233.6,3.1,2.0,100,82,0,0,0,0,0,0.0,0,0,0,0,0,0
444.4,2026-05-17T18:19:33,0016c001f10c2ef6,6.8,2.8,4.0,0.0,7809,703,7106,9.0,0.54,0.51,0.47,415057290,2220812936,3138,11810,1.2,233.6,3.1,2.0,100,82,0,0,0,0,0,0.0,0,0,0,0,0,0
444.9,2026-05-17T18:19:33,0016c001f10c2ef6,5.7,1.7,3.4,0.6,7809,704,7105,9.0,0.54,0.51,0.47,415060480,2220824746,3190,11810,1.2,233.6,3.1,2.0,100,82,0,0,0,0,0,0.0,0,0,0,0,0,0
445.4,2026-05-17T18:19:34,0016c001f10c2ef6,7.3,2.3,5.1,0.0,7809,703,7106,9.0,0.54,0.51,0.47,415063566,2220836556,3086,11810,1.2,233.6,3.1,2.0,100,82,0,0,0,0,0,0.0,0,0,0,0,0,0
445.8,2026-05-17T18:19:34,0016c001f10c2ef6,5.8,1.7,4.0,0.0,7809,703,7106,9.0,0.54,0.51,0.47,415066856,2220848366,3290,11810,1.2,233.6,3.1,2.0,100,82,0,0,0,0,0,0.0,0,0,0,0,0,0
446.3,2026-05-17T18:19:35,0016c001f10c2ef6,10.7,4.1,6.6,0.0,7809,704,7105,9.0,0.54,0.51,0.47,415070923,2220891474,4067,43108,1.2,233.6,3.1,2.0,100,82,0,0,0,0,0,0.0,0,0,0,0,0,0
446.8,2026-05-17T18:19:35,0016c001f10c2ef6,9.0,4.0,5.0,0.0,7809,704,7105,9.0,0.54,0.51,0.47,415074113,2220903350,3190,11876,1.2,233.6,3.1,2.0,100,82,0,0,0,0,0,0.0,0,0,0,0,0,0
447.4,2026-05-17T18:19:36,0016c001f10c2ef6,10.4,2.5,7.9,0.0,7809,703,7106,9.0,0.54,0.51,0.47,415077680,2220915226,3567,11876,1.2,233.6,3.1,2.0,100,82,0,0,0,0,0,0.0,0,0,0,0,0,0
447.9,2026-05-17T18:19:36,0016c001f10c2ef6,11.5,3.5,8.0,0.0,7809,703,7106,9.0,0.54,0.51,0.47,415080718,2220927102,3038,11876,1.2,233.6,3.1,2.0,100,82,0,0,0,0,0,0.0,0,0,0,0,0,0
448.3,2026-05-17T18:19:37,0016c001f10c2ef6,21.3,2.9,18.4,0.0,7809,701,7108,9.0,0.54,0.51,0.47,415084989,2220970144,4271,43042,1.2,233.6,3.1,2.0,100,82,0,0,0,0,0,0.0,0,0,0,0,0,0
448.7,2026-05-17T18:19:38,0016c001f10c2ef6,20.3,2.3,18.1,0.0,7809,702,7107,9.0,0.54,0.51,0.47,415088075,2220981954,3086,11810,1.2,233.6,3.1,2.0,100,82,0,0,0,0,0,0.0,0,0,0,0,0,0
449.2,2026-05-17T18:19:38,0016c001f10c2ef6,19.5,2.4,17.2,0.0,7809,702,7107,9.0,0.54,0.51,0.47,415091161,2220993764,3086,11810,1.2,233.6,3.1,2.0,100,82,0,0,0,0,0,0.0,0,0,0,0,0,0
449.6,2026-05-17T18:19:39,0016c001f10c2ef6,11.3,2.3,9.0,0.0,7809,703,7106,9.0,0.65,0.53,0.47,415094147,2221005574,2986,11810,1.2,233.6,3.1,2.0,100,82,0,0,0,0,0,0.0,0,0,0,0,0,0
450.0,2026-05-17T18:19:39,0016c001f10c2ef6,6.3,1.1,5.2,0.0,7809,702,7107,9.0,0.65,0.53,0.47,415098110,2221048616,3963,43042,1.2,233.6,3.1,2.0,100,82,0,0,0,0,0,0.0,0,0,0,0,0,0
450.5,2026-05-17T18:19:40,0016c001f10c2ef6,6.9,2.9,4.0,0.0,7809,702,7107,9.0,0.65,0.53,0.47,415101216,2221060504,3106,11888,1.2,233.6,3.1,2.0,100,82,0,0,0,0,0,0.0,0,0,0,0,0,0
451.0,2026-05-17T18:19:40,0016c001f10c2ef6,5.4,2.5,3.0,0.0,7809,703,7106,9.0,0.65,0.53,0.47,415104506,2221072314,3290,11810,1.2,233.6,3.1,2.0,100,82,0,0,0,0,0,0.0,0,0,0,0,0,0
451.4,2026-05-17T18:19:41,0016c001f10c2ef6,6.0,2.0,4.0,0.0,7809,703,7106,9.0,0.65,0.53,0.47,415107720,2221084280,3214,11966,1.2,233.7,3.1,2.0,100,82,0,0,0,0,0,0.0,0,0,0,0,0,0
451.9,2026-05-17T18:19:41,0016c001f10c2ef6,5.8,3.5,2.3,0.0,7809,703,7106,9.0,0.65,0.53,0.47,415110752,2221096156,3032,11876,1.2,233.7,3.1,2.0,100,82,0,0,0,0,0,0.0,0,0,0,0,0,0
452.3,2026-05-17T18:19:41,0016c001f10c2ef6,8.0,3.4,4.6,0.0,7809,703,7106,9.0,0.65,0.53,0.47,415114871,2221139198,4119,43042,1.2,233.5,3.1,2.0,100,82,0,0,0,0,0,0.0,0,0,0,0,0,0
452.7,2026-05-17T18:19:42,0016c001f10c2ef6,6.8,2.3,4.5,0.0,7809,703,7106,9.0,0.65,0.53,0.47,415118109,2221151008,3238,11810,1.2,233.5,3.1,2.0,100,82,0,0,0,0,0,0.0,0,0,0,0,0,0
453.2,2026-05-17T18:19:42,0016c001f10c2ef6,9.6,3.5,6.1,0.0,7809,703,7106,9.0,0.65,0.53,0.47,415121303,2221164677,3194,13669,1.2,233.5,3.1,2.0,100,82,0,0,0,0,0,0.0,0,0,0,0,0,0
453.7,2026-05-17T18:19:43,0016c001f10c2ef6,12.0,6.0,6.0,0.0,7809,701,7108,9.0,0.65,0.53,0.47,415124435,2221178461,3132,13784,1.2,233.5,3.1,2.0,100,82,0,0,0,0,0,0.0,0,0,0,0,0,0
454.1,2026-05-17T18:19:43,0016c001f10c2ef6,5.7,2.1,3.6,0.0,7809,702,7107,9.0,0.65,0.53,0.47,415128242,2221221584,3807,43123,1.2,233.5,3.1,2.0,100,82,0,0,0,0,0,0.0,0,0,0,0,0,0
454.6,2026-05-17T18:19:44,0016c001f10c2ef6,5.4,2.7,2.7,0.0,7809,702,7107,9.0,0.68,0.54,0.48,415131328,2221233394,3086,11810,1.2,233.5,3.1,2.0,100,82,0,0,0,0,0,0.0,0,0,0,0,0,0
455.0,2026-05-17T18:19:44,0016c001f10c2ef6,6.9,2.3,4.6,0.0,7809,702,7107,9.0,0.68,0.54,0.48,415134414,2221245204,3086,11810,1.2,233.5,3.1,2.0,100,82,0,0,0,0,0,0.0,0,0,0,0,0,0
455.5,2026-05-17T18:19:45,0016c001f10c2ef6,7.3,3.4,4.0,0.0,7809,702,7107,9.0,0.68,0.54,0.48,415137724,2221257100,3310,11896,1.2,233.5,3.1,2.0,100,82,0,0,0,0,0,0.0,0,0,0,0,0,0
455.9,2026-05-17T18:19:45,0016c001f10c2ef6,6.2,1.7,4.5,0.0,7809,703,7106,9.0,0.68,0.54,0.48,415140710,2221268910,2986,11810,1.2,233.5,3.1,2.0,100,82,0,0,0,0,0,0.0,0,0,0,0,0,0
456.3,2026-05-17T18:19:45,0016c001f10c2ef6,7.1,2.4,4.7,0.0,7809,702,7107,9.0,0.68,0.54,0.48,415144777,2221312033,4067,43123,1.2,233.6,3.1,2.0,100,82,0,0,0,0,0,0.0,0,0,0,0,0,0
456.7,2026-05-17T18:19:46,0016c001f10c2ef6,5.8,2.3,3.5,0.0,7809,702,7107,9.0,0.68,0.54,0.48,415148067,2221323843,3290,11810,1.2,233.6,3.1,2.0,100,82,0,0,0,0,0,0.0,0,0,0,0,0,0
457.2,2026-05-17T18:19:46,0016c001f10c2ef6,5.1,2.3,2.8,0.0,7809,702,7107,9.0,0.68,0.54,0.48,415151534,2221335653,3467,11810,1.2,233.6,3.1,2.0,100,82,0,0,0,0,0,0.0,0,0,0,0,0,0
457.6,2026-05-17T18:19:47,0016c001f10c2ef6,6.4,2.3,4.1,0.0,7809,702,7107,9.0,0.68,0.54,0.48,415154672,2221347463,3138,11810,1.2,233.6,3.1,2.0,100,82,0,0,0,0,0,0.0,0,0,0,0,0,0
458.0,2026-05-17T18:19:47,0016c001f10c2ef6,6.7,3.4,3.4,0.0,7809,702,7107,9.0,0.68,0.54,0.48,415157914,2221359273,3242,11810,1.2,233.5,3.1,2.0,100,82,0,0,0,0,0,0.0,0,0,0,0,0,0
458.5,2026-05-17T18:19:48,0016c001f10c2ef6,9.6,4.5,4.5,0.5,7809,702,7107,9.0,0.68,0.54,0.48,415162289,2221402462,4375,43189,1.2,233.5,3.1,2.0,100,82,0,0,0,0,0,0.0,0,0,0,0,0,0
459.0,2026-05-17T18:19:48,0016c001f10c2ef6,10.4,3.0,7.4,0.0,7809,701,7108,9.0,0.68,0.54,0.48,415165531,2221414338,3242,11876,1.2,233.5,3.1,2.0,100,82,0,0,0,0,0,0.0,0,0,0,0,0,0
459.5,2026-05-17T18:19:49,0016c001f10c2ef6,13.9,3.6,10.3,0.0,7809,702,7107,9.0,0.71,0.55,0.48,415168517,2221426214,2986,11876,1.2,233.5,3.1,2.0,100,82,0,0,0,0,0,0.0,0,0,0,0,0,0
459.9,2026-05-17T18:19:49,0016c001f10c2ef6,19.3,1.8,17.5,0.0,7809,702,7107,9.0,0.71,0.55,0.48,415171603,2221438024,3086,11810,1.2,233.5,3.1,2.0,100,82,0,0,0,0,0,0.0,0,0,0,0,0,0
460.4,2026-05-17T18:19:50,0016c001f10c2ef6,18.5,2.8,15.7,0.0,7809,702,7107,9.0,0.71,0.55,0.48,415175618,2221481147,4015,43123,1.2,233.5,3.1,2.0,100,82,0,0,0,0,0,0.0,0,0,0,0,0,0
460.8,2026-05-17T18:19:50,0016c001f10c2ef6,18.2,1.8,16.5,0.0,7809,702,7107,9.0,0.71,0.55,0.48,415178704,2221492957,3086,11810,1.2,233.5,3.1,2.0,100,82,0,0,0,0,0,0.0,0,0,0,0,0,0
461.2,2026-05-17T18:19:50,0016c001f10c2ef6,6.8,2.8,4.0,0.0,7809,702,7107,9.0,0.71,0.55,0.48,415181738,2221504767,3034,11810,1.2,233.5,3.1,2.0,100,82,0,0,0,0,0,0.0,0,0,0,0,0,0
461.7,2026-05-17T18:19:51,0016c001f10c2ef6,6.3,1.7,4.6,0.0,7809,703,7106,9.0,0.71,0.55,0.48,415185028,2221516577,3290,11810,1.2,233.5,3.1,2.0,100,82,0,0,0,0,0,0.0,0,0,0,0,0,0
462.1,2026-05-17T18:19:51,0016c001f10c2ef6,6.6,1.6,4.9,0.0,7809,702,7107,9.0,0.71,0.55,0.48,415188118,2221528387,3090,11810,1.2,233.5,3.1,2.0,102,84,2,2,0,0,0,0.0,0,0,0,0,0,0
462.5,2026-05-17T18:19:52,0016c001f10c2ef6,7.1,3.0,4.1,0.0,7809,703,7106,9.0,0.71,0.55,0.48,415192185,2221571510,4067,43123,1.2,233.5,3.1,2.0,102,84,0,0,0,0,0,0.0,0,0,0,0,0,0
463.0,2026-05-17T18:19:52,0016c001f10c2ef6,5.5,2.2,3.3,0.0,7809,704,7105,9.0,0.71,0.55,0.48,415195219,2221583320,3034,11810,1.2,233.5,3.1,2.0,102,84,0,0,0,0,0,0.0,0,0,0,0,0,0
463.4,2026-05-17T18:19:53,0016c001f10c2ef6,6.5,3.5,2.9,0.0,7809,703,7106,9.0,0.71,0.55,0.48,415198305,2221595130,3086,11810,1.2,233.5,3.1,2.0,102,84,0,0,0,0,0,0.0,0,0,0,0,0,0
463.8,2026-05-17T18:19:53,0016c001f10c2ef6,6.3,1.7,4.6,0.0,7809,703,7106,9.0,0.71,0.55,0.48,415201443,2221606940,3138,11810,1.2,233.5,3.1,2.0,102,84,0,0,0,0,0,0.0,0,0,0,0,0,0
464.3,2026-05-17T18:19:53,0016c001f10c2ef6,6.3,2.3,4.0,0.0,7809,703,7106,9.0,0.73,0.55,0.48,415205714,2221650063,4271,43123,1.2,233.5,3.1,2.0,102,84,0,0,0,0,0,0.0,0,0,0,0,0,0
464.7,2026-05-17T18:19:54,0016c001f10c2ef6,9.2,3.6,5.6,0.0,7809,703,7106,9.0,0.73,0.55,0.48,415208752,2221661939,3038,11876,1.2,233.5,3.1,2.0,102,84,0,0,0,0,0,0.0,0,0,0,0,0,0
465.2,2026-05-17T18:19:54,0016c001f10c2ef6,6.3,1.7,4.6,0.0,7809,703,7106,9.0,0.73,0.55,0.48,415211890,2221673749,3138,11810,1.2,233.5,3.1,2.0,102,84,0,0,0,0,0,0.0,0,0,0,0,0,0
465.6,2026-05-17T18:19:55,0016c001f10c2ef6,6.9,2.3,4.6,0.0,7809,703,7106,9.0,0.73,0.55,0.48,415214976,2221685559,3086,11810,1.2,233.5,3.1,2.0,102,84,0,0,0,0,0,0.0,0,0,0,0,0,0
466.0,2026-05-17T18:19:55,0016c001f10c2ef6,6.7,1.7,5.0,0.0,7809,702,7107,9.0,0.73,0.55,0.48,415218186,2221697447,3210,11888,1.2,233.5,3.1,2.0,102,84,0,0,0,0,0,0.0,0,0,0,0,0,0
466.5,2026-05-17T18:19:56,0016c001f10c2ef6,8.0,1.7,6.3,0.0,7809,702,7107,9.0,0.73,0.55,0.48,415222301,2221740570,4115,43123,1.2,233.5,3.1,2.0,102,84,0,0,0,0,0,0.0,0,0,0,0,0,0
466.9,2026-05-17T18:19:56,0016c001f10c2ef6,6.7,1.1,5.6,0.0,7809,702,7107,9.0,0.73,0.55,0.48,415225339,2221752380,3038,11810,1.2,233.5,3.1,2.0,102,84,0,0,0,0,0,0.0,0,0,0,0,0,0
467.3,2026-05-17T18:19:56,0016c001f10c2ef6,8.4,3.9,4.5,0.0,7809,704,7105,9.0,0.73,0.55,0.48,415228577,2221764190,3238,11810,1.2,233.5,3.1,2.0,102,84,0,0,0,0,0,0.0,0,0,0,0,0,0
467.8,2026-05-17T18:19:57,0016c001f10c2ef6,4.6,1.1,3.4,0.0,7809,704,7105,9.0,0.73,0.55,0.48,415231615,2221776000,3038,11810,1.2,233.5,3.1,2.0,102,84,0,0,0,0,0,0.0,0,0,0,0,0,0
468.2,2026-05-17T18:19:57,0016c001f10c2ef6,6.2,2.2,3.9,0.0,7809,704,7105,9.0,0.73,0.55,0.48,415234649,2221787810,3034,11810,1.2,233.5,3.1,2.0,102,84,0,0,0,0,0,0.0,0,0,0,0,0,0
468.6,2026-05-17T18:19:58,0016c001f10c2ef6,6.4,1.7,4.7,0.0,7809,703,7106,9.0,0.73,0.55,0.48,415238612,2221830933,3963,43123,1.2,233.5,3.1,2.0,102,84,0,0,0,0,0,0.0,0,0,0,0,0,0
469.0,2026-05-17T18:19:58,0016c001f10c2ef6,7.5,2.3,4.6,0.6,7809,703,7106,9.0,0.67,0.55,0.48,415241646,2221842743,3034,11810,1.2,233.5,3.1,2.0,102,84,0,0,0,0,0,0.0,0,0,0,0,0,0
469.5,2026-05-17T18:19:59,0016c001f10c2ef6,5.7,1.7,4.0,0.0,7809,703,7106,9.0,0.67,0.55,0.48,415244832,2221854553,3186,11810,1.2,233.5,3.1,2.0,102,84,0,0,0,0,0,0.0,0,0,0,0,0,0
470.0,2026-05-17T18:19:59,0016c001f10c2ef6,9.6,3.4,6.2,0.0,7809,703,7106,9.0,0.67,0.55,0.48,415247970,2221866429,3138,11876,1.2,233.5,3.1,2.0,102,84,0,0,0,0,0,0.0,0,0,0,0,0,0
470.4,2026-05-17T18:20:00,0016c001f10c2ef6,7.9,2.8,5.1,0.0,7809,703,7106,9.0,0.67,0.55,0.48,415251833,2221909552,3863,43123,1.2,233.4,3.1,2.0,102,84,0,0,0,0,0,0.0,0,0,0,0,0,0
470.8,2026-05-17T18:20:00,0016c001f10c2ef6,10.0,2.4,7.6,0.0,7809,703,7106,9.0,0.67,0.55,0.48,415254919,2221921362,3086,11810,1.2,233.4,3.1,2.0,102,84,0,0,0,0,0,0.0,0,0,0,0,0,0
471.3,2026-05-17T18:20:00,0016c001f10c2ef6,19.8,2.4,17.4,0.0,7809,703,7106,9.0,0.67,0.55,0.48,415258005,2221933172,3086,11810,1.2,233.4,3.1,2.0,102,84,0,0,0,0,0,0.0,0,0,0,0,0,0
471.7,2026-05-17T18:20:01,0016c001f10c2ef6,18.6,1.8,16.8,0.0,7809,703,7106,9.0,0.67,0.55,0.48,415261195,2221945665,3190,12493,1.2,233.4,3.1,2.0,102,84,0,0,0,0,0,0.0,0,0,0,0,0,0
472.1,2026-05-17T18:20:01,0016c001f10c2ef6,22.1,4.7,17.4,0.0,7809,703,7106,9.0,0.67,0.55,0.48,415264275,2221959077,3080,13412,1.2,233.4,3.1,2.0,102,84,0,0,0,0,0,0.0,0,0,0,0,0,0
472.6,2026-05-17T18:20:02,0016c001f10c2ef6,10.7,2.2,8.4,0.0,7809,703,7106,9.0,0.67,0.55,0.48,415268342,2222002200,4067,43123,1.2,233.4,3.1,2.0,102,84,0,0,0,0,0,0.0,0,0,0,0,0,0
473.0,2026-05-17T18:20:02,0016c001f10c2ef6,5.6,1.7,4.0,0.0,7809,703,7106,9.0,0.67,0.55,0.48,415271376,2222014010,3034,11810,1.2,233.4,3.1,2.0,102,84,0,0,0,0,0,0.0,0,0,0,0,0,0
473.4,2026-05-17T18:20:03,0016c001f10c2ef6,5.8,1.7,4.0,0.0,7809,702,7107,9.0,0.67,0.55,0.48,415274462,2222025820,3086,11810,1.2,233.4,3.1,2.0,102,84,0,0,0,0,0,0.0,0,0,0,0,0,0
473.8,2026-05-17T18:20:03,0016c001f10c2ef6,8.0,2.3,5.7,0.0,7809,702,7107,9.0,0.62,0.54,0.48,415277672,2222037708,3210,11888,1.2,233.4,3.1,2.0,102,84,0,0,0,0,0,0.0,0,0,0,0,0,0
474.3,2026-05-17T18:20:03,0016c001f10c2ef6,7.3,1.7,5.6,0.0,7809,701,7108,9.0,0.62,0.54,0.48,415280810,2222049518,3138,11810,1.2,233.4,3.1,2.0,102,84,0,0,0,0,0,0.0,0,0,0,0,0,0
474.7,2026-05-17T18:20:04,0016c001f10c2ef6,6.9,2.9,4.0,0.0,7809,701,7108,9.0,0.62,0.54,0.48,415285081,2222092641,4271,43123,1.2,233.4,3.1,2.0,102,84,0,0,0,0,0,0.0,0,0,0,0,0,0
475.2,2026-05-17T18:20:04,0016c001f10c2ef6,8.5,3.2,5.3,0.0,7809,702,7107,9.0,0.62,0.54,0.48,415288171,2222104517,3090,11876,1.2,233.4,3.1,2.0,102,84,0,0,0,0,0,0.0,0,0,0,0,0,0
475.6,2026-05-17T18:20:05,0016c001f10c2ef6,6.2,1.7,4.5,0.0,7809,702,7107,9.0,0.62,0.54,0.48,415291361,2222116327,3190,11810,1.2,233.4,3.1,2.0,102,84,0,0,0,0,0,0.0,0,0,0,0,0,0
476.0,2026-05-17T18:20:05,0016c001f10c2ef6,5.8,1.2,4.6,0.0,7809,702,7107,9.0,0.62,0.54,0.48,415294447,2222128203,3086,11876,1.2,233.4,3.1,2.0,102,84,0,0,0,0,0,0.0,0,0,0,0,0,0
476.5,2026-05-17T18:20:06,0016c001f10c2ef6,6.3,1.7,4.6,0.0,7809,702,7107,9.0,0.62,0.54,0.48,415299043,2222171326,4596,43123,1.2,233.4,3.1,2.0,102,84,0,0,0,0,0,0.0,0,0,0,0,0,0
476.9,2026-05-17T18:20:06,0016c001f10c2ef6,10.0,3.3,5.0,1.7,7809,703,7106,9.0,0.62,0.54,0.48,415302129,2222183136,3086,11810,1.2,233.4,3.1,2.0,102,84,0,0,0,0,0,0.0,0,0,0,0,0,0
477.3,2026-05-17T18:20:06,0016c001f10c2ef6,5.7,2.3,3.4,0.0,7809,703,7106,9.0,0.62,0.54,0.48,415305267,2222194946,3138,11810,1.2,233.4,3.1,2.0,102,84,0,0,0,0,0,0.0,0,0,0,0,0,0
477.8,2026-05-17T18:20:07,0016c001f10c2ef6,7.7,2.2,5.5,0.0,7809,703,7106,9.0,0.62,0.54,0.48,415308253,2222206756,2986,11810,1.2,233.4,3.1,2.0,102,84,0,0,0,0,0,0.0,0,0,0,0,0,0
478.2,2026-05-17T18:20:07,0016c001f10c2ef6,5.8,2.3,3.5,0.0,7809,703,7106,9.0,0.62,0.54,0.48,415311287,2222218566,3034,11810,1.2,233.4,3.1,2.0,102,84,0,0,0,0,0,0.0,0,0,0,0,0,0
478.6,2026-05-17T18:20:08,0016c001f10c2ef6,7.3,4.0,3.4,0.0,7809,703,7106,9.0,0.57,0.53,0.47,415315302,2222261689,4015,43123,1.2,233.4,3.1,2.0,102,84,0,0,0,0,0,0.0,0,0,0,0,0,0
479.1,2026-05-17T18:20:08,0016c001f10c2ef6,5.6,2.8,2.8,0.0,7809,703,7106,9.0,0.57,0.53,0.47,415318336,2222273499,3034,11810,1.2,233.4,3.1,2.0,102,84,0,0,0,0,0,0.0,0,0,0,0,0,0
479.5,2026-05-17T18:20:09,0016c001f10c2ef6,6.3,1.1,5.2,0.0,7809,703,7106,9.0,0.57,0.53,0.47,415321422,2222285309,3086,11810,1.2,233.4,3.1,2.0,102,84,0,0,0,0,0,0.0,0,0,0,0,0,0
479.9,2026-05-17T18:20:09,0016c001f10c2ef6,6.9,1.7,5.2,0.0,7809,703,7106,9.0,0.57,0.53,0.47,415324660,2222297119,3238,11810,1.2,233.4,3.1,2.0,102,84,0,0,0,0,0,0.0,0,0,0,0,0,0
480.4,2026-05-17T18:20:10,0016c001f10c2ef6,11.2,4.1,7.1,0.0,7809,703,7106,9.0,0.57,0.53,0.47,415328523,2222340308,3863,43189,1.2,233.4,3.1,2.0,102,84,0,0,0,0,0,0.0,0,0,0,0,0,0
480.8,2026-05-17T18:20:11,0016c001f10c2ef6,7.3,3.4,3.9,0.0,7809,703,7106,9.0,0.57,0.53,0.47,415331737,2222352274,3214,11966,1.2,233.4,3.1,2.0,102,84,0,0,0,0,0,0.0,0,0,0,0,0,0
481.3,2026-05-17T18:20:11,0016c001f10c2ef6,8.0,4.0,4.0,0.0,7809,702,7107,9.0,0.57,0.53,0.47,415334875,2222364767,3138,12493,1.2,233.4,3.1,2.0,102,84,0,0,0,0,0,0.0,0,0,0,0,0,0
481.7,2026-05-17T18:20:12,0016c001f10c2ef6,8.1,2.3,5.2,0.6,7809,703,7106,9.0,0.57,0.53,0.47,415338235,2222381954,3360,17187,1.2,233.5,3.1,2.0,102,84,0,0,0,0,0,0.0,0,0,0,0,0,0
482.1,2026-05-17T18:20:12,0016c001f10c2ef6,7.3,3.4,3.9,0.0,7809,702,7107,9.0,0.57,0.53,0.47,415341361,2222393896,3126,11942,1.2,233.5,3.1,2.0,102,84,0,0,0,0,0,0.0,0,0,0,0,0,0
482.6,2026-05-17T18:20:13,0016c001f10c2ef6,16.8,1.6,15.1,0.0,7809,704,7105,9.0,0.57,0.53,0.47,415345272,2222437100,3911,43204,1.2,233.6,3.1,2.0,102,84,0,0,0,0,0,0.0,0,0,0,0,0,0
483.1,2026-05-17T18:20:13,0016c001f10c2ef6,21.7,4.8,16.9,0.0,7809,703,7106,9.0,0.57,0.53,0.47,415348306,2222448910,3034,11810,1.2,233.6,3.1,2.0,102,84,0,0,0,0,0,0.0,0,0,0,0,0,0
483.5,2026-05-17T18:20:13,0016c001f10c2ef6,18.1,1.8,16.4,0.0,7809,703,7106,9.0,0.6,0.54,0.48,415351340,2222460720,3034,11810,1.2,233.6,3.1,2.0,102,84,0,0,0,0,0,0.0,0,0,0,0,0,0
484.0,2026-05-17T18:20:14,0016c001f10c2ef6,12.4,2.2,10.1,0.0,7809,703,7106,9.0,0.6,0.54,0.48,415354578,2222472530,3238,11810,1.2,233.6,3.1,2.0,102,84,0,0,0,0,0,0.0,0,0,0,0,0,0
484.4,2026-05-17T18:20:14,0016c001f10c2ef6,5.2,2.3,2.9,0.0,7809,703,7106,9.0,0.6,0.54,0.48,415357564,2222484340,2986,11810,1.2,233.6,3.1,2.0,102,84,0,0,0,0,0,0.0,0,0,0,0,0,0
484.8,2026-05-17T18:20:15,0016c001f10c2ef6,6.2,3.4,2.8,0.0,7809,703,7106,9.0,0.6,0.54,0.48,415361579,2222527544,4015,43204,1.2,233.6,3.1,2.0,102,84,0,0,0,0,0,0.0,0,0,0,0,0,0
485.3,2026-05-17T18:20:15,0016c001f10c2ef6,7.9,2.3,5.6,0.0,7809,702,7107,9.0,0.6,0.54,0.48,415364817,2222539354,3238,11810,1.2,233.6,3.1,2.0,102,84,0,0,0,0,0,0.0,0,0,0,0,0,0
485.8,2026-05-17T18:20:16,0016c001f10c2ef6,9.0,3.0,6.0,0.0,7809,702,7107,9.0,0.6,0.54,0.48,415367903,2222551230,3086,11876,1.2,233.6,3.1,2.0,102,84,0,0,0,0,0,0.0,0,0,0,0,0,0
486.2,2026-05-17T18:20:16,0016c001f10c2ef6,7.1,2.0,5.1,0.0,7809,702,7107,9.0,0.6,0.54,0.48,415371394,2222563392,3491,12162,1.2,233.6,3.1,2.0,102,84,0,0,0,0,0,0.0,0,0,0,0,0,0
486.7,2026-05-17T18:20:17,0016c001f10c2ef6,7.0,2.3,4.7,0.0,7809,702,7107,9.0,0.6,0.54,0.48,415375357,2222606596,3963,43204,1.2,233.6,3.1,2.0,102,84,0,0,0,0,0,0.0,0,0,0,0,0,0
487.1,2026-05-17T18:20:17,0016c001f10c2ef6,6.5,3.0,3.5,0.0,7809,703,7106,9.0,0.6,0.54,0.48,415378519,2222618890,3162,12294,1.2,233.6,3.1,2.0,102,84,0,0,0,0,0,0.0,0,0,0,0,0,0
487.6,2026-05-17T18:20:18,0016c001f10c2ef6,5.3,1.8,3.6,0.0,7809,702,7107,9.0,0.6,0.54,0.48,415381669,2222630942,3150,12052,1.2,233.6,3.1,2.0,102,84,0,0,0,0,0,0.0,0,0,0,0,0,0
488.2,2026-05-17T18:20:18,0016c001f10c2ef6,5.6,2.3,3.3,0.0,7809,701,7108,9.0,0.6,0.54,0.48,415384791,2222643478,3122,12536,1.2,233.6,3.1,2.0,102,84,0,0,0,0,0,0.0,0,0,0,0,0,0
488.8,2026-05-17T18:20:19,0016c001f10c2ef6,6.0,2.6,3.4,0.0,7809,701,7108,9.0,0.56,0.53,0.47,415388918,2222687860,4127,44382,1.2,233.6,3.1,2.0,102,84,0,0,0,0,0,0.0,0,0,0,0,0,0
489.3,2026-05-17T18:20:19,0016c001f10c2ef6,4.8,1.4,3.4,0.0,7809,701,7108,9.0,0.56,0.53,0.47,415391976,2222699748,3058,11888,1.2,233.6,3.1,2.0,102,84,0,0,0,0,0,0.0,0,0,0,0,0,0
489.8,2026-05-17T18:20:20,0016c001f10c2ef6,4.8,1.9,2.9,0.0,7809,702,7107,9.0,0.56,0.53,0.47,415395086,2222712042,3110,12294,1.2,233.7,3.1,2.0,102,84,0,0,0,0,0,0.0,0,0,0,0,0,0
490.4,2026-05-17T18:20:20,0016c001f10c2ef6,5.2,1.7,3.5,0.0,7809,703,7106,9.0,0.56,0.53,0.47,415398272,2222723852,3186,11810,1.2,233.7,3.1,2.0,102,84,0,0,0,0,0,0.0,0,0,0,0,0,0
491.0,2026-05-17T18:20:21,0016c001f10c2ef6,10.1,3.5,6.2,0.4,7809,702,7107,9.0,0.56,0.53,0.47,415402303,2222769157,4031,45305,1.2,233.7,3.1,2.0,102,84,0,0,0,0,0,0.0,0,0,0,0,0,0
491.5,2026-05-17T18:20:21,0016c001f10c2ef6,6.6,3.3,3.3,0.0,7809,702,7107,9.0,0.56,0.53,0.47,415405447,2222783203,3144,14046,1.2,233.7,3.1,2.0,106,88,4,4,0,0,0,0.0,0,0,0,0,0,0
492.1,2026-05-17T18:20:22,0016c001f10c2ef6,6.1,2.2,3.5,0.4,7809,702,7107,9.0,0.56,0.53,0.47,415408481,2222795079,3034,11876,1.2,233.7,3.1,2.0,106,88,0,0,0,0,0,0.0,0,0,0,0,0,0
492.7,2026-05-17T18:20:23,0016c001f10c2ef6,4.8,1.3,3.5,0.0,7809,703,7106,9.0,0.56,0.53,0.47,415412560,2222838525,4079,43446,1.2,233.7,3.1,2.0,106,88,0,0,0,0,0,0.0,0,0,0,0,0,0
493.2,2026-05-17T18:20:23,0016c001f10c2ef6,5.4,1.9,3.5,0.0,7809,703,7106,9.0,0.51,0.52,0.47,415415874,2222850819,3314,12294,1.2,233.7,3.1,2.0,106,88,0,0,0,0,0,0.0,0,0,0,0,0,0
493.8,2026-05-17T18:20:24,0016c001f10c2ef6,8.7,2.8,6.0,0.0,7809,703,7106,9.0,0.51,0.52,0.47,415418860,2222862629,2986,11810,1.2,233.9,3.1,2.0,106,88,0,0,0,0,0,0.0,0,0,0,0,0,0
494.3,2026-05-17T18:20:24,0016c001f10c2ef6,20.6,2.4,18.2,0.0,7809,703,7106,9.0,0.51,0.52,0.47,415422018,2222874525,3158,11896,1.2,233.9,3.1,2.0,106,88,0,0,0,0,0,0.0,0,0,0,0,0,0
494.7,2026-05-17T18:20:25,0016c001f10c2ef6,20.0,3.5,16.5,0.0,7809,704,7105,9.0,0.51,0.52,0.47,415425156,2222886335,3138,11810,1.2,233.9,3.1,2.0,106,88,0,0,0,0,0,0.0,0,0,0,0,0,0
495.1,2026-05-17T18:20:25,0016c001f10c2ef6,20.8,3.6,17.3,0.0,7809,703,7106,9.0,0.51,0.52,0.47,415429223,2222929539,4067,43204,1.2,233.9,3.1,2.0,106,88,0,0,0,0,0,0.0,0,0,0,0,0,0
495.5,2026-05-17T18:20:25,0016c001f10c2ef6,9.9,2.3,7.6,0.0,7809,703,7106,9.0,0.51,0.52,0.47,415432461,2222941349,3238,11810,1.2,233.9,3.1,2.0,106,88,0,0,0,0,0,0.0,0,0,0,0,0,0
496.0,2026-05-17T18:20:26,0016c001f10c2ef6,8.3,3.1,5.2,0.0,7809,703,7106,9.0,0.51,0.52,0.47,415435922,2222953291,3461,11942,1.2,233.9,3.1,2.0,106,88,0,0,0,0,0,0.0,0,0,0,0,0,0
496.4,2026-05-17T18:20:26,0016c001f10c2ef6,5.8,2.3,3.5,0.0,7809,703,7106,9.0,0.51,0.52,0.47,415439008,2222965101,3086,11810,1.2,233.9,3.1,2.0,106,88,0,0,0,0,0,0.0,0,0,0,0,0,0
496.8,2026-05-17T18:20:27,0016c001f10c2ef6,6.5,2.4,4.1,0.0,7809,703,7106,9.0,0.51,0.52,0.47,415443075,2223008305,4067,43204,1.2,233.9,3.1,2.0,106,88,0,0,0,0,0,0.0,0,0,0,0,0,0
497.3,2026-05-17T18:20:27,0016c001f10c2ef6,6.5,1.8,4.7,0.0,7809,702,7107,9.0,0.51,0.52,0.47,415446261,2223020115,3186,11810,1.2,233.9,3.1,2.0,106,88,0,0,0,0,0,0.0,0,0,0,0,0,0
497.7,2026-05-17T18:20:28,0016c001f10c2ef6,8.9,3.4,5.6,0.0,7809,701,7108,9.0,0.51,0.52,0.47,415449247,2223031925,2986,11810,1.2,233.9,3.1,2.0,106,88,0,0,0,0,0,0.0,0,0,0,0,0,0
498.1,2026-05-17T18:20:28,0016c001f10c2ef6,6.8,2.3,4.5,0.0,7809,700,7109,9.0,0.51,0.52,0.47,415452333,2223043735,3086,11810,1.2,233.9,3.1,2.0,106,88,0,0,0,0,0,0.0,0,0,0,0,0,0
498.6,2026-05-17T18:20:29,0016c001f10c2ef6,6.4,2.3,4.0,0.0,7809,701,7108,9.0,0.47,0.51,0.47,415455367,2223055545,3034,11810,1.2,233.9,3.1,2.0,106,88,0,0,0,0,0,0.0,0,0,0,0,0,0
499.0,2026-05-17T18:20:29,0016c001f10c2ef6,7.5,2.9,4.6,0.0,7809,701,7108,9.0,0.47,0.51,0.47,415459486,2223098749,4119,43204,1.2,233.9,3.1,2.0,106,88,0,0,0,0,0,0.0,0,0,0,0,0,0
499.4,2026-05-17T18:20:29,0016c001f10c2ef6,7.3,1.7,5.6,0.0,7809,702,7107,9.0,0.47,0.51,0.47,415462572,2223110559,3086,11810,1.2,233.9,3.1,2.0,106,88,0,0,0,0,0,0.0,0,0,0,0,0,0
499.9,2026-05-17T18:20:30,0016c001f10c2ef6,5.1,1.7,3.4,0.0,7809,702,7107,9.0,0.47,0.51,0.47,415465658,2223122369,3086,11810,1.2,233.9,3.1,2.0,106,88,0,0,0,0,0,0.0,0,0,0,0,0,0
500.3,2026-05-17T18:20:30,0016c001f10c2ef6,5.9,1.8,4.1,0.0,7809,703,7106,9.0,0.47,0.51,0.47,415468744,2223134179,3086,11810,1.2,233.9,3.1,2.0,106,88,0,0,0,0,0,0.0,0,0,0,0,0,0
500.7,2026-05-17T18:20:31,0016c001f10c2ef6,7.5,2.3,4.0,1.2,7809,703,7106,9.0,0.47,0.51,0.47,415471982,2223145989,3238,11810,1.2,233.9,3.1,2.0,106,88,0,0,0,0,0,0.0,0,0,0,0,0,0
501.2,2026-05-17T18:20:31,0016c001f10c2ef6,10.7,3.4,7.3,0.0,7809,700,7109,9.0,0.47,0.51,0.47,415476001,2223189259,4019,43270,1.2,233.9,3.1,2.0,106,88,0,0,0,0,0,0.0,0,0,0,0,0,0
501.6,2026-05-17T18:20:32,0016c001f10c2ef6,6.9,2.3,4.6,0.0,7809,701,7108,9.0,0.47,0.51,0.47,415479087,2223201069,3086,11810,1.2,233.9,3.1,2.0,106,88,0,0,0,0,0,0.0,0,0,0,0,0,0
502.0,2026-05-17T18:20:32,0016c001f10c2ef6,5.8,2.3,3.5,0.0,7809,701,7108,9.0,0.47,0.51,0.47,415482121,2223212879,3034,11810,1.2,233.9,3.1,2.0,106,88,0,0,0,0,0,0.0,0,0,0,0,0,0
502.5,2026-05-17T18:20:32,0016c001f10c2ef6,6.3,2.3,4.0,0.0,7809,702,7107,9.0,0.47,0.51,0.47,415485207,2223224689,3086,11810,1.2,233.9,3.1,2.0,106,88,0,0,0,0,0,0.0,0,0,0,0,0,0
502.9,2026-05-17T18:20:33,0016c001f10c2ef6,5.8,2.3,3.5,0.0,7809,701,7108,9.0,0.47,0.51,0.47,415489170,2223267893,3963,43204,1.2,233.9,3.1,2.0,106,88,0,0,0,0,0,0.0,0,0,0,0,0,0
503.3,2026-05-17T18:20:33,0016c001f10c2ef6,6.7,3.4,3.4,0.0,7809,702,7107,9.0,0.43,0.5,0.46,415492308,2223279703,3138,11810,1.2,233.9,3.1,2.0,106,88,0,0,0,0,0,0.0,0,0,0,0,0,0
503.8,2026-05-17T18:20:34,0016c001f10c2ef6,7.0,2.3,4.7,0.0,7809,702,7107,9.0,0.43,0.5,0.46,415495342,2223291513,3034,11810,1.2,233.9,3.1,2.0,106,88,0,0,0,0,0,0.0,0,0,0,0,0,0
504.2,2026-05-17T18:20:34,0016c001f10c2ef6,5.8,1.7,4.1,0.0,7809,701,7108,9.0,0.43,0.5,0.46,415498376,2223303323,3034,11810,1.2,233.9,3.1,2.0,106,88,0,0,0,0,0,0.0,0,0,0,0,0,0
504.6,2026-05-17T18:20:35,0016c001f10c2ef6,6.9,2.9,4.0,0.0,7809,701,7108,9.0,0.43,0.5,0.46,415501410,2223315133,3034,11810,1.2,233.9,3.1,2.0,106,88,0,0,0,0,0,0.0,0,0,0,0,0,0
505.0,2026-05-17T18:20:35,0016c001f10c2ef6,7.5,2.9,4.6,0.0,7809,702,7107,9.0,0.43,0.5,0.46,415505445,2223358415,4035,43282,1.2,233.9,3.1,2.0,106,88,0,0,0,0,0,0.0,0,0,0,0,0,0
505.5,2026-05-17T18:20:35,0016c001f10c2ef6,18.6,4.5,13.6,0.6,7809,701,7108,9.0,0.43,0.5,0.46,415508525,2223371765,3080,13350,1.2,233.9,3.1,2.0,106,88,0,0,0,0,0,0.0,0,0,0,0,0,0
505.9,2026-05-17T18:20:36,0016c001f10c2ef6,18.7,1.5,17.2,0.0,7809,701,7108,9.0,0.43,0.5,0.46,415511611,2223383575,3086,11810,1.2,233.9,3.1,2.0,106,88,0,0,0,0,0,0.0,0,0,0,0,0,0
506.5,2026-05-17T18:20:36,0016c001f10c2ef6,20.0,3.2,16.8,0.0,7809,703,7106,9.0,0.43,0.5,0.46,415514795,2223396106,3184,12531,1.2,233.9,3.1,2.0,106,88,0,0,0,0,0,0.0,0,0,0,0,0,0
506.9,2026-05-17T18:20:37,0016c001f10c2ef6,15.4,2.7,12.1,0.5,7809,703,7106,9.0,0.43,0.5,0.46,415518654,2223434089,3859,37983,1.2,234.0,3.1,2.0,106,88,0,0,0,0,0,0.0,0,0,0,0,0,0
507.3,2026-05-17T18:20:37,0016c001f10c2ef6,10.1,2.8,6.7,0.6,7809,702,7107,9.0,0.43,0.5,0.46,415521890,2223453378,3236,19289,1.2,234.0,3.1,2.0,106,88,0,0,0,0,0,0.0,0,0,0,0,0,0
507.8,2026-05-17T18:20:38,0016c001f10c2ef6,5.8,1.6,4.2,0.0,7809,702,7107,9.0,0.43,0.5,0.46,415524976,2223465188,3086,11810,1.2,234.0,3.1,2.0,106,88,0,0,0,0,0,0.0,0,0,0,0,0,0
508.2,2026-05-17T18:20:38,0016c001f10c2ef6,4.0,1.7,2.3,0.0,7809,703,7106,9.0,0.48,0.51,0.47,415527958,2223476998,2982,11810,1.2,234.0,3.1,2.0,106,88,0,0,0,0,0,0.0,0,0,0,0,0,0
508.7,2026-05-17T18:20:39,0016c001f10c2ef6,6.9,2.6,4.2,0.0,7809,703,7106,9.0,0.48,0.51,0.47,415530992,2223488808,3034,11810,1.2,234.0,3.1,2.0,106,88,0,0,0,0,0,0.0,0,0,0,0,0,0
509.1,2026-05-17T18:20:39,0016c001f10c2ef6,7.0,2.9,4.1,0.0,7809,702,7107,9.0,0.48,0.51,0.47,415535111,2223532012,4119,43204,1.2,234.0,3.1,2.0,106,88,0,0,0,0,0,0.0,0,0,0,0,0,0
509.6,2026-05-17T18:20:40,0016c001f10c2ef6,7.4,3.4,4.0,0.0,7809,703,7106,9.0,0.48,0.51,0.47,415538145,2223543822,3034,11810,1.2,234.0,3.1,2.0,106,88,0,0,0,0,0,0.0,0,0,0,0,0,0
510.0,2026-05-17T18:20:40,0016c001f10c2ef6,6.3,2.3,4.0,0.0,7809,702,7107,9.0,0.48,0.51,0.47,415541307,2223555788,3162,11966,1.2,234.0,3.1,2.0,106,88,0,0,0,0,0,0.0,0,0,0,0,0,0
510.4,2026-05-17T18:20:40,0016c001f10c2ef6,5.9,2.4,3.6,0.0,7809,702,7107,9.0,0.48,0.51,0.47,415544393,2223567598,3086,11810,1.2,234.0,3.1,2.0,106,88,0,0,0,0,0,0.0,0,0,0,0,0,0
510.9,2026-05-17T18:20:41,0016c001f10c2ef6,5.8,3.4,2.4,0.0,7809,702,7107,9.0,0.48,0.51,0.47,415547695,2223580652,3302,13054,1.2,234.0,3.1,2.0,106,88,0,0,0,0,0,0.0,0,0,0,0,0,0
511.4,2026-05-17T18:20:41,0016c001f10c2ef6,11.6,5.5,6.0,0.0,7809,703,7106,9.0,0.48,0.51,0.47,415551558,2223623922,3863,43270,1.2,234.1,3.1,2.0,106,88,0,0,0,0,0,0.0,0,0,0,0,0,0
511.8,2026-05-17T18:20:42,0016c001f10c2ef6,5.7,1.7,4.0,0.0,7809,703,7106,9.0,0.48,0.51,0.47,415554696,2223635798,3138,11876,1.2,234.1,3.1,2.0,106,88,0,0,0,0,0,0.0,0,0,0,0,0,0
512.3,2026-05-17T18:20:42,0016c001f10c2ef6,6.7,3.9,2.8,0.0,7809,702,7107,9.0,0.48,0.51,0.47,415557834,2223647608,3138,11810,1.2,234.1,3.1,2.0,106,88,0,0,0,0,0,0.0,0,0,0,0,0,0
512.7,2026-05-17T18:20:43,0016c001f10c2ef6,6.2,1.7,4.5,0.0,7809,703,7106,9.0,0.48,0.51,0.47,415560992,2223659496,3158,11888,1.2,234.1,3.1,2.0,106,88,0,0,0,0,0,0.0,0,0,0,0,0,0
513.2,2026-05-17T18:20:44,0016c001f10c2ef6,6.2,1.5,4.6,0.0,7809,703,7106,9.0,0.44,0.5,0.46,415565107,2223702700,4115,43204,1.2,234.1,3.1,2.0,106,88,0,0,0,0,0,0.0,0,0,0,0,0,0
513.6,2026-05-17T18:20:44,0016c001f10c2ef6,6.4,2.3,4.1,0.0,7809,702,7107,9.0,0.44,0.5,0.46,415568145,2223714510,3038,11810,1.2,234.1,3.1,2.0,106,88,0,0,0,0,0,0.0,0,0,0,0,0,0
514.0,2026-05-17T18:20:45,0016c001f10c2ef6,6.8,2.3,4.5,0.0,7809,703,7106,9.0,0.44,0.5,0.46,415571335,2223726320,3190,11810,1.2,234.1,3.1,2.0,106,88,0,0,0,0,0,0.0,0,0,0,0,0,0
514.5,2026-05-17T18:20:45,0016c001f10c2ef6,6.7,2.8,3.9,0.0,7809,703,7106,9.0,0.44,0.5,0.46,415574421,2223738130,3086,11810,1.2,234.1,3.1,2.0,106,88,0,0,0,0,0,0.0,0,0,0,0,0,0
514.9,2026-05-17T18:20:46,0016c001f10c2ef6,6.4,2.9,3.5,0.0,7809,702,7107,9.0,0.44,0.5,0.46,415577507,2223749940,3086,11810,1.2,234.1,3.1,2.0,106,88,0,0,0,0,0,0.0,0,0,0,0,0,0
515.3,2026-05-17T18:20:46,0016c001f10c2ef6,8.1,3.5,4.7,0.0,7809,702,7107,9.0,0.44,0.5,0.46,415581470,2223793144,3963,43204,1.2,234.1,3.1,2.0,106,88,0,0,0,0,0,0.0,0,0,0,0,0,0
515.7,2026-05-17T18:20:47,0016c001f10c2ef6,5.9,1.2,4.7,0.0,7809,703,7106,9.0,0.44,0.5,0.46,415584933,2223804954,3463,11810,1.2,234.1,3.1,2.0,106,88,0,0,0,0,0,0.0,0,0,0,0,0,0
516.1,2026-05-17T18:20:47,0016c001f10c2ef6,5.7,2.9,2.9,0.0,7809,702,7107,9.0,0.44,0.5,0.46,415588223,2223816764,3290,11810,1.2,234.1,3.1,2.0,106,88,0,0,0,0,0,0.0,0,0,0,0,0,0
516.6,2026-05-17T18:20:47,0016c001f10c2ef6,10.1,3.5,6.5,0.0,7809,702,7107,9.0,0.44,0.5,0.46,415591313,2223828640,3090,11876,1.2,234.1,3.1,2.0,106,88,0,0,0,0,0,0.0,0,0,0,0,0,0
517.1,2026-05-17T18:20:48,0016c001f10c2ef6,18.5,1.7,16.9,0.0,7809,701,7108,9.0,0.44,0.5,0.46,415595380,2223871844,4067,43204,1.2,234.1,3.1,2.0,106,88,0,0,0,0,0,0.0,0,0,0,0,0,0
517.5,2026-05-17T18:20:48,0016c001f10c2ef6,20.6,3.5,17.1,0.0,7809,702,7107,9.0,0.44,0.5,0.46,415598466,2223883654,3086,11810,1.2,234.1,3.1,2.0,106,88,0,0,0,0,0,0.0,0,0,0,0,0,0
518.0,2026-05-17T18:20:49,0016c001f10c2ef6,20.7,2.3,18.4,0.0,7809,702,7107,9.0,0.48,0.51,0.47,415601702,2223898282,3236,14628,1.2,234.1,3.1,2.0,106,88,0,0,0,0,0,0.0,0,0,0,0,0,0
518.4,2026-05-17T18:20:49,0016c001f10c2ef6,12.8,2.7,9.6,0.5,7809,702,7107,9.0,0.48,0.51,0.47,415604840,2223910092,3138,11810,1.2,234.1,3.1,2.0,106,88,0,0,0,0,0,0.0,0,0,0,0,0,0
518.9,2026-05-17T18:20:50,0016c001f10c2ef6,6.0,2.2,3.8,0.0,7809,702,7107,9.0,0.48,0.51,0.47,415607974,2223922851,3134,12759,1.2,234.1,3.1,2.0,106,88,0,0,0,0,0,0.0,0,0,0,0,0,0
519.3,2026-05-17T18:20:50,0016c001f10c2ef6,8.4,1.6,6.3,0.5,7809,701,7108,9.0,0.48,0.51,0.47,415611831,2223966136,3857,43285,1.2,234.1,3.1,2.0,106,88,0,0,0,0,0,0.0,0,0,0,0,0,0
519.8,2026-05-17T18:20:51,0016c001f10c2ef6,6.4,1.7,4.6,0.0,7809,701,7108,9.0,0.48,0.51,0.47,415614917,2223977946,3086,11810,1.2,234.1,3.1,2.0,106,88,0,0,0,0,0,0.0,0,0,0,0,0,0
520.2,2026-05-17T18:20:51,0016c001f10c2ef6,5.8,2.1,3.7,0.0,7809,701,7108,9.0,0.48,0.51,0.47,415618055,2223989822,3138,11876,1.2,234.1,3.1,2.0,106,88,0,0,0,0,0,0.0,0,0,0,0,0,0
520.7,2026-05-17T18:20:51,0016c001f10c2ef6,6.3,2.9,3.4,0.0,7809,701,7108,9.0,0.48,0.51,0.47,415621213,2224001710,3158,11888,1.2,234.1,3.1,2.0,110,91,4,3,0,0,0,0.0,0,0,0,0,0,0
521.1,2026-05-17T18:20:52,0016c001f10c2ef6,10.7,2.3,4.5,4.0,7809,701,7108,9.0,0.48,0.51,0.47,415624247,2224013520,3034,11810,1.2,234.1,3.1,2.0,110,91,0,0,0,0,0,0.0,0,0,0,0,0,0
521.5,2026-05-17T18:20:52,0016c001f10c2ef6,8.0,2.9,5.2,0.0,7809,701,7108,9.0,0.48,0.51,0.47,415628518,2224056805,4271,43285,1.2,234.1,3.1,2.0,110,91,0,0,0,0,0,0.0,0,0,0,0,0,0
522.0,2026-05-17T18:20:53,0016c001f10c2ef6,8.2,2.6,5.6,0.0,7809,702,7107,9.0,0.48,0.51,0.47,415631760,2224068681,3242,11876,1.2,234.1,3.1,2.0,110,91,0,0,0,0,0,0.0,0,0,0,0,0,0
522.5,2026-05-17T18:20:53,0016c001f10c2ef6,8.4,2.5,5.9,0.0,7809,702,7107,9.0,0.45,0.5,0.46,415634950,2224080557,3190,11876,1.2,234.1,3.1,2.0,110,91,0,0,0,0,0,0.0,0,0,0,0,0,0
523.0,2026-05-17T18:20:54,0016c001f10c2ef6,9.4,4.0,5.4,0.0,7809,701,7108,9.0,0.45,0.5,0.46,415638140,2224092433,3190,11876,1.2,234.1,3.1,2.0,110,91,0,0,0,0,0,0.0,0,0,0,0,0,0
523.5,2026-05-17T18:20:54,0016c001f10c2ef6,10.7,4.4,6.3,0.0,7809,701,7108,9.0,0.45,0.5,0.46,415641951,2224135784,3811,43351,1.2,234.1,3.1,2.0,110,91,0,0,0,0,0,0.0,0,0,0,0,0,0
523.9,2026-05-17T18:20:55,0016c001f10c2ef6,6.3,1.7,4.6,0.0,7809,702,7107,9.0,0.45,0.5,0.46,415645037,2224147594,3086,11810,1.2,234.1,3.1,2.0,110,91,0,0,0,0,0,0.0,0,0,0,0,0,0
524.4,2026-05-17T18:20:55,0016c001f10c2ef6,6.7,1.1,5.6,0.0,7809,702,7107,9.0,0.45,0.5,0.46,415648175,2224159404,3138,11810,1.2,234.1,3.1,2.0,110,91,0,0,0,0,0,0.0,0,0,0,0,0,0
524.8,2026-05-17T18:20:56,0016c001f10c2ef6,6.3,2.3,4.0,0.0,7809,701,7108,9.0,0.45,0.5,0.46,415651261,2224172742,3086,13338,1.2,234.1,3.1,2.0,110,91,0,0,0,0,0,0.0,0,0,0,0,0,0
525.2,2026-05-17T18:20:56,0016c001f10c2ef6,8.1,3.5,4.6,0.0,7809,702,7107,9.0,0.45,0.5,0.46,415655751,2224216027,4490,43285,1.2,234.1,3.1,2.0,110,91,0,0,0,0,0,0.0,0,0,0,0,0,0
525.7,2026-05-17T18:20:56,0016c001f10c2ef6,7.2,3.9,3.3,0.0,7809,703,7106,9.0,0.45,0.5,0.46,415658785,2224228562,3034,12535,1.2,234.1,3.1,2.0,110,91,0,0,0,0,0,0.0,0,0,0,0,0,0
526.2,2026-05-17T18:20:57,0016c001f10c2ef6,6.6,2.0,4.6,0.0,7809,702,7107,9.0,0.45,0.5,0.46,415661957,2224240504,3172,11942,1.2,234.1,3.1,2.0,110,91,0,0,0,0,0,0.0,0,0,0,0,0,0
526.6,2026-05-17T18:20:57,0016c001f10c2ef6,5.8,1.2,4.7,0.0,7809,701,7108,9.0,0.45,0.5,0.46,415664991,2224252314,3034,11810,1.2,234.1,3.1,2.0,110,91,0,0,0,0,0,0.0,0,0,0,0,0,0
527.0,2026-05-17T18:20:58,0016c001f10c2ef6,5.0,1.1,3.9,0.0,7809,702,7107,9.0,0.45,0.5,0.46,415668025,2224264124,3034,11810,1.2,234.1,3.1,2.0,110,91,0,0,0,0,0,0.0,0,0,0,0,0,0
527.4,2026-05-17T18:20:58,0016c001f10c2ef6,8.8,4.1,4.7,0.0,7809,702,7107,9.0,0.49,0.51,0.47,415672088,2224307409,4063,43285,1.2,234.1,3.1,2.0,110,91,0,0,0,0,0,0.0,0,0,0,0,0,0
527.9,2026-05-17T18:20:59,0016c001f10c2ef6,4.7,0.6,4.1,0.0,7809,702,7107,9.0,0.49,0.51,0.47,415675126,2224319219,3038,11810,1.2,234.1,3.1,2.0,110,91,0,0,0,0,0,0.0,0,0,0,0,0,0
528.3,2026-05-17T18:20:59,0016c001f10c2ef6,10.4,1.7,8.7,0.0,7809,702,7107,9.0,0.49,0.51,0.47,415678336,2224331107,3210,11888,1.2,234.1,3.1,2.0,110,91,0,0,0,0,0,0.0,0,0,0,0,0,0
528.7,2026-05-17T18:21:00,0016c001f10c2ef6,19.8,2.9,16.9,0.0,7809,702,7107,9.0,0.49,0.51,0.47,415681522,2224342917,3186,11810,1.2,234.1,3.1,2.0,110,91,0,0,0,0,0,0.0,0,0,0,0,0,0
529.2,2026-05-17T18:21:00,0016c001f10c2ef6,18.6,2.4,16.2,0.0,7809,703,7106,9.0,0.49,0.51,0.47,415684560,2224354793,3038,11876,1.2,234.1,3.1,2.0,110,91,0,0,0,0,0,0.0,0,0,0,0,0,0
529.6,2026-05-17T18:21:00,0016c001f10c2ef6,20.7,3.0,17.8,0.0,7809,701,7108,9.0,0.49,0.51,0.47,415688523,2224398078,3963,43285,1.2,234.1,3.1,2.0,110,91,0,0,0,0,0,0.0,0,0,0,0,0,0
530.0,2026-05-17T18:21:01,0016c001f10c2ef6,9.7,2.8,6.8,0.0,7809,701,7108,9.0,0.49,0.51,0.47,415691661,2224409888,3138,11810,1.2,234.1,3.1,2.0,110,91,0,0,0,0,0,0.0,0,0,0,0,0,0
530.5,2026-05-17T18:21:01,0016c001f10c2ef6,5.6,1.7,4.0,0.0,7809,701,7108,9.0,0.49,0.51,0.47,415694747,2224421698,3086,11810,1.2,234.1,3.1,2.0,110,91,0,0,0,0,0,0.0,0,0,0,0,0,0
530.9,2026-05-17T18:21:02,0016c001f10c2ef6,5.8,1.2,4.6,0.0,7809,701,7108,9.0,0.49,0.51,0.47,415697781,2224433508,3034,11810,1.2,234.1,3.1,2.0,110,91,0,0,0,0,0,0.0,0,0,0,0,0,0
531.3,2026-05-17T18:21:02,0016c001f10c2ef6,5.2,2.3,2.9,0.0,7809,700,7109,9.0,0.49,0.51,0.47,415701796,2224476793,4015,43285,1.2,234.1,3.1,2.0,110,91,0,0,0,0,0,0.0,0,0,0,0,0,0
531.7,2026-05-17T18:21:03,0016c001f10c2ef6,7.6,3.5,3.5,0.6,7809,700,7109,9.0,0.49,0.51,0.47,415704882,2224488603,3086,11810,1.2,234.1,3.1,2.0,110,91,0,0,0,0,0,0.0,0,0,0,0,0,0
532.2,2026-05-17T18:21:03,0016c001f10c2ef6,6.3,2.3,4.0,0.0,7809,700,7109,9.0,0.49,0.51,0.47,415708068,2224500413,3186,11810,1.2,234.1,3.1,2.0,110,91,0,0,0,0,0,0.0,0,0,0,0,0,0
532.6,2026-05-17T18:21:03,0016c001f10c2ef6,6.2,2.3,4.0,0.0,7809,701,7108,9.0,0.45,0.5,0.46,415711054,2224512223,2986,11810,1.2,234.1,3.1,2.0,110,91,0,0,0,0,0,0.0,0,0,0,0,0,0
533.0,2026-05-17T18:21:04,0016c001f10c2ef6,6.9,1.1,5.7,0.0,7809,701,7108,9.0,0.45,0.5,0.46,415714244,2224524033,3190,11810,1.2,234.1,3.1,2.0,110,91,0,0,0,0,0,0.0,0,0,0,0,0,0
533.5,2026-05-17T18:21:04,0016c001f10c2ef6,7.9,4.2,3.7,0.0,7809,701,7108,9.0,0.45,0.5,0.46,415718383,2224567470,4139,43437,1.2,234.1,3.1,2.0,110,91,0,0,0,0,0,0.0,0,0,0,0,0,0
533.9,2026-05-17T18:21:05,0016c001f10c2ef6,6.9,2.3,4.6,0.0,7809,701,7108,9.0,0.45,0.5,0.46,415721517,2224579280,3134,11810,1.2,234.1,3.1,2.0,110,91,0,0,0,0,0,0.0,0,0,0,0,0,0
534.3,2026-05-17T18:21:05,0016c001f10c2ef6,5.2,1.7,3.4,0.0,7809,701,7108,9.0,0.45,0.5,0.46,415724503,2224591090,2986,11810,1.2,234.1,3.1,2.0,110,91,0,0,0,0,0,0.0,0,0,0,0,0,0
534.8,2026-05-17T18:21:06,0016c001f10c2ef6,7.1,3.0,4.2,0.0,7809,702,7107,9.0,0.45,0.5,0.46,415727693,2224604648,3190,13558,1.2,233.9,3.1,2.0,110,91,0,0,0,0,0,0.0,0,0,0,0,0,0
535.2,2026-05-17T18:21:06,0016c001f10c2ef6,9.3,4.7,4.7,0.0,7809,701,7108,9.0,0.45,0.5,0.46,415731208,2224616458,3515,11810,1.2,233.9,3.1,2.0,110,91,0,0,0,0,0,0.0,0,0,0,0,0,0
535.6,2026-05-17T18:21:06,0016c001f10c2ef6,7.9,2.8,5.1,0.0,7809,701,7108,9.0,0.45,0.5,0.46,415735373,2224663262,4165,46804,1.2,233.9,3.1,2.0,110,91,0,0,0,0,0,0.0,0,0,0,0,0,0
536.0,2026-05-17T18:21:07,0016c001f10c2ef6,5.2,2.3,2.9,0.0,7809,701,7108,9.0,0.45,0.5,0.46,415738407,2224675072,3034,11810,1.2,233.9,3.1,2.0,110,91,0,0,0,0,0,0.0,0,0,0,0,0,0
536.5,2026-05-17T18:21:07,0016c001f10c2ef6,10.1,2.8,3.9,3.4,7809,701,7108,9.0,0.45,0.5,0.46,415741441,2224686882,3034,11810,1.2,233.9,3.1,2.0,110,91,0,0,0,0,0,0.0,0,0,0,0,0,0
536.9,2026-05-17T18:21:08,0016c001f10c2ef6,7.4,1.7,5.7,0.0,7809,701,7108,9.0,0.45,0.5,0.46,415744475,2224698692,3034,11810,1.2,233.9,3.1,2.0,110,91,0,0,0,0,0,0.0,0,0,0,0,0,0
537.3,2026-05-17T18:21:08,0016c001f10c2ef6,5.2,0.6,4.6,0.0,7809,701,7108,9.0,0.41,0.49,0.46,415748226,2224710502,3751,11810,1.2,233.9,3.1,2.0,110,91,0,0,0,0,0,0.0,0,0,0,0,0,0
537.8,2026-05-17T18:21:09,0016c001f10c2ef6,7.9,2.3,5.6,0.0,7809,700,7109,9.0,0.41,0.49,0.46,415751628,2224753812,3402,43310,1.2,233.9,3.1,2.0,110,91,0,0,0,0,0,0.0,0,0,0,0,0,0
538.2,2026-05-17T18:21:09,0016c001f10c2ef6,5.7,1.7,4.0,0.0,7809,700,7109,9.0,0.41,0.49,0.46,415754814,2224765622,3186,11810,1.2,233.9,3.1,2.0,110,91,0,0,0,0,0,0.0,0,0,0,0,0,0
538.7,2026-05-17T18:21:10,0016c001f10c2ef6,10.0,1.5,8.5,0.0,7809,702,7107,9.0,0.41,0.49,0.46,415757904,2224777498,3090,11876,1.2,233.9,3.1,2.0,110,91,0,0,0,0,0,0.0,0,0,0,0,0,0
539.2,2026-05-17T18:21:10,0016c001f10c2ef6,12.4,5.0,7.0,0.5,7809,702,7107,9.0,0.41,0.49,0.46,415761270,2224789530,3366,12032,1.2,233.9,3.1,2.0,110,91,0,0,0,0,0,0.0,0,0,0,0,0,0
539.7,2026-05-17T18:21:10,0016c001f10c2ef6,13.4,3.5,10.0,0.0,7809,702,7107,9.0,0.41,0.49,0.46,415765231,2224832972,3961,43442,1.2,233.9,3.1,2.0,110,91,0,0,0,0,0,0.0,0,0,0,0,0,0
540.1,2026-05-17T18:21:11,0016c001f10c2ef6,19.7,2.2,16.9,0.6,7809,702,7107,9.0,0.41,0.49,0.46,415768265,2224844782,3034,11810,1.2,233.8,3.1,2.0,110,91,0,0,0,0,0,0.0,0,0,0,0,0,0
540.6,2026-05-17T18:21:11,0016c001f10c2ef6,19.2,2.4,16.8,0.0,7809,702,7107,9.0,0.41,0.49,0.46,415771299,2224856592,3034,11810,1.2,233.8,3.1,2.0,110,91,0,0,0,0,0,0.0,0,0,0,0,0,0
541.0,2026-05-17T18:21:12,0016c001f10c2ef6,18.2,1.8,16.4,0.0,7809,702,7107,9.0,0.41,0.49,0.46,415774433,2224868402,3134,11810,1.2,233.8,3.1,2.0,110,91,0,0,0,0,0,0.0,0,0,0,0,0,0
541.4,2026-05-17T18:21:12,0016c001f10c2ef6,13.7,4.4,9.3,0.0,7809,702,7107,9.0,0.41,0.49,0.46,415778448,2224911712,4015,43310,1.2,233.8,3.1,2.0,110,91,0,0,0,0,0,0.0,0,0,0,0,0,0
541.9,2026-05-17T18:21:13,0016c001f10c2ef6,7.5,3.4,4.0,0.0,7809,702,7107,9.0,0.41,0.49,0.46,415781486,2224923522,3038,11810,1.2,233.8,3.1,2.0,110,91,0,0,0,0,0,0.0,0,0,0,0,0,0
542.3,2026-05-17T18:21:13,0016c001f10c2ef6,6.1,2.2,3.9,0.0,7809,702,7107,9.0,0.46,0.5,0.46,415784572,2224935332,3086,11810,1.2,233.8,3.1,2.0,110,91,0,0,0,0,0,0.0,0,0,0,0,0,0
542.7,2026-05-17T18:21:14,0016c001f10c2ef6,6.4,2.9,3.5,0.0,7809,702,7107,9.0,0.46,0.5,0.46,415787762,2224947142,3190,11810,1.2,233.8,3.1,2.0,110,91,0,0,0,0,0,0.0,0,0,0,0,0,0
543.2,2026-05-17T18:21:14,0016c001f10c2ef6,5.8,1.7,4.0,0.0,7809,702,7107,9.0,0.46,0.5,0.46,415790848,2224958952,3086,11810,1.2,233.8,3.1,2.0,110,91,0,0,0,0,0,0.0,0,0,0,0,0,0
543.6,2026-05-17T18:21:14,0016c001f10c2ef6,7.2,2.8,4.4,0.0,7809,702,7107,9.0,0.46,0.5,0.46,415794909,2225003287,4061,44335,1.2,233.8,3.1,2.0,110,91,0,0,0,0,0,0.0,0,0,0,0,0,0
544.1,2026-05-17T18:21:15,0016c001f10c2ef6,6.5,2.7,3.8,0.0,7809,702,7107,9.0,0.46,0.5,0.46,415798015,2225015241,3106,11954,1.2,233.8,3.1,2.0,110,91,0,0,0,0,0,0.0,0,0,0,0,0,0
544.5,2026-05-17T18:21:15,0016c001f10c2ef6,6.2,2.1,4.2,0.0,7809,702,7107,9.0,0.46,0.5,0.46,415801253,2225027051,3238,11810,1.2,233.8,3.1,2.0,110,91,0,0,0,0,0,0.0,0,0,0,0,0,0
545.0,2026-05-17T18:21:16,0016c001f10c2ef6,10.6,5.0,5.5,0.0,7809,701,7108,9.0,0.46,0.5,0.46,415804720,2225039610,3467,12559,1.2,233.8,3.1,2.0,110,91,0,0,0,0,0,0.0,0,0,0,0,0,0
545.4,2026-05-17T18:21:17,0016c001f10c2ef6,6.4,2.3,4.1,0.0,7809,702,7107,9.0,0.46,0.5,0.46,415807800,2225053002,3080,13392,1.2,233.8,3.1,2.0,110,91,0,0,0,0,0,0.0,0,0,0,0,0,0
545.9,2026-05-17T18:21:17,0016c001f10c2ef6,8.3,3.6,4.8,0.0,7809,702,7107,9.0,0.46,0.5,0.46,415811915,2225096312,4115,43310,1.2,233.8,3.1,2.0,110,91,0,0,0,0,0,0.0,0,0,0,0,0,0
546.3,2026-05-17T18:21:18,0016c001f10c2ef6,5.5,2.7,2.7,0.0,7809,702,7107,9.0,0.46,0.5,0.46,415814947,2225109127,3032,12815,1.2,233.8,3.1,2.0,110,91,0,0,0,0,0,0.0,0,0,0,0,0,0
546.7,2026-05-17T18:21:18,0016c001f10c2ef6,7.1,1.1,5.5,0.5,7809,703,7106,9.0,0.46,0.5,0.46,415817981,2225120937,3034,11810,1.2,233.8,3.1,2.0,110,91,0,0,0,0,0,0.0,0,0,0,0,0,0
547.2,2026-05-17T18:21:19,0016c001f10c2ef6,7.0,2.2,4.9,0.0,7809,702,7107,9.0,0.42,0.49,0.46,415821015,2225132747,3034,11810,1.2,233.8,3.1,2.0,110,91,0,0,0,0,0,0.0,0,0,0,0,0,0
547.6,2026-05-17T18:21:19,0016c001f10c2ef6,6.3,2.9,3.4,0.0,7809,702,7107,9.0,0.42,0.49,0.46,415825030,2225176057,4015,43310,1.2,233.7,3.1,2.0,110,91,0,0,0,0,0,0.0,0,0,0,0,0,0
548.1,2026-05-17T18:21:20,0016c001f10c2ef6,7.9,3.2,4.8,0.0,7809,702,7107,9.0,0.42,0.49,0.46,415828116,2225188892,3086,12835,1.2,233.7,3.1,2.0,110,91,0,0,0,0,0,0.0,0,0,0,0,0,0
548.5,2026-05-17T18:21:20,0016c001f10c2ef6,5.6,1.1,4.4,0.0,7809,703,7106,9.0,0.42,0.49,0.46,415831144,2225200702,3028,11810,1.2,233.7,3.1,2.0,110,91,0,0,0,0,0,0.0,0,0,0,0,0,0
549.0,2026-05-17T18:21:21,0016c001f10c2ef6,6.2,2.1,4.1,0.0,7809,703,7106,9.0,0.42,0.49,0.46,415834074,2225212512,2930,11810,1.2,233.7,3.1,2.0,110,91,0,0,0,0,0,0.0,0,0,0,0,0,0
549.5,2026-05-17T18:21:21,0016c001f10c2ef6,5.7,2.1,3.6,0.0,7809,702,7107,9.0,0.42,0.49,0.46,415837056,2225224322,2982,11810,1.2,233.7,3.1,2.0,110,91,0,0,0,0,0,0.0,0,0,0,0,0,0
549.9,2026-05-17T18:21:22,0016c001f10c2ef6,9.6,4.3,5.3,0.0,7809,703,7106,9.0,0.42,0.49,0.46,415841119,2225267698,4063,43376,1.2,233.7,3.1,2.0,117,95,7,4,0,0,0,0.0,0,0,0,0,0,0
550.4,2026-05-17T18:21:22,0016c001f10c2ef6,9.0,2.5,6.5,0.0,7809,703,7106,9.0,0.42,0.49,0.46,415844361,2225279574,3242,11876,1.2,233.7,3.1,2.0,117,95,0,0,0,0,0,0.0,0,0,0,0,0,0
550.9,2026-05-17T18:21:23,0016c001f10c2ef6,9.5,4.5,5.0,0.0,7809,703,7106,9.0,0.42,0.49,0.46,415847295,2225291450,2934,11876,1.2,233.7,3.1,2.0,117,95,0,0,0,0,0,0.0,0,0,0,0,0,0
551.4,2026-05-17T18:21:23,0016c001f10c2ef6,13.1,1.7,11.4,0.0,7809,703,7106,9.0,0.42,0.49,0.46,415850329,2225303260,3034,11810,1.2,233.7,3.1,2.0,117,95,0,0,0,0,0,0.0,0,0,0,0,0,0
551.8,2026-05-17T18:21:23,0016c001f10c2ef6,20.3,2.9,17.4,0.0,7809,703,7106,9.0,0.47,0.5,0.46,415854520,2225346648,4191,43388,1.2,233.7,3.1,2.0,117,95,0,0,0,0,0,0.0,0,0,0,0,0,0
552.2,2026-05-17T18:21:24,0016c001f10c2ef6,19.3,3.0,16.3,0.0,7809,702,7107,9.0,0.47,0.5,0.46,415857554,2225358458,3034,11810,1.2,233.7,3.1,2.0,117,95,0,0,0,0,0,0.0,0,0,0,0,0,0
552.7,2026-05-17T18:21:24,0016c001f10c2ef6,16.9,2.3,14.5,0.0,7809,702,7107,9.0,0.47,0.5,0.46,415860640,2225370268,3086,11810,1.2,233.7,3.1,2.0,117,95,0,0,0,0,0,0.0,0,0,0,0,0,0
553.1,2026-05-17T18:21:25,0016c001f10c2ef6,6.3,2.9,3.4,0.0,7809,702,7107,9.0,0.47,0.5,0.46,415863726,2225382078,3086,11810,1.2,233.7,3.1,2.0,117,95,0,0,0,0,0,0.0,0,0,0,0,0,0
553.5,2026-05-17T18:21:25,0016c001f10c2ef6,6.2,2.8,3.4,0.0,7809,702,7107,9.0,0.47,0.5,0.46,415866708,2225393888,2982,11810,1.2,233.7,3.1,2.0,117,95,0,0,0,0,0,0.0,0,0,0,0,0,0
554.0,2026-05-17T18:21:26,0016c001f10c2ef6,7.9,2.8,5.1,0.0,7809,702,7107,9.0,0.47,0.5,0.46,415870979,2225437198,4271,43310,1.2,233.7,3.1,2.0,117,95,0,0,0,0,0,0.0,0,0,0,0,0,0
554.4,2026-05-17T18:21:26,0016c001f10c2ef6,6.9,2.3,4.6,0.0,7809,702,7107,9.0,0.47,0.5,0.46,415874394,2225449008,3415,11810,1.2,233.7,3.1,2.0,117,95,0,0,0,0,0,0.0,0,0,0,0,0,0
554.8,2026-05-17T18:21:26,0016c001f10c2ef6,6.8,3.4,3.4,0.0,7809,701,7108,9.0,0.47,0.5,0.46,415877584,2225462623,3190,13615,1.2,233.6,3.1,2.0,117,95,0,0,0,0,0,0.0,0,0,0,0,0,0
555.2,2026-05-17T18:21:27,0016c001f10c2ef6,9.3,4.1,5.2,0.0,7809,701,7108,9.0,0.47,0.5,0.46,415880816,2225476349,3232,13726,1.2,233.6,3.1,2.0,117,95,0,0,0,0,0,0.0,0,0,0,0,0,0
555.7,2026-05-17T18:21:27,0016c001f10c2ef6,5.8,1.6,3.7,0.5,7809,701,7108,9.0,0.47,0.5,0.46,415884831,2225519806,4015,43457,1.2,233.6,3.1,2.0,117,95,0,0,0,0,0,0.0,0,0,0,0,0,0
556.3,2026-05-17T18:21:28,0016c001f10c2ef6,9.5,3.6,5.9,0.0,7809,701,7108,9.0,0.47,0.5,0.46,415887869,2225531682,3038,11876,1.2,233.6,3.1,2.0,117,95,0,0,0,0,0,0.0,0,0,0,0,0,0
556.7,2026-05-17T18:21:28,0016c001f10c2ef6,6.9,3.2,3.7,0.0,7809,701,7108,9.0,0.43,0.49,0.46,415891007,2225543492,3138,11810,1.2,233.6,3.1,2.0,117,95,0,0,0,0,0,0.0,0,0,0,0,0,0
557.1,2026-05-17T18:21:29,0016c001f10c2ef6,6.2,2.3,4.0,0.0,7809,701,7108,9.0,0.43,0.49,0.46,415894093,2225555302,3086,11810,1.2,233.6,3.1,2.0,117,95,0,0,0,0,0,0.0,0,0,0,0,0,0
557.6,2026-05-17T18:21:29,0016c001f10c2ef6,5.7,1.7,4.0,0.0,7809,702,7107,9.0,0.43,0.49,0.46,415897127,2225567112,3034,11810,1.2,233.6,3.1,2.0,117,95,0,0,0,0,0,0.0,0,0,0,0,0,0
558.0,2026-05-17T18:21:30,0016c001f10c2ef6,7.4,2.8,4.5,0.0,7809,701,7108,9.0,0.43,0.49,0.46,415901138,2225610569,4011,43457,1.2,233.6,3.1,2.0,117,95,0,0,0,0,0,0.0,0,0,0,0,0,0
558.4,2026-05-17T18:21:30,0016c001f10c2ef6,5.8,1.2,4.7,0.0,7809,702,7107,9.0,0.43,0.49,0.46,415904124,2225622379,2986,11810,1.2,233.6,3.1,2.0,117,95,0,0,0,0,0,0.0,0,0,0,0,0,0
558.9,2026-05-17T18:21:31,0016c001f10c2ef6,6.8,2.3,4.5,0.0,7809,702,7107,9.0,0.43,0.49,0.46,415907362,2225634189,3238,11810,1.2,233.6,3.1,2.0,117,95,0,0,0,0,0,0.0,0,0,0,0,0,0
559.4,2026-05-17T18:21:31,0016c001f10c2ef6,4.1,1.5,2.6,0.0,7809,702,7107,9.0,0.43,0.49,0.46,415910472,2225646077,3110,11888,1.2,233.6,3.1,2.0,117,95,0,0,0,0,0,0.0,0,0,0,0,0,0
559.8,2026-05-17T18:21:31,0016c001f10c2ef6,5.8,2.3,3.5,0.0,7809,702,7107,9.0,0.43,0.49,0.46,415914535,2225689534,4063,43457,1.2,233.6,3.1,2.0,117,95,0,0,0,0,0,0.0,0,0,0,0,0,0
560.2,2026-05-17T18:21:32,0016c001f10c2ef6,6.4,1.8,4.7,0.0,7809,702,7107,9.0,0.43,0.49,0.46,415917625,2225701344,3090,11810,1.2,233.6,3.1,2.0,117,95,0,0,0,0,0,0.0,0,0,0,0,0,0
560.6,2026-05-17T18:21:32,0016c001f10c2ef6,5.8,1.7,4.1,0.0,7809,702,7107,9.0,0.43,0.49,0.46,415920711,2225713154,3086,11810,1.2,233.6,3.1,2.0,117,95,0,0,0,0,0,0.0,0,0,0,0,0,0
561.1,2026-05-17T18:21:33,0016c001f10c2ef6,5.7,1.7,4.0,0.0,7809,702,7107,9.0,0.43,0.49,0.46,415923949,2225725030,3238,11876,1.2,233.6,3.1,2.0,117,95,0,0,0,0,0,0.0,0,0,0,0,0,0
561.5,2026-05-17T18:21:33,0016c001f10c2ef6,10.9,5.0,5.9,0.0,7809,702,7107,9.0,0.4,0.48,0.46,415927139,2225736906,3190,11876,1.2,233.6,3.1,2.0,117,95,0,0,0,0,0,0.0,0,0,0,0,0,0
562.0,2026-05-17T18:21:34,0016c001f10c2ef6,10.4,4.5,6.0,0.0,7809,702,7107,9.0,0.4,0.48,0.46,415931310,2225780429,4171,43523,1.2,233.6,3.1,2.0,117,95,0,0,0,0,0,0.0,0,0,0,0,0,0
562.5,2026-05-17T18:21:34,0016c001f10c2ef6,9.1,2.5,6.6,0.0,7809,702,7107,9.0,0.4,0.48,0.46,415934348,2225792305,3038,11876,1.2,233.6,3.1,2.0,117,95,0,0,0,0,0,0.0,0,0,0,0,0,0
563.0,2026-05-17T18:21:35,0016c001f10c2ef6,17.9,0.6,17.3,0.0,7809,701,7108,9.0,0.4,0.48,0.46,415937538,2225804115,3190,11810,1.2,233.6,3.1,2.0,117,95,0,0,0,0,0,0.0,0,0,0,0,0,0
563.4,2026-05-17T18:21:35,0016c001f10c2ef6,19.2,2.9,16.3,0.0,7809,701,7108,9.0,0.4,0.48,0.46,415941056,2225816087,3518,11972,1.2,233.6,3.1,2.0,117,95,0,0,0,0,0,0.0,0,0,0,0,0,0
563.9,2026-05-17T18:21:35,0016c001f10c2ef6,18.6,1.7,16.9,0.0,7809,701,7108,9.0,0.4,0.48,0.46,415945019,2225859544,3963,43457,1.2,233.6,3.1,2.0,117,95,0,0,0,0,0,0.0,0,0,0,0,0,0
564.3,2026-05-17T18:21:36,0016c001f10c2ef6,15.2,2.3,12.3,0.6,7809,701,7108,9.0,0.4,0.48,0.46,415948534,2225871354,3515,11810,1.2,233.6,3.1,2.0,117,95,0,0,0,0,0,0.0,0,0,0,0,0,0
564.7,2026-05-17T18:21:36,0016c001f10c2ef6,7.6,2.9,4.7,0.0,7809,701,7108,9.0,0.4,0.48,0.46,415951824,2225883164,3290,11810,1.2,233.6,3.1,2.0,117,95,0,0,0,0,0,0.0,0,0,0,0,0,0
565.1,2026-05-17T18:21:37,0016c001f10c2ef6,5.6,2.2,3.3,0.0,7809,701,7108,9.0,0.4,0.48,0.46,415954962,2225894974,3138,11810,1.2,233.6,3.1,2.0,117,95,0,0,0,0,0,0.0,0,0,0,0,0,0
565.6,2026-05-17T18:21:37,0016c001f10c2ef6,5.7,1.1,4.6,0.0,7809,702,7107,9.0,0.4,0.48,0.46,415958052,2225906784,3090,11810,1.2,233.6,3.1,2.0,117,95,0,0,0,0,0,0.0,0,0,0,0,0,0
566.0,2026-05-17T18:21:38,0016c001f10c2ef6,7.5,2.3,5.2,0.0,7809,700,7109,9.0,0.4,0.48,0.46,415962167,2225950241,4115,43457,1.2,233.6,3.1,2.0,117,95,0,0,0,0,0,0.0,0,0,0,0,0,0
566.4,2026-05-17T18:21:38,0016c001f10c2ef6,8.3,1.7,6.7,0.0,7809,699,7110,9.0,0.37,0.47,0.46,415965257,2225962800,3090,12559,1.2,233.6,3.1,2.0,117,95,0,0,0,0,0,0.0,0,0,0,0,0,0
566.9,2026-05-17T18:21:39,0016c001f10c2ef6,6.3,1.7,4.6,0.0,7809,699,7110,9.0,0.37,0.47,0.46,415968389,2225976196,3132,13396,1.2,233.6,3.1,2.0,117,95,0,0,0,0,0,0.0,0,0,0,0,0,0
567.3,2026-05-17T18:21:39,0016c001f10c2ef6,7.2,2.8,4.4,0.0,7809,699,7110,9.0,0.37,0.47,0.46,415971647,2225988084,3258,11888,1.2,233.6,3.1,2.0,117,95,0,0,0,0,0,0.0,0,0,0,0,0,0
567.8,2026-05-17T18:21:39,0016c001f10c2ef6,9.8,3.9,5.9,0.0,7809,700,7109,9.0,0.37,0.47,0.46,415975766,2226031607,4119,43523,1.2,233.6,3.1,2.0,117,95,0,0,0,0,0,0.0,0,0,0,0,0,0
568.3,2026-05-17T18:21:40,0016c001f10c2ef6,11.3,4.1,6.7,0.5,7809,700,7109,9.0,0.37,0.47,0.46,415979084,2226043639,3318,12032,1.2,233.6,3.1,2.0,117,95,0,0,0,0,0,0.0,0,0,0,0,0,0
568.7,2026-05-17T18:21:40,0016c001f10c2ef6,5.6,1.7,4.0,0.0,7809,699,7110,9.0,0.37,0.47,0.46,415982274,2226055449,3190,11810,1.2,233.6,3.1,2.0,117,95,0,0,0,0,0,0.0,0,0,0,0,0,0
569.2,2026-05-17T18:21:41,0016c001f10c2ef6,5.7,1.7,4.0,0.0,7809,699,7110,9.0,0.37,0.47,0.46,415985464,2226067259,3190,11810,1.2,233.6,3.1,2.0,117,95,0,0,0,0,0,0.0,0,0,0,0,0,0
569.6,2026-05-17T18:21:41,0016c001f10c2ef6,7.6,2.9,4.7,0.0,7809,700,7109,9.0,0.37,0.47,0.46,415988502,2226079069,3038,11810,1.2,233.6,3.1,2.0,117,95,0,0,0,0,0,0.0,0,0,0,0,0,0
570.1,2026-05-17T18:21:42,0016c001f10c2ef6,5.0,3.0,2.0,0.0,7809,700,7109,9.0,0.37,0.47,0.46,415992621,2226122526,4119,43457,1.2,233.6,3.1,2.0,117,95,0,0,0,0,0,0.0,0,0,0,0,0,0
570.5,2026-05-17T18:21:42,0016c001f10c2ef6,8.7,3.5,5.2,0.0,7809,701,7108,9.0,0.37,0.47,0.46,415995759,2226134336,3138,11810,1.2,233.6,3.1,2.0,117,95,0,0,0,0,0,0.0,0,0,0,0,0,0
570.9,2026-05-17T18:21:43,0016c001f10c2ef6,6.4,3.5,2.9,0.0,7809,700,7109,9.0,0.37,0.47,0.46,415998845,2226146146,3086,11810,1.2,233.6,3.1,2.0,117,95,0,0,0,0,0,0.0,0,0,0,0,0,0
571.3,2026-05-17T18:21:43,0016c001f10c2ef6,7.6,1.7,5.8,0.0,7809,700,7109,9.0,0.42,0.48,0.46,416002031,2226157956,3186,11810,1.2,233.6,3.1,2.0,117,95,0,0,0,0,0,0.0,0,0,0,0,0,0
571.8,2026-05-17T18:21:43,0016c001f10c2ef6,5.8,2.3,3.5,0.0,7809,700,7109,9.0,0.42,0.48,0.46,416005169,2226169766,3138,11810,1.2,233.6,3.1,2.0,117,95,0,0,0,0,0,0.0,0,0,0,0,0,0
572.2,2026-05-17T18:21:44,0016c001f10c2ef6,7.9,4.0,4.0,0.0,7809,701,7108,9.0,0.42,0.48,0.46,416009156,2226213309,3987,43543,1.2,233.5,3.1,2.0,117,95,0,0,0,0,0,0.0,0,0,0,0,0,0
572.6,2026-05-17T18:21:44,0016c001f10c2ef6,5.7,1.1,4.6,0.0,7809,701,7108,9.0,0.42,0.48,0.46,416012394,2226225119,3238,11810,1.2,233.5,3.1,2.0,117,95,0,0,0,0,0,0.0,0,0,0,0,0,0
573.0,2026-05-17T18:21:45,0016c001f10c2ef6,7.4,2.3,5.1,0.0,7809,701,7108,9.0,0.42,0.48,0.46,416015584,2226236929,3190,11810,1.2,233.5,3.1,2.0,117,95,0,0,0,0,0,0.0,0,0,0,0,0,0
573.6,2026-05-17T18:21:45,0016c001f10c2ef6,9.7,3.4,6.3,0.0,7809,701,7108,9.0,0.42,0.48,0.46,416018674,2226248805,3090,11876,1.2,233.5,3.1,2.0,117,95,0,0,0,0,0,0.0,0,0,0,0,0,0
574.0,2026-05-17T18:21:46,0016c001f10c2ef6,5.6,1.1,4.5,0.0,7809,701,7108,9.0,0.42,0.48,0.46,416023170,2226292262,4496,43457,1.2,233.5,3.1,2.0,117,95,0,0,0,0,0,0.0,0,0,0,0,0,0
574.4,2026-05-17T18:21:46,0016c001f10c2ef6,19.0,3.4,15.5,0.0,7809,701,7108,9.0,0.42,0.48,0.46,416026308,2226304072,3138,11810,1.2,233.5,3.1,2.0,117,95,0,0,0,0,0,0.0,0,0,0,0,0,0
574.9,2026-05-17T18:21:47,0016c001f10c2ef6,19.3,1.8,17.5,0.0,7809,701,7108,9.0,0.42,0.48,0.46,416029498,2226315882,3190,11810,1.2,233.5,3.1,2.0,117,95,0,0,0,0,0,0.0,0,0,0,0,0,0
575.3,2026-05-17T18:21:47,0016c001f10c2ef6,19.5,2.3,17.2,0.0,7809,702,7107,9.0,0.42,0.48,0.46,416032792,2226327692,3294,11810,1.2,233.5,3.1,2.0,117,95,0,0,0,0,0,0.0,0,0,0,0,0,0
575.7,2026-05-17T18:21:47,0016c001f10c2ef6,13.6,2.8,10.8,0.0,7809,702,7107,9.0,0.42,0.48,0.46,416036082,2226339502,3290,11810,1.2,233.5,3.1,2.0,117,95,0,0,0,0,0,0.0,0,0,0,0,0,0
576.2,2026-05-17T18:21:48,0016c001f10c2ef6,7.5,4.0,3.4,0.0,7809,701,7108,9.0,0.42,0.48,0.46,416040201,2226383642,4119,44140,1.2,233.3,3.1,2.0,117,95,0,0,0,0,0,0.0,0,0,0,0,0,0
576.6,2026-05-17T18:21:48,0016c001f10c2ef6,8.2,4.7,3.5,0.0,7809,701,7108,9.0,0.38,0.48,0.46,416043437,2226397038,3236,13396,1.2,233.3,3.1,2.0,117,95,0,0,0,0,0,0.0,0,0,0,0,0,0
577.0,2026-05-17T18:21:49,0016c001f10c2ef6,7.3,2.3,5.1,0.0,7809,701,7108,9.0,0.38,0.48,0.46,416046579,2226408848,3142,11810,1.2,233.3,3.1,2.0,117,95,0,0,0,0,0,0.0,0,0,0,0,0,0
577.5,2026-05-17T18:21:49,0016c001f10c2ef6,7.2,3.3,3.9,0.0,7809,701,7108,9.0,0.38,0.48,0.46,416049665,2226420658,3086,11810,1.2,233.3,3.1,2.0,117,95,0,0,0,0,0,0.0,0,0,0,0,0,0
577.9,2026-05-17T18:21:50,0016c001f10c2ef6,4.6,1.7,2.9,0.0,7809,701,7108,9.0,0.38,0.48,0.46,416052855,2226432468,3190,11810,1.2,233.3,3.1,2.0,117,95,0,0,0,0,0,0.0,0,0,0,0,0,0
578.3,2026-05-17T18:21:51,0016c001f10c2ef6,6.9,1.1,5.7,0.0,7809,701,7108,9.0,0.38,0.48,0.46,416056970,2226475925,4115,43457,1.2,233.3,3.1,2.0,117,95,0,0,0,0,0,0.0,0,0,0,0,0,0
578.8,2026-05-17T18:21:51,0016c001f10c2ef6,9.2,3.1,6.2,0.0,7809,700,7109,9.0,0.38,0.48,0.46,416060212,2226487801,3242,11876,1.2,233.3,3.1,2.0,117,95,0,0,0,0,0,0.0,0,0,0,0,0,0
579.3,2026-05-17T18:21:52,0016c001f10c2ef6,10.4,3.5,7.0,0.0,7809,700,7109,9.0,0.38,0.48,0.46,416063454,2226499677,3242,11876,1.2,233.3,3.1,2.0,120,98,3,3,0,0,0,0.0,0,0,0,0,0,0
579.8,2026-05-17T18:21:52,0016c001f10c2ef6,10.3,3.1,6.7,0.5,7809,701,7108,9.0,0.38,0.48,0.46,416066644,2226511553,3190,11876,1.2,233.3,3.1,2.0,120,98,0,0,0,0,0,0.0,0,0,0,0,0,0
580.3,2026-05-17T18:21:53,0016c001f10c2ef6,10.6,4.0,6.5,0.0,7809,700,7109,9.0,0.38,0.48,0.46,416070815,2226555076,4171,43523,1.2,233.3,3.1,2.0,120,98,0,0,0,0,0,0.0,0,0,0,0,0,0
580.7,2026-05-17T18:21:53,0016c001f10c2ef6,9.1,2.5,6.6,0.0,7809,701,7108,9.0,0.38,0.48,0.46,416074057,2226566952,3242,11876,1.2,233.3,3.1,2.0,120,98,0,0,0,0,0,0.0,0,0,0,0,0,0
581.2,2026-05-17T18:21:54,0016c001f10c2ef6,9.1,2.5,6.6,0.0,7809,702,7107,9.0,0.35,0.47,0.45,416077299,2226578828,3242,11876,1.2,233.3,3.1,2.0,120,98,0,0,0,0,0,0.0,0,0,0,0,0,0
581.7,2026-05-17T18:21:54,0016c001f10c2ef6,9.1,3.6,5.6,0.0,7809,702,7107,9.0,0.35,0.47,0.45,416080489,2226590704,3190,11876,1.2,233.3,3.1,2.0,120,98,0,0,0,0,0,0.0,0,0,0,0,0,0
582.2,2026-05-17T18:21:55,0016c001f10c2ef6,11.6,4.5,7.0,0.0,7809,702,7107,9.0,0.35,0.47,0.45,416084452,2226634227,3963,43523,1.2,233.4,3.1,2.0,120,98,0,0,0,0,0,0.0,0,0,0,0,0,0
582.7,2026-05-17T18:21:55,0016c001f10c2ef6,8.2,2.6,5.6,0.0,7809,702,7107,9.0,0.35,0.47,0.45,416087766,2226646181,3314,11954,1.2,233.4,3.1,2.0,120,98,0,0,0,0,0,0.0,0,0,0,0,0,0
583.2,2026-05-17T18:21:56,0016c001f10c2ef6,8.9,2.6,6.2,0.0,7809,702,7107,9.0,0.35,0.47,0.45,416090908,2226658057,3142,11876,1.2,233.4,3.1,2.0,120,98,0,0,0,0,0,0.0,0,0,0,0,0,0
583.6,2026-05-17T18:21:56,0016c001f10c2ef6,5.7,2.3,3.4,0.0,7809,702,7107,9.0,0.35,0.47,0.45,416094475,2226669867,3567,11810,1.2,233.4,3.1,2.0,120,98,0,0,0,0,0,0.0,0,0,0,0,0,0
584.0,2026-05-17T18:21:57,0016c001f10c2ef6,5.2,1.7,3.5,0.0,7809,701,7108,9.0,0.35,0.47,0.45,416098230,2226704139,3755,34272,1.2,233.4,3.1,2.0,120,98,0,0,0,0,0,0.0,0,0,0,0,0,0
584.5,2026-05-17T18:21:57,0016c001f10c2ef6,7.6,2.3,5.3,0.0,7809,702,7107,9.0,0.35,0.47,0.45,416101628,2226725134,3398,20995,1.2,233.4,3.1,2.0,120,98,0,0,0,0,0,0.0,0,0,0,0,0,0
584.9,2026-05-17T18:21:57,0016c001f10c2ef6,5.8,2.3,3.5,0.0,7809,702,7107,9.0,0.35,0.47,0.45,416104766,2226736944,3138,11810,1.2,233.4,3.1,2.0,120,98,0,0,0,0,0,0.0,0,0,0,0,0,0
585.3,2026-05-17T18:21:58,0016c001f10c2ef6,5.1,1.7,3.4,0.0,7809,702,7107,9.0,0.35,0.47,0.45,416108004,2226748754,3238,11810,1.2,233.4,3.1,2.0,120,98,0,0,0,0,0,0.0,0,0,0,0,0,0
585.7,2026-05-17T18:21:58,0016c001f10c2ef6,12.3,1.2,11.1,0.0,7809,702,7107,9.0,0.35,0.47,0.45,416111246,2226760564,3242,11810,1.2,233.4,3.1,2.0,120,98,0,0,0,0,0,0.0,0,0,0,0,0,0
586.2,2026-05-17T18:21:59,0016c001f10c2ef6,20.5,2.3,18.1,0.0,7809,703,7106,9.0,0.48,0.49,0.46,416115421,2226806859,4175,46295,1.2,233.4,3.1,2.0,120,98,0,0,0,0,0,0.0,0,0,0,0,0,0
586.6,2026-05-17T18:21:59,0016c001f10c2ef6,24.4,5.4,16.7,2.4,7809,702,7107,9.0,0.48,0.49,0.46,416118653,2226818669,3232,11810,1.2,233.4,3.1,2.0,120,98,0,0,0,0,0,0.0,0,0,0,0,0,0
587.1,2026-05-17T18:22:00,0016c001f10c2ef6,18.6,2.7,15.8,0.0,7809,702,7107,9.0,0.48,0.49,0.46,416121639,2226830479,2986,11810,1.2,233.4,3.1,2.0,120,98,0,0,0,0,0,0.0,0,0,0,0,0,0
587.5,2026-05-17T18:22:00,0016c001f10c2ef6,5.8,1.6,4.2,0.0,7809,702,7107,9.0,0.48,0.49,0.46,416124923,2226843234,3284,12755,1.2,233.4,3.1,2.0,120,98,0,0,0,0,0,0.0,0,0,0,0,0,0
588.0,2026-05-17T18:22:00,0016c001f10c2ef6,5.9,2.7,3.2,0.0,7809,702,7107,9.0,0.48,0.49,0.46,416128061,2226855044,3138,11810,1.2,233.5,3.1,2.0,120,98,0,0,0,0,0,0.0,0,0,0,0,0,0
588.5,2026-05-17T18:22:01,0016c001f10c2ef6,10.6,5.1,5.6,0.0,7809,701,7108,9.0,0.48,0.49,0.46,416131972,2226898648,3911,43604,1.2,233.5,3.1,2.0,120,98,0,0,0,0,0,0.0,0,0,0,0,0,0
589.0,2026-05-17T18:22:01,0016c001f10c2ef6,10.7,4.2,6.5,0.0,7809,702,7107,9.0,0.48,0.49,0.46,416135162,2226910524,3190,11876,1.2,233.7,3.1,2.0,120,98,0,0,0,0,0,0.0,0,0,0,0,0,0
589.4,2026-05-17T18:22:02,0016c001f10c2ef6,6.3,1.7,4.6,0.0,7809,702,7107,9.0,0.48,0.49,0.46,416138200,2226922334,3038,11810,1.2,233.7,3.1,2.0,120,98,0,0,0,0,0,0.0,0,0,0,0,0,0
589.9,2026-05-17T18:22:02,0016c001f10c2ef6,5.8,1.2,4.7,0.0,7809,702,7107,9.0,0.48,0.49,0.46,416141438,2226934144,3238,11810,1.2,233.7,3.1,2.0,120,98,0,0,0,0,0,0.0,0,0,0,0,0,0
590.3,2026-05-17T18:22:03,0016c001f10c2ef6,7.3,3.9,3.4,0.0,7809,701,7108,9.0,0.48,0.49,0.46,416145353,2226977682,3915,43538,1.2,233.7,3.1,2.0,120,98,0,0,0,0,0,0.0,0,0,0,0,0,0
590.7,2026-05-17T18:22:03,0016c001f10c2ef6,8.1,4.0,4.0,0.0,7809,701,7108,9.0,0.48,0.49,0.46,416148559,2226989570,3206,11888,1.2,233.7,3.1,2.0,120,98,0,0,0,0,0,0.0,0,0,0,0,0,0
591.1,2026-05-17T18:22:04,0016c001f10c2ef6,7.5,2.9,4.6,0.0,7809,701,7108,9.0,0.53,0.5,0.46,416151701,2227001380,3142,11810,1.2,233.7,3.1,2.0,120,98,0,0,0,0,0,0.0,0,0,0,0,0,0
591.6,2026-05-17T18:22:04,0016c001f10c2ef6,6.2,2.2,3.9,0.0,7809,700,7109,9.0,0.53,0.5,0.46,416154839,2227013256,3138,11876,1.2,233.7,3.1,2.0,120,98,0,0,0,0,0,0.0,0,0,0,0,0,0
592.0,2026-05-17T18:22:04,0016c001f10c2ef6,5.6,1.7,3.9,0.0,7809,700,7109,9.0,0.53,0.5,0.46,416157977,2227025066,3138,11810,1.2,233.7,3.1,2.0,120,98,0,0,0,0,0,0.0,0,0,0,0,0,0
592.4,2026-05-17T18:22:05,0016c001f10c2ef6,8.1,3.5,4.7,0.0,7809,701,7108,9.0,0.53,0.5,0.46,416162196,2227068604,4219,43538,1.2,233.7,3.1,2.0,120,98,0,0,0,0,0,0.0,0,0,0,0,0,0
592.9,2026-05-17T18:22:05,0016c001f10c2ef6,5.8,2.3,3.5,0.0,7809,701,7108,9.0,0.53,0.5,0.46,416165334,2227080414,3138,11810,1.2,233.7,3.1,2.0,120,98,0,0,0,0,0,0.0,0,0,0,0,0,0
593.3,2026-05-17T18:22:06,0016c001f10c2ef6,9.7,3.4,5.7,0.6,7809,702,7107,9.0,0.53,0.5,0.46,416168574,2227094486,3240,14072,1.2,233.7,3.1,2.0,120,98,0,0,0,0,0,0.0,0,0,0,0,0,0
593.7,2026-05-17T18:22:06,0016c001f10c2ef6,6.4,2.1,4.3,0.0,7809,702,7107,9.0,0.53,0.5,0.46,416172293,2227106296,3719,11810,1.2,233.7,3.1,2.0,120,98,0,0,0,0,0,0.0,0,0,0,0,0,0
594.2,2026-05-17T18:22:07,0016c001f10c2ef6,9.7,3.9,5.8,0.0,7809,702,7107,9.0,0.53,0.5,0.46,416176568,2227149900,4275,43604,1.2,233.7,3.1,2.0,120,98,0,0,0,0,0,0.0,0,0,0,0,0,0
594.7,2026-05-17T18:22:07,0016c001f10c2ef6,10.4,4.1,6.2,0.0,7809,702,7107,9.0,0.53,0.5,0.46,416179758,2227161776,3190,11876,1.2,233.7,3.1,2.0,120,98,0,0,0,0,0,0.0,0,0,0,0,0,0
595.2,2026-05-17T18:22:08,0016c001f10c2ef6,8.9,3.0,5.9,0.0,7809,702,7107,9.0,0.53,0.5,0.46,416183000,2227173652,3242,11876,1.2,233.7,3.1,2.0,120,98,0,0,0,0,0,0.0,0,0,0,0,0,0
595.7,2026-05-17T18:22:08,0016c001f10c2ef6,12.0,5.0,6.0,1.0,7809,702,7107,9.0,0.56,0.51,0.47,416186038,2227185528,3038,11876,1.2,233.7,3.1,2.0,120,98,0,0,0,0,0,0.0,0,0,0,0,0,0
596.2,2026-05-17T18:22:09,0016c001f10c2ef6,5.7,3.4,2.3,0.0,7809,702,7107,9.0,0.56,0.51,0.47,416189176,2227197338,3138,11810,1.2,233.7,3.1,2.0,120,98,0,0,0,0,0,0.0,0,0,0,0,0,0
596.6,2026-05-17T18:22:09,0016c001f10c2ef6,6.3,2.3,4.0,0.0,7809,702,7107,9.0,0.56,0.51,0.47,416193347,2227240876,4171,43538,1.2,233.8,3.1,2.0,120,98,0,0,0,0,0,0.0,0,0,0,0,0,0
597.0,2026-05-17T18:22:09,0016c001f10c2ef6,6.9,1.7,5.2,0.0,7809,702,7107,9.0,0.56,0.51,0.47,416196433,2227252686,3086,11810,1.2,233.8,3.1,2.0,120,98,0,0,0,0,0,0.0,0,0,0,0,0,0
597.4,2026-05-17T18:22:10,0016c001f10c2ef6,20.9,2.9,18.0,0.0,7809,702,7107,9.0,0.56,0.51,0.47,416199675,2227264496,3242,11810,1.2,233.8,3.1,2.0,120,98,0,0,0,0,0,0.0,0,0,0,0,0,0
597.9,2026-05-17T18:22:10,0016c001f10c2ef6,19.8,1.2,18.6,0.0,7809,701,7108,9.0,0.56,0.51,0.47,416203041,2227276462,3366,11966,1.2,233.8,3.1,2.0,120,98,0,0,0,0,0,0.0,0,0,0,0,0,0
598.3,2026-05-17T18:22:11,0016c001f10c2ef6,17.8,2.4,15.4,0.0,7809,701,7108,9.0,0.56,0.51,0.47,416207388,2227320078,4347,43616,1.2,233.9,3.1,2.0,120,98,0,0,0,0,0,0.0,0,0,0,0,0,0
598.7,2026-05-17T18:22:11,0016c001f10c2ef6,12.5,2.8,9.7,0.0,7809,702,7107,9.0,0.56,0.51,0.47,416210478,2227331888,3090,11810,1.2,233.9,3.1,2.0,120,98,0,0,0,0,0,0.0,0,0,0,0,0,0
599.2,2026-05-17T18:22:12,0016c001f10c2ef6,5.7,1.7,4.0,0.0,7809,702,7107,9.0,0.56,0.51,0.47,416213564,2227343698,3086,11810,1.2,233.9,3.1,2.0,120,98,0,0,0,0,0,0.0,0,0,0,0,0,0
599.6,2026-05-17T18:22:12,0016c001f10c2ef6,5.7,2.3,3.4,0.0,7809,702,7107,9.0,0.56,0.51,0.47,416216754,2227355508,3190,11810,1.2,233.9,3.1,2.0,120,98,0,0,0,0,0,0.0,0,0,0,0,0,0
600.0,2026-05-17T18:22:13,0016c001f10c2ef6,7.1,3.5,3.5,0.0,7809,702,7107,9.0,0.56,0.51,0.47,416219840,2227367318,3086,11810,1.2,233.9,3.1,2.0,120,98,0,0,0,0,0,0.0,0,0,0,0,0,0
600.5,2026-05-17T18:22:13,0016c001f10c2ef6,6.4,2.3,4.1,0.0,7809,702,7107,9.0,0.56,0.51,0.47,416224111,2227410856,4271,43538,1.2,233.9,3.1,2.0,120,98,0,0,0,0,0,0.0,0,0,0,0,0,0
600.9,2026-05-17T18:22:13,0016c001f10c2ef6,9.2,3.1,5.6,0.5,7809,701,7108,9.0,0.6,0.52,0.47,416227353,2227422732,3242,11876,1.2,233.9,3.1,2.0,120,98,0,0,0,0,0,0.0,0,0,0,0,0,0
601.4,2026-05-17T18:22:14,0016c001f10c2ef6,10.8,3.9,6.9,0.0,7809,701,7108,9.0,0.6,0.52,0.47,416230595,2227434608,3242,11876,1.2,233.9,3.1,2.0,120,98,0,0,0,0,0,0.0,0,0,0,0,0,0
601.9,2026-05-17T18:22:14,0016c001f10c2ef6,12.7,5.1,7.6,0.0,7809,701,7108,9.0,0.6,0.52,0.47,416233987,2227448733,3392,14125,1.2,233.9,3.1,2.0,120,98,0,0,0,0,0,0.0,0,0,0,0,0,0
602.4,2026-05-17T18:22:15,0016c001f10c2ef6,9.9,3.0,6.9,0.0,7809,699,7110,9.0,0.6,0.52,0.47,416238158,2227492337,4171,43604,1.2,233.9,3.1,2.0,120,98,0,0,0,0,0,0.0,0,0,0,0,0,0
603.0,2026-05-17T18:22:15,0016c001f10c2ef6,10.7,3.7,7.0,0.0,7809,700,7109,9.0,0.6,0.52,0.47,416241244,2227504275,3086,11938,1.2,233.8,3.1,2.0,120,98,0,0,0,0,0,0.0,0,0,0,0,0,0
603.4,2026-05-17T18:22:16,0016c001f10c2ef6,8.6,3.4,5.2,0.0,7809,701,7108,9.0,0.6,0.52,0.47,416244867,2227516768,3623,12493,1.2,233.8,3.1,2.0,120,98,0,0,0,0,0,0.0,0,0,0,0,0,0
603.8,2026-05-17T18:22:16,0016c001f10c2ef6,6.2,2.2,3.9,0.0,7809,702,7107,9.0,0.6,0.52,0.47,416248051,2227530180,3184,13412,1.2,233.8,3.1,2.0,120,98,0,0,0,0,0,0.0,0,0,0,0,0,0
604.2,2026-05-17T18:22:17,0016c001f10c2ef6,6.7,1.7,4.5,0.6,7809,702,7107,9.0,0.6,0.52,0.47,416251137,2227541990,3086,11810,1.2,233.8,3.1,2.0,120,98,0,0,0,0,0,0.0,0,0,0,0,0,0
604.7,2026-05-17T18:22:17,0016c001f10c2ef6,6.9,2.9,4.0,0.0,7809,702,7107,9.0,0.6,0.52,0.47,416255100,2227585528,3963,43538,1.2,233.8,3.1,2.0,120,98,0,0,0,0,0,0.0,0,0,0,0,0,0
605.1,2026-05-17T18:22:18,0016c001f10c2ef6,5.9,1.1,4.8,0.0,7809,702,7107,9.0,0.6,0.52,0.47,416258286,2227597338,3186,11810,1.2,233.8,3.1,2.0,120,98,0,0,0,0,0,0.0,0,0,0,0,0,0
605.6,2026-05-17T18:22:18,0016c001f10c2ef6,7.0,2.9,4.1,0.0,7809,702,7107,9.0,0.55,0.51,0.47,416261372,2227609148,3086,11810,1.2,233.8,3.1,2.0,120,98,0,0,0,0,0,0.0,0,0,0,0,0,0
606.0,2026-05-17T18:22:18,0016c001f10c2ef6,6.5,2.9,3.5,0.0,7809,702,7107,9.0,0.55,0.51,0.47,416264510,2227620958,3138,11810,1.2,233.8,3.1,2.0,120,98,0,0,0,0,0,0.0,0,0,0,0,0,0
606.4,2026-05-17T18:22:19,0016c001f10c2ef6,5.8,1.7,4.0,0.0,7809,701,7108,9.0,0.55,0.51,0.47,416268681,2227664496,4171,43538,1.2,233.8,3.1,2.0,120,98,0,0,0,0,0,0.0,0,0,0,0,0,0
606.8,2026-05-17T18:22:19,0016c001f10c2ef6,7.9,4.0,4.0,0.0,7809,701,7108,9.0,0.55,0.51,0.47,416271819,2227676306,3138,11810,1.2,233.8,3.1,2.0,120,98,0,0,0,0,0,0.0,0,0,0,0,0,0
607.3,2026-05-17T18:22:20,0016c001f10c2ef6,5.5,1.6,3.8,0.0,7809,702,7107,9.0,0.55,0.51,0.47,416274857,2227688116,3038,11810,1.2,233.8,3.1,2.0,120,98,0,0,0,0,0,0.0,0,0,0,0,0,0
607.7,2026-05-17T18:22:20,0016c001f10c2ef6,5.8,1.7,4.1,0.0,7809,702,7107,9.0,0.55,0.51,0.47,416278199,2227699926,3342,11810,1.2,233.8,3.1,2.0,120,98,0,0,0,0,0,0.0,0,0,0,0,0,0
608.2,2026-05-17T18:22:21,0016c001f10c2ef6,10.6,4.0,6.5,0.0,7809,701,7108,9.0,0.55,0.51,0.47,416281389,2227711802,3190,11876,1.2,233.8,3.1,2.0,124,102,4,4,0,0,0,0.0,0,0,0,0,0,0
608.7,2026-05-17T18:22:21,0016c001f10c2ef6,17.2,3.9,13.3,0.0,7809,700,7109,9.0,0.55,0.51,0.47,416285456,2227755408,4067,43606,1.2,233.8,3.1,2.0,124,102,0,0,0,0,0,0.0,0,0,0,0,0,0
609.2,2026-05-17T18:22:22,0016c001f10c2ef6,19.3,2.8,16.6,0.0,7809,701,7108,9.0,0.55,0.51,0.47,416288546,2227767286,3090,11878,1.2,233.8,3.1,2.0,124,102,0,0,0,0,0,0.0,0,0,0,0,0,0
609.6,2026-05-17T18:22:22,0016c001f10c2ef6,19.5,1.1,18.4,0.0,7809,702,7107,9.0,0.55,0.51,0.47,416291836,2227779098,3290,11812,1.2,233.8,3.1,2.0,124,102,0,0,0,0,0,0.0,0,0,0,0,0,0
610.0,2026-05-17T18:22:23,0016c001f10c2ef6,18.2,2.8,15.5,0.0,7809,702,7107,9.0,0.55,0.51,0.47,416295026,2227790910,3190,11812,1.2,233.8,3.1,2.0,124,102,0,0,0,0,0,0.0,0,0,0,0,0,0
610.5,2026-05-17T18:22:24,0016c001f10c2ef6,6.2,2.8,3.4,0.0,7809,702,7107,9.0,0.51,0.5,0.46,416298993,2227834450,3967,43540,1.2,234.0,3.1,2.0,124,102,0,0,0,0,0,0.0,0,0,0,0,0,0
610.9,2026-05-17T18:22:24,0016c001f10c2ef6,7.6,2.9,4.7,0.0,7809,701,7108,9.0,0.51,0.5,0.46,416302079,2227846262,3086,11812,1.2,234.0,3.1,2.0,124,102,0,0,0,0,0,0.0,0,0,0,0,0,0
611.3,2026-05-17T18:22:25,0016c001f10c2ef6,7.3,2.3,5.1,0.0,7809,701,7108,9.0,0.51,0.5,0.46,416305165,2227858074,3086,11812,1.2,234.0,3.1,2.0,124,102,0,0,0,0,0,0.0,0,0,0,0,0,0
611.8,2026-05-17T18:22:25,0016c001f10c2ef6,5.3,1.2,4.1,0.0,7809,701,7108,9.0,0.51,0.5,0.46,416308351,2227869886,3186,11812,1.2,234.0,3.1,2.0,124,102,0,0,0,0,0,0.0,0,0,0,0,0,0
612.2,2026-05-17T18:22:26,0016c001f10c2ef6,6.3,2.3,4.0,0.0,7809,702,7107,9.0,0.51,0.5,0.46,416311493,2227881698,3142,11812,1.2,234.0,3.1,2.0,124,102,0,0,0,0,0,0.0,0,0,0,0,0,0
612.6,2026-05-17T18:22:26,0016c001f10c2ef6,8.9,3.9,5.0,0.0,7809,703,7106,9.0,0.51,0.5,0.46,416315556,2227925238,4063,43540,1.2,234.0,3.1,2.0,124,102,0,0,0,0,0,0.0,0,0,0,0,0,0
613.0,2026-05-17T18:22:26,0016c001f10c2ef6,6.9,2.3,4.6,0.0,7809,703,7106,9.0,0.51,0.5,0.46,416319023,2227937050,3467,11812,1.2,234.0,3.1,2.0,124,102,0,0,0,0,0,0.0,0,0,0,0,0,0
613.5,2026-05-17T18:22:27,0016c001f10c2ef6,7.0,2.3,4.7,0.0,7809,701,7108,9.0,0.51,0.5,0.46,416322261,2227948862,3238,11812,1.2,234.0,3.1,2.0,124,102,0,0,0,0,0,0.0,0,0,0,0,0,0
613.9,2026-05-17T18:22:27,0016c001f10c2ef6,9.8,3.6,6.2,0.0,7809,700,7109,9.0,0.51,0.5,0.46,416325575,2227962612,3314,13750,1.2,233.9,3.1,2.0,124,102,0,0,0,0,0,0.0,0,0,0,0,0,0
614.4,2026-05-17T18:22:28,0016c001f10c2ef6,14.3,7.1,6.6,0.5,7809,701,7108,9.0,0.51,0.5,0.46,416328765,2227976460,3190,13848,1.2,233.9,3.1,2.0,124,102,0,0,0,0,0,0.0,0,0,0,0,0,0
614.9,2026-05-17T18:22:28,0016c001f10c2ef6,13.2,7.4,5.8,0.0,7809,702,7107,9.0,0.51,0.5,0.46,416332726,2228020148,3961,43688,1.2,233.9,3.1,2.0,124,102,0,0,0,0,0,0.0,0,0,0,0,0,0
615.3,2026-05-17T18:22:29,0016c001f10c2ef6,6.2,1.1,5.1,0.0,7809,702,7107,9.0,0.47,0.49,0.46,416335912,2228031960,3186,11812,1.2,233.9,3.1,2.0,124,102,0,0,0,0,0,0.0,0,0,0,0,0,0
615.8,2026-05-17T18:22:29,0016c001f10c2ef6,6.9,3.2,3.7,0.0,7809,702,7107,9.0,0.47,0.49,0.46,416339102,2228043772,3190,11812,1.2,233.9,3.1,2.0,124,102,0,0,0,0,0,0.0,0,0,0,0,0,0
616.2,2026-05-17T18:22:30,0016c001f10c2ef6,6.8,1.1,5.7,0.0,7809,701,7108,9.0,0.47,0.49,0.46,416342344,2228055584,3242,11812,1.2,233.9,3.1,2.0,124,102,0,0,0,0,0,0.0,0,0,0,0,0,0
616.6,2026-05-17T18:22:30,0016c001f10c2ef6,5.7,2.3,3.4,0.0,7809,702,7107,9.0,0.47,0.49,0.46,416346363,2228099206,4019,43622,1.2,233.9,3.1,2.0,124,102,0,0,0,0,0,0.0,0,0,0,0,0,0
617.1,2026-05-17T18:22:30,0016c001f10c2ef6,8.0,2.3,5.7,0.0,7809,701,7108,9.0,0.47,0.49,0.46,416349757,2228111018,3394,11812,1.2,233.9,3.1,2.0,124,102,0,0,0,0,0,0.0,0,0,0,0,0,0
617.5,2026-05-17T18:22:31,0016c001f10c2ef6,5.6,2.3,3.4,0.0,7809,701,7108,9.0,0.47,0.49,0.46,416352795,2228122830,3038,11812,1.2,233.9,3.1,2.0,124,102,0,0,0,0,0,0.0,0,0,0,0,0,0
617.9,2026-05-17T18:22:31,0016c001f10c2ef6,5.2,1.7,3.4,0.0,7809,701,7108,9.0,0.47,0.49,0.46,416355981,2228134642,3186,11812,1.2,233.9,3.1,2.0,124,102,0,0,0,0,0,0.0,0,0,0,0,0,0
618.4,2026-05-17T18:22:32,0016c001f10c2ef6,7.4,2.8,4.5,0.0,7809,701,7108,9.0,0.47,0.49,0.46,416359071,2228146454,3090,11812,1.2,233.9,3.1,2.0,124,102,0,0,0,0,0,0.0,0,0,0,0,0,0
618.8,2026-05-17T18:22:32,0016c001f10c2ef6,7.7,3.3,4.4,0.0,7809,701,7108,9.0,0.47,0.49,0.46,416363310,2228190162,4239,43708,1.2,233.9,3.1,2.0,124,102,0,0,0,0,0,0.0,0,0,0,0,0,0
619.2,2026-05-17T18:22:33,0016c001f10c2ef6,5.6,2.3,3.4,0.0,7809,702,7107,9.0,0.47,0.49,0.46,416366348,2228201974,3038,11812,1.2,233.9,3.1,2.0,124,102,0,0,0,0,0,0.0,0,0,0,0,0,0
619.7,2026-05-17T18:22:33,0016c001f10c2ef6,6.3,1.7,4.6,0.0,7809,702,7107,9.0,0.47,0.49,0.46,416369638,2228213786,3290,11812,1.2,233.9,3.1,2.0,124,102,0,0,0,0,0,0.0,0,0,0,0,0,0
620.2,2026-05-17T18:22:33,0016c001f10c2ef6,15.3,3.6,11.7,0.0,7809,702,7107,9.0,0.67,0.53,0.48,416372676,2228225664,3038,11878,1.2,233.9,3.1,2.0,124,102,0,0,0,0,0,0.0,0,0,0,0,0,0
620.6,2026-05-17T18:22:34,0016c001f10c2ef6,19.2,3.4,15.8,0.0,7809,702,7107,9.0,0.67,0.53,0.48,416376743,2228269286,4067,43622,1.2,233.9,3.1,2.0,124,102,0,0,0,0,0,0.0,0,0,0,0,0,0
621.0,2026-05-17T18:22:34,0016c001f10c2ef6,19.5,2.3,17.2,0.0,7809,702,7107,9.0,0.67,0.53,0.48,416379881,2228281098,3138,11812,1.2,233.9,3.1,2.0,124,102,0,0,0,0,0,0.0,0,0,0,0,0,0
621.5,2026-05-17T18:22:35,0016c001f10c2ef6,18.8,2.3,16.5,0.0,7809,702,7107,9.0,0.67,0.53,0.48,416383071,2228292910,3190,11812,1.2,233.9,3.1,2.0,124,102,0,0,0,0,0,0.0,0,0,0,0,0,0
621.9,2026-05-17T18:22:35,0016c001f10c2ef6,6.1,1.1,5.0,0.0,7809,702,7107,9.0,0.67,0.53,0.48,416386313,2228304788,3242,11878,1.2,233.9,3.1,2.0,124,102,0,0,0,0,0,0.0,0,0,0,0,0,0
622.4,2026-05-17T18:22:36,0016c001f10c2ef6,6.2,3.4,2.8,0.0,7809,702,7107,9.0,0.67,0.53,0.48,416389503,2228316600,3190,11812,1.2,233.9,3.1,2.0,124,102,0,0,0,0,0,0.0,0,0,0,0,0,0
622.8,2026-05-17T18:22:36,0016c001f10c2ef6,7.0,3.5,3.5,0.0,7809,702,7107,9.0,0.67,0.53,0.48,416394255,2228360222,4752,43622,1.2,233.9,3.1,2.0,124,102,0,0,0,0,0,0.0,0,0,0,0,0,0
623.2,2026-05-17T18:22:37,0016c001f10c2ef6,5.7,1.7,4.0,0.0,7809,702,7107,9.0,0.67,0.53,0.48,416397293,2228372034,3038,11812,1.2,233.9,3.1,2.0,124,102,0,0,0,0,0,0.0,0,0,0,0,0,0
623.6,2026-05-17T18:22:37,0016c001f10c2ef6,6.9,2.3,4.6,0.0,7809,702,7107,9.0,0.67,0.53,0.48,416400531,2228383846,3238,11812,1.2,233.9,3.1,2.0,124,102,0,0,0,0,0,0.0,0,0,0,0,0,0
624.1,2026-05-17T18:22:37,0016c001f10c2ef6,6.2,1.1,4.5,0.6,7809,702,7107,9.0,0.67,0.53,0.48,416403617,2228395658,3086,11812,1.2,233.9,3.1,2.0,124,102,0,0,0,0,0,0.0,0,0,0,0,0,0
624.5,2026-05-17T18:22:38,0016c001f10c2ef6,8.0,2.9,5.2,0.0,7809,702,7107,9.0,0.67,0.53,0.48,416406707,2228407470,3090,11812,1.2,233.9,3.1,2.0,124,102,0,0,0,0,0,0.0,0,0,0,0,0,0
624.9,2026-05-17T18:22:38,0016c001f10c2ef6,6.9,2.3,4.6,0.0,7809,701,7108,9.0,0.62,0.52,0.47,416410874,2228451092,4167,43622,1.2,233.9,3.1,2.0,124,102,0,0,0,0,0,0.0,0,0,0,0,0,0
625.4,2026-05-17T18:22:39,0016c001f10c2ef6,9.0,3.0,6.0,0.0,7809,701,7108,9.0,0.62,0.52,0.47,416413960,2228462970,3086,11878,1.2,233.9,3.1,2.0,124,102,0,0,0,0,0,0.0,0,0,0,0,0,0
625.9,2026-05-17T18:22:39,0016c001f10c2ef6,6.2,1.7,4.5,0.0,7809,699,7110,9.0,0.62,0.52,0.47,416417150,2228474782,3190,11812,1.2,233.9,3.1,2.0,124,102,0,0,0,0,0,0.0,0,0,0,0,0,0
626.3,2026-05-17T18:22:40,0016c001f10c2ef6,6.3,1.7,4.6,0.0,7809,701,7108,9.0,0.62,0.52,0.47,416420340,2228486594,3190,11812,1.2,233.9,3.1,2.0,124,102,0,0,0,0,0,0.0,0,0,0,0,0,0
626.7,2026-05-17T18:22:40,0016c001f10c2ef6,5.6,1.1,4.4,0.0,7809,701,7108,9.0,0.62,0.52,0.47,416424099,2228530216,3759,43622,1.2,233.9,3.1,2.0,124,102,0,0,0,0,0,0.0,0,0,0,0,0,0
627.2,2026-05-17T18:22:41,0016c001f10c2ef6,7.5,3.2,4.3,0.0,7809,702,7107,9.0,0.62,0.52,0.47,416427261,2228542184,3162,11968,1.2,233.9,3.1,2.0,124,102,0,0,0,0,0,0.0,0,0,0,0,0,0
627.7,2026-05-17T18:22:41,0016c001f10c2ef6,5.8,1.6,4.2,0.0,7809,702,7107,9.0,0.62,0.52,0.47,416430395,2228553996,3134,11812,1.2,233.9,3.1,2.0,124,102,0,0,0,0,0,0.0,0,0,0,0,0,0
628.1,2026-05-17T18:22:41,0016c001f10c2ef6,7.1,2.7,4.3,0.0,7809,700,7109,9.0,0.62,0.52,0.47,416433433,2228565808,3038,11812,1.2,233.9,3.1,2.0,124,102,0,0,0,0,0,0.0,0,0,0,0,0,0
628.6,2026-05-17T18:22:42,0016c001f10c2ef6,6.5,3.3,3.3,0.0,7809,700,7109,9.0,0.62,0.52,0.47,416436623,2228578303,3190,12495,1.2,233.9,3.1,2.0,124,102,0,0,0,0,0,0.0,0,0,0,0,0,0
629.0,2026-05-17T18:22:42,0016c001f10c2ef6,10.7,4.8,6.0,0.0,7809,700,7109,9.0,0.62,0.52,0.47,416440898,2228621925,4275,43622,1.2,233.9,3.1,2.0,124,102,0,0,0,0,0,0.0,0,0,0,0,0,0
629.4,2026-05-17T18:22:43,0016c001f10c2ef6,6.8,2.3,4.5,0.0,7809,701,7108,9.0,0.62,0.52,0.47,416443978,2228635335,3080,13410,1.2,233.9,3.1,2.0,124,102,0,0,0,0,0,0.0,0,0,0,0,0,0
629.8,2026-05-17T18:22:43,0016c001f10c2ef6,4.9,2.2,2.7,0.0,7809,702,7107,9.0,0.81,0.57,0.49,416447136,2228647225,3158,11890,1.2,233.9,3.1,2.0,124,102,0,0,0,0,0,0.0,0,0,0,0,0,0
630.3,2026-05-17T18:22:44,0016c001f10c2ef6,8.9,3.5,5.4,0.0,7809,701,7108,9.0,0.81,0.57,0.49,416450222,2228659103,3086,11878,1.2,233.9,3.1,2.0,124,102,0,0,0,0,0,0.0,0,0,0,0,0,0
630.8,2026-05-17T18:22:44,0016c001f10c2ef6,3.9,0.6,3.4,0.0,7809,701,7108,9.0,0.81,0.57,0.49,416454493,2228702725,4271,43622,1.2,234.0,3.1,2.0,124,102,0,0,0,0,0,0.0,0,0,0,0,0,0
631.2,2026-05-17T18:22:45,0016c001f10c2ef6,7.4,2.8,4.5,0.0,7809,701,7108,9.0,0.81,0.57,0.49,416457635,2228714537,3142,11812,1.2,234.0,3.1,2.0,124,102,0,0,0,0,0,0.0,0,0,0,0,0,0
631.7,2026-05-17T18:22:45,0016c001f10c2ef6,12.4,1.7,10.7,0.0,7809,702,7107,9.0,0.81,0.57,0.49,416460877,2228726349,3242,11812,1.2,234.0,3.1,2.0,124,102,0,0,0,0,0,0.0,0,0,0,0,0,0
632.1,2026-05-17T18:22:45,0016c001f10c2ef6,20.0,1.7,18.3,0.0,7809,702,7107,9.0,0.81,0.57,0.49,416464115,2228738161,3238,11812,1.2,234.0,3.1,2.0,124,102,0,0,0,0,0,0.0,0,0,0,0,0,0
632.5,2026-05-17T18:22:46,0016c001f10c2ef6,19.3,1.8,17.5,0.0,7809,703,7106,9.0,0.81,0.57,0.49,416467686,2228749973,3571,11812,1.2,234.0,3.1,2.0,124,102,0,0,0,0,0,0.0,0,0,0,0,0,0
633.0,2026-05-17T18:22:46,0016c001f10c2ef6,20.7,2.4,18.3,0.0,7809,703,7106,9.0,0.81,0.57,0.49,416471905,2228793595,4219,43622,1.2,234.0,3.1,2.0,124,102,0,0,0,0,0,0.0,0,0,0,0,0,0
633.4,2026-05-17T18:22:47,0016c001f10c2ef6,6.8,2.8,4.0,0.0,7809,703,7106,9.0,0.81,0.57,0.49,416475047,2228805407,3142,11812,1.2,234.0,3.1,2.0,124,102,0,0,0,0,0,0.0,0,0,0,0,0,0
633.8,2026-05-17T18:22:47,0016c001f10c2ef6,8.6,2.3,4.0,2.3,7809,703,7106,9.0,0.81,0.57,0.49,416478233,2228817219,3186,11812,1.2,234.0,3.1,2.0,124,102,0,0,0,0,0,0.0,0,0,0,0,0,0
634.2,2026-05-17T18:22:48,0016c001f10c2ef6,6.3,2.9,3.4,0.0,7809,702,7107,9.0,0.81,0.57,0.49,416481271,2228829031,3038,11812,1.2,234.0,3.1,2.0,124,102,0,0,0,0,0,0.0,0,0,0,0,0,0
634.7,2026-05-17T18:22:48,0016c001f10c2ef6,6.2,1.7,4.5,0.0,7809,703,7106,9.0,0.81,0.57,0.49,416484613,2228840843,3342,11812,1.2,234.0,3.1,2.0,124,102,0,0,0,0,0,0.0,0,0,0,0,0,0
635.1,2026-05-17T18:22:48,0016c001f10c2ef6,8.0,2.8,5.1,0.0,7809,702,7107,9.0,0.74,0.56,0.48,416488732,2228884465,4119,43622,1.2,234.0,3.1,2.0,124,102,0,0,0,0,0,0.0,0,0,0,0,0,0
635.6,2026-05-17T18:22:49,0016c001f10c2ef6,10.6,4.0,6.5,0.0,7809,702,7107,9.0,0.74,0.56,0.48,416491974,2228896343,3242,11878,1.2,234.0,3.1,2.0,124,102,0,0,0,0,0,0.0,0,0,0,0,0,0
636.1,2026-05-17T18:22:49,0016c001f10c2ef6,9.0,3.2,5.9,0.0,7809,702,7107,9.0,0.74,0.56,0.48,416495012,2228908221,3038,11878,1.2,234.0,3.1,2.0,124,102,0,0,0,0,0,0.0,0,0,0,0,0,0
636.6,2026-05-17T18:22:50,0016c001f10c2ef6,6.3,2.3,4.0,0.0,7809,702,7107,9.0,0.74,0.56,0.48,416498202,2228920033,3190,11812,1.2,233.9,3.1,2.0,124,102,0,0,0,0,0,0.0,0,0,0,0,0,0
637.0,2026-05-17T18:22:50,0016c001f10c2ef6,7.3,2.8,4.5,0.0,7809,701,7108,9.0,0.74,0.56,0.48,416502165,2228963655,3963,43622,1.2,233.9,3.1,2.0,124,102,0,0,0,0,0,0.0,0,0,0,0,0,0
637.4,2026-05-17T18:22:51,0016c001f10c2ef6,6.9,3.4,3.4,0.0,7809,702,7107,9.0,0.74,0.56,0.48,416505427,2228975545,3262,11890,1.2,233.9,3.1,2.0,124,102,0,0,0,0,0,0.0,0,0,0,0,0,0
637.9,2026-05-17T18:22:51,0016c001f10c2ef6,6.4,1.2,5.2,0.0,7809,702,7107,9.0,0.74,0.56,0.48,416508665,2228987357,3238,11812,1.2,233.9,3.1,2.0,126,104,2,2,0,0,0,0.0,0,0,0,0,0,0
638.3,2026-05-17T18:22:52,0016c001f10c2ef6,5.7,2.3,3.4,0.0,7809,702,7107,9.0,0.74,0.56,0.48,416511855,2228999170,3190,11813,1.2,233.9,3.1,2.0,126,104,0,0,0,0,0,0.0,0,0,0,0,0,0
638.7,2026-05-17T18:22:52,0016c001f10c2ef6,10.1,4.5,5.1,0.6,7809,703,7106,9.0,0.74,0.56,0.48,416515149,2229012776,3294,13606,1.2,234.0,3.1,2.0,126,104,0,0,0,0,0,0.0,0,0,0,0,0,0
639.2,2026-05-17T18:22:52,0016c001f10c2ef6,8.6,3.4,5.2,0.0,7809,702,7107,9.0,0.74,0.56,0.48,416519360,2229059175,4211,46399,1.2,234.0,3.1,2.0,126,104,0,0,0,0,0,0.0,0,0,0,0,0,0
639.6,2026-05-17T18:22:53,0016c001f10c2ef6,9.2,3.4,5.2,0.6,7809,703,7106,9.0,0.68,0.55,0.48,416522346,2229070988,2986,11813,1.2,234.0,3.1,2.0,126,104,0,0,0,0,0,0.0,0,0,0,0,0,0
640.0,2026-05-17T18:22:53,0016c001f10c2ef6,5.9,2.1,3.7,0.0,7809,702,7107,9.0,0.68,0.55,0.48,416525474,2229084383,3128,13395,1.2,234.0,3.1,2.0,126,104,0,0,0,0,0,0.0,0,0,0,0,0,0
640.5,2026-05-17T18:22:54,0016c001f10c2ef6,6.5,2.2,4.3,0.0,7809,703,7106,9.0,0.68,0.55,0.48,416528512,2229096196,3038,11813,1.2,234.0,3.1,2.0,126,104,0,0,0,0,0,0.0,0,0,0,0,0,0
640.9,2026-05-17T18:22:54,0016c001f10c2ef6,7.4,2.3,5.1,0.0,7809,702,7107,9.0,0.68,0.55,0.48,416532423,2229139900,3911,43704,1.2,234.0,3.1,2.0,126,104,0,0,0,0,0,0.0,0,0,0,0,0,0
641.4,2026-05-17T18:22:55,0016c001f10c2ef6,10.5,5.2,5.2,0.0,7809,703,7106,9.0,0.68,0.55,0.48,416535661,2229151779,3238,11879,1.2,234.0,3.1,2.0,126,104,0,0,0,0,0,0.0,0,0,0,0,0,0
641.9,2026-05-17T18:22:55,0016c001f10c2ef6,10.8,3.4,7.4,0.0,7809,703,7106,9.0,0.68,0.55,0.48,416538851,2229163658,3190,11879,1.2,234.0,3.1,2.0,126,104,0,0,0,0,0,0.0,0,0,0,0,0,0
642.4,2026-05-17T18:22:57,0016c001f10c2ef6,8.6,2.5,6.1,0.0,7809,703,7106,9.0,0.68,0.55,0.48,416542522,2229175537,3671,11879,1.2,234.0,3.1,2.0,126,104,0,0,0,0,0,0.0,0,0,0,0,0,0
642.9,2026-05-17T18:22:57,0016c001f10c2ef6,10.5,3.5,7.0,0.0,7809,702,7107,9.0,0.68,0.55,0.48,416546745,2229219307,4223,43770,1.2,234.0,3.1,2.0,126,104,0,0,0,0,0,0.0,0,0,0,0,0,0
643.4,2026-05-17T18:22:58,0016c001f10c2ef6,20.3,3.4,16.9,0.0,7809,702,7107,9.0,0.68,0.55,0.48,416549835,2229231120,3090,11813,1.2,233.8,3.1,2.0,126,104,0,0,0,0,0,0.0,0,0,0,0,0,0
643.8,2026-05-17T18:22:58,0016c001f10c2ef6,20.1,1.2,18.9,0.0,7809,702,7107,9.0,0.68,0.55,0.48,416552973,2229242933,3138,11813,1.2,233.8,3.1,2.0,126,104,0,0,0,0,0,0.0,0,0,0,0,0,0
644.2,2026-05-17T18:22:58,0016c001f10c2ef6,20.3,2.9,17.4,0.0,7809,702,7107,9.0,0.68,0.55,0.48,416556007,2229254746,3034,11813,1.2,233.8,3.1,2.0,126,104,0,0,0,0,0,0.0,0,0,0,0,0,0
644.7,2026-05-17T18:22:59,0016c001f10c2ef6,10.3,1.1,9.2,0.0,7809,702,7107,9.0,0.63,0.54,0.48,416559197,2229266559,3190,11813,1.2,233.8,3.1,2.0,126,104,0,0,0,0,0,0.0,0,0,0,0,0,0
645.1,2026-05-17T18:22:59,0016c001f10c2ef6,7.3,2.8,4.5,0.0,7809,702,7107,9.0,0.63,0.54,0.48,416563284,2229310341,4087,43782,1.2,233.8,3.1,2.0,126,104,0,0,0,0,0,0.0,0,0,0,0,0,0
645.5,2026-05-17T18:23:00,0016c001f10c2ef6,7.2,2.4,4.8,0.0,7809,702,7107,9.0,0.63,0.54,0.48,416566318,2229322154,3034,11813,1.2,233.8,3.1,2.0,126,104,0,0,0,0,0,0.0,0,0,0,0,0,0
645.9,2026-05-17T18:23:00,0016c001f10c2ef6,6.0,2.4,3.0,0.6,7809,702,7107,9.0,0.63,0.54,0.48,416569556,2229333967,3238,11813,1.2,233.8,3.1,2.0,126,104,0,0,0,0,0,0.0,0,0,0,0,0,0
646.4,2026-05-17T18:23:01,0016c001f10c2ef6,6.7,2.2,4.5,0.0,7809,701,7108,9.0,0.63,0.54,0.48,416572594,2229345780,3038,11813,1.2,233.8,3.1,2.0,126,104,0,0,0,0,0,0.0,0,0,0,0,0,0
646.8,2026-05-17T18:23:01,0016c001f10c2ef6,7.5,2.3,5.2,0.0,7809,701,7108,9.0,0.63,0.54,0.48,416575732,2229357593,3138,11813,1.2,233.8,3.1,2.0,126,104,0,0,0,0,0,0.0,0,0,0,0,0,0
647.2,2026-05-17T18:23:01,0016c001f10c2ef6,6.7,2.2,4.5,0.0,7809,702,7107,9.0,0.63,0.54,0.48,416579747,2229401297,4015,43704,1.2,233.8,3.1,2.0,126,104,0,0,0,0,0,0.0,0,0,0,0,0,0
647.6,2026-05-17T18:23:02,0016c001f10c2ef6,5.8,2.3,3.5,0.0,7809,701,7108,9.0,0.63,0.54,0.48,416582885,2229413110,3138,11813,1.2,233.8,3.1,2.0,126,104,0,0,0,0,0,0.0,0,0,0,0,0,0
648.1,2026-05-17T18:23:02,0016c001f10c2ef6,7.3,1.1,6.2,0.0,7809,701,7108,9.0,0.63,0.54,0.48,416586175,2229424923,3290,11813,1.2,233.8,3.1,2.0,126,104,0,0,0,0,0,0.0,0,0,0,0,0,0
648.6,2026-05-17T18:23:03,0016c001f10c2ef6,9.4,3.0,6.4,0.0,7809,701,7108,9.0,0.63,0.54,0.48,416589417,2229436802,3242,11879,1.2,233.8,3.1,2.0,126,104,0,0,0,0,0,0.0,0,0,0,0,0,0
649.1,2026-05-17T18:23:03,0016c001f10c2ef6,9.5,4.0,5.5,0.0,7809,701,7108,9.0,0.63,0.54,0.48,416593588,2229481255,4171,44453,1.2,234.0,3.1,2.0,126,104,0,0,0,0,0,0.0,0,0,0,0,0,0
649.6,2026-05-17T18:23:04,0016c001f10c2ef6,11.7,6.1,5.6,0.0,7809,701,7108,9.0,0.66,0.55,0.48,416596876,2229494708,3288,13453,1.2,234.1,3.1,2.0,126,104,0,0,0,0,0,0.0,0,0,0,0,0,0
650.1,2026-05-17T18:23:04,0016c001f10c2ef6,10.6,3.4,7.2,0.0,7809,701,7108,9.0,0.66,0.55,0.48,416600130,2229506829,3254,12121,1.2,234.1,3.1,2.0,126,104,0,0,0,0,0,0.0,0,0,0,0,0,0
650.6,2026-05-17T18:23:05,0016c001f10c2ef6,9.4,2.8,6.6,0.0,7809,701,7108,9.0,0.66,0.55,0.48,416603220,2229518708,3090,11879,1.2,234.1,3.1,2.0,126,104,0,0,0,0,0,0.0,0,0,0,0,0,0
651.0,2026-05-17T18:23:05,0016c001f10c2ef6,5.1,2.3,2.9,0.0,7809,701,7108,9.0,0.66,0.55,0.48,416607439,2229562412,4219,43704,1.2,234.1,3.1,2.0,126,104,0,0,0,0,0,0.0,0,0,0,0,0,0
651.5,2026-05-17T18:23:06,0016c001f10c2ef6,7.5,3.4,4.0,0.0,7809,702,7107,9.0,0.66,0.55,0.48,416610529,2229574225,3090,11813,1.2,234.1,3.1,2.0,126,104,0,0,0,0,0,0.0,0,0,0,0,0,0
651.9,2026-05-17T18:23:06,0016c001f10c2ef6,7.7,2.8,5.0,0.0,7809,702,7107,9.0,0.66,0.55,0.48,416614096,2229586038,3567,11813,1.2,234.1,3.1,2.0,126,104,0,0,0,0,0,0.0,0,0,0,0,0,0
652.3,2026-05-17T18:23:07,0016c001f10c2ef6,5.6,1.1,4.5,0.0,7809,702,7107,9.0,0.66,0.55,0.48,416617234,2229597851,3138,11813,1.2,234.1,3.1,2.0,126,104,0,0,0,0,0,0.0,0,0,0,0,0,0
652.8,2026-05-17T18:23:07,0016c001f10c2ef6,5.6,1.7,4.0,0.0,7809,702,7107,9.0,0.66,0.55,0.48,416620320,2229609730,3086,11879,1.2,234.1,3.1,2.0,126,104,0,0,0,0,0,0.0,0,0,0,0,0,0
653.2,2026-05-17T18:23:07,0016c001f10c2ef6,6.3,1.1,5.1,0.0,7809,702,7107,9.0,0.66,0.55,0.48,416624511,2229653512,4191,43782,1.2,234.1,3.1,2.0,126,104,0,0,0,0,0,0.0,0,0,0,0,0,0
653.6,2026-05-17T18:23:08,0016c001f10c2ef6,7.3,3.9,3.4,0.0,7809,702,7107,9.0,0.66,0.55,0.48,416627649,2229665325,3138,11813,1.2,234.1,3.1,2.0,126,104,0,0,0,0,0,0.0,0,0,0,0,0,0
654.1,2026-05-17T18:23:08,0016c001f10c2ef6,5.7,2.3,3.4,0.0,7809,702,7107,9.0,0.66,0.55,0.48,416630783,2229677138,3134,11813,1.2,234.1,3.1,2.0,126,104,0,0,0,0,0,0.0,0,0,0,0,0,0
654.5,2026-05-17T18:23:09,0016c001f10c2ef6,10.5,2.3,8.1,0.0,7809,702,7107,9.0,0.6,0.54,0.48,416633925,2229688951,3142,11813,1.2,234.1,3.1,2.0,126,104,0,0,0,0,0,0.0,0,0,0,0,0,0
655.0,2026-05-17T18:23:09,0016c001f10c2ef6,19.1,2.2,16.9,0.0,7809,702,7107,9.0,0.6,0.54,0.48,416636959,2229700764,3034,11813,1.2,234.1,3.1,2.0,126,104,0,0,0,0,0,0.0,0,0,0,0,0,0
655.4,2026-05-17T18:23:10,0016c001f10c2ef6,23.9,4.0,18.2,1.7,7809,700,7109,9.0,0.6,0.54,0.48,416641026,2229744468,4067,43704,1.2,234.1,3.1,2.0,126,104,0,0,0,0,0,0.0,0,0,0,0,0,0
655.8,2026-05-17T18:23:10,0016c001f10c2ef6,19.9,3.5,16.4,0.0,7809,702,7107,9.0,0.6,0.54,0.48,416644216,2229756281,3190,11813,1.2,234.2,3.1,2.0,126,104,0,0,0,0,0,0.0,0,0,0,0,0,0
656.3,2026-05-17T18:23:10,0016c001f10c2ef6,8.1,2.3,5.8,0.0,7809,703,7106,9.0,0.6,0.54,0.48,416647482,2229768250,3266,11969,1.2,234.2,3.1,2.0,126,104,0,0,0,0,0,0.0,0,0,0,0,0,0
656.7,2026-05-17T18:23:11,0016c001f10c2ef6,6.7,2.8,3.9,0.0,7809,703,7106,9.0,0.6,0.54,0.48,416650620,2229780063,3138,11813,1.2,234.2,3.1,2.0,126,104,0,0,0,0,0,0.0,0,0,0,0,0,0
657.1,2026-05-17T18:23:11,0016c001f10c2ef6,5.1,2.8,2.3,0.0,7809,703,7106,9.0,0.6,0.54,0.48,416654583,2229823767,3963,43704,1.2,234.2,3.1,2.0,126,104,0,0,0,0,0,0.0,0,0,0,0,0,0
657.6,2026-05-17T18:23:12,0016c001f10c2ef6,8.1,2.9,5.2,0.0,7809,703,7106,9.0,0.6,0.54,0.48,416657617,2229835580,3034,11813,1.2,234.2,3.1,2.0,126,104,0,0,0,0,0,0.0,0,0,0,0,0,0
658.0,2026-05-17T18:23:12,0016c001f10c2ef6,5.2,2.9,2.3,0.0,7809,702,7107,9.0,0.6,0.54,0.48,416660775,2229847479,3158,11899,1.2,234.2,3.1,2.0,126,104,0,0,0,0,0,0.0,0,0,0,0,0,0
658.4,2026-05-17T18:23:13,0016c001f10c2ef6,7.9,3.4,4.5,0.0,7809,702,7107,9.0,0.6,0.54,0.48,416663961,2229859292,3186,11813,1.2,234.2,3.1,2.0,126,104,0,0,0,0,0,0.0,0,0,0,0,0,0
658.9,2026-05-17T18:23:13,0016c001f10c2ef6,5.6,2.2,3.4,0.0,7809,702,7107,9.0,0.6,0.54,0.48,416667099,2229871788,3138,12496,1.2,234.2,3.1,2.0,126,104,0,0,0,0,0,0.0,0,0,0,0,0,0
659.3,2026-05-17T18:23:13,0016c001f10c2ef6,7.8,2.2,5.6,0.0,7809,701,7108,9.0,0.64,0.54,0.48,416670962,2229915492,3863,43704,1.2,234.2,3.1,2.0,126,104,0,0,0,0,0,0.0,0,0,0,0,0,0
659.7,2026-05-17T18:23:14,0016c001f10c2ef6,6.5,4.1,2.4,0.0,7809,702,7107,9.0,0.64,0.54,0.48,416674194,2229928911,3232,13419,1.2,234.2,3.1,2.0,126,104,0,0,0,0,0,0.0,0,0,0,0,0,0
660.2,2026-05-17T18:23:14,0016c001f10c2ef6,6.0,1.1,4.3,0.5,7809,703,7106,9.0,0.64,0.54,0.48,416677332,2229940724,3138,11813,1.2,234.2,3.1,2.0,126,104,0,0,0,0,0,0.0,0,0,0,0,0,0
660.7,2026-05-17T18:23:15,0016c001f10c2ef6,9.0,3.9,5.2,0.0,7809,702,7107,9.0,0.64,0.54,0.48,416680370,2229952603,3038,11879,1.2,234.2,3.1,2.0,126,104,0,0,0,0,0,0.0,0,0,0,0,0,0
661.2,2026-05-17T18:23:15,0016c001f10c2ef6,5.8,1.7,4.1,0.0,7809,703,7106,9.0,0.64,0.54,0.48,416684333,2229996307,3963,43704,1.2,234.2,3.1,2.0,126,104,0,0,0,0,0,0.0,0,0,0,0,0,0
661.6,2026-05-17T18:23:16,0016c001f10c2ef6,8.0,3.4,4.6,0.0,7809,702,7107,9.0,0.64,0.54,0.48,416687471,2230008120,3138,11813,1.2,234.2,3.1,2.0,126,104,0,0,0,0,0,0.0,0,0,0,0,0,0
662.0,2026-05-17T18:23:16,0016c001f10c2ef6,5.1,1.1,4.0,0.0,7809,702,7107,9.0,0.64,0.54,0.48,416691038,2230019933,3567,11813,1.2,234.2,3.1,2.0,126,104,0,0,0,0,0,0.0,0,0,0,0,0,0
662.5,2026-05-17T18:23:17,0016c001f10c2ef6,6.7,2.2,4.5,0.0,7809,702,7107,9.0,0.64,0.54,0.48,416694072,2230031746,3034,11813,1.2,234.2,3.1,2.0,126,104,0,0,0,0,0,0.0,0,0,0,0,0,0
662.9,2026-05-17T18:23:17,0016c001f10c2ef6,5.9,1.2,4.7,0.0,7809,702,7107,9.0,0.64,0.54,0.48,416697158,2230043559,3086,11813,1.2,234.2,3.1,2.0,126,104,0,0,0,0,0,0.0,0,0,0,0,0,0
663.3,2026-05-17T18:23:17,0016c001f10c2ef6,12.6,4.6,6.3,1.7,7809,700,7109,9.0,0.64,0.54,0.48,416701173,2230087263,4015,43704,1.2,234.3,3.1,2.0,126,104,0,0,0,0,0,0.0,0,0,0,0,0,0
663.7,2026-05-17T18:23:18,0016c001f10c2ef6,7.9,2.8,5.1,0.0,7809,701,7108,9.0,0.64,0.54,0.48,416704207,2230099076,3034,11813,1.2,234.3,3.1,2.0,126,104,0,0,0,0,0,0.0,0,0,0,0,0,0
664.2,2026-05-17T18:23:18,0016c001f10c2ef6,5.6,2.3,3.4,0.0,7809,702,7107,9.0,0.75,0.57,0.49,416707393,2230110889,3186,11813,1.2,234.3,3.1,2.0,126,104,0,0,0,0,0,0.0,0,0,0,0,0,0
664.6,2026-05-17T18:23:19,0016c001f10c2ef6,6.1,2.2,3.9,0.0,7809,702,7107,9.0,0.75,0.57,0.49,416710379,2230122702,2986,11813,1.2,234.3,3.1,2.0,126,104,0,0,0,0,0,0.0,0,0,0,0,0,0
665.0,2026-05-17T18:23:19,0016c001f10c2ef6,5.8,1.8,4.1,0.0,7809,702,7107,9.0,0.75,0.57,0.49,416713465,2230134515,3086,11813,1.2,234.3,3.1,2.0,126,104,0,0,0,0,0,0.0,0,0,0,0,0,0
665.5,2026-05-17T18:23:20,0016c001f10c2ef6,5.9,1.8,4.1,0.0,7809,702,7107,9.0,0.75,0.57,0.49,416717632,2230178219,4167,43704,1.2,234.3,3.1,2.0,126,104,0,0,0,0,0,0.0,0,0,0,0,0,0
666.0,2026-05-17T18:23:20,0016c001f10c2ef6,12.2,4.1,8.1,0.0,7809,702,7107,9.0,0.75,0.57,0.49,416720670,2230190098,3038,11879,1.2,234.3,3.1,2.0,126,104,0,0,0,0,0,0.0,0,0,0,0,0,0
666.4,2026-05-17T18:23:21,0016c001f10c2ef6,19.9,2.3,17.5,0.0,7809,702,7107,9.0,0.75,0.57,0.49,416723756,2230201911,3086,11813,1.2,234.3,3.1,2.0,126,104,0,0,0,0,0,0.0,0,0,0,0,0,0
666.8,2026-05-17T18:23:21,0016c001f10c2ef6,20.1,2.9,17.2,0.0,7809,702,7107,9.0,0.75,0.57,0.49,416726894,2230213724,3138,11813,1.2,234.3,3.1,2.0,130,108,4,4,0,0,0,0.0,0,0,0,0,0,0
667.3,2026-05-17T18:23:21,0016c001f10c2ef6,20.3,2.3,17.4,0.6,7809,702,7107,9.0,0.75,0.57,0.49,416730805,2230257428,3911,43704,1.2,234.3,3.1,2.0,130,108,0,0,0,0,0,0.0,0,0,0,0,0,0
667.7,2026-05-17T18:23:22,0016c001f10c2ef6,8.3,1.8,6.5,0.0,7809,703,7106,9.0,0.75,0.57,0.49,416733891,2230269241,3086,11813,1.2,234.3,3.1,2.0,130,108,0,0,0,0,0,0.0,0,0,0,0,0,0
668.1,2026-05-17T18:23:22,0016c001f10c2ef6,7.2,2.8,4.4,0.0,7809,703,7106,9.0,0.75,0.57,0.49,416736977,2230281054,3086,11813,1.2,234.3,3.1,2.0,130,108,0,0,0,0,0,0.0,0,0,0,0,0,0
668.5,2026-05-17T18:23:23,0016c001f10c2ef6,6.2,1.7,4.5,0.0,7809,703,7106,9.0,0.75,0.57,0.49,416740083,2230292945,3106,11891,1.2,234.3,3.1,2.0,130,108,0,0,0,0,0,0.0,0,0,0,0,0,0
669.0,2026-05-17T18:23:23,0016c001f10c2ef6,11.2,3.5,5.9,1.8,7809,702,7107,9.0,0.69,0.56,0.49,416743273,2230306551,3190,13606,1.2,234.3,3.1,2.0,130,108,0,0,0,0,0,0.0,0,0,0,0,0,0
669.4,2026-05-17T18:23:24,0016c001f10c2ef6,5.6,1.7,3.9,0.0,7809,702,7107,9.0,0.69,0.56,0.49,416747334,2230352319,4061,45768,1.2,234.3,3.1,2.0,130,108,0,0,0,0,0,0.0,0,0,0,0,0,0
669.8,2026-05-17T18:23:24,0016c001f10c2ef6,6.3,2.3,4.0,0.0,7809,702,7107,9.0,0.69,0.56,0.49,416750368,2230364132,3034,11813,1.2,234.3,3.1,2.0,130,108,0,0,0,0,0,0.0,0,0,0,0,0,0
670.4,2026-05-17T18:23:25,0016c001f10c2ef6,5.7,1.9,3.8,0.0,7809,704,7105,9.0,0.69,0.56,0.49,416753402,2230375945,3034,11813,1.2,234.3,3.1,2.0,130,108,0,0,0,0,0,0.0,0,0,0,0,0,0
670.8,2026-05-17T18:23:25,0016c001f10c2ef6,6.9,2.3,4.6,0.0,7809,703,7106,9.0,0.69,0.56,0.49,416756588,2230387758,3186,11813,1.2,234.3,3.1,2.0,130,108,0,0,0,0,0,0.0,0,0,0,0,0,0
671.3,2026-05-17T18:23:25,0016c001f10c2ef6,10.5,3.5,6.0,1.0,7809,703,7106,9.0,0.69,0.56,0.49,416760239,2230399637,3651,11879,1.2,234.3,3.1,2.0,130,108,0,0,0,0,0,0.0,0,0,0,0,0,0
671.7,2026-05-17T18:23:26,0016c001f10c2ef6,5.7,2.3,3.4,0.0,7809,703,7106,9.0,0.69,0.56,0.49,416764326,2230443422,4087,43785,1.2,234.3,3.1,2.0,130,108,0,0,0,0,0,0.0,0,0,0,0,0,0
672.1,2026-05-17T18:23:26,0016c001f10c2ef6,7.7,3.3,4.4,0.0,7809,702,7107,9.0,0.69,0.56,0.49,416767464,2230455235,3138,11813,1.2,234.3,3.1,2.0,130,108,0,0,0,0,0,0.0,0,0,0,0,0,0
672.6,2026-05-17T18:23:27,0016c001f10c2ef6,6.2,1.7,4.5,0.0,7809,702,7107,9.0,0.69,0.56,0.49,416770602,2230467048,3138,11813,1.2,234.3,3.1,2.0,130,108,0,0,0,0,0,0.0,0,0,0,0,0,0
673.0,2026-05-17T18:23:27,0016c001f10c2ef6,5.7,2.3,3.4,0.0,7809,702,7107,9.0,0.69,0.56,0.49,416773588,2230478861,2986,11813,1.2,234.3,3.1,2.0,130,108,0,0,0,0,0,0.0,0,0,0,0,0,0
673.4,2026-05-17T18:23:28,0016c001f10c2ef6,6.4,2.3,4.0,0.0,7809,702,7107,9.0,0.69,0.56,0.49,416777551,2230522646,3963,43785,1.2,234.3,3.1,2.0,130,108,0,0,0,0,0,0.0,0,0,0,0,0,0
673.9,2026-05-17T18:23:28,0016c001f10c2ef6,7.0,2.3,4.7,0.0,7809,702,7107,9.0,0.63,0.55,0.48,416780585,2230534459,3034,11813,1.2,234.3,3.1,2.0,130,108,0,0,0,0,0,0.0,0,0,0,0,0,0
674.3,2026-05-17T18:23:29,0016c001f10c2ef6,6.4,1.2,5.2,0.0,7809,703,7106,9.0,0.63,0.55,0.48,416783619,2230546272,3034,11813,1.2,234.3,3.1,2.0,130,108,0,0,0,0,0,0.0,0,0,0,0,0,0
674.7,2026-05-17T18:23:30,0016c001f10c2ef6,6.2,1.7,4.5,0.0,7809,703,7106,9.0,0.63,0.55,0.48,416786757,2230558085,3138,11813,1.2,234.3,3.1,2.0,130,108,0,0,0,0,0,0.0,0,0,0,0,0,0
675.1,2026-05-17T18:23:30,0016c001f10c2ef6,6.4,2.3,4.1,0.0,7809,703,7106,9.0,0.63,0.55,0.48,416789843,2230569898,3086,11813,1.2,234.3,3.1,2.0,130,108,0,0,0,0,0,0.0,0,0,0,0,0,0
675.6,2026-05-17T18:23:31,0016c001f10c2ef6,6.4,2.3,4.1,0.0,7809,703,7106,9.0,0.63,0.55,0.48,416793910,2230613683,4067,43785,1.2,234.3,3.1,2.0,130,108,0,0,0,0,0,0.0,0,0,0,0,0,0
676.0,2026-05-17T18:23:31,0016c001f10c2ef6,7.3,2.8,4.5,0.0,7809,703,7106,9.0,0.63,0.55,0.48,416797148,2230625496,3238,11813,1.2,234.3,3.1,2.0,130,108,0,0,0,0,0,0.0,0,0,0,0,0,0
676.5,2026-05-17T18:23:32,0016c001f10c2ef6,9.5,3.0,6.0,0.5,7809,703,7106,9.0,0.63,0.55,0.48,416800206,2230637453,3058,11957,1.2,234.3,3.1,2.0,130,108,0,0,0,0,0,0.0,0,0,0,0,0,0
676.9,2026-05-17T18:23:32,0016c001f10c2ef6,6.4,1.7,4.7,0.0,7809,703,7106,9.0,0.63,0.55,0.48,416803240,2230649266,3034,11813,1.2,234.3,3.1,2.0,130,108,0,0,0,0,0,0.0,0,0,0,0,0,0
677.3,2026-05-17T18:23:32,0016c001f10c2ef6,7.1,2.4,4.7,0.0,7809,703,7106,9.0,0.63,0.55,0.48,416806378,2230661079,3138,11813,1.2,234.3,3.1,2.0,130,108,0,0,0,0,0,0.0,0,0,0,0,0,0
677.8,2026-05-17T18:23:33,0016c001f10c2ef6,19.0,1.8,17.3,0.0,7809,704,7105,9.0,0.63,0.55,0.48,416810445,2230704864,4067,43785,1.2,234.3,3.1,2.0,130,108,0,0,0,0,0,0.0,0,0,0,0,0,0
678.2,2026-05-17T18:23:33,0016c001f10c2ef6,19.7,2.3,17.3,0.0,7809,703,7106,9.0,0.63,0.55,0.48,416813479,2230716677,3034,11813,1.2,234.3,3.1,2.0,130,108,0,0,0,0,0,0.0,0,0,0,0,0,0
678.6,2026-05-17T18:23:34,0016c001f10c2ef6,19.2,1.2,18.0,0.0,7809,704,7105,9.0,0.66,0.56,0.49,416816565,2230728490,3086,11813,1.2,234.3,3.1,2.0,130,108,0,0,0,0,0,0.0,0,0,0,0,0,0
679.0,2026-05-17T18:23:34,0016c001f10c2ef6,11.8,2.4,9.4,0.0,7809,704,7105,9.0,0.66,0.56,0.49,416819751,2230740303,3186,11813,1.2,234.3,3.1,2.0,130,108,0,0,0,0,0,0.0,0,0,0,0,0,0
679.5,2026-05-17T18:23:35,0016c001f10c2ef6,6.2,1.7,4.5,0.0,7809,704,7105,9.0,0.66,0.56,0.49,416823718,2230784088,3967,43785,1.2,234.3,3.1,2.0,130,108,0,0,0,0,0,0.0,0,0,0,0,0,0
679.9,2026-05-17T18:23:35,0016c001f10c2ef6,7.0,2.9,4.1,0.0,7809,704,7105,9.0,0.66,0.56,0.49,416826904,2230795901,3186,11813,1.2,234.3,3.1,2.0,130,108,0,0,0,0,0,0.0,0,0,0,0,0,0
680.3,2026-05-17T18:23:35,0016c001f10c2ef6,6.3,1.7,4.6,0.0,7809,704,7105,9.0,0.66,0.56,0.49,416829890,2230807730,2986,11829,1.2,234.3,3.1,2.0,130,108,0,0,0,0,0,0.0,0,0,0,0,0,0
680.8,2026-05-17T18:23:36,0016c001f10c2ef6,6.4,2.3,4.0,0.0,7809,704,7105,9.0,0.66,0.56,0.49,416833076,2230819543,3186,11813,1.2,234.3,3.1,2.0,130,108,0,0,0,0,0,0.0,0,0,0,0,0,0
681.2,2026-05-17T18:23:36,0016c001f10c2ef6,5.2,1.1,4.0,0.0,7809,703,7106,9.0,0.66,0.56,0.49,416836643,2230831356,3567,11813,1.2,234.3,3.1,2.0,130,108,0,0,0,0,0,0.0,0,0,0,0,0,0
681.7,2026-05-17T18:23:37,0016c001f10c2ef6,10.7,3.6,7.1,0.0,7809,703,7106,9.0,0.66,0.56,0.49,416840866,2230875207,4223,43851,1.2,234.3,3.1,2.0,130,108,0,0,0,0,0,0.0,0,0,0,0,0,0
682.2,2026-05-17T18:23:37,0016c001f10c2ef6,10.3,3.0,6.9,0.5,7809,703,7106,9.0,0.66,0.56,0.49,416844056,2230887086,3190,11879,1.2,234.3,3.1,2.0,130,108,0,0,0,0,0,0.0,0,0,0,0,0,0
682.7,2026-05-17T18:23:38,0016c001f10c2ef6,8.9,3.9,4.9,0.0,7809,702,7107,9.0,0.66,0.56,0.49,416847298,2230898965,3242,11879,1.2,234.3,3.1,2.0,130,108,0,0,0,0,0,0.0,0,0,0,0,0,0
683.2,2026-05-17T18:23:38,0016c001f10c2ef6,10.3,4.4,5.9,0.0,7809,702,7107,9.0,0.66,0.56,0.49,416850388,2230910844,3090,11879,1.2,234.3,3.1,2.0,130,108,0,0,0,0,0,0.0,0,0,0,0,0,0
683.6,2026-05-17T18:23:39,0016c001f10c2ef6,6.9,2.3,4.6,0.0,7809,702,7107,9.0,0.61,0.55,0.48,416854555,2230954629,4167,43785,1.2,234.3,3.1,2.0,130,108,0,0,0,0,0,0.0,0,0,0,0,0,0
684.0,2026-05-17T18:23:39,0016c001f10c2ef6,7.3,2.8,4.5,0.0,7809,702,7107,9.0,0.61,0.55,0.48,416857765,2230966536,3210,11907,1.2,234.3,3.1,2.0,130,108,0,0,0,0,0,0.0,0,0,0,0,0,0
684.5,2026-05-17T18:23:39,0016c001f10c2ef6,5.2,1.2,4.0,0.0,7809,702,7107,9.0,0.61,0.55,0.48,416860815,2230978459,3050,11923,1.2,234.3,3.1,2.0,130,108,0,0,0,0,0,0.0,0,0,0,0,0,0
684.9,2026-05-17T18:23:40,0016c001f10c2ef6,7.4,3.1,4.3,0.0,7809,702,7107,9.0,0.61,0.55,0.48,416863953,2230990272,3138,11813,1.2,234.3,3.1,2.0,130,108,0,0,0,0,0,0.0,0,0,0,0,0,0
685.3,2026-05-17T18:23:40,0016c001f10c2ef6,5.8,1.8,4.1,0.0,7809,703,7106,9.0,0.61,0.55,0.48,416867215,2231002241,3262,11969,1.2,234.3,3.1,2.0,130,108,0,0,0,0,0,0.0,0,0,0,0,0,0
685.7,2026-05-17T18:23:41,0016c001f10c2ef6,6.8,2.3,4.5,0.0,7809,704,7105,9.0,0.61,0.55,0.48,416871338,2231046026,4123,43785,1.2,234.3,3.1,2.0,130,108,0,0,0,0,0,0.0,0,0,0,0,0,0
686.1,2026-05-17T18:23:41,0016c001f10c2ef6,6.4,2.3,4.0,0.0,7809,703,7106,9.0,0.61,0.55,0.48,416874524,2231057839,3186,11813,1.2,234.3,3.1,2.0,130,108,0,0,0,0,0,0.0,0,0,0,0,0,0
686.6,2026-05-17T18:23:42,0016c001f10c2ef6,4.6,1.7,2.9,0.0,7809,703,7106,9.0,0.61,0.55,0.48,416877510,2231069652,2986,11813,1.2,234.3,3.1,2.0,130,108,0,0,0,0,0,0.0,0,0,0,0,0,0
687.0,2026-05-17T18:23:42,0016c001f10c2ef6,5.6,1.7,4.0,0.0,7809,703,7106,9.0,0.61,0.55,0.48,416880544,2231081465,3034,11813,1.2,234.3,3.1,2.0,130,108,0,0,0,0,0,0.0,0,0,0,0,0,0
687.4,2026-05-17T18:23:42,0016c001f10c2ef6,8.6,5.1,3.4,0.0,7809,702,7107,9.0,0.61,0.55,0.48,416883786,2231093278,3242,11813,1.2,234.2,3.1,2.0,130,108,0,0,0,0,0,0.0,0,0,0,0,0,0
687.9,2026-05-17T18:23:43,0016c001f10c2ef6,8.2,4.4,3.3,0.5,7809,704,7105,9.0,0.61,0.55,0.48,416887849,2231137063,4063,43785,1.2,234.2,3.1,2.0,130,108,0,0,0,0,0,0.0,0,0,0,0,0,0
688.4,2026-05-17T18:23:43,0016c001f10c2ef6,8.2,3.6,4.6,0.0,7809,703,7106,9.0,0.56,0.54,0.48,416891039,2231148942,3190,11879,1.2,234.2,3.1,2.0,130,108,0,0,0,0,0,0.0,0,0,0,0,0,0
688.8,2026-05-17T18:23:44,0016c001f10c2ef6,6.9,1.7,5.2,0.0,7809,703,7106,9.0,0.56,0.54,0.48,416894229,2231160755,3190,11813,1.2,234.2,3.1,2.0,130,108,0,0,0,0,0,0.0,0,0,0,0,0,0
689.2,2026-05-17T18:23:44,0016c001f10c2ef6,19.5,3.4,16.1,0.0,7809,703,7106,9.0,0.56,0.54,0.48,416897371,2231172568,3142,11813,1.2,234.2,3.1,2.0,130,108,0,0,0,0,0,0.0,0,0,0,0,0,0
689.7,2026-05-17T18:23:45,0016c001f10c2ef6,20.6,4.0,16.0,0.6,7809,703,7106,9.0,0.56,0.54,0.48,416901484,2231218618,4113,46050,1.2,234.3,3.1,2.0,130,108,0,0,0,0,0,0.0,0,0,0,0,0,0
690.1,2026-05-17T18:23:45,0016c001f10c2ef6,22.2,4.5,17.6,0.0,7809,703,7106,9.0,0.56,0.54,0.48,416904518,2231230431,3034,11813,1.2,234.3,3.1,2.0,130,108,0,0,0,0,0,0.0,0,0,0,0,0,0
690.6,2026-05-17T18:23:46,0016c001f10c2ef6,13.3,2.2,11.0,0.0,7809,703,7106,9.0,0.56,0.54,0.48,416907600,2231242244,3082,11813,1.2,234.3,3.1,2.0,130,108,0,0,0,0,0,0.0,0,0,0,0,0,0
691.0,2026-05-17T18:23:46,0016c001f10c2ef6,6.0,2.2,3.8,0.0,7809,703,7106,9.0,0.56,0.54,0.48,416911271,2231254057,3671,11813,1.2,234.3,3.1,2.0,130,108,0,0,0,0,0,0.0,0,0,0,0,0,0
691.4,2026-05-17T18:23:46,0016c001f10c2ef6,5.1,1.1,4.0,0.0,7809,703,7106,9.0,0.56,0.54,0.48,416914409,2231265870,3138,11813,1.2,234.3,3.1,2.0,130,108,0,0,0,0,0,0.0,0,0,0,0,0,0
691.9,2026-05-17T18:23:47,0016c001f10c2ef6,7.4,2.9,4.6,0.0,7809,703,7106,9.0,0.56,0.54,0.48,416918396,2231309733,3987,43863,1.2,234.3,3.1,2.0,130,108,0,0,0,0,0,0.0,0,0,0,0,0,0
692.3,2026-05-17T18:23:47,0016c001f10c2ef6,7.0,2.3,4.7,0.0,7809,704,7105,9.0,0.56,0.54,0.48,416921582,2231321546,3186,11813,1.2,234.3,3.1,2.0,130,108,0,0,0,0,0,0.0,0,0,0,0,0,0
692.7,2026-05-17T18:23:48,0016c001f10c2ef6,7.3,2.3,5.1,0.0,7809,703,7106,9.0,0.56,0.54,0.48,416924720,2231333359,3138,11813,1.2,234.3,3.1,2.0,130,108,0,0,0,0,0,0.0,0,0,0,0,0,0
693.2,2026-05-17T18:23:48,0016c001f10c2ef6,8.1,1.7,4.6,1.7,7809,703,7106,9.0,0.56,0.54,0.48,416927962,2231345172,3242,11813,1.2,234.3,3.1,2.0,130,108,0,0,0,0,0,0.0,0,0,0,0,0,0
693.6,2026-05-17T18:23:49,0016c001f10c2ef6,9.9,3.5,6.4,0.0,7809,703,7106,9.0,0.59,0.55,0.48,416931981,2231389023,4019,43851,1.2,234.3,3.1,2.0,130,108,0,0,0,0,0,0.0,0,0,0,0,0,0
694.1,2026-05-17T18:23:49,0016c001f10c2ef6,6.5,2.5,4.0,0.0,7809,702,7107,9.0,0.59,0.55,0.48,416935219,2231400836,3238,11813,1.2,234.3,3.1,2.0,130,108,0,0,0,0,0,0.0,0,0,0,0,0,0
694.6,2026-05-17T18:23:50,0016c001f10c2ef6,5.2,1.2,4.0,0.0,7809,702,7107,9.0,0.59,0.55,0.48,416938309,2231412649,3090,11813,1.2,234.3,3.1,2.0,130,108,0,0,0,0,0,0.0,0,0,0,0,0,0
695.0,2026-05-17T18:23:50,0016c001f10c2ef6,6.8,2.3,4.5,0.0,7809,702,7107,9.0,0.59,0.55,0.48,416941495,2231424462,3186,11813,1.2,234.3,3.1,2.0,130,108,0,0,0,0,0,0.0,0,0,0,0,0,0
695.4,2026-05-17T18:23:50,0016c001f10c2ef6,6.8,1.7,5.1,0.0,7809,702,7107,9.0,0.59,0.55,0.48,416944533,2231436275,3038,11813,1.2,234.3,3.1,2.0,130,108,0,0,0,0,0,0.0,0,0,0,0,0,0
695.9,2026-05-17T18:23:51,0016c001f10c2ef6,7.9,2.8,5.1,0.0,7809,702,7107,9.0,0.59,0.55,0.48,416948548,2231480060,4015,43785,1.2,234.2,3.1,2.0,130,108,0,0,0,0,0,0.0,0,0,0,0,0,0
696.3,2026-05-17T18:23:51,0016c001f10c2ef6,7.3,2.8,4.5,0.0,7809,702,7107,9.0,0.59,0.55,0.48,416951786,2231491873,3238,11813,1.2,234.2,3.1,2.0,132,110,2,2,0,0,0,0.0,0,0,0,0,0,0
696.7,2026-05-17T18:23:52,0016c001f10c2ef6,6.8,2.8,4.0,0.0,7809,703,7106,9.0,0.59,0.55,0.48,416954976,2231503686,3190,11813,1.2,234.2,3.1,2.0,132,110,0,0,0,0,0,0.0,0,0,0,0,0,0
697.1,2026-05-17T18:23:52,0016c001f10c2ef6,5.8,1.7,4.1,0.0,7809,703,7106,9.0,0.59,0.55,0.48,416958086,2231515585,3110,11899,1.2,234.2,3.1,2.0,132,110,0,0,0,0,0,0.0,0,0,0,0,0,0
697.6,2026-05-17T18:23:53,0016c001f10c2ef6,6.0,1.5,4.5,0.0,7809,703,7106,9.0,0.59,0.55,0.48,416961837,2231527398,3751,11813,1.2,234.2,3.1,2.0,132,110,0,0,0,0,0,0.0,0,0,0,0,0,0
698.1,2026-05-17T18:23:53,0016c001f10c2ef6,8.8,3.3,4.4,1.1,7809,702,7107,9.0,0.59,0.55,0.48,416965391,2231571183,3554,43785,1.2,234.2,3.1,2.0,132,110,0,0,0,0,0,0.0,0,0,0,0,0,0
698.5,2026-05-17T18:23:54,0016c001f10c2ef6,5.8,1.7,4.1,0.0,7809,703,7106,9.0,0.55,0.54,0.48,416968633,2231582996,3242,11813,1.2,234.2,3.1,2.0,132,110,0,0,0,0,0,0.0,0,0,0,0,0,0
699.0,2026-05-17T18:23:54,0016c001f10c2ef6,10.7,4.4,6.3,0.0,7809,703,7106,9.0,0.55,0.54,0.48,416971719,2231594875,3086,11879,1.2,234.2,3.1,2.0,132,110,0,0,0,0,0,0.0,0,0,0,0,0,0
699.4,2026-05-17T18:23:54,0016c001f10c2ef6,6.5,2.4,4.1,0.0,7809,703,7106,9.0,0.55,0.54,0.48,416974909,2231609522,3190,14647,1.2,234.2,3.1,2.0,132,110,0,0,0,0,0,0.0,0,0,0,0,0,0
699.8,2026-05-17T18:23:55,0016c001f10c2ef6,12.0,4.0,5.7,2.3,7809,703,7106,9.0,0.55,0.54,0.48,416978922,2231653388,4013,43866,1.2,234.0,3.1,2.0,132,110,0,0,0,0,0,0.0,0,0,0,0,0,0
700.3,2026-05-17T18:23:55,0016c001f10c2ef6,7.1,2.2,4.9,0.0,7809,702,7107,9.0,0.55,0.54,0.48,416981956,2231665201,3034,11813,1.2,234.0,3.1,2.0,132,110,0,0,0,0,0,0.0,0,0,0,0,0,0
700.8,2026-05-17T18:23:56,0016c001f10c2ef6,19.4,2.2,17.2,0.0,7809,702,7107,9.0,0.55,0.54,0.48,416985669,2231677963,3713,12762,1.2,234.0,3.1,2.0,132,110,0,0,0,0,0,0.0,0,0,0,0,0,0
701.2,2026-05-17T18:23:56,0016c001f10c2ef6,16.9,1.7,15.2,0.0,7809,703,7106,9.0,0.55,0.54,0.48,416988807,2231689776,3138,11813,1.2,234.0,3.1,2.0,132,110,0,0,0,0,0,0.0,0,0,0,0,0,0
701.7,2026-05-17T18:23:57,0016c001f10c2ef6,20.1,2.8,17.3,0.0,7809,703,7106,9.0,0.55,0.54,0.48,416992354,2231701589,3547,11813,1.2,234.0,3.1,2.0,132,110,0,0,0,0,0,0.0,0,0,0,0,0,0
702.1,2026-05-17T18:23:57,0016c001f10c2ef6,11.0,2.2,8.8,0.0,7809,703,7106,9.0,0.55,0.54,0.48,416995860,2231745455,3506,43866,1.2,234.0,3.1,2.0,132,110,0,0,0,0,0,0.0,0,0,0,0,0,0
702.5,2026-05-17T18:23:58,0016c001f10c2ef6,6.5,3.0,3.6,0.0,7809,703,7106,9.0,0.55,0.54,0.48,416999098,2231757268,3238,11813,1.2,234.0,3.1,2.0,132,110,0,0,0,0,0,0.0,0,0,0,0,0,0
703.0,2026-05-17T18:23:58,0016c001f10c2ef6,5.7,2.3,3.4,0.0,7809,703,7106,9.0,0.55,0.54,0.48,417002188,2231769081,3090,11813,1.2,234.0,3.1,2.0,132,110,0,0,0,0,0,0.0,0,0,0,0,0,0
703.4,2026-05-17T18:23:58,0016c001f10c2ef6,7.6,2.4,4.1,1.2,7809,703,7106,9.0,0.5,0.53,0.48,417005478,2231780894,3290,11813,1.2,234.0,3.1,2.0,132,110,0,0,0,0,0,0.0,0,0,0,0,0,0
703.8,2026-05-17T18:23:59,0016c001f10c2ef6,7.6,1.6,5.9,0.0,7809,703,7106,9.0,0.5,0.53,0.48,417009597,2231824760,4119,43866,1.2,234.0,3.1,2.0,132,110,0,0,0,0,0,0.0,0,0,0,0,0,0
704.3,2026-05-17T18:23:59,0016c001f10c2ef6,10.4,3.6,6.7,0.0,7809,703,7106,9.0,0.5,0.53,0.48,417012839,2231836639,3242,11879,1.2,234.0,3.1,2.0,132,110,0,0,0,0,0,0.0,0,0,0,0,0,0
704.8,2026-05-17T18:24:00,0016c001f10c2ef6,9.4,3.5,5.9,0.0,7809,703,7106,9.0,0.5,0.53,0.48,417016081,2231848518,3242,11879,1.2,234.0,3.1,2.0,132,110,0,0,0,0,0,0.0,0,0,0,0,0,0
705.3,2026-05-17T18:24:00,0016c001f10c2ef6,8.7,2.6,6.2,0.0,7809,703,7106,9.0,0.5,0.53,0.48,417019171,2231860397,3090,11879,1.2,234.0,3.1,2.0,132,110,0,0,0,0,0,0.0,0,0,0,0,0,0
705.7,2026-05-17T18:24:01,0016c001f10c2ef6,6.2,1.7,4.5,0.0,7809,702,7107,9.0,0.5,0.53,0.48,417022309,2231872210,3138,11813,1.2,234.0,3.1,2.0,132,110,0,0,0,0,0,0.0,0,0,0,0,0,0
706.1,2026-05-17T18:24:01,0016c001f10c2ef6,6.5,2.9,3.5,0.0,7809,703,7106,9.0,0.5,0.53,0.48,417026632,2231916076,4323,43866,1.2,234.0,3.1,2.0,132,110,0,0,0,0,0,0.0,0,0,0,0,0,0
706.6,2026-05-17T18:24:02,0016c001f10c2ef6,8.0,2.3,5.7,0.0,7809,703,7106,9.0,0.5,0.53,0.48,417029670,2231927889,3038,11813,1.2,234.0,3.1,2.0,132,110,0,0,0,0,0,0.0,0,0,0,0,0,0
707.0,2026-05-17T18:24:03,0016c001f10c2ef6,5.8,2.3,3.5,0.0,7809,703,7106,9.0,0.5,0.53,0.48,417032856,2231939702,3186,11813,1.2,234.0,3.1,2.0,132,110,0,0,0,0,0,0.0,0,0,0,0,0,0
707.4,2026-05-17T18:24:03,0016c001f10c2ef6,6.9,2.3,4.6,0.0,7809,703,7106,9.0,0.5,0.53,0.48,417036018,2231951593,3162,11891,1.2,234.0,3.1,2.0,132,110,0,0,0,0,0,0.0,0,0,0,0,0,0
707.9,2026-05-17T18:24:04,0016c001f10c2ef6,6.7,2.2,4.5,0.0,7809,703,7106,9.0,0.46,0.52,0.47,417040237,2231995459,4219,43866,1.2,234.0,3.1,2.0,132,110,0,0,0,0,0,0.0,0,0,0,0,0,0
708.3,2026-05-17T18:24:04,0016c001f10c2ef6,7.5,3.4,4.0,0.0,7809,703,7106,9.0,0.46,0.52,0.47,417043275,2232007272,3038,11813,1.2,234.0,3.1,2.0,132,110,0,0,0,0,0,0.0,0,0,0,0,0,0
708.7,2026-05-17T18:24:05,0016c001f10c2ef6,7.6,2.3,4.1,1.2,7809,703,7106,9.0,0.46,0.52,0.47,417046461,2232019085,3186,11813,1.2,234.0,3.1,2.0,132,110,0,0,0,0,0,0.0,0,0,0,0,0,0
709.1,2026-05-17T18:24:05,0016c001f10c2ef6,5.8,1.7,4.0,0.0,7809,703,7106,9.0,0.46,0.52,0.47,417049651,2232030898,3190,11813,1.2,234.0,3.1,2.0,132,110,0,0,0,0,0,0.0,0,0,0,0,0,0
709.6,2026-05-17T18:24:05,0016c001f10c2ef6,6.2,2.3,4.0,0.0,7809,703,7106,9.0,0.46,0.52,0.47,417052689,2232042711,3038,11813,1.2,234.0,3.1,2.0,132,110,0,0,0,0,0,0.0,0,0,0,0,0,0
710.0,2026-05-17T18:24:06,0016c001f10c2ef6,6.9,4.0,2.9,0.0,7809,703,7106,9.0,0.46,0.52,0.47,417056856,2232086577,4167,43866,1.2,234.0,3.1,2.0,132,110,0,0,0,0,0,0.0,0,0,0,0,0,0
710.5,2026-05-17T18:24:06,0016c001f10c2ef6,10.2,3.0,7.1,0.0,7809,703,7106,9.0,0.46,0.52,0.47,417060475,2232098456,3619,11879,1.2,234.0,3.1,2.0,132,110,0,0,0,0,0,0.0,0,0,0,0,0,0
711.0,2026-05-17T18:24:07,0016c001f10c2ef6,9.6,3.6,6.1,0.0,7809,703,7106,9.0,0.46,0.52,0.47,417063613,2232110335,3138,11879,1.2,234.0,3.1,2.0,132,110,0,0,0,0,0,0.0,0,0,0,0,0,0
711.4,2026-05-17T18:24:07,0016c001f10c2ef6,7.3,2.8,4.5,0.0,7809,702,7107,9.0,0.46,0.52,0.47,417066703,2232122148,3090,11813,1.2,234.0,3.1,2.0,132,110,0,0,0,0,0,0.0,0,0,0,0,0,0
711.8,2026-05-17T18:24:08,0016c001f10c2ef6,8.0,2.3,5.7,0.0,7809,702,7107,9.0,0.46,0.52,0.47,417070454,2232133961,3751,11813,1.2,234.0,3.1,2.0,132,110,0,0,0,0,0,0.0,0,0,0,0,0,0
712.3,2026-05-17T18:24:08,0016c001f10c2ef6,19.3,2.3,17.0,0.0,7809,703,7106,9.0,0.46,0.52,0.47,417074060,2232177827,3606,43866,1.2,234.0,3.1,2.0,132,110,0,0,0,0,0,0.0,0,0,0,0,0,0
712.7,2026-05-17T18:24:09,0016c001f10c2ef6,20.7,2.3,18.4,0.0,7809,703,7106,9.0,0.46,0.52,0.47,417077150,2232189640,3090,11813,1.2,234.0,3.1,2.0,132,110,0,0,0,0,0,0.0,0,0,0,0,0,0
713.1,2026-05-17T18:24:09,0016c001f10c2ef6,18.5,1.8,16.7,0.0,7809,702,7107,9.0,0.51,0.53,0.48,417080288,2232201453,3138,11813,1.2,234.0,3.1,2.0,132,110,0,0,0,0,0,0.0,0,0,0,0,0,0
713.6,2026-05-17T18:24:09,0016c001f10c2ef6,11.1,2.3,8.8,0.0,7809,702,7107,9.0,0.51,0.53,0.48,417083374,2232213266,3086,11813,1.2,234.0,3.1,2.0,132,110,0,0,0,0,0,0.0,0,0,0,0,0,0
714.0,2026-05-17T18:24:10,0016c001f10c2ef6,5.3,2.3,2.9,0.0,7809,701,7108,9.0,0.51,0.53,0.48,417087541,2232257132,4167,43866,1.2,234.0,3.1,2.0,132,110,0,0,0,0,0,0.0,0,0,0,0,0,0
714.4,2026-05-17T18:24:10,0016c001f10c2ef6,10.1,4.5,4.5,1.1,7809,701,7108,9.0,0.51,0.53,0.48,417090631,2232268945,3090,11813,1.2,234.0,3.1,2.0,132,110,0,0,0,0,0,0.0,0,0,0,0,0,0
714.8,2026-05-17T18:24:11,0016c001f10c2ef6,10.7,2.8,5.1,2.8,7809,702,7107,9.0,0.51,0.53,0.48,417093845,2232280914,3214,11969,1.2,234.0,3.1,2.0,132,110,0,0,0,0,0,0.0,0,0,0,0,0,0
715.3,2026-05-17T18:24:11,0016c001f10c2ef6,6.3,1.7,4.6,0.0,7809,701,7108,9.0,0.51,0.53,0.48,417097051,2232292805,3206,11891,1.2,234.0,3.1,2.0,132,110,0,0,0,0,0,0.0,0,0,0,0,0,0
715.7,2026-05-17T18:24:12,0016c001f10c2ef6,5.7,1.7,4.0,0.0,7809,701,7108,9.0,0.51,0.53,0.48,417100293,2232304618,3242,11813,1.2,234.0,3.1,2.0,132,110,0,0,0,0,0,0.0,0,0,0,0,0,0
716.2,2026-05-17T18:24:12,0016c001f10c2ef6,9.5,5.0,4.5,0.0,7809,701,7108,9.0,0.51,0.53,0.48,417104312,2232348550,4019,43932,1.2,234.0,3.1,2.0,132,110,0,0,0,0,0,0.0,0,0,0,0,0,0
716.6,2026-05-17T18:24:12,0016c001f10c2ef6,6.5,3.0,3.6,0.0,7809,701,7108,9.0,0.51,0.53,0.48,417107550,2232360363,3238,11813,1.2,234.0,3.1,2.0,132,110,0,0,0,0,0,0.0,0,0,0,0,0,0
717.1,2026-05-17T18:24:13,0016c001f10c2ef6,6.2,2.8,3.4,0.0,7809,702,7107,9.0,0.51,0.53,0.48,417110786,2232374434,3236,14071,1.2,234.0,3.1,2.0,132,110,0,0,0,0,0,0.0,0,0,0,0,0,0
717.5,2026-05-17T18:24:13,0016c001f10c2ef6,10.3,3.4,6.3,0.6,7809,703,7106,9.0,0.51,0.53,0.48,417113872,2232386247,3086,11813,1.2,234.1,3.1,2.0,132,110,0,0,0,0,0,0.0,0,0,0,0,0,0
717.9,2026-05-17T18:24:14,0016c001f10c2ef6,6.3,1.7,4.6,0.0,7809,703,7106,9.0,0.46,0.52,0.47,417117371,2232398060,3499,11813,1.2,234.0,3.1,2.0,132,110,0,0,0,0,0,0.0,0,0,0,0,0,0
718.4,2026-05-17T18:24:14,0016c001f10c2ef6,7.3,2.8,4.5,0.0,7809,703,7106,9.0,0.46,0.52,0.47,417121077,2232441926,3706,43866,1.2,234.0,3.1,2.0,132,110,0,0,0,0,0,0.0,0,0,0,0,0,0
718.8,2026-05-17T18:24:15,0016c001f10c2ef6,5.2,1.7,3.4,0.0,7809,703,7106,9.0,0.46,0.52,0.47,417124115,2232453739,3038,11813,1.2,234.0,3.1,2.0,132,110,0,0,0,0,0,0.0,0,0,0,0,0,0
719.2,2026-05-17T18:24:15,0016c001f10c2ef6,6.3,1.7,4.6,0.0,7809,703,7106,9.0,0.46,0.52,0.47,417127457,2232465552,3342,11813,1.2,234.0,3.1,2.0,132,110,0,0,0,0,0,0.0,0,0,0,0,0,0
719.6,2026-05-17T18:24:16,0016c001f10c2ef6,8.0,2.3,4.6,1.1,7809,703,7106,9.0,0.46,0.52,0.47,417130547,2232477365,3090,11813,1.2,234.0,3.1,2.0,132,110,0,0,0,0,0,0.0,0,0,0,0,0,0
720.1,2026-05-17T18:24:16,0016c001f10c2ef6,6.9,3.4,3.4,0.0,7809,703,7106,9.0,0.46,0.52,0.47,417134614,2232521231,4067,43866,1.2,234.0,3.1,2.0,132,110,0,0,0,0,0,0.0,0,0,0,0,0,0
720.5,2026-05-17T18:24:16,0016c001f10c2ef6,6.4,2.9,3.5,0.0,7809,703,7106,9.0,0.46,0.52,0.47,417138181,2232533044,3567,11813,1.2,234.0,3.1,2.0,132,110,0,0,0,0,0,0.0,0,0,0,0,0,0
720.9,2026-05-17T18:24:17,0016c001f10c2ef6,6.9,2.3,4.6,0.0,7809,703,7106,9.0,0.46,0.52,0.47,417141471,2232544923,3290,11879,1.2,234.0,3.1,2.0,132,110,0,0,0,0,0,0.0,0,0,0,0,0,0
721.4,2026-05-17T18:24:17,0016c001f10c2ef6,10.0,3.0,7.0,0.0,7809,702,7107,9.0,0.46,0.52,0.47,417144713,2232556802,3242,11879,1.2,234.0,3.1,2.0,132,110,0,0,0,0,0,0.0,0,0,0,0,0,0
721.9,2026-05-17T18:24:18,0016c001f10c2ef6,7.7,3.1,4.6,0.0,7809,702,7107,9.0,0.46,0.52,0.47,417147955,2232568747,3242,11945,1.2,234.0,3.1,2.0,132,110,0,0,0,0,0,0.0,0,0,0,0,0,0
722.4,2026-05-17T18:24:18,0016c001f10c2ef6,10.6,5.1,5.6,0.0,7809,703,7106,9.0,0.46,0.52,0.47,417152078,2232612679,4123,43932,1.2,234.0,3.1,2.0,132,110,0,0,0,0,0,0.0,0,0,0,0,0,0
722.8,2026-05-17T18:24:19,0016c001f10c2ef6,5.8,2.9,2.9,0.0,7809,703,7106,9.0,0.43,0.51,0.47,417155368,2232624492,3290,11813,1.2,234.0,3.1,2.0,132,110,0,0,0,0,0,0.0,0,0,0,0,0,0
723.2,2026-05-17T18:24:19,0016c001f10c2ef6,12.2,2.3,4.7,5.2,7809,703,7106,9.0,0.43,0.51,0.47,417158478,2232636383,3110,11891,1.2,234.0,3.1,2.0,132,110,0,0,0,0,0,0.0,0,0,0,0,0,0
723.7,2026-05-17T18:24:20,0016c001f10c2ef6,19.3,3.0,16.3,0.0,7809,703,7106,9.0,0.43,0.51,0.47,417161564,2232648196,3086,11813,1.2,234.0,3.1,2.0,132,110,0,0,0,0,0,0.0,0,0,0,0,0,0
724.1,2026-05-17T18:24:20,0016c001f10c2ef6,18.7,2.3,16.4,0.0,7809,702,7107,9.0,0.43,0.51,0.47,417165683,2232692062,4119,43866,1.2,234.0,3.1,2.0,132,110,0,0,0,0,0,0.0,0,0,0,0,0,0
724.5,2026-05-17T18:24:20,0016c001f10c2ef6,20.0,2.9,17.1,0.0,7809,703,7106,9.0,0.43,0.51,0.47,417168821,2232703875,3138,11813,1.2,234.0,3.1,2.0,132,110,0,0,0,0,0,0.0,0,0,0,0,0,0
724.9,2026-05-17T18:24:21,0016c001f10c2ef6,15.5,3.0,10.7,1.8,7809,703,7106,9.0,0.43,0.51,0.47,417172007,2232715688,3186,11813,1.2,234.0,3.1,2.0,132,110,0,0,0,0,0,0.0,0,0,0,0,0,0
725.4,2026-05-17T18:24:21,0016c001f10c2ef6,7.5,2.9,4.6,0.0,7809,703,7106,9.0,0.43,0.51,0.47,417175097,2232727501,3090,11813,1.2,234.0,3.1,2.0,134,112,2,2,0,0,0,0.0,0,0,0,0,0,0
725.8,2026-05-17T18:24:22,0016c001f10c2ef6,6.9,2.9,3.4,0.6,7809,703,7106,9.0,0.43,0.51,0.47,417178131,2232739314,3034,11813,1.2,234.0,3.1,2.0,134,112,0,0,0,0,0,0.0,0,0,0,0,0,0
726.2,2026-05-17T18:24:22,0016c001f10c2ef6,6.2,2.8,3.4,0.0,7809,703,7106,9.0,0.43,0.51,0.47,417182298,2232783180,4167,43866,1.2,234.0,3.1,2.0,134,112,0,0,0,0,0,0.0,0,0,0,0,0,0
726.7,2026-05-17T18:24:23,0016c001f10c2ef6,7.3,2.8,4.5,0.0,7809,703,7106,9.0,0.43,0.51,0.47,417185488,2232794993,3190,11813,1.2,234.0,3.1,2.0,134,112,0,0,0,0,0,0.0,0,0,0,0,0,0
727.1,2026-05-17T18:24:23,0016c001f10c2ef6,9.2,4.0,4.6,0.6,7809,704,7105,9.0,0.43,0.51,0.47,417188782,2232808611,3294,13618,1.2,234.1,3.1,2.0,134,112,0,0,0,0,0,0.0,0,0,0,0,0,0
727.6,2026-05-17T18:24:23,0016c001f10c2ef6,10.4,3.6,6.2,0.5,7809,704,7105,9.0,0.47,0.52,0.47,417191972,2232820490,3190,11879,1.2,234.1,3.1,2.0,134,112,0,0,0,0,0,0.0,0,0,0,0,0,0
728.1,2026-05-17T18:24:24,0016c001f10c2ef6,10.6,3.5,7.0,0.0,7809,704,7105,9.0,0.47,0.52,0.47,417196033,2232866493,4061,46003,1.2,234.1,3.1,2.0,134,112,0,0,0,0,0,0.0,0,0,0,0,0,0
728.6,2026-05-17T18:24:24,0016c001f10c2ef6,11.0,4.3,6.7,0.0,7809,704,7105,9.0,0.47,0.52,0.47,417199175,2232878372,3142,11879,1.2,234.1,3.1,2.0,134,112,0,0,0,0,0,0.0,0,0,0,0,0,0
729.0,2026-05-17T18:24:25,0016c001f10c2ef6,5.5,2.7,2.7,0.0,7809,703,7106,9.0,0.47,0.52,0.47,417202313,2232890185,3138,11813,1.2,234.1,3.1,2.0,134,112,0,0,0,0,0,0.0,0,0,0,0,0,0
729.5,2026-05-17T18:24:25,0016c001f10c2ef6,6.2,2.2,3.9,0.0,7809,703,7106,9.0,0.47,0.52,0.47,417205451,2232901998,3138,11813,1.2,234.1,3.1,2.0,134,112,0,0,0,0,0,0.0,0,0,0,0,0,0
729.9,2026-05-17T18:24:26,0016c001f10c2ef6,7.1,2.4,4.7,0.0,7809,703,7106,9.0,0.47,0.52,0.47,417208689,2232913811,3238,11813,1.2,234.1,3.1,2.0,134,112,0,0,0,0,0,0.0,0,0,0,0,0,0
730.3,2026-05-17T18:24:26,0016c001f10c2ef6,7.5,2.3,4.0,1.2,7809,703,7106,9.0,0.47,0.52,0.47,417212860,2232957758,4171,43947,1.2,234.1,3.1,2.0,134,112,0,0,0,0,0,0.0,0,0,0,0,0,0
730.7,2026-05-17T18:24:27,0016c001f10c2ef6,8.5,4.5,4.0,0.0,7809,703,7106,9.0,0.47,0.52,0.47,417215998,2232969571,3138,11813,1.2,234.1,3.1,2.0,134,112,0,0,0,0,0,0.0,0,0,0,0,0,0
731.2,2026-05-17T18:24:27,0016c001f10c2ef6,5.7,2.3,3.4,0.0,7809,703,7106,9.0,0.47,0.52,0.47,417219212,2232981462,3214,11891,1.2,234.1,3.1,2.0,134,112,0,0,0,0,0,0.0,0,0,0,0,0,0
731.6,2026-05-17T18:24:27,0016c001f10c2ef6,6.7,1.7,5.1,0.0,7809,703,7106,9.0,0.47,0.52,0.47,417222350,2232993275,3138,11813,1.2,234.1,3.1,2.0,134,112,0,0,0,0,0,0.0,0,0,0,0,0,0
732.0,2026-05-17T18:24:28,0016c001f10c2ef6,5.8,2.3,3.5,0.0,7809,703,7106,9.0,0.47,0.52,0.47,417225436,2233005088,3086,11813,1.2,234.1,3.1,2.0,134,112,0,0,0,0,0,0.0,0,0,0,0,0,0
732.5,2026-05-17T18:24:28,0016c001f10c2ef6,7.0,4.1,2.9,0.0,7809,703,7106,9.0,0.6,0.54,0.48,417229607,2233049035,4171,43947,1.2,234.1,3.1,2.0,134,112,0,0,0,0,0,0.0,0,0,0,0,0,0
732.9,2026-05-17T18:24:29,0016c001f10c2ef6,7.3,2.8,4.5,0.0,7809,703,7106,9.0,0.6,0.54,0.48,417232793,2233060848,3186,11813,1.2,234.2,3.1,2.0,134,112,0,0,0,0,0,0.0,0,0,0,0,0,0
733.3,2026-05-17T18:24:29,0016c001f10c2ef6,9.7,4.0,4.6,1.1,7809,703,7106,9.0,0.6,0.54,0.48,417236035,2233073410,3242,12562,1.2,234.2,3.1,2.0,134,112,0,0,0,0,0,0.0,0,0,0,0,0,0
733.8,2026-05-17T18:24:30,0016c001f10c2ef6,9.3,3.3,6.1,0.0,7809,702,7107,9.0,0.6,0.54,0.48,417239283,2233086978,3248,13568,1.2,234.2,3.1,2.0,134,112,0,0,0,0,0,0.0,0,0,0,0,0,0
734.3,2026-05-17T18:24:30,0016c001f10c2ef6,9.5,3.0,6.5,0.0,7809,702,7107,9.0,0.6,0.54,0.48,417243350,2233130991,4067,44013,1.2,234.2,3.1,2.0,134,112,0,0,0,0,0,0.0,0,0,0,0,0,0
734.8,2026-05-17T18:24:31,0016c001f10c2ef6,9.7,1.6,8.1,0.0,7809,703,7106,9.0,0.6,0.54,0.48,417246284,2233142804,2934,11813,1.2,234.2,3.1,2.0,134,112,0,0,0,0,0,0.0,0,0,0,0,0,0
735.3,2026-05-17T18:24:31,0016c001f10c2ef6,20.1,2.1,18.0,0.0,7809,703,7106,9.0,0.6,0.54,0.48,417249522,2233154617,3238,11813,1.2,234.2,3.1,2.0,134,112,0,0,0,0,0,0.0,0,0,0,0,0,0
735.7,2026-05-17T18:24:32,0016c001f10c2ef6,18.3,1.8,16.0,0.6,7809,703,7106,9.0,0.6,0.54,0.48,417252612,2233166430,3090,11813,1.2,234.2,3.1,2.0,134,112,0,0,0,0,0,0.0,0,0,0,0,0,0
736.1,2026-05-17T18:24:32,0016c001f10c2ef6,21.5,4.5,16.9,0.0,7809,703,7106,9.0,0.6,0.54,0.48,417255874,2233178329,3262,11899,1.2,234.2,3.1,2.0,134,112,0,0,0,0,0,0.0,0,0,0,0,0,0
736.6,2026-05-17T18:24:32,0016c001f10c2ef6,8.7,3.5,5.2,0.0,7809,702,7107,9.0,0.6,0.54,0.48,417259989,2233222276,4115,43947,1.2,234.2,3.1,2.0,134,112,0,0,0,0,0,0.0,0,0,0,0,0,0
737.0,2026-05-17T18:24:33,0016c001f10c2ef6,5.2,1.7,3.5,0.0,7809,702,7107,9.0,0.6,0.54,0.48,417263127,2233234089,3138,11813,1.2,234.2,3.1,2.0,134,112,0,0,0,0,0,0.0,0,0,0,0,0,0
737.4,2026-05-17T18:24:33,0016c001f10c2ef6,6.2,2.3,4.0,0.0,7809,702,7107,9.0,0.55,0.53,0.48,417266381,2233246144,3254,12055,1.2,234.2,3.1,2.0,134,112,0,0,0,0,0,0.0,0,0,0,0,0,0
737.9,2026-05-17T18:24:34,0016c001f10c2ef6,5.0,2.2,2.8,0.0,7809,703,7106,9.0,0.55,0.53,0.48,417269367,2233257957,2986,11813,1.2,234.2,3.1,2.0,134,112,0,0,0,0,0,0.0,0,0,0,0,0,0
738.3,2026-05-17T18:24:34,0016c001f10c2ef6,5.4,2.4,3.0,0.0,7809,704,7105,9.0,0.55,0.53,0.48,417273278,2233301904,3911,43947,1.2,234.3,3.1,2.0,134,112,0,0,0,0,0,0.0,0,0,0,0,0,0
738.8,2026-05-17T18:24:35,0016c001f10c2ef6,6.2,2.3,4.0,0.0,7809,704,7105,9.0,0.55,0.53,0.48,417276364,2233313717,3086,11813,1.2,234.3,3.1,2.0,134,112,0,0,0,0,0,0.0,0,0,0,0,0,0
739.2,2026-05-17T18:24:36,0016c001f10c2ef6,7.2,1.7,5.6,0.0,7809,704,7105,9.0,0.55,0.53,0.48,417279602,2233325530,3238,11813,1.2,234.3,3.1,2.0,134,112,0,0,0,0,0,0.0,0,0,0,0,0,0
739.7,2026-05-17T18:24:36,0016c001f10c2ef6,9.3,3.6,5.7,0.0,7809,704,7105,9.0,0.55,0.53,0.48,417283169,2233337409,3567,11879,1.2,234.3,3.1,2.0,134,112,0,0,0,0,0,0.0,0,0,0,0,0,0
740.1,2026-05-17T18:24:37,0016c001f10c2ef6,9.7,3.1,6.7,0.0,7809,702,7107,9.0,0.55,0.53,0.48,417286359,2233349288,3190,11879,1.2,234.3,3.1,2.0,134,112,0,0,0,0,0,0.0,0,0,0,0,0,0
740.6,2026-05-17T18:24:37,0016c001f10c2ef6,9.5,4.0,5.5,0.0,7809,701,7108,9.0,0.55,0.53,0.48,417290322,2233393301,3963,44013,1.2,234.3,3.1,2.0,134,112,0,0,0,0,0,0.0,0,0,0,0,0,0
741.1,2026-05-17T18:24:38,0016c001f10c2ef6,11.8,3.6,7.2,1.0,7809,703,7106,9.0,0.55,0.53,0.48,417293360,2233405180,3038,11879,1.2,234.3,3.1,2.0,134,112,0,0,0,0,0,0.0,0,0,0,0,0,0
741.6,2026-05-17T18:24:38,0016c001f10c2ef6,6.3,1.7,4.6,0.0,7809,703,7106,9.0,0.55,0.53,0.48,417296498,2233416993,3138,11813,1.2,234.3,3.1,2.0,134,112,0,0,0,0,0,0.0,0,0,0,0,0,0
742.0,2026-05-17T18:24:39,0016c001f10c2ef6,7.8,3.4,4.5,0.0,7809,704,7105,9.0,0.58,0.54,0.48,417299584,2233428806,3086,11813,1.2,234.3,3.1,2.0,134,112,0,0,0,0,0,0.0,0,0,0,0,0,0
742.4,2026-05-17T18:24:39,0016c001f10c2ef6,6.3,2.3,4.0,0.0,7809,703,7106,9.0,0.58,0.54,0.48,417303699,2233472753,4115,43947,1.2,234.3,3.1,2.0,134,112,0,0,0,0,0,0.0,0,0,0,0,0,0
742.8,2026-05-17T18:24:40,0016c001f10c2ef6,6.5,2.4,4.2,0.0,7809,703,7106,9.0,0.58,0.54,0.48,417306837,2233484566,3138,11813,1.2,234.3,3.1,2.0,134,112,0,0,0,0,0,0.0,0,0,0,0,0,0
743.3,2026-05-17T18:24:40,0016c001f10c2ef6,9.3,3.5,5.2,0.6,7809,703,7106,9.0,0.58,0.54,0.48,417309927,2233497445,3090,12879,1.2,234.3,3.1,2.0,134,112,0,0,0,0,0,0.0,0,0,0,0,0,0
743.7,2026-05-17T18:24:40,0016c001f10c2ef6,8.2,3.3,4.4,0.5,7809,703,7106,9.0,0.58,0.54,0.48,417313239,2233511368,3312,13923,1.2,234.3,3.1,2.0,134,112,0,0,0,0,0,0.0,0,0,0,0,0,0
744.2,2026-05-17T18:24:41,0016c001f10c2ef6,5.3,1.1,3.7,0.5,7809,704,7105,9.0,0.58,0.54,0.48,417316325,2233523181,3086,11813,1.2,234.3,3.1,2.0,134,112,0,0,0,0,0,0.0,0,0,0,0,0,0
744.7,2026-05-17T18:24:41,0016c001f10c2ef6,7.4,2.0,5.4,0.0,7809,704,7105,9.0,0.58,0.54,0.48,417320184,2233567128,3859,43947,1.2,234.3,3.1,2.0,134,112,0,0,0,0,0,0.0,0,0,0,0,0,0
745.1,2026-05-17T18:24:42,0016c001f10c2ef6,6.1,2.8,3.3,0.0,7809,703,7106,9.0,0.58,0.54,0.48,417323474,2233578941,3290,11813,1.2,234.1,3.1,2.0,134,112,0,0,0,0,0,0.0,0,0,0,0,0,0
745.6,2026-05-17T18:24:42,0016c001f10c2ef6,4.9,1.6,3.3,0.0,7809,703,7106,9.0,0.58,0.54,0.48,417326560,2233590754,3086,11813,1.2,234.1,3.1,2.0,134,112,0,0,0,0,0,0.0,0,0,0,0,0,0
746.0,2026-05-17T18:24:43,0016c001f10c2ef6,9.2,4.3,4.9,0.0,7809,703,7106,9.0,0.58,0.54,0.48,417329646,2233602633,3086,11879,1.2,234.1,3.1,2.0,134,112,0,0,0,0,0,0.0,0,0,0,0,0,0
746.5,2026-05-17T18:24:43,0016c001f10c2ef6,16.6,3.3,12.2,1.1,7809,703,7106,9.0,0.58,0.54,0.48,417333477,2233646658,3831,44025,1.2,234.1,3.1,2.0,134,112,0,0,0,0,0,0.0,0,0,0,0,0,0
746.9,2026-05-17T18:24:44,0016c001f10c2ef6,19.5,3.0,16.5,0.0,7809,703,7106,9.0,0.62,0.55,0.49,417336511,2233658471,3034,11813,1.2,234.1,3.1,2.0,134,112,0,0,0,0,0,0.0,0,0,0,0,0,0
747.3,2026-05-17T18:24:44,0016c001f10c2ef6,19.9,2.8,17.0,0.0,7809,703,7106,9.0,0.62,0.55,0.49,417339649,2233670284,3138,11813,1.2,234.1,3.1,2.0,134,112,0,0,0,0,0,0.0,0,0,0,0,0,0
747.8,2026-05-17T18:24:44,0016c001f10c2ef6,16.1,3.0,13.1,0.0,7809,703,7106,9.0,0.62,0.55,0.49,417342683,2233682097,3034,11813,1.2,234.1,3.1,2.0,134,112,0,0,0,0,0,0.0,0,0,0,0,0,0
748.2,2026-05-17T18:24:45,0016c001f10c2ef6,6.4,1.8,4.7,0.0,7809,703,7106,9.0,0.62,0.55,0.49,417345829,2233694020,3146,11923,1.2,234.1,3.1,2.0,134,112,0,0,0,0,0,0.0,0,0,0,0,0,0
748.6,2026-05-17T18:24:45,0016c001f10c2ef6,7.5,2.3,5.2,0.0,7809,703,7106,9.0,0.62,0.55,0.49,417349948,2233737967,4119,43947,1.2,234.1,3.1,2.0,134,112,0,0,0,0,0,0.0,0,0,0,0,0,0
749.0,2026-05-17T18:24:46,0016c001f10c2ef6,6.3,2.3,4.0,0.0,7809,703,7106,9.0,0.62,0.55,0.49,417353098,2233750022,3150,12055,1.2,234.1,3.1,2.0,134,112,0,0,0,0,0,0.0,0,0,0,0,0,0
749.5,2026-05-17T18:24:46,0016c001f10c2ef6,5.3,2.1,3.2,0.0,7809,703,7106,9.0,0.62,0.55,0.49,417356613,2233761835,3515,11813,1.2,234.1,3.1,2.0,134,112,0,0,0,0,0,0.0,0,0,0,0,0,0
749.9,2026-05-17T18:24:47,0016c001f10c2ef6,9.8,4.6,4.6,0.6,7809,703,7106,9.0,0.62,0.55,0.49,417359855,2233774331,3242,12496,1.2,234.0,3.1,2.0,134,112,0,0,0,0,0,0.0,0,0,0,0,0,0
750.4,2026-05-17T18:24:47,0016c001f10c2ef6,4.6,2.3,2.3,0.0,7809,702,7107,9.0,0.62,0.55,0.49,417362887,2233787719,3032,13388,1.2,234.0,3.1,2.0,134,112,0,0,0,0,0,0.0,0,0,0,0,0,0
750.8,2026-05-17T18:24:48,0016c001f10c2ef6,6.6,2.2,3.8,0.5,7809,703,7106,9.0,0.62,0.55,0.49,417366850,2233831666,3963,43947,1.2,234.0,3.1,2.0,134,112,0,0,0,0,0,0.0,0,0,0,0,0,0
751.3,2026-05-17T18:24:48,0016c001f10c2ef6,6.3,2.1,4.2,0.0,7809,704,7105,9.0,0.62,0.55,0.49,417369984,2233843545,3134,11879,1.2,234.0,3.1,2.0,134,112,0,0,0,0,0,0.0,0,0,0,0,0,0
751.8,2026-05-17T18:24:48,0016c001f10c2ef6,11.1,4.3,5.8,1.0,7809,703,7106,9.0,0.57,0.54,0.48,417373122,2233855424,3138,11879,1.2,234.0,3.1,2.0,134,112,0,0,0,0,0,0.0,0,0,0,0,0,0
752.3,2026-05-17T18:24:49,0016c001f10c2ef6,9.9,4.5,5.4,0.0,7809,704,7105,9.0,0.57,0.54,0.48,417376260,2233867303,3138,11879,1.2,234.0,3.1,2.0,134,112,0,0,0,0,0,0.0,0,0,0,0,0,0
752.8,2026-05-17T18:24:49,0016c001f10c2ef6,11.1,4.5,6.5,0.0,7809,703,7106,9.0,0.57,0.54,0.48,417380119,2233911316,3859,44013,1.2,234.0,3.1,2.0,134,112,0,0,0,0,0,0.0,0,0,0,0,0,0
753.3,2026-05-17T18:24:50,0016c001f10c2ef6,9.9,3.4,6.4,0.0,7809,702,7107,9.0,0.57,0.54,0.48,417383257,2233923195,3138,11879,1.2,234.0,3.1,2.0,134,112,0,0,0,0,0,0.0,0,0,0,0,0,0
753.8,2026-05-17T18:24:51,0016c001f10c2ef6,11.4,4.2,7.2,0.0,7809,702,7107,9.0,0.57,0.54,0.48,417386395,2233935074,3138,11879,1.2,234.0,3.1,2.0,134,112,0,0,0,0,0,0.0,0,0,0,0,0,0
754.3,2026-05-17T18:24:51,0016c001f10c2ef6,5.1,1.1,4.0,0.0,7809,702,7107,9.0,0.57,0.54,0.48,417389499,2233947826,3104,12752,1.2,234.0,3.1,2.0,134,112,0,0,0,0,0,0.0,0,0,0,0,0,0
754.7,2026-05-17T18:24:51,0016c001f10c2ef6,9.3,3.3,6.0,0.0,7809,702,7107,9.0,0.57,0.54,0.48,417393462,2233991773,3963,43947,1.2,234.0,3.1,2.0,139,116,5,4,0,0,0,0.0,0,0,0,0,0,0
755.2,2026-05-17T18:24:52,0016c001f10c2ef6,7.6,2.5,4.6,0.5,7809,703,7106,9.0,0.57,0.54,0.48,417396496,2234003586,3034,11813,1.2,234.0,3.1,2.0,139,116,0,0,0,0,0,0.0,0,0,0,0,0,0
755.6,2026-05-17T18:24:52,0016c001f10c2ef6,6.0,1.1,4.9,0.0,7809,704,7105,9.0,0.57,0.54,0.48,417399530,2234015399,3034,11813,1.2,234.0,3.1,2.0,139,116,0,0,0,0,0,0.0,0,0,0,0,0,0
756.1,2026-05-17T18:24:53,0016c001f10c2ef6,5.5,1.7,3.9,0.0,7809,703,7106,9.0,0.57,0.54,0.48,417402616,2234027212,3086,11813,1.2,234.0,3.1,2.0,139,116,0,0,0,0,0,0.0,0,0,0,0,0,0
756.5,2026-05-17T18:24:53,0016c001f10c2ef6,6.4,2.9,3.5,0.0,7809,703,7106,9.0,0.57,0.54,0.48,417405754,2234039025,3138,11813,1.2,234.0,3.1,2.0,139,116,0,0,0,0,0,0.0,0,0,0,0,0,0
756.9,2026-05-17T18:24:54,0016c001f10c2ef6,7.5,2.9,4.6,0.0,7809,703,7106,9.0,0.52,0.53,0.48,417409869,2234082972,4115,43947,1.2,234.0,3.1,2.0,139,116,0,0,0,0,0,0.0,0,0,0,0,0,0
757.4,2026-05-17T18:24:54,0016c001f10c2ef6,6.8,2.3,4.0,0.6,7809,704,7105,9.0,0.52,0.53,0.48,417412955,2234094785,3086,11813,1.2,234.0,3.1,2.0,139,116,0,0,0,0,0,0.0,0,0,0,0,0,0
757.8,2026-05-17T18:24:55,0016c001f10c2ef6,10.8,2.3,8.5,0.0,7809,704,7105,9.0,0.52,0.53,0.48,417416157,2234106840,3202,12055,1.2,234.0,3.1,2.0,139,116,0,0,0,0,0,0.0,0,0,0,0,0,0
758.2,2026-05-17T18:24:55,0016c001f10c2ef6,19.5,3.0,16.6,0.0,7809,703,7106,9.0,0.52,0.53,0.48,417419195,2234118653,3038,11813,1.2,234.0,3.1,2.0,139,116,0,0,0,0,0,0.0,0,0,0,0,0,0
758.7,2026-05-17T18:24:55,0016c001f10c2ef6,20.5,2.9,17.5,0.0,7809,703,7106,9.0,0.52,0.53,0.48,417423362,2234162600,4167,43947,1.2,233.9,3.1,2.0,139,116,0,0,0,0,0,0.0,0,0,0,0,0,0
759.1,2026-05-17T18:24:56,0016c001f10c2ef6,22.5,3.4,18.0,1.1,7809,703,7106,9.0,0.52,0.53,0.48,417426550,2234176682,3188,14082,1.2,233.9,3.1,2.0,139,116,0,0,0,0,0,0.0,0,0,0,0,0,0
759.6,2026-05-17T18:24:56,0016c001f10c2ef6,8.3,2.8,5.6,0.0,7809,704,7105,9.0,0.52,0.53,0.48,417430269,2234188495,3719,11813,1.2,233.9,3.1,2.0,139,116,0,0,0,0,0,0.0,0,0,0,0,0,0
760.0,2026-05-17T18:24:57,0016c001f10c2ef6,8.0,1.7,5.7,0.6,7809,704,7105,9.0,0.52,0.53,0.48,417433401,2234202573,3132,14078,1.2,234.0,3.1,2.0,139,116,0,0,0,0,0,0.0,0,0,0,0,0,0
760.4,2026-05-17T18:24:57,0016c001f10c2ef6,5.4,1.1,4.3,0.0,7809,704,7105,9.0,0.52,0.53,0.48,417436387,2234214386,2986,11813,1.2,234.0,3.1,2.0,139,116,0,0,0,0,0,0.0,0,0,0,0,0,0
760.9,2026-05-17T18:24:58,0016c001f10c2ef6,6.5,2.2,4.3,0.0,7809,703,7106,9.0,0.52,0.53,0.48,417440346,2234258333,3959,43947,1.2,234.0,3.1,2.0,139,116,0,0,0,0,0,0.0,0,0,0,0,0,0
761.3,2026-05-17T18:24:58,0016c001f10c2ef6,5.9,2.2,3.8,0.0,7809,703,7106,9.0,0.52,0.53,0.48,417443384,2234270146,3038,11813,1.2,234.0,3.1,2.0,139,116,0,0,0,0,0,0.0,0,0,0,0,0,0
761.8,2026-05-17T18:24:58,0016c001f10c2ef6,5.6,2.2,3.3,0.0,7809,704,7105,9.0,0.48,0.52,0.48,417446470,2234281959,3086,11813,1.2,234.0,3.1,2.0,139,116,0,0,0,0,0,0.0,0,0,0,0,0,0
762.3,2026-05-17T18:24:59,0016c001f10c2ef6,7.7,2.6,4.1,1.0,7809,703,7106,9.0,0.48,0.52,0.48,417449628,2234293850,3158,11891,1.2,234.0,3.1,2.0,139,116,0,0,0,0,0,0.0,0,0,0,0,0,0
762.7,2026-05-17T18:24:59,0016c001f10c2ef6,6.2,3.4,2.8,0.0,7809,703,7106,9.0,0.48,0.52,0.48,417453743,2234337797,4115,43947,1.2,234.0,3.1,2.0,139,116,0,0,0,0,0,0.0,0,0,0,0,0,0
763.1,2026-05-17T18:25:00,0016c001f10c2ef6,8.6,4.0,4.6,0.0,7809,703,7106,9.0,0.48,0.52,0.48,417456781,2234349610,3038,11813,1.2,234.0,3.1,2.0,139,116,0,0,0,0,0,0.0,0,0,0,0,0,0
763.6,2026-05-17T18:25:00,0016c001f10c2ef6,7.3,2.2,5.1,0.0,7809,703,7106,9.0,0.48,0.52,0.48,417460019,2234361423,3238,11813,1.2,234.0,3.1,2.0,139,116,0,0,0,0,0,0.0,0,0,0,0,0,0
764.1,2026-05-17T18:25:01,0016c001f10c2ef6,10.3,3.9,6.4,0.0,7809,703,7106,9.0,0.48,0.52,0.48,417463005,2234373302,2986,11879,1.2,234.0,3.1,2.0,139,116,0,0,0,0,0,0.0,0,0,0,0,0,0
764.5,2026-05-17T18:25:01,0016c001f10c2ef6,6.0,1.6,4.4,0.0,7809,703,7106,9.0,0.48,0.52,0.48,417466255,2234385343,3250,12041,1.2,234.0,3.1,2.0,139,116,0,0,0,0,0,0.0,0,0,0,0,0,0
764.9,2026-05-17T18:25:02,0016c001f10c2ef6,6.0,3.0,3.0,0.0,7809,703,7106,9.0,0.48,0.52,0.48,417470170,2234429290,3915,43947,1.2,234.0,3.1,2.0,139,116,0,0,0,0,0,0.0,0,0,0,0,0,0
765.3,2026-05-17T18:25:02,0016c001f10c2ef6,5.8,2.3,3.5,0.0,7809,703,7106,9.0,0.48,0.52,0.48,417473412,2234441103,3242,11813,1.2,234.0,3.1,2.0,139,116,0,0,0,0,0,0.0,0,0,0,0,0,0
765.8,2026-05-17T18:25:02,0016c001f10c2ef6,5.7,2.3,3.4,0.0,7809,703,7106,9.0,0.48,0.52,0.48,417476602,2234452916,3190,11813,1.2,234.0,3.1,2.0,139,116,0,0,0,0,0,0.0,0,0,0,0,0,0
766.2,2026-05-17T18:25:03,0016c001f10c2ef6,6.1,1.1,5.0,0.0,7809,703,7106,9.0,0.48,0.52,0.48,417479840,2234464729,3238,11813,1.2,234.0,3.1,2.0,139,116,0,0,0,0,0,0.0,0,0,0,0,0,0
766.6,2026-05-17T18:25:03,0016c001f10c2ef6,6.8,2.3,4.5,0.0,7809,703,7106,9.0,0.44,0.51,0.47,417483439,2234476542,3599,11813,1.2,234.0,3.1,2.0,139,116,0,0,0,0,0,0.0,0,0,0,0,0,0
767.1,2026-05-17T18:25:04,0016c001f10c2ef6,6.3,2.3,4.0,0.0,7809,702,7107,9.0,0.44,0.51,0.47,417486893,2234520489,3454,43947,1.2,234.1,3.1,2.0,139,116,0,0,0,0,0,0.0,0,0,0,0,0,0
767.5,2026-05-17T18:25:04,0016c001f10c2ef6,8.4,3.4,5.0,0.0,7809,702,7107,9.0,0.44,0.51,0.47,417490183,2234532302,3290,11813,1.2,234.1,3.1,2.0,139,116,0,0,0,0,0,0.0,0,0,0,0,0,0
767.9,2026-05-17T18:25:05,0016c001f10c2ef6,5.7,1.7,3.4,0.6,7809,703,7106,9.0,0.44,0.51,0.47,417493269,2234544115,3086,11813,1.2,234.1,3.1,2.0,139,116,0,0,0,0,0,0.0,0,0,0,0,0,0
768.4,2026-05-17T18:25:05,0016c001f10c2ef6,5.9,2.4,3.6,0.0,7809,702,7107,9.0,0.44,0.51,0.47,417496511,2234555928,3242,11813,1.2,234.1,3.1,2.0,139,116,0,0,0,0,0,0.0,0,0,0,0,0,0
768.8,2026-05-17T18:25:06,0016c001f10c2ef6,8.6,2.9,4.6,1.1,7809,703,7106,9.0,0.44,0.51,0.47,417500734,2234601986,4223,46058,1.2,234.1,3.1,2.0,139,116,0,0,0,0,0,0.0,0,0,0,0,0,0
769.3,2026-05-17T18:25:06,0016c001f10c2ef6,17.9,5.5,11.4,1.0,7809,703,7106,9.0,0.44,0.51,0.47,417504415,2234614107,3681,12121,1.2,234.1,3.1,2.0,139,116,0,0,0,0,0,0.0,0,0,0,0,0,0
769.8,2026-05-17T18:25:06,0016c001f10c2ef6,19.0,2.1,16.9,0.0,7809,704,7105,9.0,0.44,0.51,0.47,417507573,2234626943,3158,12836,1.2,234.1,3.1,2.0,139,116,0,0,0,0,0,0.0,0,0,0,0,0,0
770.2,2026-05-17T18:25:07,0016c001f10c2ef6,19.5,1.7,17.8,0.0,7809,703,7106,9.0,0.44,0.51,0.47,417510869,2234638866,3296,11923,1.2,234.1,3.1,2.0,139,116,0,0,0,0,0,0.0,0,0,0,0,0,0
770.7,2026-05-17T18:25:07,0016c001f10c2ef6,17.1,2.1,15.0,0.0,7809,704,7105,9.0,0.44,0.51,0.47,417513855,2234650679,2986,11813,1.2,234.1,3.1,2.0,139,116,0,0,0,0,0,0.0,0,0,0,0,0,0
771.1,2026-05-17T18:25:09,0016c001f10c2ef6,7.6,2.2,5.4,0.0,7809,704,7105,9.0,0.44,0.51,0.47,417517766,2234694651,3911,43972,1.2,234.1,3.1,2.0,139,116,0,0,0,0,0,0.0,0,0,0,0,0,0
771.6,2026-05-17T18:25:09,0016c001f10c2ef6,5.3,1.6,3.7,0.0,7809,704,7105,9.0,0.49,0.52,0.48,417520904,2234706464,3138,11813,1.2,234.1,3.1,2.0,139,116,0,0,0,0,0,0.0,0,0,0,0,0,0
772.0,2026-05-17T18:25:10,0016c001f10c2ef6,5.7,1.7,4.0,0.0,7809,704,7105,9.0,0.49,0.52,0.48,417524038,2234718277,3134,11813,1.2,234.1,3.1,2.0,139,116,0,0,0,0,0,0.0,0,0,0,0,0,0
772.5,2026-05-17T18:25:10,0016c001f10c2ef6,6.2,1.7,4.5,0.0,7809,704,7105,9.0,0.49,0.52,0.48,417527024,2234730090,2986,11813,1.2,234.1,3.1,2.0,139,116,0,0,0,0,0,0.0,0,0,0,0,0,0
772.9,2026-05-17T18:25:10,0016c001f10c2ef6,6.2,2.8,3.4,0.0,7809,704,7105,9.0,0.49,0.52,0.48,417530935,2234774062,3911,43972,1.2,234.1,3.1,2.0,139,116,0,0,0,0,0,0.0,0,0,0,0,0,0
773.3,2026-05-17T18:25:11,0016c001f10c2ef6,8.3,2.4,5.3,0.6,7809,703,7106,9.0,0.49,0.52,0.48,417534301,2234786031,3366,11969,1.2,234.1,3.1,2.0,139,116,0,0,0,0,0,0.0,0,0,0,0,0,0
773.8,2026-05-17T18:25:11,0016c001f10c2ef6,5.2,2.3,2.9,0.0,7809,703,7106,9.0,0.49,0.52,0.48,417537387,2234797844,3086,11813,1.2,234.1,3.1,2.0,139,116,0,0,0,0,0,0.0,0,0,0,0,0,0
774.2,2026-05-17T18:25:12,0016c001f10c2ef6,12.4,3.5,4.7,4.1,7809,703,7106,9.0,0.49,0.52,0.48,417540473,2234809657,3086,11813,1.2,234.1,3.1,2.0,139,116,0,0,0,0,0,0.0,0,0,0,0,0,0
774.7,2026-05-17T18:25:12,0016c001f10c2ef6,8.4,3.1,5.2,0.0,7809,703,7106,9.0,0.49,0.52,0.48,417543459,2234821622,2986,11965,1.2,234.1,3.1,2.0,139,116,0,0,0,0,0,0.0,0,0,0,0,0,0
775.1,2026-05-17T18:25:13,0016c001f10c2ef6,7.6,2.4,5.3,0.0,7809,703,7106,9.0,0.49,0.52,0.48,417547750,2234865594,4291,43972,1.2,234.1,3.1,2.0,139,116,0,0,0,0,0,0.0,0,0,0,0,0,0
775.5,2026-05-17T18:25:13,0016c001f10c2ef6,7.4,4.0,3.4,0.0,7809,703,7106,9.0,0.49,0.52,0.48,417550940,2234877407,3190,11813,1.2,234.1,3.1,2.0,139,116,0,0,0,0,0,0.0,0,0,0,0,0,0
775.9,2026-05-17T18:25:13,0016c001f10c2ef6,5.7,2.3,3.4,0.0,7809,704,7105,9.0,0.49,0.52,0.48,417553926,2234889220,2986,11813,1.2,234.1,3.1,2.0,139,116,0,0,0,0,0,0.0,0,0,0,0,0,0
776.4,2026-05-17T18:25:14,0016c001f10c2ef6,6.3,2.3,4.0,0.0,7809,704,7105,9.0,0.45,0.51,0.47,417557216,2234901033,3290,11813,1.2,234.1,3.1,2.0,139,116,0,0,0,0,0,0.0,0,0,0,0,0,0
776.8,2026-05-17T18:25:14,0016c001f10c2ef6,5.8,1.8,4.1,0.0,7809,703,7106,9.0,0.45,0.51,0.47,417560406,2234912846,3190,11813,1.2,234.1,3.1,2.0,139,116,0,0,0,0,0,0.0,0,0,0,0,0,0
777.2,2026-05-17T18:25:15,0016c001f10c2ef6,8.5,3.4,5.1,0.0,7809,703,7106,9.0,0.45,0.51,0.47,417564369,2234956818,3963,43972,1.2,234.1,3.1,2.0,139,116,0,0,0,0,0,0.0,0,0,0,0,0,0
777.6,2026-05-17T18:25:15,0016c001f10c2ef6,5.8,1.7,4.1,0.0,7809,703,7106,9.0,0.45,0.51,0.47,417567559,2234968631,3190,11813,1.2,234.1,3.1,2.0,139,116,0,0,0,0,0,0.0,0,0,0,0,0,0
778.1,2026-05-17T18:25:16,0016c001f10c2ef6,6.4,2.3,4.1,0.0,7809,702,7107,9.0,0.45,0.51,0.47,417570545,2234980444,2986,11813,1.2,234.1,3.1,2.0,139,116,0,0,0,0,0,0.0,0,0,0,0,0,0
778.5,2026-05-17T18:25:16,0016c001f10c2ef6,5.2,1.7,3.5,0.0,7809,702,7107,9.0,0.45,0.51,0.47,417573795,2234992499,3250,12055,1.2,234.1,3.1,2.0,139,116,0,0,0,0,0,0.0,0,0,0,0,0,0
778.9,2026-05-17T18:25:17,0016c001f10c2ef6,5.2,2.1,3.1,0.0,7809,702,7107,9.0,0.45,0.51,0.47,417578187,2235036471,4392,43972,1.2,234.1,3.1,2.0,139,116,0,0,0,0,0,0.0,0,0,0,0,0,0
779.4,2026-05-17T18:25:17,0016c001f10c2ef6,7.9,3.0,3.9,1.0,7809,702,7107,9.0,0.45,0.51,0.47,417581273,2235048284,3086,11813,1.2,234.1,3.1,2.0,139,116,0,0,0,0,0,0.0,0,0,0,0,0,0
780.0,2026-05-17T18:25:18,0016c001f10c2ef6,8.6,2.9,5.7,0.0,7809,702,7107,9.0,0.45,0.51,0.47,417584423,2235060405,3150,12121,1.2,234.1,3.1,2.0,139,116,0,0,0,0,0,0.0,0,0,0,0,0,0
780.5,2026-05-17T18:25:18,0016c001f10c2ef6,5.2,2.1,3.1,0.0,7809,703,7106,9.0,0.45,0.51,0.47,417587561,2235072218,3138,11813,1.2,234.1,3.1,2.0,139,116,0,0,0,0,0,0.0,0,0,0,0,0,0
780.9,2026-05-17T18:25:18,0016c001f10c2ef6,14.1,2.2,12.0,0.0,7809,703,7106,9.0,0.65,0.55,0.49,417591476,2235116190,3915,43972,1.2,234.2,3.1,2.0,139,116,0,0,0,0,0,0.0,0,0,0,0,0,0
781.5,2026-05-17T18:25:19,0016c001f10c2ef6,19.7,4.0,15.7,0.0,7809,703,7106,9.0,0.65,0.55,0.49,417594714,2235128003,3238,11813,1.2,234.2,3.1,2.0,139,116,0,0,0,0,0,0.0,0,0,0,0,0,0
782.0,2026-05-17T18:25:20,0016c001f10c2ef6,21.1,4.4,16.7,0.0,7809,703,7106,9.0,0.65,0.55,0.49,417597968,2235140757,3254,12754,1.2,234.2,3.1,2.0,139,116,0,0,0,0,0,0.0,0,0,0,0,0,0
782.5,2026-05-17T18:25:20,0016c001f10c2ef6,7.1,1.3,5.8,0.0,7809,702,7107,9.0,0.65,0.55,0.49,417601152,2235154157,3184,13400,1.2,234.2,3.1,2.0,139,116,0,0,0,0,0,0.0,0,0,0,0,0,0
783.1,2026-05-17T18:25:21,0016c001f10c2ef6,5.6,1.9,3.7,0.0,7809,703,7106,9.0,0.65,0.55,0.49,417605219,2235198129,4067,43972,1.2,234.2,3.1,2.0,139,116,0,0,0,0,0,0.0,0,0,0,0,0,0
783.6,2026-05-17T18:25:21,0016c001f10c2ef6,5.7,2.4,3.3,0.0,7809,703,7106,9.0,0.65,0.55,0.49,417608381,2235210492,3162,12363,1.2,234.2,3.1,2.0,143,120,4,4,0,0,0,0.0,0,0,0,0,0,0
784.2,2026-05-17T18:25:22,0016c001f10c2ef6,4.8,1.5,2.6,0.7,7809,703,7106,9.0,0.65,0.55,0.49,417611535,2235223486,3154,12994,1.2,234.2,3.1,2.0,143,120,0,0,0,0,0,0.0,0,0,0,0,0,0
784.8,2026-05-17T18:25:22,0016c001f10c2ef6,7.8,2.3,4.6,0.9,7809,703,7106,9.0,0.65,0.55,0.49,417614849,2235235783,3314,12297,1.2,234.1,3.1,2.0,143,120,0,0,0,0,0,0.0,0,0,0,0,0,0
785.4,2026-05-17T18:25:23,0016c001f10c2ef6,9.2,4.0,5.1,0.0,7809,702,7107,9.0,0.65,0.55,0.49,417618888,2235279899,4039,44116,1.2,234.1,3.1,2.0,143,120,0,0,0,0,0,0.0,0,0,0,0,0,0
786.0,2026-05-17T18:25:24,0016c001f10c2ef6,4.3,1.9,2.4,0.0,7809,702,7107,9.0,0.68,0.56,0.49,417622086,2235291954,3198,12055,1.2,234.1,3.1,2.0,143,120,0,0,0,0,0,0.0,0,0,0,0,0,0
786.6,2026-05-17T18:25:24,0016c001f10c2ef6,4.6,1.7,3.0,0.0,7809,702,7107,9.0,0.68,0.56,0.49,417625124,2235303767,3038,11813,1.2,234.1,3.1,2.0,143,120,0,0,0,0,0,0.0,0,0,0,0,0,0
787.0,2026-05-17T18:25:25,0016c001f10c2ef6,7.5,1.7,5.7,0.0,7809,702,7107,9.0,0.68,0.56,0.49,417628723,2235330472,3599,26705,1.2,234.1,3.1,2.0,143,120,0,0,0,0,0,0.0,0,0,0,0,0,0
787.4,2026-05-17T18:25:25,0016c001f10c2ef6,5.8,2.3,3.5,0.0,7809,704,7105,9.0,0.68,0.56,0.49,417632429,2235359552,3706,29080,1.2,234.1,3.1,2.0,143,120,0,0,0,0,0,0.0,0,0,0,0,0,0
787.8,2026-05-17T18:25:25,0016c001f10c2ef6,5.9,1.8,4.1,0.0,7809,703,7106,9.0,0.68,0.56,0.49,417635467,2235371365,3038,11813,1.2,234.1,3.1,2.0,143,120,0,0,0,0,0,0.0,0,0,0,0,0,0
788.3,2026-05-17T18:25:26,0016c001f10c2ef6,6.2,2.8,3.4,0.0,7809,703,7106,9.0,0.68,0.56,0.49,417638657,2235383178,3190,11813,1.2,234.1,3.1,2.0,143,120,0,0,0,0,0,0.0,0,0,0,0,0,0
788.7,2026-05-17T18:25:26,0016c001f10c2ef6,6.3,2.3,4.0,0.0,7809,703,7106,9.0,0.68,0.56,0.49,417642120,2235394991,3463,11813,1.2,234.1,3.1,2.0,143,120,0,0,0,0,0,0.0,0,0,0,0,0,0
789.1,2026-05-17T18:25:27,0016c001f10c2ef6,6.4,2.9,3.5,0.0,7809,703,7106,9.0,0.68,0.56,0.49,417646239,2235438963,4119,43972,1.2,234.1,3.1,2.0,143,120,0,0,0,0,0,0.0,0,0,0,0,0,0
789.5,2026-05-17T18:25:27,0016c001f10c2ef6,7.1,2.4,4.7,0.0,7809,703,7106,9.0,0.68,0.56,0.49,417649425,2235450776,3186,11813,1.2,234.1,3.1,2.0,143,120,0,0,0,0,0,0.0,0,0,0,0,0,0
790.0,2026-05-17T18:25:28,0016c001f10c2ef6,6.2,2.3,4.0,0.0,7809,703,7106,9.0,0.68,0.56,0.49,417652563,2235462589,3138,11813,1.2,234.1,3.1,2.0,143,120,0,0,0,0,0,0.0,0,0,0,0,0,0
790.4,2026-05-17T18:25:28,0016c001f10c2ef6,9.3,4.1,5.2,0.0,7809,703,7106,9.0,0.68,0.56,0.49,417655701,2235474468,3138,11879,1.2,234.1,3.1,2.0,143,120,0,0,0,0,0,0.0,0,0,0,0,0,0
790.9,2026-05-17T18:25:28,0016c001f10c2ef6,10.8,3.6,7.2,0.0,7809,703,7106,9.0,0.63,0.55,0.49,417658839,2235486347,3138,11879,1.2,234.1,3.1,2.0,143,120,0,0,0,0,0,0.0,0,0,0,0,0,0
791.4,2026-05-17T18:25:29,0016c001f10c2ef6,10.3,3.6,6.7,0.0,7809,703,7106,9.0,0.63,0.55,0.49,417662958,2235530385,4119,44038,1.2,234.1,3.1,2.0,143,120,0,0,0,0,0,0.0,0,0,0,0,0,0
791.9,2026-05-17T18:25:29,0016c001f10c2ef6,11.7,3.6,7.6,0.5,7809,703,7106,9.0,0.63,0.55,0.49,417666048,2235542947,3090,12562,1.2,234.1,3.1,2.0,143,120,0,0,0,0,0,0.0,0,0,0,0,0,0
792.3,2026-05-17T18:25:30,0016c001f10c2ef6,14.8,3.0,11.8,0.0,7809,702,7107,9.0,0.63,0.55,0.49,417669128,2235556350,3080,13403,1.2,234.1,3.1,2.0,143,120,0,0,0,0,0,0.0,0,0,0,0,0,0
792.7,2026-05-17T18:25:30,0016c001f10c2ef6,20.0,1.8,17.6,0.6,7809,703,7106,9.0,0.63,0.55,0.49,417672262,2235568163,3134,11813,1.2,234.1,3.1,2.0,143,120,0,0,0,0,0,0.0,0,0,0,0,0,0
793.1,2026-05-17T18:25:31,0016c001f10c2ef6,20.1,3.4,16.8,0.0,7809,703,7106,9.0,0.63,0.55,0.49,417676093,2235612213,3831,44050,1.2,233.9,3.1,2.0,143,120,0,0,0,0,0,0.0,0,0,0,0,0,0
793.6,2026-05-17T18:25:31,0016c001f10c2ef6,19.5,2.3,17.2,0.0,7809,704,7105,9.0,0.63,0.55,0.49,417679227,2235624026,3134,11813,1.2,233.9,3.1,2.0,143,120,0,0,0,0,0,0.0,0,0,0,0,0,0
794.0,2026-05-17T18:25:32,0016c001f10c2ef6,6.4,1.8,4.7,0.0,7809,703,7106,9.0,0.63,0.55,0.49,417682365,2235635839,3138,11813,1.2,233.9,3.1,2.0,143,120,0,0,0,0,0,0.0,0,0,0,0,0,0
794.4,2026-05-17T18:25:32,0016c001f10c2ef6,5.2,1.2,4.0,0.0,7809,703,7106,9.0,0.63,0.55,0.49,417685451,2235647652,3086,11813,1.2,233.9,3.1,2.0,143,120,0,0,0,0,0,0.0,0,0,0,0,0,0
794.9,2026-05-17T18:25:32,0016c001f10c2ef6,6.3,2.3,4.0,0.0,7809,703,7106,9.0,0.63,0.55,0.49,417688489,2235659465,3038,11813,1.2,233.9,3.1,2.0,143,120,0,0,0,0,0,0.0,0,0,0,0,0,0
795.3,2026-05-17T18:25:33,0016c001f10c2ef6,7.6,1.8,5.9,0.0,7809,703,7106,9.0,0.63,0.55,0.49,417692552,2235703503,4063,44038,1.2,233.9,3.1,2.0,143,120,0,0,0,0,0,0.0,0,0,0,0,0,0
795.7,2026-05-17T18:25:33,0016c001f10c2ef6,4.5,1.1,3.4,0.0,7809,703,7106,9.0,0.58,0.54,0.48,417695642,2235715316,3090,11813,1.2,233.9,3.1,2.0,143,120,0,0,0,0,0,0.0,0,0,0,0,0,0
796.2,2026-05-17T18:25:34,0016c001f10c2ef6,6.3,2.9,3.4,0.0,7809,702,7107,9.0,0.58,0.54,0.48,417698828,2235727129,3186,11813,1.2,233.9,3.1,2.0,143,120,0,0,0,0,0,0.0,0,0,0,0,0,0
796.6,2026-05-17T18:25:34,0016c001f10c2ef6,5.7,1.7,4.0,0.0,7809,703,7106,9.0,0.58,0.54,0.48,417702064,2235738984,3236,11855,1.2,233.9,3.1,2.0,143,120,0,0,0,0,0,0.0,0,0,0,0,0,0
797.1,2026-05-17T18:25:35,0016c001f10c2ef6,10.0,5.0,5.0,0.0,7809,702,7107,9.0,0.58,0.54,0.48,417705254,2235750863,3190,11879,1.2,233.9,3.1,2.0,143,120,0,0,0,0,0,0.0,0,0,0,0,0,0
797.5,2026-05-17T18:25:35,0016c001f10c2ef6,8.2,3.8,3.8,0.5,7809,703,7106,9.0,0.58,0.54,0.48,417709221,2235794835,3967,43972,1.2,233.9,3.1,2.0,143,120,0,0,0,0,0,0.0,0,0,0,0,0,0
798.0,2026-05-17T18:25:36,0016c001f10c2ef6,7.2,3.3,3.9,0.0,7809,703,7106,9.0,0.58,0.54,0.48,417712407,2235806648,3186,11813,1.2,233.9,3.1,2.0,143,120,0,0,0,0,0,0.0,0,0,0,0,0,0
798.4,2026-05-17T18:25:36,0016c001f10c2ef6,5.8,1.8,4.1,0.0,7809,703,7106,9.0,0.58,0.54,0.48,417715874,2235818461,3467,11813,1.2,233.9,3.1,2.0,143,120,0,0,0,0,0,0.0,0,0,0,0,0,0
798.9,2026-05-17T18:25:36,0016c001f10c2ef6,6.4,2.7,3.2,0.5,7809,703,7106,9.0,0.58,0.54,0.48,417719060,2235830274,3186,11813,1.2,233.9,3.1,2.0,143,120,0,0,0,0,0,0.0,0,0,0,0,0,0
799.3,2026-05-17T18:25:37,0016c001f10c2ef6,4.6,1.1,3.4,0.0,7809,703,7106,9.0,0.58,0.54,0.48,417723027,2235874246,3967,43972,1.2,233.9,3.1,2.0,143,120,0,0,0,0,0,0.0,0,0,0,0,0,0
799.8,2026-05-17T18:25:37,0016c001f10c2ef6,8.2,3.1,5.2,0.0,7809,703,7106,9.0,0.58,0.54,0.48,417726165,2235886059,3138,11813,1.2,233.9,3.1,2.0,143,120,0,0,0,0,0,0.0,0,0,0,0,0,0
800.2,2026-05-17T18:25:38,0016c001f10c2ef6,5.8,1.7,4.1,0.0,7809,703,7106,9.0,0.58,0.54,0.48,417729303,2235897872,3138,11813,1.2,233.9,3.1,2.0,143,120,0,0,0,0,0,0.0,0,0,0,0,0,0
800.6,2026-05-17T18:25:38,0016c001f10c2ef6,6.0,1.8,4.2,0.0,7809,703,7106,9.0,0.53,0.53,0.48,417732441,2235909685,3138,11813,1.2,233.9,3.1,2.0,143,120,0,0,0,0,0,0.0,0,0,0,0,0,0
801.0,2026-05-17T18:25:39,0016c001f10c2ef6,5.7,2.3,3.4,0.0,7809,703,7106,9.0,0.53,0.53,0.48,417735599,2235921576,3158,11891,1.2,233.9,3.1,2.0,143,120,0,0,0,0,0,0.0,0,0,0,0,0,0
801.5,2026-05-17T18:25:39,0016c001f10c2ef6,6.7,3.4,3.4,0.0,7809,703,7106,9.0,0.53,0.53,0.48,417739974,2235965548,4375,43972,1.2,233.9,3.1,2.0,143,120,0,0,0,0,0,0.0,0,0,0,0,0,0
801.9,2026-05-17T18:25:39,0016c001f10c2ef6,11.7,6.4,5.3,0.0,7809,702,7107,9.0,0.53,0.53,0.48,417743110,2235981176,3136,15628,1.2,233.9,3.1,2.0,143,120,0,0,0,0,0,0.0,0,0,0,0,0,0
802.4,2026-05-17T18:25:40,0016c001f10c2ef6,8.1,2.5,5.6,0.0,7809,702,7107,9.0,0.53,0.53,0.48,417746528,2235993211,3418,12035,1.2,233.9,3.1,2.0,143,120,0,0,0,0,0,0.0,0,0,0,0,0,0
802.9,2026-05-17T18:25:41,0016c001f10c2ef6,9.0,3.3,5.7,0.0,7809,702,7107,9.0,0.53,0.53,0.48,417749562,2236005090,3034,11879,1.2,233.9,3.1,2.0,143,120,0,0,0,0,0,0.0,0,0,0,0,0,0
803.4,2026-05-17T18:25:42,0016c001f10c2ef6,5.5,1.1,4.4,0.0,7809,702,7107,9.0,0.53,0.53,0.48,417753581,2236049143,4019,44053,1.2,233.9,3.1,2.0,143,120,0,0,0,0,0,0.0,0,0,0,0,0,0
803.8,2026-05-17T18:25:42,0016c001f10c2ef6,17.0,4.1,12.3,0.6,7809,701,7108,9.0,0.53,0.53,0.48,417756819,2236061022,3238,11879,1.2,233.9,3.1,2.0,143,120,0,0,0,0,0,0.0,0,0,0,0,0,0
804.3,2026-05-17T18:25:43,0016c001f10c2ef6,18.8,1.7,17.0,0.0,7809,701,7108,9.0,0.53,0.53,0.48,417759805,2236072835,2986,11813,1.2,233.9,3.1,2.0,143,120,0,0,0,0,0,0.0,0,0,0,0,0,0
804.7,2026-05-17T18:25:43,0016c001f10c2ef6,22.2,4.1,18.1,0.0,7809,702,7107,9.0,0.53,0.53,0.48,417762839,2236084648,3034,11813,1.2,233.9,3.1,2.0,143,120,0,0,0,0,0,0.0,0,0,0,0,0,0
805.1,2026-05-17T18:25:44,0016c001f10c2ef6,17.1,1.8,15.3,0.0,7809,702,7107,9.0,0.53,0.53,0.48,417765873,2236096461,3034,11813,1.2,233.9,3.1,2.0,143,120,0,0,0,0,0,0.0,0,0,0,0,0,0
805.6,2026-05-17T18:25:44,0016c001f10c2ef6,7.1,3.3,3.8,0.0,7809,704,7105,9.0,1.05,0.64,0.52,417769940,2236140514,4067,44053,1.2,233.9,3.1,2.0,143,120,0,0,0,0,0,0.0,0,0,0,0,0,0
806.0,2026-05-17T18:25:44,0016c001f10c2ef6,6.9,2.3,4.6,0.0,7809,704,7105,9.0,1.05,0.64,0.52,417773074,2236152327,3134,11813,1.2,233.9,3.1,2.0,143,120,0,0,0,0,0,0.0,0,0,0,0,0,0
806.4,2026-05-17T18:25:45,0016c001f10c2ef6,6.1,1.7,4.5,0.0,7809,704,7105,9.0,1.05,0.64,0.52,417776112,2236164140,3038,11813,1.2,233.9,3.1,2.0,143,120,0,0,0,0,0,0.0,0,0,0,0,0,0
806.9,2026-05-17T18:25:45,0016c001f10c2ef6,5.8,1.7,4.0,0.0,7809,704,7105,9.0,1.05,0.64,0.52,417779198,2236175953,3086,11813,1.2,233.9,3.1,2.0,143,120,0,0,0,0,0,0.0,0,0,0,0,0,0
807.3,2026-05-17T18:25:46,0016c001f10c2ef6,5.8,2.3,3.5,0.0,7809,702,7107,9.0,1.05,0.64,0.52,417783313,2236220006,4115,44053,1.2,233.9,3.1,2.0,143,120,0,0,0,0,0,0.0,0,0,0,0,0,0
807.7,2026-05-17T18:25:46,0016c001f10c2ef6,7.5,3.4,4.0,0.0,7809,702,7107,9.0,1.05,0.64,0.52,417786503,2236231819,3190,11813,1.2,233.9,3.1,2.0,143,120,0,0,0,0,0,0.0,0,0,0,0,0,0
808.2,2026-05-17T18:25:47,0016c001f10c2ef6,9.6,3.5,6.1,0.0,7809,703,7106,9.0,1.05,0.64,0.52,417790122,2236243698,3619,11879,1.2,233.9,3.1,2.0,143,120,0,0,0,0,0,0.0,0,0,0,0,0,0
808.7,2026-05-17T18:25:47,0016c001f10c2ef6,9.7,3.9,5.8,0.0,7809,703,7106,9.0,1.05,0.64,0.52,417793364,2236255577,3242,11879,1.2,233.9,3.1,2.0,143,120,0,0,0,0,0,0.0,0,0,0,0,0,0
809.2,2026-05-17T18:25:48,0016c001f10c2ef6,5.2,2.3,2.9,0.0,7809,703,7106,9.0,1.05,0.64,0.52,417796470,2236267468,3106,11891,1.2,233.9,3.1,2.0,143,120,0,0,0,0,0,0.0,0,0,0,0,0,0
809.6,2026-05-17T18:25:48,0016c001f10c2ef6,7.2,2.2,5.0,0.0,7809,703,7106,9.0,1.05,0.64,0.52,417800489,2236311521,4019,44053,1.2,233.9,3.1,2.0,143,120,0,0,0,0,0,0.0,0,0,0,0,0,0
810.0,2026-05-17T18:25:48,0016c001f10c2ef6,5.7,1.1,4.6,0.0,7809,703,7106,9.0,1.05,0.64,0.52,417803471,2236323334,2982,11813,1.2,233.9,3.1,2.0,143,120,0,0,0,0,0,0.0,0,0,0,0,0,0
810.5,2026-05-17T18:25:49,0016c001f10c2ef6,6.9,3.4,3.4,0.0,7809,704,7105,9.0,1.2,0.68,0.53,417806761,2236335147,3290,11813,1.2,234.0,3.1,2.0,143,120,0,0,0,0,0,0.0,0,0,0,0,0,0
810.9,2026-05-17T18:25:49,0016c001f10c2ef6,7.0,1.7,4.7,0.6,7809,703,7106,9.0,1.2,0.68,0.53,417810061,2236349460,3300,14313,1.2,234.0,3.1,2.0,143,120,0,0,0,0,0,0.0,0,0,0,0,0,0
811.4,2026-05-17T18:25:50,0016c001f10c2ef6,5.4,2.0,3.5,0.0,7809,703,7106,9.0,1.2,0.68,0.53,417814024,2236393513,3963,44053,1.2,234.0,3.1,2.0,143,120,0,0,0,0,0,0.0,0,0,0,0,0,0
811.8,2026-05-17T18:25:50,0016c001f10c2ef6,6.5,2.7,3.8,0.0,7809,704,7105,9.0,1.2,0.68,0.53,417816958,2236405326,2934,11813,1.2,234.0,3.1,2.0,143,120,0,0,0,0,0,0.0,0,0,0,0,0,0
812.3,2026-05-17T18:25:51,0016c001f10c2ef6,5.5,2.2,3.3,0.0,7809,703,7106,9.0,1.2,0.68,0.53,417820196,2236417139,3238,11813,1.2,234.0,3.1,2.0,143,120,0,0,0,0,0,0.0,0,0,0,0,0,0
812.7,2026-05-17T18:25:51,0016c001f10c2ef6,6.4,2.3,4.0,0.0,7809,703,7106,9.0,1.2,0.68,0.53,417823334,2236428952,3138,11813,1.2,234.0,3.1,2.0,143,120,0,0,0,0,0,0.0,0,0,0,0,0,0
813.2,2026-05-17T18:25:52,0016c001f10c2ef6,5.8,2.9,2.9,0.0,7809,703,7106,9.0,1.2,0.68,0.53,417826372,2236440765,3038,11813,1.2,234.0,3.1,2.0,146,123,3,3,0,0,0,0.0,0,0,0,0,0,0
813.6,2026-05-17T18:25:52,0016c001f10c2ef6,10.4,4.6,5.8,0.0,7809,703,7106,9.0,1.2,0.68,0.53,417830487,2236484818,4115,44053,1.2,234.0,3.1,2.0,146,123,0,0,0,0,0,0.0,0,0,0,0,0,0
814.1,2026-05-17T18:25:52,0016c001f10c2ef6,8.2,3.6,4.6,0.0,7809,703,7106,9.0,1.2,0.68,0.53,417833697,2236496783,3210,11965,1.2,234.0,3.1,2.0,146,123,0,0,0,0,0,0.0,0,0,0,0,0,0
814.6,2026-05-17T18:25:53,0016c001f10c2ef6,8.8,4.4,4.4,0.0,7809,703,7106,9.0,1.2,0.68,0.53,417836735,2236508662,3038,11879,1.2,234.0,3.1,2.0,146,123,0,0,0,0,0,0.0,0,0,0,0,0,0
815.0,2026-05-17T18:25:53,0016c001f10c2ef6,6.0,2.2,3.8,0.0,7809,703,7106,9.0,1.2,0.68,0.53,417839821,2236520475,3086,11813,1.2,234.0,3.1,2.0,146,123,0,0,0,0,0,0.0,0,0,0,0,0,0
815.4,2026-05-17T18:25:54,0016c001f10c2ef6,19.7,3.5,16.2,0.0,7809,703,7106,9.0,1.19,0.69,0.53,417843732,2236564528,3911,44053,1.2,234.0,3.1,2.0,146,123,0,0,0,0,0,0.0,0,0,0,0,0,0
815.9,2026-05-17T18:25:54,0016c001f10c2ef6,20.1,2.2,17.9,0.0,7809,703,7106,9.0,1.19,0.69,0.53,417846818,2236576341,3086,11813,1.2,234.0,3.1,2.0,146,123,0,0,0,0,0,0.0,0,0,0,0,0,0
816.4,2026-05-17T18:25:55,0016c001f10c2ef6,18.4,2.0,16.4,0.0,7809,703,7106,9.0,1.19,0.69,0.53,417849852,2236588154,3034,11813,1.2,234.0,3.1,2.0,146,123,0,0,0,0,0,0.0,0,0,0,0,0,0
816.8,2026-05-17T18:25:55,0016c001f10c2ef6,10.2,1.2,9.0,0.0,7809,703,7106,9.0,1.19,0.69,0.53,417853090,2236599967,3238,11813,1.2,234.0,3.1,2.0,146,123,0,0,0,0,0,0.0,0,0,0,0,0,0
817.3,2026-05-17T18:25:56,0016c001f10c2ef6,5.9,2.2,3.8,0.0,7809,703,7106,9.0,1.19,0.69,0.53,417856128,2236611780,3038,11813,1.2,234.0,3.1,2.0,146,123,0,0,0,0,0,0.0,0,0,0,0,0,0
817.7,2026-05-17T18:25:56,0016c001f10c2ef6,7.4,2.9,4.6,0.0,7809,703,7106,9.0,1.19,0.69,0.53,417860520,2236655833,4392,44053,1.2,234.2,3.1,2.0,146,123,0,0,0,0,0,0.0,0,0,0,0,0,0
818.1,2026-05-17T18:25:57,0016c001f10c2ef6,6.4,0.6,5.8,0.0,7809,704,7105,9.0,1.19,0.69,0.53,417863658,2236667646,3138,11813,1.2,234.2,3.1,2.0,146,123,0,0,0,0,0,0.0,0,0,0,0,0,0
818.5,2026-05-17T18:25:57,0016c001f10c2ef6,6.7,2.8,3.4,0.6,7809,701,7108,9.0,1.19,0.69,0.53,417866744,2236679459,3086,11813,1.2,234.2,3.1,2.0,146,123,0,0,0,0,0,0.0,0,0,0,0,0,0
819.0,2026-05-17T18:25:57,0016c001f10c2ef6,5.2,1.2,4.0,0.0,7809,702,7107,9.0,1.19,0.69,0.53,417869982,2236691272,3238,11813,1.2,234.2,3.1,2.0,146,123,0,0,0,0,0,0.0,0,0,0,0,0,0
819.4,2026-05-17T18:25:58,0016c001f10c2ef6,7.4,3.4,4.0,0.0,7809,702,7107,9.0,1.19,0.69,0.53,417873685,2236703085,3703,11813,1.2,234.2,3.1,2.0,146,123,0,0,0,0,0,0.0,0,0,0,0,0,0
819.9,2026-05-17T18:25:58,0016c001f10c2ef6,10.0,4.5,5.5,0.0,7809,701,7108,9.0,1.19,0.69,0.53,417877181,2236748283,3496,45198,1.2,234.2,3.1,2.0,146,123,0,0,0,0,0,0.0,0,0,0,0,0,0
820.4,2026-05-17T18:25:59,0016c001f10c2ef6,9.0,3.3,5.7,0.0,7809,701,7108,9.0,1.09,0.67,0.53,417880231,2236760404,3050,12121,1.2,234.2,3.1,2.0,146,123,0,0,0,0,0,0.0,0,0,0,0,0,0
820.9,2026-05-17T18:25:59,0016c001f10c2ef6,6.6,3.6,3.0,0.0,7809,702,7107,9.0,1.09,0.67,0.53,417883265,2236772900,3034,12496,1.2,234.0,3.1,2.0,146,123,0,0,0,0,0,0.0,0,0,0,0,0,0
821.4,2026-05-17T18:26:00,0016c001f10c2ef6,5.1,2.2,2.8,0.0,7809,703,7106,9.0,1.09,0.67,0.53,417886503,2236784713,3238,11813,1.2,234.0,3.1,2.0,146,123,0,0,0,0,0,0.0,0,0,0,0,0,0
821.8,2026-05-17T18:26:00,0016c001f10c2ef6,7.0,2.9,4.1,0.0,7809,703,7106,9.0,1.09,0.67,0.53,417890408,2236830328,3905,45615,1.2,234.0,3.1,2.0,146,123,0,0,0,0,0,0.0,0,0,0,0,0,0
822.2,2026-05-17T18:26:01,0016c001f10c2ef6,5.5,2.2,3.3,0.0,7809,703,7106,9.0,1.09,0.67,0.53,417893442,2236842141,3034,11813,1.2,234.0,3.1,2.0,146,123,0,0,0,0,0,0.0,0,0,0,0,0,0
822.7,2026-05-17T18:26:01,0016c001f10c2ef6,5.6,2.2,2.8,0.6,7809,703,7106,9.0,1.09,0.67,0.53,417896480,2236853954,3038,11813,1.2,234.0,3.1,2.0,146,123,0,0,0,0,0,0.0,0,0,0,0,0,0
823.1,2026-05-17T18:26:02,0016c001f10c2ef6,6.0,2.2,3.8,0.0,7809,703,7106,9.0,1.09,0.67,0.53,417899566,2236865767,3086,11813,1.2,234.0,3.1,2.0,146,123,0,0,0,0,0,0.0,0,0,0,0,0,0
823.5,2026-05-17T18:26:02,0016c001f10c2ef6,6.4,2.9,3.5,0.0,7809,703,7106,9.0,1.09,0.67,0.53,417903745,2236910514,4179,44747,1.2,234.0,3.1,2.0,146,123,0,0,0,0,0,0.0,0,0,0,0,0,0
824.0,2026-05-17T18:26:02,0016c001f10c2ef6,6.9,1.7,5.1,0.0,7809,703,7106,9.0,1.09,0.67,0.53,417906783,2236922327,3038,11813,1.2,234.0,3.1,2.0,146,123,0,0,0,0,0,0.0,0,0,0,0,0,0
824.4,2026-05-17T18:26:03,0016c001f10c2ef6,6.7,2.8,3.9,0.0,7809,703,7106,9.0,1.09,0.67,0.53,417910057,2236934460,3274,12133,1.2,234.0,3.1,2.0,146,123,0,0,0,0,0,0.0,0,0,0,0,0,0
824.9,2026-05-17T18:26:03,0016c001f10c2ef6,5.3,2.1,3.2,0.0,7809,703,7106,9.0,1.0,0.66,0.53,417913411,2236946515,3354,12055,1.2,234.0,3.1,2.0,146,123,0,0,0,0,0,0.0,0,0,0,0,0,0
825.3,2026-05-17T18:26:04,0016c001f10c2ef6,7.3,2.2,5.1,0.0,7809,703,7106,9.0,1.0,0.66,0.53,417916601,2236958328,3190,11813,1.2,234.0,3.1,2.0,146,123,0,0,0,0,0,0.0,0,0,0,0,0,0
825.8,2026-05-17T18:26:04,0016c001f10c2ef6,9.6,3.0,6.6,0.0,7809,704,7105,9.0,1.0,0.66,0.53,417920614,2237002489,4013,44161,1.2,234.0,3.1,2.0,146,123,0,0,0,0,0,0.0,0,0,0,0,0,0
826.2,2026-05-17T18:26:05,0016c001f10c2ef6,7.0,2.9,4.1,0.0,7809,704,7105,9.0,1.0,0.66,0.53,417923748,2237014302,3134,11813,1.2,234.0,3.1,2.0,146,123,0,0,0,0,0,0.0,0,0,0,0,0,0
826.6,2026-05-17T18:26:05,0016c001f10c2ef6,11.9,2.3,9.6,0.0,7809,703,7106,9.0,1.0,0.66,0.53,417926886,2237026115,3138,11813,1.2,234.0,3.1,2.0,146,123,0,0,0,0,0,0.0,0,0,0,0,0,0
827.1,2026-05-17T18:26:05,0016c001f10c2ef6,19.0,1.2,17.9,0.0,7809,703,7106,9.0,1.0,0.66,0.53,417929924,2237037928,3038,11813,1.2,234.0,3.1,2.0,146,123,0,0,0,0,0,0.0,0,0,0,0,0,0
827.5,2026-05-17T18:26:06,0016c001f10c2ef6,17.6,1.8,15.9,0.0,7809,703,7106,9.0,1.0,0.66,0.53,417933439,2237049741,3515,11813,1.2,234.0,3.1,2.0,146,123,0,0,0,0,0,0.0,0,0,0,0,0,0
828.0,2026-05-17T18:26:06,0016c001f10c2ef6,19.4,2.8,16.7,0.0,7809,703,7106,9.0,1.0,0.66,0.53,417937402,2237093860,3963,44119,1.2,234.0,3.1,2.0,146,123,0,0,0,0,0,0.0,0,0,0,0,0,0
828.4,2026-05-17T18:26:07,0016c001f10c2ef6,7.0,1.8,5.3,0.0,7809,703,7106,9.0,1.0,0.66,0.53,417940744,2237105673,3342,11813,1.2,234.0,3.1,2.0,146,123,0,0,0,0,0,0.0,0,0,0,0,0,0
828.8,2026-05-17T18:26:07,0016c001f10c2ef6,6.7,1.7,5.0,0.0,7809,702,7107,9.0,1.0,0.66,0.53,417943782,2237117486,3038,11813,1.2,234.0,3.1,2.0,146,123,0,0,0,0,0,0.0,0,0,0,0,0,0
829.2,2026-05-17T18:26:08,0016c001f10c2ef6,6.4,2.3,4.0,0.0,7809,702,7107,9.0,1.0,0.66,0.53,417947020,2237129299,3238,11813,1.2,234.0,3.1,2.0,146,123,0,0,0,0,0,0.0,0,0,0,0,0,0
829.7,2026-05-17T18:26:08,0016c001f10c2ef6,6.2,2.2,3.9,0.0,7809,703,7106,9.0,1.0,0.66,0.53,417950935,2237173352,3915,44053,1.2,233.9,3.1,2.0,146,123,0,0,0,0,0,0.0,0,0,0,0,0,0
830.1,2026-05-17T18:26:09,0016c001f10c2ef6,7.0,2.9,4.1,0.0,7809,701,7108,9.0,1.0,0.67,0.53,417954121,2237185165,3186,11813,1.2,233.9,3.1,2.0,146,123,0,0,0,0,0,0.0,0,0,0,0,0,0
830.5,2026-05-17T18:26:09,0016c001f10c2ef6,7.0,2.9,4.1,0.0,7809,701,7108,9.0,1.0,0.67,0.53,417957363,2237198771,3242,13606,1.2,233.9,3.1,2.0,146,123,0,0,0,0,0,0.0,0,0,0,0,0,0
831.1,2026-05-17T18:26:09,0016c001f10c2ef6,14.6,6.6,7.1,0.9,7809,702,7107,9.0,1.0,0.67,0.53,417960553,2237210650,3190,11879,1.2,233.9,3.1,2.0,146,123,0,0,0,0,0,0.0,0,0,0,0,0,0
831.5,2026-05-17T18:26:10,0016c001f10c2ef6,11.3,3.4,4.5,3.4,7809,703,7106,9.0,1.0,0.67,0.53,417963765,2237224593,3212,13943,1.2,233.9,3.1,2.0,146,123,0,0,0,0,0,0.0,0,0,0,0,0,0
832.0,2026-05-17T18:26:10,0016c001f10c2ef6,6.0,2.2,3.8,0.0,7809,703,7106,9.0,1.0,0.67,0.53,417967728,2237268727,3963,44134,1.2,234.0,3.1,2.0,146,123,0,0,0,0,0,0.0,0,0,0,0,0,0
832.4,2026-05-17T18:26:11,0016c001f10c2ef6,5.9,1.6,4.3,0.0,7809,703,7106,9.0,1.0,0.67,0.53,417970886,2237280618,3158,11891,1.2,234.0,3.1,2.0,146,123,0,0,0,0,0,0.0,0,0,0,0,0,0
832.8,2026-05-17T18:26:11,0016c001f10c2ef6,5.7,2.8,2.8,0.0,7809,703,7106,9.0,1.0,0.67,0.53,417974124,2237292431,3238,11813,1.2,233.9,3.1,2.0,146,123,0,0,0,0,0,0.0,0,0,0,0,0,0
833.3,2026-05-17T18:26:12,0016c001f10c2ef6,5.9,1.8,4.1,0.0,7809,703,7106,9.0,1.0,0.67,0.53,417977162,2237304244,3038,11813,1.2,233.9,3.1,2.0,146,123,0,0,0,0,0,0.0,0,0,0,0,0,0
833.7,2026-05-17T18:26:12,0016c001f10c2ef6,11.4,4.0,5.7,1.7,7809,704,7105,9.0,1.0,0.67,0.53,417981229,2237348378,4067,44134,1.2,233.9,3.1,2.0,146,123,0,0,0,0,0,0.0,0,0,0,0,0,0
834.1,2026-05-17T18:26:13,0016c001f10c2ef6,8.4,3.7,4.7,0.0,7809,703,7106,9.0,1.0,0.67,0.53,417984531,2237360433,3302,12055,1.2,233.9,3.1,2.0,146,123,0,0,0,0,0,0.0,0,0,0,0,0,0
834.6,2026-05-17T18:26:13,0016c001f10c2ef6,5.7,1.7,4.0,0.0,7809,703,7106,9.0,1.0,0.67,0.53,417987517,2237372246,2986,11813,1.2,233.9,3.1,2.0,146,123,0,0,0,0,0,0.0,0,0,0,0,0,0
835.0,2026-05-17T18:26:13,0016c001f10c2ef6,7.4,2.9,4.6,0.0,7809,704,7105,9.0,0.92,0.66,0.53,417990651,2237384059,3134,11813,1.2,233.9,3.1,2.0,146,123,0,0,0,0,0,0.0,0,0,0,0,0,0
835.4,2026-05-17T18:26:14,0016c001f10c2ef6,6.5,1.8,4.7,0.0,7809,703,7106,9.0,0.92,0.66,0.53,417993789,2237395872,3138,11813,1.2,233.9,3.1,2.0,146,123,0,0,0,0,0,0.0,0,0,0,0,0,0
835.8,2026-05-17T18:26:15,0016c001f10c2ef6,6.9,2.9,4.0,0.0,7809,704,7105,9.0,0.92,0.66,0.53,417997960,2237440006,4171,44134,1.2,233.9,3.1,2.0,146,123,0,0,0,0,0,0.0,0,0,0,0,0,0
836.3,2026-05-17T18:26:16,0016c001f10c2ef6,10.7,4.6,6.1,0.0,7809,702,7107,9.0,0.92,0.66,0.53,418001150,2237451885,3190,11879,1.2,233.9,3.1,2.0,146,123,0,0,0,0,0,0.0,0,0,0,0,0,0
836.8,2026-05-17T18:26:16,0016c001f10c2ef6,9.9,3.5,6.4,0.0,7809,703,7106,9.0,0.92,0.66,0.53,418004136,2237463764,2986,11879,1.2,233.9,3.1,2.0,146,123,0,0,0,0,0,0.0,0,0,0,0,0,0
837.3,2026-05-17T18:26:17,0016c001f10c2ef6,6.9,3.4,3.4,0.0,7809,703,7106,9.0,0.92,0.66,0.53,418007855,2237475577,3719,11813,1.2,233.9,3.1,2.0,146,123,0,0,0,0,0,0.0,0,0,0,0,0,0
837.7,2026-05-17T18:26:17,0016c001f10c2ef6,5.0,2.2,2.8,0.0,7809,703,7106,9.0,0.92,0.66,0.53,418011506,2237487390,3651,11813,1.2,233.7,3.1,2.0,146,123,0,0,0,0,0,0.0,0,0,0,0,0,0
838.1,2026-05-17T18:26:17,0016c001f10c2ef6,13.6,3.6,10.1,0.0,7809,703,7106,9.0,0.92,0.66,0.53,418015060,2237531524,3554,44134,1.2,233.7,3.1,2.0,146,123,0,0,0,0,0,0.0,0,0,0,0,0,0
838.6,2026-05-17T18:26:18,0016c001f10c2ef6,18.7,2.3,16.4,0.0,7809,702,7107,9.0,0.92,0.66,0.53,418018098,2237543337,3038,11813,1.2,233.7,3.1,2.0,146,123,0,0,0,0,0,0.0,0,0,0,0,0,0
839.0,2026-05-17T18:26:18,0016c001f10c2ef6,19.4,2.4,17.0,0.0,7809,702,7107,9.0,0.92,0.66,0.53,418021236,2237555150,3138,11813,1.2,233.7,3.1,2.0,146,123,0,0,0,0,0,0.0,0,0,0,0,0,0
839.4,2026-05-17T18:26:19,0016c001f10c2ef6,18.6,2.4,16.2,0.0,7809,703,7106,9.0,0.92,0.66,0.53,418024434,2237567073,3198,11923,1.2,233.7,3.1,2.0,146,123,0,0,0,0,0,0.0,0,0,0,0,0,0
839.8,2026-05-17T18:26:19,0016c001f10c2ef6,7.9,1.2,6.7,0.0,7809,702,7107,9.0,0.85,0.65,0.52,418028349,2237611207,3915,44134,1.2,233.7,3.1,2.0,146,123,0,0,0,0,0,0.0,0,0,0,0,0,0
840.3,2026-05-17T18:26:20,0016c001f10c2ef6,9.5,4.5,5.0,0.0,7809,702,7107,9.0,0.85,0.65,0.52,418031757,2237625383,3408,14176,1.2,233.7,3.1,2.0,146,123,0,0,0,0,0,0.0,0,0,0,0,0,0
840.7,2026-05-17T18:26:20,0016c001f10c2ef6,6.6,2.2,4.4,0.0,7809,702,7107,9.0,0.85,0.65,0.52,418034795,2237637196,3038,11813,1.2,233.7,3.1,2.0,146,123,0,0,0,0,0,0.0,0,0,0,0,0,0
841.2,2026-05-17T18:26:21,0016c001f10c2ef6,6.6,1.5,5.1,0.0,7809,702,7107,9.0,0.85,0.65,0.52,418037981,2237649009,3186,11813,1.2,233.7,3.1,2.0,146,123,0,0,0,0,0,0.0,0,0,0,0,0,0
841.7,2026-05-17T18:26:21,0016c001f10c2ef6,5.0,1.7,3.4,0.0,7809,703,7106,9.0,0.85,0.65,0.52,418041119,2237660822,3138,11813,1.2,233.7,3.1,2.0,146,123,0,0,0,0,0,0.0,0,0,0,0,0,0
842.2,2026-05-17T18:26:21,0016c001f10c2ef6,11.7,5.1,6.6,0.0,7809,702,7107,9.0,0.85,0.65,0.52,418045134,2237705022,4015,44200,1.2,233.7,3.1,2.0,150,126,4,3,0,0,0,0.0,0,0,0,0,0,0
842.6,2026-05-17T18:26:22,0016c001f10c2ef6,6.3,2.3,4.0,0.0,7809,701,7108,9.0,0.85,0.65,0.52,418048272,2237716836,3138,11814,1.2,233.7,3.1,2.0,150,126,0,0,0,0,0,0.0,0,0,0,0,0,0
843.0,2026-05-17T18:26:22,0016c001f10c2ef6,6.7,3.3,3.3,0.0,7809,702,7107,9.0,0.85,0.65,0.52,418051358,2237728650,3086,11814,1.2,233.7,3.1,2.0,150,126,0,0,0,0,0,0.0,0,0,0,0,0,0
843.5,2026-05-17T18:26:23,0016c001f10c2ef6,4.7,1.2,3.5,0.0,7809,702,7107,9.0,0.85,0.65,0.52,418054396,2237740464,3038,11814,1.2,233.7,3.1,2.0,150,126,0,0,0,0,0,0.0,0,0,0,0,0,0
843.9,2026-05-17T18:26:23,0016c001f10c2ef6,7.5,3.5,4.0,0.0,7809,701,7108,9.0,0.85,0.65,0.52,418058515,2237784599,4119,44135,1.2,233.7,3.1,2.0,150,126,0,0,0,0,0,0.0,0,0,0,0,0,0
844.3,2026-05-17T18:26:24,0016c001f10c2ef6,9.2,2.9,4.6,1.7,7809,702,7107,9.0,0.85,0.65,0.52,418061549,2237796413,3034,11814,1.2,233.7,3.1,2.0,150,126,0,0,0,0,0,0.0,0,0,0,0,0,0
844.7,2026-05-17T18:26:24,0016c001f10c2ef6,6.6,2.4,4.2,0.0,7809,702,7107,9.0,0.78,0.64,0.52,418064683,2237808227,3134,11814,1.2,233.7,3.1,2.0,150,126,0,0,0,0,0,0.0,0,0,0,0,0,0
845.1,2026-05-17T18:26:24,0016c001f10c2ef6,6.1,2.4,3.6,0.0,7809,702,7107,9.0,0.78,0.64,0.52,418067873,2237820041,3190,11814,1.2,233.7,3.1,2.0,150,126,0,0,0,0,0,0.0,0,0,0,0,0,0
845.6,2026-05-17T18:26:25,0016c001f10c2ef6,5.8,2.9,2.9,0.0,7809,702,7107,9.0,0.78,0.64,0.52,418070959,2237831855,3086,11814,1.2,233.7,3.1,2.0,150,126,0,0,0,0,0,0.0,0,0,0,0,0,0
846.0,2026-05-17T18:26:25,0016c001f10c2ef6,6.5,2.2,4.3,0.0,7809,703,7106,9.0,0.78,0.64,0.52,418075030,2237875990,4071,44135,1.2,233.7,3.1,2.0,150,126,0,0,0,0,0,0.0,0,0,0,0,0,0
846.4,2026-05-17T18:26:26,0016c001f10c2ef6,7.4,1.7,5.7,0.0,7809,703,7106,9.0,0.78,0.64,0.52,418078116,2237887804,3086,11814,1.2,233.7,3.1,2.0,150,126,0,0,0,0,0,0.0,0,0,0,0,0,0
846.9,2026-05-17T18:26:26,0016c001f10c2ef6,7.3,3.9,3.4,0.0,7809,702,7107,9.0,0.78,0.64,0.52,418081254,2237899618,3138,11814,1.2,233.7,3.1,2.0,150,126,0,0,0,0,0,0.0,0,0,0,0,0,0
847.4,2026-05-17T18:26:27,0016c001f10c2ef6,8.7,4.1,4.6,0.0,7809,702,7107,9.0,0.78,0.64,0.52,418085025,2237911498,3771,11880,1.2,233.7,3.1,2.0,150,126,0,0,0,0,0,0.0,0,0,0,0,0,0
847.9,2026-05-17T18:26:27,0016c001f10c2ef6,10.4,4.0,6.4,0.0,7809,702,7107,9.0,0.78,0.64,0.52,418088852,2237923456,3827,11958,1.2,233.7,3.1,2.0,150,126,0,0,0,0,0,0.0,0,0,0,0,0,0
848.3,2026-05-17T18:26:28,0016c001f10c2ef6,9.2,4.1,5.1,0.0,7809,704,7105,9.0,0.78,0.64,0.52,418092458,2237967657,3606,44201,1.2,233.7,3.1,2.0,150,126,0,0,0,0,0,0.0,0,0,0,0,0,0
848.8,2026-05-17T18:26:28,0016c001f10c2ef6,6.8,2.3,4.5,0.0,7809,704,7105,9.0,0.78,0.64,0.52,418095496,2237979471,3038,11814,1.2,233.7,3.1,2.0,150,126,0,0,0,0,0,0.0,0,0,0,0,0,0
849.2,2026-05-17T18:26:28,0016c001f10c2ef6,5.2,1.7,3.5,0.0,7809,703,7106,9.0,0.78,0.64,0.52,418098734,2237991285,3238,11814,1.2,233.7,3.1,2.0,150,126,0,0,0,0,0,0.0,0,0,0,0,0,0
849.6,2026-05-17T18:26:29,0016c001f10c2ef6,10.2,1.1,9.1,0.0,7809,703,7106,9.0,0.72,0.62,0.52,418101976,2238003099,3242,11814,1.2,233.7,3.1,2.0,150,126,0,0,0,0,0,0.0,0,0,0,0,0,0
850.1,2026-05-17T18:26:29,0016c001f10c2ef6,19.0,1.8,17.3,0.0,7809,703,7106,9.0,0.72,0.62,0.52,418106043,2238047917,4067,44818,1.2,233.7,3.1,2.0,150,126,0,0,0,0,0,0.0,0,0,0,0,0,0
850.5,2026-05-17T18:26:30,0016c001f10c2ef6,22.2,2.3,19.3,0.6,7809,703,7106,9.0,0.72,0.62,0.52,418109133,2238059731,3090,11814,1.2,233.7,3.1,2.0,150,126,0,0,0,0,0,0.0,0,0,0,0,0,0
850.9,2026-05-17T18:26:30,0016c001f10c2ef6,20.1,2.4,17.8,0.0,7809,702,7107,9.0,0.72,0.62,0.52,418112265,2238073111,3132,13380,1.2,233.7,3.1,2.0,150,126,0,0,0,0,0,0.0,0,0,0,0,0,0
851.3,2026-05-17T18:26:31,0016c001f10c2ef6,8.3,1.8,6.5,0.0,7809,704,7105,9.0,0.72,0.62,0.52,418115403,2238084925,3138,11814,1.2,233.7,3.1,2.0,150,126,0,0,0,0,0,0.0,0,0,0,0,0,0
851.8,2026-05-17T18:26:31,0016c001f10c2ef6,5.1,2.6,2.6,0.0,7809,704,7105,9.0,0.72,0.62,0.52,418118589,2238096739,3186,11814,1.2,233.6,3.1,2.0,150,126,0,0,0,0,0,0.0,0,0,0,0,0,0
852.3,2026-05-17T18:26:32,0016c001f10c2ef6,6.6,3.1,3.6,0.0,7809,704,7105,9.0,0.72,0.62,0.52,418122500,2238140874,3911,44135,1.2,233.6,3.1,2.0,150,126,0,0,0,0,0,0.0,0,0,0,0,0,0
852.7,2026-05-17T18:26:32,0016c001f10c2ef6,6.4,1.7,4.7,0.0,7809,704,7105,9.0,0.72,0.62,0.52,418125586,2238152688,3086,11814,1.2,233.6,3.1,2.0,150,126,0,0,0,0,0,0.0,0,0,0,0,0,0
853.2,2026-05-17T18:26:32,0016c001f10c2ef6,6.2,1.7,4.5,0.0,7809,705,7104,9.0,0.72,0.62,0.52,418128796,2238164588,3210,11900,1.2,233.6,3.1,2.0,150,126,0,0,0,0,0,0.0,0,0,0,0,0,0
853.6,2026-05-17T18:26:33,0016c001f10c2ef6,9.3,3.1,6.2,0.0,7809,704,7105,9.0,0.72,0.62,0.52,418132038,2238176468,3242,11880,1.2,233.6,3.1,2.0,150,126,0,0,0,0,0,0.0,0,0,0,0,0,0
854.1,2026-05-17T18:26:33,0016c001f10c2ef6,6.0,2.2,3.8,0.0,7809,703,7106,9.0,0.72,0.62,0.52,418135953,2238220603,3915,44135,1.2,233.6,3.1,2.0,150,126,0,0,0,0,0,0.0,0,0,0,0,0,0
854.5,2026-05-17T18:26:34,0016c001f10c2ef6,6.5,2.4,4.1,0.0,7809,704,7105,9.0,0.66,0.61,0.52,418139087,2238232417,3134,11814,1.2,233.6,3.1,2.0,150,126,0,0,0,0,0,0.0,0,0,0,0,0,0
854.9,2026-05-17T18:26:34,0016c001f10c2ef6,6.2,3.4,2.8,0.0,7809,704,7105,9.0,0.66,0.61,0.52,418142125,2238244231,3038,11814,1.2,233.6,3.1,2.0,150,126,0,0,0,0,0,0.0,0,0,0,0,0,0
855.4,2026-05-17T18:26:35,0016c001f10c2ef6,5.3,1.8,3.5,0.0,7809,703,7106,9.0,0.66,0.61,0.52,418145305,2238256087,3180,11856,1.2,233.6,3.1,2.0,150,126,0,0,0,0,0,0.0,0,0,0,0,0,0
855.8,2026-05-17T18:26:35,0016c001f10c2ef6,6.9,2.3,4.6,0.0,7809,703,7106,9.0,0.66,0.61,0.52,418148291,2238267901,2986,11814,1.2,233.6,3.1,2.0,150,126,0,0,0,0,0,0.0,0,0,0,0,0,0
856.2,2026-05-17T18:26:35,0016c001f10c2ef6,5.9,2.9,2.9,0.0,7809,704,7105,9.0,0.66,0.61,0.52,418152354,2238312036,4063,44135,1.2,233.6,3.1,2.0,150,126,0,0,0,0,0,0.0,0,0,0,0,0,0
856.6,2026-05-17T18:26:36,0016c001f10c2ef6,5.3,2.4,3.0,0.0,7809,703,7106,9.0,0.66,0.61,0.52,418155440,2238323850,3086,11814,1.2,233.6,3.1,2.0,150,126,0,0,0,0,0,0.0,0,0,0,0,0,0
857.1,2026-05-17T18:26:36,0016c001f10c2ef6,7.7,3.3,4.4,0.0,7809,703,7106,9.0,0.66,0.61,0.52,418159123,2238335906,3683,12056,1.2,233.6,3.1,2.0,150,126,0,0,0,0,0,0.0,0,0,0,0,0,0
857.5,2026-05-17T18:26:37,0016c001f10c2ef6,5.7,1.7,4.0,0.0,7809,703,7106,9.0,0.66,0.61,0.52,418162261,2238347720,3138,11814,1.2,233.6,3.1,2.0,150,126,0,0,0,0,0,0.0,0,0,0,0,0,0
857.9,2026-05-17T18:26:37,0016c001f10c2ef6,7.7,3.8,3.8,0.0,7809,703,7106,9.0,0.66,0.61,0.52,418165299,2238359534,3038,11814,1.2,233.6,3.1,2.0,150,126,0,0,0,0,0,0.0,0,0,0,0,0,0
858.4,2026-05-17T18:26:38,0016c001f10c2ef6,8.0,2.3,5.7,0.0,7809,702,7107,9.0,0.66,0.61,0.52,418169518,2238403669,4219,44135,1.2,233.6,3.1,2.0,150,126,0,0,0,0,0,0.0,0,0,0,0,0,0
858.8,2026-05-17T18:26:38,0016c001f10c2ef6,8.9,3.0,5.9,0.0,7809,702,7107,9.0,0.66,0.61,0.52,418172708,2238415549,3190,11880,1.2,233.6,3.1,2.0,150,126,0,0,0,0,0,0.0,0,0,0,0,0,0
859.3,2026-05-17T18:26:39,0016c001f10c2ef6,9.2,3.6,5.6,0.0,7809,702,7107,9.0,0.61,0.6,0.51,418175846,2238427429,3138,11880,1.2,233.6,3.1,2.0,150,126,0,0,0,0,0,0.0,0,0,0,0,0,0
859.8,2026-05-17T18:26:39,0016c001f10c2ef6,10.7,3.6,6.6,0.5,7809,703,7106,9.0,0.61,0.6,0.51,418179088,2238439309,3242,11880,1.2,233.6,3.1,2.0,150,126,0,0,0,0,0,0.0,0,0,0,0,0,0
860.3,2026-05-17T18:26:40,0016c001f10c2ef6,17.3,7.1,8.1,2.0,7809,702,7107,9.0,0.61,0.6,0.51,418183311,2238485384,4223,46075,1.2,233.6,3.1,2.0,150,126,0,0,0,0,0,0.0,0,0,0,0,0,0
860.8,2026-05-17T18:26:40,0016c001f10c2ef6,10.6,3.5,7.0,0.0,7809,702,7107,9.0,0.61,0.6,0.51,418186575,2238499410,3264,14026,1.2,233.6,3.1,2.0,150,126,0,0,0,0,0,0.0,0,0,0,0,0,0
861.2,2026-05-17T18:26:41,0016c001f10c2ef6,15.1,2.8,12.3,0.0,7809,702,7107,9.0,0.61,0.6,0.51,418189609,2238511224,3034,11814,1.2,233.6,3.1,2.0,150,126,0,0,0,0,0,0.0,0,0,0,0,0,0
861.7,2026-05-17T18:26:41,0016c001f10c2ef6,19.4,2.9,16.6,0.0,7809,701,7108,9.0,0.61,0.6,0.51,418192539,2238523038,2930,11814,1.2,233.6,3.1,2.0,150,126,0,0,0,0,0,0.0,0,0,0,0,0,0
862.1,2026-05-17T18:26:41,0016c001f10c2ef6,18.4,2.2,16.2,0.0,7809,702,7107,9.0,0.61,0.6,0.51,418196758,2238567254,4219,44216,1.2,233.6,3.1,2.0,150,126,0,0,0,0,0,0.0,0,0,0,0,0,0
862.6,2026-05-17T18:26:42,0016c001f10c2ef6,17.3,4.2,13.1,0.0,7809,703,7106,9.0,0.61,0.6,0.51,418199796,2238579068,3038,11814,1.2,233.6,3.1,2.0,150,126,0,0,0,0,0,0.0,0,0,0,0,0,0
863.0,2026-05-17T18:26:42,0016c001f10c2ef6,8.0,2.9,5.2,0.0,7809,702,7107,9.0,0.61,0.6,0.51,418202830,2238590882,3034,11814,1.2,233.6,3.1,2.0,150,126,0,0,0,0,0,0.0,0,0,0,0,0,0
863.4,2026-05-17T18:26:43,0016c001f10c2ef6,7.6,2.9,4.7,0.0,7809,702,7107,9.0,0.61,0.6,0.51,418205988,2238602774,3158,11892,1.2,233.6,3.1,2.0,150,126,0,0,0,0,0,0.0,0,0,0,0,0,0
863.8,2026-05-17T18:26:43,0016c001f10c2ef6,5.2,2.3,2.9,0.0,7809,702,7107,9.0,0.61,0.6,0.51,418209126,2238614588,3138,11814,1.2,233.6,3.1,2.0,150,126,0,0,0,0,0,0.0,0,0,0,0,0,0
864.3,2026-05-17T18:26:44,0016c001f10c2ef6,6.7,1.7,5.0,0.0,7809,703,7106,9.0,0.56,0.59,0.51,418213141,2238658804,4015,44216,1.2,233.6,3.1,2.0,150,126,0,0,0,0,0,0.0,0,0,0,0,0,0
864.7,2026-05-17T18:26:44,0016c001f10c2ef6,7.1,2.4,4.7,0.0,7809,703,7106,9.0,0.56,0.59,0.51,418216175,2238670618,3034,11814,1.2,233.6,3.1,2.0,150,126,0,0,0,0,0,0.0,0,0,0,0,0,0
865.1,2026-05-17T18:26:44,0016c001f10c2ef6,8.2,3.5,4.1,0.6,7809,702,7107,9.0,0.56,0.59,0.51,418219313,2238683115,3138,12497,1.2,233.6,3.1,2.0,150,126,0,0,0,0,0,0.0,0,0,0,0,0,0
865.6,2026-05-17T18:26:45,0016c001f10c2ef6,6.4,2.7,3.7,0.0,7809,702,7107,9.0,0.56,0.59,0.51,418222549,2238696504,3236,13389,1.2,233.6,3.1,2.0,150,126,0,0,0,0,0,0.0,0,0,0,0,0,0
866.1,2026-05-17T18:26:45,0016c001f10c2ef6,9.5,3.0,6.5,0.0,7809,700,7109,9.0,0.56,0.59,0.51,418225839,2238708384,3290,11880,1.2,233.6,3.1,2.0,150,126,0,0,0,0,0,0.0,0,0,0,0,0,0
866.6,2026-05-17T18:26:46,0016c001f10c2ef6,10.7,3.4,7.3,0.0,7809,700,7109,9.0,0.56,0.59,0.51,418230283,2238752666,4444,44282,1.2,233.6,3.1,2.0,150,126,0,0,0,0,0,0.0,0,0,0,0,0,0
867.1,2026-05-17T18:26:46,0016c001f10c2ef6,10.0,2.7,7.2,0.0,7809,701,7108,9.0,0.56,0.59,0.51,418233321,2238764546,3038,11880,1.2,233.6,3.1,2.0,150,126,0,0,0,0,0,0.0,0,0,0,0,0,0
867.5,2026-05-17T18:26:47,0016c001f10c2ef6,6.4,2.9,3.5,0.0,7809,701,7108,9.0,0.56,0.59,0.51,418236559,2238776360,3238,11814,1.2,233.6,3.1,2.0,150,126,0,0,0,0,0,0.0,0,0,0,0,0,0
868.0,2026-05-17T18:26:48,0016c001f10c2ef6,6.7,2.8,3.9,0.0,7809,701,7108,9.0,0.56,0.59,0.51,418239545,2238788174,2986,11814,1.2,233.6,3.1,2.0,150,126,0,0,0,0,0,0.0,0,0,0,0,0,0
868.4,2026-05-17T18:26:48,0016c001f10c2ef6,8.6,3.4,5.2,0.0,7809,701,7108,9.0,0.56,0.59,0.51,418243764,2238832390,4219,44216,1.2,233.7,3.1,2.0,150,126,0,0,0,0,0,0.0,0,0,0,0,0,0
868.8,2026-05-17T18:26:49,0016c001f10c2ef6,6.2,2.3,4.0,0.0,7809,702,7107,9.0,0.51,0.58,0.51,418246850,2238844270,3086,11880,1.2,233.7,3.1,2.0,150,126,0,0,0,0,0,0.0,0,0,0,0,0,0
869.3,2026-05-17T18:26:49,0016c001f10c2ef6,7.3,2.2,5.1,0.0,7809,701,7108,9.0,0.51,0.58,0.51,418249836,2238856084,2986,11814,1.2,233.7,3.1,2.0,150,126,0,0,0,0,0,0.0,0,0,0,0,0,0
869.7,2026-05-17T18:26:50,0016c001f10c2ef6,6.4,1.8,4.7,0.0,7809,701,7108,9.0,0.51,0.58,0.51,418253022,2238867898,3186,11814,1.2,233.7,3.1,2.0,150,126,0,0,0,0,0,0.0,0,0,0,0,0,0
870.1,2026-05-17T18:26:50,0016c001f10c2ef6,6.3,2.3,4.0,0.0,7809,701,7108,9.0,0.51,0.58,0.51,418256112,2238879712,3090,11814,1.2,233.7,3.1,2.0,150,126,0,0,0,0,0,0.0,0,0,0,0,0,0
870.6,2026-05-17T18:26:51,0016c001f10c2ef6,6.9,3.2,3.7,0.0,7809,702,7107,9.0,0.51,0.58,0.51,418260127,2238923928,4015,44216,1.2,233.7,3.1,2.0,150,126,0,0,0,0,0,0.0,0,0,0,0,0,0
871.1,2026-05-17T18:26:51,0016c001f10c2ef6,5.5,2.2,3.3,0.0,7809,703,7106,9.0,0.51,0.58,0.51,418263261,2238935742,3134,11814,1.2,233.7,3.1,2.0,150,126,0,0,0,0,0,0.0,0,0,0,0,0,0
871.5,2026-05-17T18:26:52,0016c001f10c2ef6,6.2,2.3,4.0,0.0,7809,702,7107,9.0,0.51,0.58,0.51,418266471,2238947634,3210,11892,1.2,233.7,3.1,2.0,153,129,3,3,0,0,0,0.0,0,0,0,0,0,0
871.9,2026-05-17T18:26:52,0016c001f10c2ef6,7.1,2.7,4.4,0.0,7809,702,7107,9.0,0.51,0.58,0.51,418269661,2238959514,3190,11880,1.2,233.7,3.1,2.0,153,129,0,0,0,0,0,0.0,0,0,0,0,0,0
872.4,2026-05-17T18:26:53,0016c001f10c2ef6,8.8,3.6,5.2,0.0,7809,701,7108,9.0,0.51,0.58,0.51,418273524,2239003796,3863,44282,1.2,233.7,3.1,2.0,153,129,0,0,0,0,0,0.0,0,0,0,0,0,0
872.9,2026-05-17T18:26:53,0016c001f10c2ef6,21.3,3.6,17.8,0.0,7809,702,7107,9.0,0.51,0.58,0.51,418276710,2239015610,3186,11814,1.2,233.7,3.1,2.0,153,129,0,0,0,0,0,0.0,0,0,0,0,0,0
873.3,2026-05-17T18:26:53,0016c001f10c2ef6,19.4,1.8,17.6,0.0,7809,702,7107,9.0,0.51,0.58,0.51,418279900,2239027424,3190,11814,1.2,233.7,3.1,2.0,153,129,0,0,0,0,0,0.0,0,0,0,0,0,0
873.8,2026-05-17T18:26:54,0016c001f10c2ef6,18.2,2.3,15.9,0.0,7809,702,7107,9.0,0.55,0.59,0.51,418282886,2239039238,2986,11814,1.2,233.7,3.1,2.0,153,129,0,0,0,0,0,0.0,0,0,0,0,0,0
874.2,2026-05-17T18:26:54,0016c001f10c2ef6,11.5,1.6,9.8,0.0,7809,703,7106,9.0,0.55,0.59,0.51,418286192,2239051294,3306,12056,1.2,233.7,3.1,2.0,153,129,0,0,0,0,0,0.0,0,0,0,0,0,0
874.7,2026-05-17T18:26:55,0016c001f10c2ef6,7.3,3.1,4.2,0.0,7809,703,7106,9.0,0.55,0.59,0.51,418290259,2239095510,4067,44216,1.2,233.7,3.1,2.0,153,129,0,0,0,0,0,0.0,0,0,0,0,0,0
875.1,2026-05-17T18:26:55,0016c001f10c2ef6,11.1,5.3,5.3,0.6,7809,702,7107,9.0,0.55,0.59,0.51,418293549,2239109799,3290,14289,1.2,233.7,3.1,2.0,153,129,0,0,0,0,0,0.0,0,0,0,0,0,0
875.5,2026-05-17T18:26:56,0016c001f10c2ef6,6.7,1.7,4.5,0.6,7809,702,7107,9.0,0.55,0.59,0.51,418296679,2239125181,3130,15382,1.2,233.7,3.1,2.0,153,129,0,0,0,0,0,0.0,0,0,0,0,0,0
876.0,2026-05-17T18:26:56,0016c001f10c2ef6,5.6,2.1,3.6,0.0,7809,702,7107,9.0,0.55,0.59,0.51,418299609,2239136995,2930,11814,1.2,233.7,3.1,2.0,153,129,0,0,0,0,0,0.0,0,0,0,0,0,0
876.5,2026-05-17T18:26:57,0016c001f10c2ef6,6.3,2.9,3.4,0.0,7809,702,7107,9.0,0.55,0.59,0.51,418303997,2239181211,4388,44216,1.2,233.7,3.1,2.0,153,129,0,0,0,0,0,0.0,0,0,0,0,0,0
877.0,2026-05-17T18:26:57,0016c001f10c2ef6,5.5,1.6,3.8,0.0,7809,702,7107,9.0,0.55,0.59,0.51,418307147,2239193135,3150,11924,1.2,233.7,3.1,2.0,153,129,0,0,0,0,0,0.0,0,0,0,0,0,0
877.4,2026-05-17T18:26:58,0016c001f10c2ef6,9.2,3.8,5.4,0.0,7809,702,7107,9.0,0.55,0.59,0.51,418310285,2239205081,3138,11946,1.2,233.7,3.1,2.0,153,129,0,0,0,0,0,0.0,0,0,0,0,0,0
877.9,2026-05-17T18:26:58,0016c001f10c2ef6,7.1,1.1,6.0,0.0,7809,702,7107,9.0,0.55,0.59,0.51,418313475,2239216895,3190,11814,1.2,233.7,3.1,2.0,153,129,0,0,0,0,0,0.0,0,0,0,0,0,0
878.3,2026-05-17T18:26:58,0016c001f10c2ef6,7.2,4.1,3.1,0.0,7809,703,7106,9.0,0.55,0.59,0.51,418317542,2239261111,4067,44216,1.2,233.7,3.1,2.0,153,129,0,0,0,0,0,0.0,0,0,0,0,0,0
878.8,2026-05-17T18:26:59,0016c001f10c2ef6,7.6,3.3,4.3,0.0,7809,702,7107,9.0,0.59,0.6,0.51,418320632,2239272925,3090,11814,1.2,233.7,3.1,2.0,153,129,0,0,0,0,0,0.0,0,0,0,0,0,0
879.2,2026-05-17T18:26:59,0016c001f10c2ef6,6.4,2.9,3.5,0.0,7809,702,7107,9.0,0.59,0.6,0.51,418323790,2239284817,3158,11892,1.2,233.7,3.1,2.0,153,129,0,0,0,0,0,0.0,0,0,0,0,0,0
879.7,2026-05-17T18:27:00,0016c001f10c2ef6,6.0,2.7,3.3,0.0,7809,702,7107,9.0,0.59,0.6,0.51,418327080,2239296631,3290,11814,1.2,233.7,3.1,2.0,153,129,0,0,0,0,0,0.0,0,0,0,0,0,0
880.1,2026-05-17T18:27:00,0016c001f10c2ef6,7.3,2.8,4.5,0.0,7809,702,7107,9.0,0.59,0.6,0.51,418330066,2239308445,2986,11814,1.2,233.7,3.1,2.0,153,129,0,0,0,0,0,0.0,0,0,0,0,0,0
880.5,2026-05-17T18:27:01,0016c001f10c2ef6,6.6,2.8,3.9,0.0,7809,702,7107,9.0,0.59,0.6,0.51,418334077,2239352661,4011,44216,1.2,233.7,3.1,2.0,153,129,0,0,0,0,0,0.0,0,0,0,0,0,0
881.0,2026-05-17T18:27:01,0016c001f10c2ef6,6.3,2.3,4.0,0.0,7809,701,7108,9.0,0.59,0.6,0.51,418337163,2239364475,3086,11814,1.2,233.8,3.1,2.0,153,129,0,0,0,0,0,0.0,0,0,0,0,0,0
881.4,2026-05-17T18:27:01,0016c001f10c2ef6,7.0,2.3,4.7,0.0,7809,701,7108,9.0,0.59,0.6,0.51,418340249,2239376289,3086,11814,1.2,233.8,3.1,2.0,153,129,0,0,0,0,0,0.0,0,0,0,0,0,0
881.8,2026-05-17T18:27:02,0016c001f10c2ef6,6.2,2.8,3.4,0.0,7809,701,7108,9.0,0.59,0.6,0.51,418343387,2239388103,3138,11814,1.2,233.8,3.1,2.0,153,129,0,0,0,0,0,0.0,0,0,0,0,0,0
882.3,2026-05-17T18:27:02,0016c001f10c2ef6,7.3,2.8,4.5,0.0,7809,701,7108,9.0,0.59,0.6,0.51,418346525,2239399917,3138,11814,1.2,233.8,3.1,2.0,153,129,0,0,0,0,0,0.0,0,0,0,0,0,0
882.8,2026-05-17T18:27:03,0016c001f10c2ef6,10.7,4.9,5.8,0.0,7809,700,7109,9.0,0.59,0.6,0.51,418350388,2239444199,3863,44282,1.2,233.8,3.1,2.0,153,129,0,0,0,0,0,0.0,0,0,0,0,0,0
883.2,2026-05-17T18:27:03,0016c001f10c2ef6,7.1,2.7,4.4,0.0,7809,700,7109,9.0,0.59,0.6,0.51,418353474,2239456013,3086,11814,1.2,233.8,3.1,2.0,153,129,0,0,0,0,0,0.0,0,0,0,0,0,0
883.7,2026-05-17T18:27:04,0016c001f10c2ef6,6.0,1.6,4.4,0.0,7809,700,7109,9.0,0.54,0.59,0.51,418356764,2239467827,3290,11814,1.2,233.8,3.1,2.0,153,129,0,0,0,0,0,0.0,0,0,0,0,0,0
884.1,2026-05-17T18:27:04,0016c001f10c2ef6,10.9,3.4,7.5,0.0,7809,701,7108,9.0,0.54,0.59,0.51,418359802,2239479641,3038,11814,1.2,233.8,3.1,2.0,153,129,0,0,0,0,0,0.0,0,0,0,0,0,0
884.5,2026-05-17T18:27:05,0016c001f10c2ef6,19.8,2.3,17.4,0.0,7809,701,7108,9.0,0.54,0.59,0.51,418363969,2239523857,4167,44216,1.2,233.8,3.1,2.0,153,129,0,0,0,0,0,0.0,0,0,0,0,0,0
885.0,2026-05-17T18:27:05,0016c001f10c2ef6,19.2,3.5,15.7,0.0,7809,701,7108,9.0,0.54,0.59,0.51,418367107,2239537855,3138,13998,1.2,233.8,3.1,2.0,153,129,0,0,0,0,0,0.0,0,0,0,0,0,0
885.4,2026-05-17T18:27:05,0016c001f10c2ef6,21.2,3.5,17.6,0.0,7809,702,7107,9.0,0.54,0.59,0.51,418370139,2239549669,3032,11814,1.2,233.8,3.1,2.0,153,129,0,0,0,0,0,0.0,0,0,0,0,0,0
885.8,2026-05-17T18:27:06,0016c001f10c2ef6,7.6,2.7,4.9,0.0,7809,701,7108,9.0,0.54,0.59,0.51,418373173,2239561483,3034,11814,1.2,233.8,3.1,2.0,153,129,0,0,0,0,0,0.0,0,0,0,0,0,0
886.3,2026-05-17T18:27:06,0016c001f10c2ef6,5.5,1.5,3.5,0.5,7809,700,7109,9.0,0.54,0.59,0.51,418376736,2239573297,3563,11814,1.2,233.8,3.1,2.0,153,129,0,0,0,0,0,0.0,0,0,0,0,0,0
886.8,2026-05-17T18:27:07,0016c001f10c2ef6,6.6,2.2,4.4,0.0,7809,702,7107,9.0,0.54,0.59,0.51,418380723,2239617591,3987,44294,1.2,233.8,3.1,2.0,153,129,0,0,0,0,0,0.0,0,0,0,0,0,0
887.2,2026-05-17T18:27:07,0016c001f10c2ef6,6.2,2.8,3.4,0.0,7809,702,7107,9.0,0.54,0.59,0.51,418383961,2239629405,3238,11814,1.2,233.8,3.1,2.0,153,129,0,0,0,0,0,0.0,0,0,0,0,0,0
887.6,2026-05-17T18:27:08,0016c001f10c2ef6,6.8,1.7,5.1,0.0,7809,701,7108,9.0,0.54,0.59,0.51,418387215,2239641461,3254,12056,1.2,233.8,3.1,2.0,153,129,0,0,0,0,0,0.0,0,0,0,0,0,0
888.1,2026-05-17T18:27:08,0016c001f10c2ef6,9.3,3.9,5.4,0.0,7809,703,7106,9.0,0.54,0.59,0.51,418390253,2239653341,3038,11880,1.2,233.8,3.1,2.0,153,129,0,0,0,0,0,0.0,0,0,0,0,0,0
888.6,2026-05-17T18:27:09,0016c001f10c2ef6,9.9,3.0,6.9,0.0,7809,702,7107,9.0,0.5,0.58,0.51,418394420,2239697623,4167,44282,1.2,233.8,3.1,2.0,153,129,0,0,0,0,0,0.0,0,0,0,0,0,0
889.1,2026-05-17T18:27:09,0016c001f10c2ef6,13.0,4.3,8.7,0.0,7809,701,7108,9.0,0.5,0.58,0.51,418397610,2239709503,3190,11880,1.2,233.8,3.1,2.0,153,129,0,0,0,0,0,0.0,0,0,0,0,0,0
889.6,2026-05-17T18:27:10,0016c001f10c2ef6,9.1,3.5,5.6,0.0,7809,701,7108,9.0,0.5,0.58,0.51,418400696,2239721383,3086,11880,1.2,233.8,3.1,2.0,153,129,0,0,0,0,0,0.0,0,0,0,0,0,0
890.1,2026-05-17T18:27:10,0016c001f10c2ef6,12.9,5.2,7.7,0.0,7809,701,7108,9.0,0.5,0.58,0.51,418403914,2239733419,3218,12036,1.2,233.8,3.1,2.0,153,129,0,0,0,0,0,0.0,0,0,0,0,0,0
890.6,2026-05-17T18:27:11,0016c001f10c2ef6,8.6,2.5,6.1,0.0,7809,701,7108,9.0,0.5,0.58,0.51,418408029,2239777701,4115,44282,1.2,233.8,3.1,2.0,153,129,0,0,0,0,0,0.0,0,0,0,0,0,0
891.0,2026-05-17T18:27:11,0016c001f10c2ef6,11.9,4.7,7.3,0.0,7809,701,7108,9.0,0.5,0.58,0.51,418411119,2239789581,3090,11880,1.2,233.8,3.1,2.0,153,129,0,0,0,0,0,0.0,0,0,0,0,0,0
891.5,2026-05-17T18:27:12,0016c001f10c2ef6,6.4,2.3,4.1,0.0,7809,701,7108,9.0,0.5,0.58,0.51,418414205,2239801395,3086,11814,1.2,233.8,3.1,2.0,153,129,0,0,0,0,0,0.0,0,0,0,0,0,0
891.9,2026-05-17T18:27:12,0016c001f10c2ef6,7.1,1.2,5.9,0.0,7809,701,7108,9.0,0.5,0.58,0.51,418417567,2239813295,3362,11900,1.2,233.8,3.1,2.0,153,129,0,0,0,0,0,0.0,0,0,0,0,0,0
892.3,2026-05-17T18:27:12,0016c001f10c2ef6,8.0,2.8,5.1,0.0,7809,702,7107,9.0,0.5,0.58,0.51,418420605,2239825109,3038,11814,1.2,233.8,3.1,2.0,153,129,0,0,0,0,0,0.0,0,0,0,0,0,0
892.7,2026-05-17T18:27:13,0016c001f10c2ef6,6.4,1.7,4.6,0.0,7809,701,7108,9.0,0.5,0.58,0.51,418424724,2239869325,4119,44216,1.2,233.8,3.1,2.0,153,129,0,0,0,0,0,0.0,0,0,0,0,0,0
893.1,2026-05-17T18:27:13,0016c001f10c2ef6,11.9,2.4,5.4,4.2,7809,701,7108,9.0,0.46,0.57,0.5,418427810,2239881139,3086,11814,1.2,233.8,3.1,2.0,153,129,0,0,0,0,0,0.0,0,0,0,0,0,0
893.6,2026-05-17T18:27:14,0016c001f10c2ef6,6.8,2.3,4.5,0.0,7809,701,7108,9.0,0.46,0.57,0.5,418430896,2239892953,3086,11814,1.2,233.8,3.1,2.0,153,129,0,0,0,0,0,0.0,0,0,0,0,0,0
894.0,2026-05-17T18:27:14,0016c001f10c2ef6,7.4,1.7,5.7,0.0,7809,701,7108,9.0,0.46,0.57,0.5,418433930,2239904767,3034,11814,1.2,233.8,3.1,2.0,153,129,0,0,0,0,0,0.0,0,0,0,0,0,0
894.4,2026-05-17T18:27:15,0016c001f10c2ef6,6.2,1.7,4.5,0.0,7809,700,7109,9.0,0.46,0.57,0.5,418437220,2239916581,3290,11814,1.2,233.8,3.1,2.0,153,129,0,0,0,0,0,0.0,0,0,0,0,0,0
894.9,2026-05-17T18:27:15,0016c001f10c2ef6,6.4,2.3,4.1,0.0,7809,701,7108,9.0,0.46,0.57,0.5,418441391,2239962590,4171,46009,1.2,233.8,3.1,2.0,153,129,0,0,0,0,0,0.0,0,0,0,0,0,0
895.3,2026-05-17T18:27:15,0016c001f10c2ef6,7.6,3.5,4.1,0.0,7809,701,7108,9.0,0.46,0.57,0.5,418459387,2244717709,17996,4755119,1.2,233.8,3.1,2.0,153,129,0,0,0,0,0,0.0,0,0,0,0,0,0
896.0,2026-05-17T18:27:16,0016c001f10c2ef6,21.1,3.5,17.6,0.0,7809,700,7109,9.0,0.46,0.57,0.5,418470803,2244750844,11416,33135,1.2,233.8,3.1,2.0,153,129,0,0,0,0,0,0.0,0,0,0,0,0,0
896.5,2026-05-17T18:27:17,0016c001f10c2ef6,23.5,3.0,20.5,0.0,7809,701,7108,9.0,0.46,0.57,0.5,418477604,2244767014,6801,16170,1.2,233.8,3.1,2.0,153,129,0,0,0,0,0,0.0,0,0,0,0,0,0
896.9,2026-05-17T18:27:17,0016c001f10c2ef6,21.3,3.2,18.1,0.0,7809,702,7107,9.0,0.46,0.57,0.5,418481783,2244811421,4179,44407,1.2,233.8,3.1,2.0,153,129,0,0,0,0,0,0.0,0,0,0,0,0,0
897.3,2026-05-17T18:27:17,0016c001f10c2ef6,5.7,1.7,4.0,0.0,7809,702,7107,9.0,0.46,0.57,0.5,418484973,2244823235,3190,11814,1.2,233.8,3.1,2.0,153,129,0,0,0,0,0,0.0,0,0,0,0,0,0
897.7,2026-05-17T18:27:18,0016c001f10c2ef6,5.9,2.4,3.6,0.0,7809,703,7106,9.0,0.46,0.57,0.5,418488059,2244835049,3086,11814,1.2,233.8,3.1,2.0,153,129,0,0,0,0,0,0.0,0,0,0,0,0,0
898.1,2026-05-17T18:27:18,0016c001f10c2ef6,8.6,4.0,4.0,0.6,7809,703,7106,9.0,0.42,0.56,0.5,418491201,2244846863,3142,11814,1.2,233.8,3.1,2.0,153,129,0,0,0,0,0,0.0,0,0,0,0,0,0
898.5,2026-05-17T18:27:19,0016c001f10c2ef6,6.0,2.4,3.6,0.0,7809,703,7106,9.0,0.42,0.56,0.5,418496119,2244862735,4918,15872,1.2,233.8,3.1,2.0,153,129,0,0,0,0,0,0.0,0,0,0,0,0,0
899.0,2026-05-17T18:27:19,0016c001f10c2ef6,7.1,3.6,3.6,0.0,7809,703,7106,9.0,0.42,0.56,0.5,418500186,2244907032,4067,44297,1.2,233.8,3.1,2.0,153,129,0,0,0,0,0,0.0,0,0,0,0,0,0
899.4,2026-05-17T18:27:19,0016c001f10c2ef6,6.3,1.7,4.6,0.0,7809,703,7106,9.0,0.42,0.56,0.5,418504398,2244918846,4212,11814,1.2,233.8,3.1,2.0,153,129,0,0,0,0,0,0.0,0,0,0,0,0,0
899.8,2026-05-17T18:27:20,0016c001f10c2ef6,7.1,2.7,4.4,0.0,7809,703,7106,9.0,0.42,0.56,0.5,418508502,2244934686,4104,15840,1.2,233.8,3.1,2.0,153,129,0,0,0,0,0,0.0,0,0,0,0,0,0
900.2,2026-05-17T18:27:21,0016c001f10c2ef6,5.8,2.3,3.5,0.0,7809,701,7108,9.0,0.42,0.56,0.5,418511588,2244946500,3086,11814,1.2,233.8,3.1,2.0,153,129,0,0,0,0,0,0.0,0,0,0,0,0,0
900.7,2026-05-17T18:27:22,0016c001f10c2ef6,7.0,2.3,4.7,0.0,7809,701,7108,9.0,0.42,0.56,0.5,418517175,2244977208,5587,30708,1.2,233.8,3.1,2.0,157,133,4,4,0,0,0,0.0,0,0,0,0,0,0
901.1,2026-05-17T18:27:22,0016c001f10c2ef6,11.6,5.3,6.3,0.0,7809,701,7108,9.0,0.42,0.56,0.5,418520829,2245006680,3654,29472,1.2,233.8,3.1,2.0,157,133,0,0,0,0,0,0.0,0,0,0,0,0,0
901.6,2026-05-17T18:27:23,0016c001f10c2ef6,5.3,0.6,4.7,0.0,7809,701,7108,9.0,0.42,0.56,0.5,418524071,2245018495,3242,11815,1.2,233.8,3.1,2.0,157,133,0,0,0,0,0,0.0,0,0,0,0,0,0
902.0,2026-05-17T18:27:23,0016c001f10c2ef6,5.8,2.9,2.9,0.0,7809,701,7108,9.0,0.42,0.56,0.5,418527261,2245030310,3190,11815,1.2,233.8,3.1,2.0,157,133,0,0,0,0,0,0.0,0,0,0,0,0,0
902.4,2026-05-17T18:27:23,0016c001f10c2ef6,6.5,2.4,4.2,0.0,7809,702,7107,9.0,0.42,0.56,0.5,418532407,2245046800,5146,16490,1.2,233.8,3.1,2.0,157,133,0,0,0,0,0,0.0,0,0,0,0,0,0
902.9,2026-05-17T18:27:24,0016c001f10c2ef6,7.2,4.2,3.0,0.0,7809,702,7107,9.0,0.42,0.56,0.5,418536572,2245092673,4165,45873,1.2,233.8,3.1,2.0,157,133,0,0,0,0,0,0.0,0,0,0,0,0,0
903.3,2026-05-17T18:27:24,0016c001f10c2ef6,7.6,4.7,2.9,0.0,7809,702,7107,9.0,0.39,0.55,0.5,418539762,2245104488,3190,11815,1.2,233.8,3.1,2.0,157,133,0,0,0,0,0,0.0,0,0,0,0,0,0
903.7,2026-05-17T18:27:25,0016c001f10c2ef6,7.1,2.4,4.7,0.0,7809,702,7107,9.0,0.39,0.55,0.5,418542904,2245116303,3142,11815,1.2,233.8,3.1,2.0,157,133,0,0,0,0,0,0.0,0,0,0,0,0,0
904.1,2026-05-17T18:27:25,0016c001f10c2ef6,5.4,1.8,3.6,0.0,7809,701,7108,9.0,0.39,0.55,0.5,418546194,2245128118,3290,11815,1.2,233.8,3.1,2.0,157,133,0,0,0,0,0,0.0,0,0,0,0,0,0
904.6,2026-05-17T18:27:25,0016c001f10c2ef6,7.0,2.9,4.1,0.0,7809,702,7107,9.0,0.39,0.55,0.5,418549384,2245139933,3190,11815,1.2,233.8,3.1,2.0,157,133,0,0,0,0,0,0.0,0,0,0,0,0,0
905.0,2026-05-17T18:27:26,0016c001f10c2ef6,6.9,2.9,4.0,0.0,7809,702,7107,9.0,0.39,0.55,0.5,418553503,2245184231,4119,44298,1.2,233.8,3.1,2.0,157,133,0,0,0,0,0,0.0,0,0,0,0,0,0
905.4,2026-05-17T18:27:26,0016c001f10c2ef6,5.8,1.7,4.0,0.0,7809,702,7107,9.0,0.39,0.55,0.5,418556541,2245196046,3038,11815,1.2,233.8,3.1,2.0,157,133,0,0,0,0,0,0.0,0,0,0,0,0,0
905.9,2026-05-17T18:27:27,0016c001f10c2ef6,6.7,2.8,3.9,0.0,7809,701,7108,9.0,0.39,0.55,0.5,418560208,2245207861,3667,11815,1.2,233.8,3.1,2.0,157,133,0,0,0,0,0,0.0,0,0,0,0,0,0
906.3,2026-05-17T18:27:27,0016c001f10c2ef6,9.4,2.6,6.8,0.0,7809,701,7108,9.0,0.39,0.55,0.5,418563346,2245219742,3138,11881,1.2,233.8,3.1,2.0,157,133,0,0,0,0,0,0.0,0,0,0,0,0,0
906.8,2026-05-17T18:27:28,0016c001f10c2ef6,6.9,3.5,3.5,0.0,7809,701,7108,9.0,0.39,0.55,0.5,418566897,2245246449,3551,26707,1.2,233.8,3.1,2.0,157,133,0,0,0,0,0,0.0,0,0,0,0,0,0
907.2,2026-05-17T18:27:28,0016c001f10c2ef6,15.3,3.4,11.9,0.0,7809,700,7109,9.0,0.39,0.55,0.5,418572435,2245279497,5538,33048,1.2,233.8,3.1,2.0,157,133,0,0,0,0,0,0.0,0,0,0,0,0,0
907.6,2026-05-17T18:27:29,0016c001f10c2ef6,20.7,4.1,16.6,0.0,7809,702,7107,9.0,0.39,0.55,0.5,418575677,2245291328,3242,11831,1.2,233.8,3.1,2.0,157,133,0,0,0,0,0,0.0,0,0,0,0,0,0
908.0,2026-05-17T18:27:29,0016c001f10c2ef6,18.3,1.8,16.5,0.0,7809,702,7107,9.0,0.52,0.57,0.51,418578919,2245303143,3242,11815,1.2,233.8,3.1,2.0,157,133,0,0,0,0,0,0.0,0,0,0,0,0,0
908.5,2026-05-17T18:27:29,0016c001f10c2ef6,18.7,4.2,14.5,0.0,7809,702,7107,9.0,0.52,0.57,0.51,418582161,2245314958,3242,11815,1.2,233.8,3.1,2.0,157,133,0,0,0,0,0,0.0,0,0,0,0,0,0
908.9,2026-05-17T18:27:30,0016c001f10c2ef6,5.8,2.9,2.9,0.0,7809,702,7107,9.0,0.52,0.57,0.51,418586128,2245359256,3967,44298,1.2,233.8,3.1,2.0,157,133,0,0,0,0,0,0.0,0,0,0,0,0,0
909.3,2026-05-17T18:27:30,0016c001f10c2ef6,7.6,2.9,4.1,0.6,7809,702,7107,9.0,0.52,0.57,0.51,418589314,2245371071,3186,11815,1.2,233.8,3.1,2.0,157,133,0,0,0,0,0,0.0,0,0,0,0,0,0
909.7,2026-05-17T18:27:31,0016c001f10c2ef6,6.6,3.3,3.3,0.0,7809,702,7107,9.0,0.52,0.57,0.51,418592504,2245382886,3190,11815,1.2,233.8,3.1,2.0,157,133,0,0,0,0,0,0.0,0,0,0,0,0,0
910.2,2026-05-17T18:27:31,0016c001f10c2ef6,5.2,2.3,2.9,0.0,7809,703,7106,9.0,0.52,0.57,0.51,418595490,2245394701,2986,11815,1.2,233.8,3.1,2.0,157,133,0,0,0,0,0,0.0,0,0,0,0,0,0
910.6,2026-05-17T18:27:32,0016c001f10c2ef6,8.7,3.5,5.2,0.0,7809,702,7107,9.0,0.52,0.57,0.51,418598794,2245407623,3304,12922,1.2,233.8,3.1,2.0,157,133,0,0,0,0,0,0.0,0,0,0,0,0,0
911.0,2026-05-17T18:27:32,0016c001f10c2ef6,7.5,3.5,4.0,0.0,7809,702,7107,9.0,0.52,0.57,0.51,418602861,2245451921,4067,44298,1.2,233.8,3.1,2.0,157,133,0,0,0,0,0,0.0,0,0,0,0,0,0
911.5,2026-05-17T18:27:32,0016c001f10c2ef6,8.2,3.1,5.2,0.0,7809,701,7108,9.0,0.52,0.57,0.51,418606103,2245463802,3242,11881,1.2,233.8,3.1,2.0,157,133,0,0,0,0,0,0.0,0,0,0,0,0,0
911.9,2026-05-17T18:27:33,0016c001f10c2ef6,6.3,2.3,4.0,0.0,7809,702,7107,9.0,0.52,0.57,0.51,418609241,2245475617,3138,11815,1.2,233.8,3.1,2.0,157,133,0,0,0,0,0,0.0,0,0,0,0,0,0
912.3,2026-05-17T18:27:33,0016c001f10c2ef6,6.4,2.3,4.1,0.0,7809,703,7106,9.0,0.52,0.57,0.51,418612429,2245491237,3188,15620,1.2,233.8,3.1,2.0,157,133,0,0,0,0,0,0.0,0,0,0,0,0,0
912.7,2026-05-17T18:27:34,0016c001f10c2ef6,9.4,3.5,5.3,0.6,7809,703,7106,9.0,0.47,0.56,0.5,418615719,2245503052,3290,11815,1.2,233.8,3.1,2.0,157,133,0,0,0,0,0,0.0,0,0,0,0,0,0
913.2,2026-05-17T18:27:34,0016c001f10c2ef6,7.4,2.9,4.6,0.0,7809,702,7107,9.0,0.47,0.56,0.5,418619786,2245547498,4067,44446,1.2,233.8,3.1,2.0,157,133,0,0,0,0,0,0.0,0,0,0,0,0,0
913.6,2026-05-17T18:27:35,0016c001f10c2ef6,6.5,3.6,3.0,0.0,7809,702,7107,9.0,0.47,0.56,0.5,418622976,2245559313,3190,11815,1.2,233.8,3.1,2.0,157,133,0,0,0,0,0,0.0,0,0,0,0,0,0
914.0,2026-05-17T18:27:35,0016c001f10c2ef6,6.5,1.2,5.3,0.0,7809,702,7107,9.0,0.47,0.56,0.5,418626166,2245571128,3190,11815,1.2,233.9,3.1,2.0,157,133,0,0,0,0,0,0.0,0,0,0,0,0,0
914.4,2026-05-17T18:27:35,0016c001f10c2ef6,4.6,1.7,2.9,0.0,7809,702,7107,9.0,0.47,0.56,0.5,418629204,2245582943,3038,11815,1.2,233.9,3.1,2.0,157,133,0,0,0,0,0,0.0,0,0,0,0,0,0
914.9,2026-05-17T18:27:36,0016c001f10c2ef6,6.5,2.2,4.3,0.0,7809,702,7107,9.0,0.47,0.56,0.5,418632959,2245627323,3755,44380,1.2,233.9,3.1,2.0,157,133,0,0,0,0,0,0.0,0,0,0,0,0,0
915.3,2026-05-17T18:27:36,0016c001f10c2ef6,5.8,2.9,2.9,0.0,7809,702,7107,9.0,0.47,0.56,0.5,418636730,2245639138,3771,11815,1.2,233.9,3.1,2.0,157,133,0,0,0,0,0,0.0,0,0,0,0,0,0
915.7,2026-05-17T18:27:37,0016c001f10c2ef6,5.6,2.2,3.4,0.0,7809,702,7107,9.0,0.47,0.56,0.5,418639932,2245651195,3202,12057,1.2,233.9,3.1,2.0,157,133,0,0,0,0,0,0.0,0,0,0,0,0,0
916.2,2026-05-17T18:27:37,0016c001f10c2ef6,6.2,1.1,5.1,0.0,7809,702,7107,9.0,0.47,0.56,0.5,418643070,2245663010,3138,11815,1.2,233.9,3.1,2.0,157,133,0,0,0,0,0,0.0,0,0,0,0,0,0
916.7,2026-05-17T18:27:38,0016c001f10c2ef6,11.1,4.0,7.0,0.0,7809,702,7107,9.0,0.47,0.56,0.5,418646208,2245674891,3138,11881,1.2,233.9,3.1,2.0,157,133,0,0,0,0,0,0.0,0,0,0,0,0,0
917.1,2026-05-17T18:27:38,0016c001f10c2ef6,10.6,4.8,5.9,0.0,7809,702,7107,9.0,0.47,0.56,0.5,418650379,2245719337,4171,44446,1.2,233.9,3.1,2.0,157,133,0,0,0,0,0,0.0,0,0,0,0,0,0
917.6,2026-05-17T18:27:39,0016c001f10c2ef6,12.8,3.1,7.1,2.6,7809,702,7107,9.0,0.44,0.55,0.5,418653569,2245731218,3190,11881,1.2,233.9,3.1,2.0,157,133,0,0,0,0,0,0.0,0,0,0,0,0,0
918.0,2026-05-17T18:27:39,0016c001f10c2ef6,4.7,2.3,2.3,0.0,7809,702,7107,9.0,0.44,0.55,0.5,418656783,2245743111,3214,11893,1.2,233.9,3.1,2.0,157,133,0,0,0,0,0,0.0,0,0,0,0,0,0
918.5,2026-05-17T18:27:39,0016c001f10c2ef6,9.2,2.3,6.9,0.0,7809,701,7108,9.0,0.44,0.55,0.5,418659969,2245754926,3186,11815,1.2,233.9,3.1,2.0,157,133,0,0,0,0,0,0.0,0,0,0,0,0,0
918.9,2026-05-17T18:27:40,0016c001f10c2ef6,19.1,1.7,17.3,0.0,7809,702,7107,9.0,0.44,0.55,0.5,418663672,2245766741,3703,11815,1.2,233.9,3.1,2.0,157,133,0,0,0,0,0,0.0,0,0,0,0,0,0
919.3,2026-05-17T18:27:40,0016c001f10c2ef6,20.5,2.3,17.5,0.6,7809,702,7107,9.0,0.44,0.55,0.5,418667462,2245811277,3790,44536,1.2,233.9,3.1,2.0,157,133,0,0,0,0,0,0.0,0,0,0,0,0,0
919.8,2026-05-17T18:27:41,0016c001f10c2ef6,19.0,1.7,17.2,0.0,7809,701,7108,9.0,0.44,0.55,0.5,418670600,2245823092,3138,11815,1.2,233.9,3.1,2.0,157,133,0,0,0,0,0,0.0,0,0,0,0,0,0
920.2,2026-05-17T18:27:41,0016c001f10c2ef6,8.7,2.9,5.8,0.0,7809,703,7106,9.0,0.44,0.55,0.5,418673686,2245834907,3086,11815,1.2,233.9,3.1,2.0,157,133,0,0,0,0,0,0.0,0,0,0,0,0,0
920.6,2026-05-17T18:27:42,0016c001f10c2ef6,5.4,2.4,3.0,0.0,7809,702,7107,9.0,0.44,0.55,0.5,418676824,2245846722,3138,11815,1.2,233.9,3.1,2.0,157,133,0,0,0,0,0,0.0,0,0,0,0,0,0
921.0,2026-05-17T18:27:42,0016c001f10c2ef6,5.3,1.8,3.5,0.0,7809,702,7107,9.0,0.44,0.55,0.5,418681043,2245891102,4219,44380,1.2,233.9,3.1,2.0,157,133,0,0,0,0,0,0.0,0,0,0,0,0,0
921.5,2026-05-17T18:27:42,0016c001f10c2ef6,9.4,3.5,5.8,0.0,7809,701,7108,9.0,0.44,0.55,0.5,418684285,2245902917,3242,11815,1.2,233.9,3.1,2.0,157,133,0,0,0,0,0,0.0,0,0,0,0,0,0
921.9,2026-05-17T18:27:43,0016c001f10c2ef6,5.2,2.3,2.9,0.0,7809,701,7108,9.0,0.44,0.55,0.5,418687527,2245914732,3242,11815,1.2,233.9,3.1,2.0,157,133,0,0,0,0,0,0.0,0,0,0,0,0,0
922.3,2026-05-17T18:27:43,0016c001f10c2ef6,6.5,1.8,4.7,0.0,7809,701,7108,9.0,0.44,0.55,0.5,418690711,2245927580,3184,12848,1.2,233.9,3.1,2.0,157,133,0,0,0,0,0,0.0,0,0,0,0,0,0
922.8,2026-05-17T18:27:44,0016c001f10c2ef6,8.4,2.6,5.8,0.0,7809,701,7108,9.0,0.48,0.56,0.5,418693849,2245939461,3138,11881,1.2,233.9,3.1,2.0,157,133,0,0,0,0,0,0.0,0,0,0,0,0,0
923.3,2026-05-17T18:27:44,0016c001f10c2ef6,11.3,4.9,6.4,0.0,7809,701,7108,9.0,0.48,0.56,0.5,418698020,2245983907,4171,44446,1.2,233.9,3.1,2.0,157,133,0,0,0,0,0,0.0,0,0,0,0,0,0
923.8,2026-05-17T18:27:45,0016c001f10c2ef6,8.3,3.1,5.2,0.0,7809,701,7108,9.0,0.48,0.56,0.5,418701262,2245995788,3242,11881,1.2,233.9,3.1,2.0,157,133,0,0,0,0,0,0.0,0,0,0,0,0,0
924.2,2026-05-17T18:27:45,0016c001f10c2ef6,7.3,2.3,5.1,0.0,7809,701,7108,9.0,0.48,0.56,0.5,418704300,2246007603,3038,11815,1.2,233.9,3.1,2.0,157,133,0,0,0,0,0,0.0,0,0,0,0,0,0
924.6,2026-05-17T18:27:46,0016c001f10c2ef6,5.8,2.3,3.5,0.0,7809,701,7108,9.0,0.48,0.56,0.5,418707334,2246019418,3034,11815,1.2,233.9,3.1,2.0,157,133,0,0,0,0,0,0.0,0,0,0,0,0,0
925.1,2026-05-17T18:27:46,0016c001f10c2ef6,6.1,2.8,3.3,0.0,7809,702,7107,9.0,0.48,0.56,0.5,418711878,2246063798,4544,44380,1.2,233.9,3.1,2.0,157,133,0,0,0,0,0,0.0,0,0,0,0,0,0
925.5,2026-05-17T18:27:46,0016c001f10c2ef6,6.3,2.9,3.4,0.0,7809,702,7107,9.0,0.48,0.56,0.5,418715068,2246075613,3190,11815,1.2,233.9,3.1,2.0,157,133,0,0,0,0,0,0.0,0,0,0,0,0,0
925.9,2026-05-17T18:27:47,0016c001f10c2ef6,5.3,1.2,4.1,0.0,7809,702,7107,9.0,0.48,0.56,0.5,418718330,2246087506,3262,11893,1.2,233.9,3.1,2.0,157,133,0,0,0,0,0,0.0,0,0,0,0,0,0
926.3,2026-05-17T18:27:47,0016c001f10c2ef6,7.1,2.9,4.1,0.0,7809,702,7107,9.0,0.48,0.56,0.5,418721264,2246099321,2934,11815,1.2,233.9,3.1,2.0,157,133,0,0,0,0,0,0.0,0,0,0,0,0,0
926.8,2026-05-17T18:27:48,0016c001f10c2ef6,6.5,2.2,4.3,0.0,7809,702,7107,9.0,0.48,0.56,0.5,418724454,2246111136,3190,11815,1.2,233.9,3.1,2.0,157,133,0,0,0,0,0,0.0,0,0,0,0,0,0
927.2,2026-05-17T18:27:48,0016c001f10c2ef6,6.5,2.9,3.5,0.0,7809,702,7107,9.0,0.48,0.56,0.5,418728621,2246155516,4167,44380,1.2,233.9,3.1,2.0,157,133,0,0,0,0,0,0.0,0,0,0,0,0,0
927.6,2026-05-17T18:27:49,0016c001f10c2ef6,5.8,3.5,2.3,0.0,7809,702,7107,9.0,0.52,0.57,0.51,418731811,2246167331,3190,11815,1.2,233.9,3.1,2.0,157,133,0,0,0,0,0,0.0,0,0,0,0,0,0
928.1,2026-05-17T18:27:49,0016c001f10c2ef6,5.8,2.3,3.5,0.0,7809,702,7107,9.0,0.52,0.57,0.51,418734949,2246179146,3138,11815,1.2,233.9,3.1,2.0,157,133,0,0,0,0,0,0.0,0,0,0,0,0,0
928.5,2026-05-17T18:27:49,0016c001f10c2ef6,5.8,2.3,3.5,0.0,7809,702,7107,9.0,0.52,0.57,0.51,418738191,2246190961,3242,11815,1.2,233.9,3.1,2.0,157,133,0,0,0,0,0,0.0,0,0,0,0,0,0
929.0,2026-05-17T18:27:50,0016c001f10c2ef6,9.0,3.0,6.0,0.0,7809,702,7107,9.0,0.52,0.57,0.51,418741381,2246202842,3190,11881,1.2,233.9,3.1,2.0,157,133,0,0,0,0,0,0.0,0,0,0,0,0,0
929.5,2026-05-17T18:27:50,0016c001f10c2ef6,11.3,5.2,6.2,0.0,7809,701,7108,9.0,0.52,0.57,0.51,418745500,2246247288,4119,44446,1.2,233.9,3.1,2.0,157,133,0,0,0,0,0,0.0,0,0,0,0,0,0
929.9,2026-05-17T18:27:51,0016c001f10c2ef6,12.7,3.6,9.1,0.0,7809,701,7108,9.0,0.52,0.57,0.51,418748690,2246259169,3190,11881,1.2,233.9,3.1,2.0,161,135,4,2,0,0,0,0.0,0,0,0,0,0,0
930.4,2026-05-17T18:27:51,0016c001f10c2ef6,21.4,4.0,16.8,0.6,7809,701,7108,9.0,0.52,0.57,0.51,418751828,2246270984,3138,11815,1.2,233.9,3.1,2.0,161,135,0,0,0,0,0,0.0,0,0,0,0,0,0
930.8,2026-05-17T18:27:52,0016c001f10c2ef6,17.7,1.2,16.5,0.0,7809,701,7108,9.0,0.52,0.57,0.51,418754938,2246282885,3110,11901,1.2,233.9,3.1,2.0,161,135,0,0,0,0,0,0.0,0,0,0,0,0,0
931.2,2026-05-17T18:27:52,0016c001f10c2ef6,21.0,3.6,17.4,0.0,7809,701,7108,9.0,0.52,0.57,0.51,418759209,2246327265,4271,44380,1.2,233.9,3.1,2.0,161,135,0,0,0,0,0,0.0,0,0,0,0,0,0
931.7,2026-05-17T18:27:53,0016c001f10c2ef6,8.8,1.2,7.6,0.0,7809,701,7108,9.0,0.52,0.57,0.51,418762295,2246339080,3086,11815,1.2,233.9,3.1,2.0,161,135,0,0,0,0,0,0.0,0,0,0,0,0,0
932.1,2026-05-17T18:27:53,0016c001f10c2ef6,5.8,3.5,2.3,0.0,7809,701,7108,9.0,0.52,0.57,0.51,418765445,2246351137,3150,12057,1.2,233.9,3.1,2.0,161,135,0,0,0,0,0,0.0,0,0,0,0,0,0
932.6,2026-05-17T18:27:54,0016c001f10c2ef6,5.0,1.5,3.5,0.0,7809,701,7108,9.0,0.64,0.59,0.51,418768635,2246362952,3190,11815,1.2,233.9,3.1,2.0,161,135,0,0,0,0,0,0.0,0,0,0,0,0,0
933.0,2026-05-17T18:27:55,0016c001f10c2ef6,6.4,2.9,3.5,0.0,7809,701,7108,9.0,0.64,0.59,0.51,418771621,2246374833,2986,11881,1.2,233.9,3.1,2.0,161,135,0,0,0,0,0,0.0,0,0,0,0,0,0
933.4,2026-05-17T18:27:55,0016c001f10c2ef6,7.4,2.3,5.1,0.0,7809,701,7108,9.0,0.64,0.59,0.51,418775688,2246419213,4067,44380,1.2,233.9,3.1,2.0,161,135,0,0,0,0,0,0.0,0,0,0,0,0,0
933.9,2026-05-17T18:27:56,0016c001f10c2ef6,6.3,2.3,4.0,0.0,7809,701,7108,9.0,0.64,0.59,0.51,418779082,2246431028,3394,11815,1.2,233.9,3.1,2.0,161,135,0,0,0,0,0,0.0,0,0,0,0,0,0
934.3,2026-05-17T18:27:56,0016c001f10c2ef6,9.2,2.3,6.9,0.0,7809,701,7108,9.0,0.64,0.59,0.51,418782224,2246443526,3142,12498,1.2,233.9,3.1,2.0,161,135,0,0,0,0,0,0.0,0,0,0,0,0,0
934.7,2026-05-17T18:27:56,0016c001f10c2ef6,6.4,2.3,4.1,0.0,7809,701,7108,9.0,0.64,0.59,0.51,418785514,2246455341,3290,11815,1.2,233.9,3.1,2.0,161,135,0,0,0,0,0,0.0,0,0,0,0,0,0
935.2,2026-05-17T18:27:57,0016c001f10c2ef6,9.6,4.3,4.8,0.5,7809,701,7108,9.0,0.64,0.59,0.51,418790108,2246501292,4594,45951,1.2,233.9,3.1,2.0,161,135,0,0,0,0,0,0.0,0,0,0,0,0,0
935.6,2026-05-17T18:27:57,0016c001f10c2ef6,6.8,2.3,4.5,0.0,7809,701,7108,9.0,0.64,0.59,0.51,418793194,2246513107,3086,11815,1.2,233.9,3.1,2.0,161,135,0,0,0,0,0,0.0,0,0,0,0,0,0
936.1,2026-05-17T18:27:58,0016c001f10c2ef6,7.0,3.5,3.5,0.0,7809,701,7108,9.0,0.64,0.59,0.51,418796280,2246524922,3086,11815,1.2,233.9,3.1,2.0,161,135,0,0,0,0,0,0.0,0,0,0,0,0,0
936.5,2026-05-17T18:27:58,0016c001f10c2ef6,5.3,1.2,4.1,0.0,7809,701,7108,9.0,0.64,0.59,0.51,418799470,2246536737,3190,11815,1.2,233.9,3.1,2.0,161,135,0,0,0,0,0,0.0,0,0,0,0,0,0
936.9,2026-05-17T18:27:59,0016c001f10c2ef6,6.4,2.3,4.1,0.0,7809,702,7107,9.0,0.64,0.59,0.51,418802608,2246548552,3138,11815,1.2,233.9,3.1,2.0,161,135,0,0,0,0,0,0.0,0,0,0,0,0,0
937.4,2026-05-17T18:27:59,0016c001f10c2ef6,6.5,2.4,4.1,0.0,7809,703,7106,9.0,0.59,0.58,0.51,418806627,2246592932,4019,44380,1.2,234.0,3.1,2.0,161,135,0,0,0,0,0,0.0,0,0,0,0,0,0
937.8,2026-05-17T18:28:00,0016c001f10c2ef6,5.8,2.3,3.5,0.0,7809,702,7107,9.0,0.59,0.58,0.51,418809817,2246604747,3190,11815,1.2,234.2,3.1,2.0,161,135,0,0,0,0,0,0.0,0,0,0,0,0,0
938.3,2026-05-17T18:28:00,0016c001f10c2ef6,6.4,2.0,4.5,0.0,7809,702,7107,9.0,0.59,0.58,0.51,418813107,2246616562,3290,11815,1.2,234.2,3.1,2.0,161,135,0,0,0,0,0,0.0,0,0,0,0,0,0
938.7,2026-05-17T18:28:00,0016c001f10c2ef6,5.7,1.7,4.0,0.0,7809,702,7107,9.0,0.59,0.58,0.51,418816197,2246628377,3090,11815,1.2,234.0,3.1,2.0,161,135,0,0,0,0,0,0.0,0,0,0,0,0,0
939.1,2026-05-17T18:28:01,0016c001f10c2ef6,6.4,1.7,4.6,0.0,7809,702,7107,9.0,0.59,0.58,0.51,418819451,2246640434,3254,12057,1.2,234.0,3.1,2.0,161,135,0,0,0,0,0,0.0,0,0,0,0,0,0
939.6,2026-05-17T18:28:01,0016c001f10c2ef6,6.5,2.2,4.3,0.0,7809,702,7107,9.0,0.59,0.58,0.51,418823618,2246684814,4167,44380,1.2,234.0,3.1,2.0,161,135,0,0,0,0,0,0.0,0,0,0,0,0,0
940.0,2026-05-17T18:28:02,0016c001f10c2ef6,6.3,2.9,3.4,0.0,7809,702,7107,9.0,0.59,0.58,0.51,418826808,2246696629,3190,11815,1.2,234.0,3.1,2.0,161,135,0,0,0,0,0,0.0,0,0,0,0,0,0
940.5,2026-05-17T18:28:02,0016c001f10c2ef6,9.4,3.4,5.9,0.0,7809,702,7107,9.0,0.59,0.58,0.51,418829986,2246708642,3178,12013,1.2,234.0,3.1,2.0,161,135,0,0,0,0,0,0.0,0,0,0,0,0,0
940.9,2026-05-17T18:28:03,0016c001f10c2ef6,5.4,1.2,4.2,0.0,7809,701,7108,9.0,0.59,0.58,0.51,418833024,2246720457,3038,11815,1.2,234.0,3.1,2.0,161,135,0,0,0,0,0,0.0,0,0,0,0,0,0
941.3,2026-05-17T18:28:03,0016c001f10c2ef6,6.9,1.7,5.2,0.0,7809,701,7108,9.0,0.59,0.58,0.51,418837091,2246764837,4067,44380,1.2,234.0,3.1,2.0,161,135,0,0,0,0,0,0.0,0,0,0,0,0,0
941.8,2026-05-17T18:28:04,0016c001f10c2ef6,20.7,2.9,17.8,0.0,7809,702,7107,9.0,0.59,0.58,0.51,418840349,2246776730,3258,11893,1.2,234.0,3.1,2.0,161,135,0,0,0,0,0,0.0,0,0,0,0,0,0
942.2,2026-05-17T18:28:04,0016c001f10c2ef6,19.8,3.0,16.8,0.0,7809,702,7107,9.0,0.62,0.59,0.51,418843387,2246788545,3038,11815,1.2,234.0,3.1,2.0,161,135,0,0,0,0,0,0.0,0,0,0,0,0,0
942.6,2026-05-17T18:28:04,0016c001f10c2ef6,18.0,1.8,16.2,0.0,7809,702,7107,9.0,0.62,0.59,0.51,418846525,2246800360,3138,11815,1.2,234.0,3.1,2.0,161,135,0,0,0,0,0,0.0,0,0,0,0,0,0
943.0,2026-05-17T18:28:05,0016c001f10c2ef6,15.9,0.6,15.3,0.0,7809,702,7107,9.0,0.62,0.59,0.51,418849663,2246812175,3138,11815,1.2,234.0,3.1,2.0,161,135,0,0,0,0,0,0.0,0,0,0,0,0,0
943.5,2026-05-17T18:28:05,0016c001f10c2ef6,7.4,2.8,4.5,0.0,7809,702,7107,9.0,0.62,0.59,0.51,418853830,2246856555,4167,44380,1.2,234.2,3.1,2.0,161,135,0,0,0,0,0,0.0,0,0,0,0,0,0
943.9,2026-05-17T18:28:06,0016c001f10c2ef6,6.9,1.7,5.2,0.0,7809,701,7108,9.0,0.62,0.59,0.51,418857020,2246868386,3190,11831,1.2,234.0,3.1,2.0,161,135,0,0,0,0,0,0.0,0,0,0,0,0,0
944.3,2026-05-17T18:28:06,0016c001f10c2ef6,7.5,3.5,4.0,0.0,7809,701,7108,9.0,0.62,0.59,0.51,418860366,2246882007,3346,13621,1.2,234.0,3.1,2.0,161,135,0,0,0,0,0,0.0,0,0,0,0,0,0
944.7,2026-05-17T18:28:06,0016c001f10c2ef6,7.3,2.8,4.5,0.0,7809,701,7108,9.0,0.62,0.59,0.51,418863983,2246895805,3617,13798,1.2,234.0,3.1,2.0,161,135,0,0,0,0,0,0.0,0,0,0,0,0,0
945.2,2026-05-17T18:28:07,0016c001f10c2ef6,6.9,3.4,3.4,0.0,7809,700,7109,9.0,0.62,0.59,0.51,418867221,2246907620,3238,11815,1.2,234.0,3.1,2.0,161,135,0,0,0,0,0,0.0,0,0,0,0,0,0
945.6,2026-05-17T18:28:07,0016c001f10c2ef6,12.4,4.1,8.2,0.0,7809,700,7109,9.0,0.62,0.59,0.51,418871240,2246952148,4019,44528,1.2,234.0,3.1,2.0,161,135,0,0,0,0,0,0.0,0,0,0,0,0,0
946.1,2026-05-17T18:28:08,0016c001f10c2ef6,6.9,2.9,3.4,0.6,7809,701,7108,9.0,0.62,0.59,0.51,418874530,2246963963,3290,11815,1.2,234.0,3.1,2.0,161,135,0,0,0,0,0,0.0,0,0,0,0,0,0
946.5,2026-05-17T18:28:08,0016c001f10c2ef6,5.3,0.6,4.7,0.0,7809,701,7108,9.0,0.62,0.59,0.51,418877668,2246975778,3138,11815,1.2,234.0,3.1,2.0,161,135,0,0,0,0,0,0.0,0,0,0,0,0,0
946.9,2026-05-17T18:28:09,0016c001f10c2ef6,6.4,2.9,3.5,0.0,7809,701,7108,9.0,0.57,0.58,0.51,418880758,2246987593,3090,11815,1.2,234.0,3.1,2.0,161,135,0,0,0,0,0,0.0,0,0,0,0,0,0
947.3,2026-05-17T18:28:09,0016c001f10c2ef6,5.2,1.7,3.5,0.0,7809,701,7108,9.0,0.57,0.58,0.51,418884305,2247014300,3547,26707,1.2,234.0,3.1,2.0,161,135,0,0,0,0,0,0.0,0,0,0,0,0,0
947.7,2026-05-17T18:28:09,0016c001f10c2ef6,7.1,3.6,3.6,0.0,7809,701,7108,9.0,0.57,0.58,0.51,418887959,2247043870,3654,29570,1.2,234.0,3.1,2.0,161,135,0,0,0,0,0,0.0,0,0,0,0,0,0
948.2,2026-05-17T18:28:10,0016c001f10c2ef6,5.2,1.7,3.4,0.0,7809,700,7109,9.0,0.57,0.58,0.51,418891149,2247055685,3190,11815,51.2,250.4,3.1,2.0,161,135,0,0,0,0,0,0.0,0,0,0,0,0,0
948.6,2026-05-17T18:28:10,0016c001f10c2ef6,10.7,1.1,7.3,2.3,7809,701,7108,9.0,0.57,0.58,0.51,418894415,2247067834,3266,12149,1.2,234.0,3.1,2.0,161,135,0,0,0,0,0,0.0,0,0,0,0,0,0
949.0,2026-05-17T18:28:11,0016c001f10c2ef6,5.7,2.9,2.9,0.0,7809,701,7108,9.0,0.57,0.58,0.51,418897605,2247079649,3190,11815,1.2,234.0,3.1,2.0,161,135,0,0,0,0,0,0.0,0,0,0,0,0,0
949.5,2026-05-17T18:28:11,0016c001f10c2ef6,7.3,2.3,5.1,0.0,7809,702,7107,9.0,0.57,0.58,0.51,418901692,2247124189,4087,44540,1.2,234.0,3.1,2.0,161,135,0,0,0,0,0,0.0,0,0,0,0,0,0
949.9,2026-05-17T18:28:12,0016c001f10c2ef6,8.1,4.1,4.1,0.0,7809,702,7107,9.0,0.57,0.58,0.51,418904830,2247136004,3138,11815,1.2,234.0,3.1,2.0,161,135,0,0,0,0,0,0.0,0,0,0,0,0,0
950.3,2026-05-17T18:28:12,0016c001f10c2ef6,6.3,2.9,3.4,0.0,7809,702,7107,9.0,0.57,0.58,0.51,418907968,2247147819,3138,11815,1.2,234.0,3.1,2.0,161,135,0,0,0,0,0,0.0,0,0,0,0,0,0
950.8,2026-05-17T18:28:13,0016c001f10c2ef6,12.2,5.3,6.9,0.0,7809,701,7108,9.0,0.57,0.58,0.51,418911152,2247159766,3184,11947,1.2,234.0,3.1,2.0,161,135,0,0,0,0,0,0.0,0,0,0,0,0,0
951.2,2026-05-17T18:28:13,0016c001f10c2ef6,6.4,3.5,2.9,0.0,7809,701,7108,9.0,0.57,0.58,0.51,418914190,2247171581,3038,11815,1.2,234.0,3.1,2.0,161,135,0,0,0,0,0,0.0,0,0,0,0,0,0
951.6,2026-05-17T18:28:13,0016c001f10c2ef6,8.0,3.4,4.6,0.0,7809,702,7107,9.0,0.57,0.58,0.51,418918309,2247216043,4119,44462,1.2,234.0,3.1,2.0,161,135,0,0,0,0,0,0.0,0,0,0,0,0,0
952.1,2026-05-17T18:28:14,0016c001f10c2ef6,5.7,2.8,2.8,0.0,7809,702,7107,9.0,0.53,0.57,0.51,418921499,2247227858,3190,11815,1.2,234.0,3.1,2.0,161,135,0,0,0,0,0,0.0,0,0,0,0,0,0
952.5,2026-05-17T18:28:14,0016c001f10c2ef6,10.1,3.9,4.5,1.7,7809,702,7107,9.0,0.53,0.57,0.51,418924585,2247239673,3086,11815,1.2,234.0,3.1,2.0,161,135,0,0,0,0,0,0.0,0,0,0,0,0,0
952.9,2026-05-17T18:28:15,0016c001f10c2ef6,10.0,2.4,7.6,0.0,7809,702,7107,9.0,0.53,0.57,0.51,418927671,2247251488,3086,11815,1.2,234.0,3.1,2.0,161,135,0,0,0,0,0,0.0,0,0,0,0,0,0
953.4,2026-05-17T18:28:15,0016c001f10c2ef6,18.5,1.8,16.7,0.0,7809,703,7106,9.0,0.53,0.57,0.51,418930961,2247263303,3290,11815,1.2,234.0,3.1,2.0,161,135,0,0,0,0,0,0.0,0,0,0,0,0,0
953.8,2026-05-17T18:28:16,0016c001f10c2ef6,20.2,3.6,16.7,0.0,7809,703,7106,9.0,0.53,0.57,0.51,418934820,2247307765,3859,44462,1.2,234.0,3.1,2.0,161,135,0,0,0,0,0,0.0,0,0,0,0,0,0
954.2,2026-05-17T18:28:16,0016c001f10c2ef6,18.3,3.0,15.4,0.0,7809,703,7106,9.0,0.53,0.57,0.51,418938010,2247319580,3190,11815,1.2,234.0,3.1,2.0,161,135,0,0,0,0,0,0.0,0,0,0,0,0,0
954.6,2026-05-17T18:28:16,0016c001f10c2ef6,11.0,2.3,8.7,0.0,7809,702,7107,9.0,0.53,0.57,0.51,418941681,2247331395,3671,11815,1.2,234.0,3.1,2.0,161,135,0,0,0,0,0,0.0,0,0,0,0,0,0
955.1,2026-05-17T18:28:17,0016c001f10c2ef6,5.7,2.3,3.4,0.0,7809,702,7107,9.0,0.53,0.57,0.51,418944871,2247343210,3190,11815,1.2,234.0,3.1,2.0,161,135,0,0,0,0,0,0.0,0,0,0,0,0,0
955.5,2026-05-17T18:28:17,0016c001f10c2ef6,5.8,1.7,4.1,0.0,7809,702,7107,9.0,0.53,0.57,0.51,418948938,2247387738,4067,44528,1.2,234.0,3.1,2.0,161,135,0,0,0,0,0,0.0,0,0,0,0,0,0
956.0,2026-05-17T18:28:18,0016c001f10c2ef6,18.1,8.8,9.3,0.0,7809,702,7107,9.0,0.53,0.57,0.51,418952128,2247399619,3190,11881,1.2,234.0,3.1,2.0,161,135,0,0,0,0,0,0.0,0,0,0,0,0,0
956.4,2026-05-17T18:28:18,0016c001f10c2ef6,4.8,2.4,2.4,0.0,7809,702,7107,9.0,0.53,0.57,0.51,418955318,2247411434,3190,11815,1.2,234.0,3.1,2.0,161,135,0,0,0,0,0,0.0,0,0,0,0,0,0
956.8,2026-05-17T18:28:19,0016c001f10c2ef6,5.7,1.1,4.6,0.0,7809,701,7108,9.0,0.56,0.58,0.51,418958404,2247423249,3086,11815,1.2,234.0,3.1,2.0,161,135,0,0,0,0,0,0.0,0,0,0,0,0,0
957.3,2026-05-17T18:28:19,0016c001f10c2ef6,6.8,2.3,4.5,0.0,7809,702,7107,9.0,0.56,0.58,0.51,418961666,2247435142,3262,11893,1.2,234.0,3.1,2.0,161,135,0,0,0,0,0,0.0,0,0,0,0,0,0
957.7,2026-05-17T18:28:19,0016c001f10c2ef6,8.0,4.0,3.4,0.6,7809,702,7107,9.0,0.56,0.58,0.51,418965733,2247479604,4067,44462,1.2,234.0,3.1,2.0,161,135,0,0,0,0,0,0.0,0,0,0,0,0,0
958.1,2026-05-17T18:28:20,0016c001f10c2ef6,6.9,2.9,4.0,0.0,7809,703,7106,9.0,0.56,0.58,0.51,418968871,2247491419,3138,11815,1.2,234.0,3.1,2.0,161,135,0,0,0,0,0,0.0,0,0,0,0,0,0
958.6,2026-05-17T18:28:20,0016c001f10c2ef6,6.1,2.2,3.9,0.0,7809,702,7107,9.0,0.56,0.58,0.51,418971857,2247503234,2986,11815,1.2,234.0,3.1,2.0,161,135,0,0,0,0,0,0.0,0,0,0,0,0,0
959.0,2026-05-17T18:28:21,0016c001f10c2ef6,6.4,2.9,3.5,0.0,7809,701,7108,9.0,0.56,0.58,0.51,418975047,2247515049,3190,11815,1.2,234.0,3.1,2.0,161,135,0,0,0,0,0,0.0,0,0,0,0,0,0
959.4,2026-05-17T18:28:21,0016c001f10c2ef6,5.2,1.7,3.5,0.0,7809,702,7107,9.0,0.56,0.58,0.51,418978285,2247526864,3238,11815,1.2,234.0,3.1,2.0,163,137,2,2,0,0,0,0.0,0,0,0,0,0,0
959.8,2026-05-17T18:28:22,0016c001f10c2ef6,8.1,4.6,3.5,0.0,7809,702,7107,9.0,0.56,0.58,0.51,418982148,2247571326,3863,44462,1.2,234.0,3.1,2.0,163,137,0,0,0,0,0,0.0,0,0,0,0,0,0
960.2,2026-05-17T18:28:22,0016c001f10c2ef6,5.4,1.8,3.6,0.0,7809,703,7106,9.0,0.56,0.58,0.51,418985338,2247583141,3190,11815,1.2,234.0,3.1,2.0,163,137,0,0,0,0,0,0.0,0,0,0,0,0,0
960.7,2026-05-17T18:28:22,0016c001f10c2ef6,5.7,2.9,2.9,0.0,7809,702,7107,9.0,0.56,0.58,0.51,418988576,2247594956,3238,11815,1.2,234.0,3.1,2.0,163,137,0,0,0,0,0,0.0,0,0,0,0,0,0
961.2,2026-05-17T18:28:23,0016c001f10c2ef6,8.6,3.0,5.6,0.0,7809,702,7107,9.0,0.56,0.58,0.51,418991662,2247606837,3086,11881,1.2,234.0,3.1,2.0,163,137,0,0,0,0,0,0.0,0,0,0,0,0,0
961.6,2026-05-17T18:28:23,0016c001f10c2ef6,4.8,1.8,3.0,0.0,7809,703,7106,9.0,0.52,0.57,0.51,418995729,2247651299,4067,44462,1.2,234.0,3.1,2.0,163,137,0,0,0,0,0,0.0,0,0,0,0,0,0
962.0,2026-05-17T18:28:24,0016c001f10c2ef6,7.0,2.9,4.1,0.0,7809,703,7106,9.0,0.52,0.57,0.51,418998991,2247663200,3262,11901,1.2,234.0,3.1,2.0,163,137,0,0,0,0,0,0.0,0,0,0,0,0,0
962.4,2026-05-17T18:28:24,0016c001f10c2ef6,6.9,2.3,4.6,0.0,7809,702,7107,9.0,0.52,0.57,0.51,419002077,2247675015,3086,11815,1.2,234.0,3.1,2.0,163,137,0,0,0,0,0,0.0,0,0,0,0,0,0
962.9,2026-05-17T18:28:25,0016c001f10c2ef6,5.9,2.4,3.5,0.0,7809,702,7107,9.0,0.52,0.57,0.51,419005115,2247686830,3038,11815,1.2,234.0,3.1,2.0,163,137,0,0,0,0,0,0.0,0,0,0,0,0,0
963.3,2026-05-17T18:28:25,0016c001f10c2ef6,6.8,1.7,5.1,0.0,7809,702,7107,9.0,0.52,0.57,0.51,419008201,2247698645,3086,11815,1.2,234.0,3.1,2.0,163,137,0,0,0,0,0,0.0,0,0,0,0,0,0
963.7,2026-05-17T18:28:25,0016c001f10c2ef6,8.0,2.3,5.7,0.0,7809,703,7106,9.0,0.52,0.57,0.51,419012368,2247743107,4167,44462,1.2,234.0,3.1,2.0,163,137,0,0,0,0,0,0.0,0,0,0,0,0,0
964.1,2026-05-17T18:28:26,0016c001f10c2ef6,8.0,3.4,4.6,0.0,7809,703,7106,9.0,0.52,0.57,0.51,419016033,2247757196,3665,14089,1.2,233.9,3.1,2.0,163,137,0,0,0,0,0,0.0,0,0,0,0,0,0
964.6,2026-05-17T18:28:27,0016c001f10c2ef6,16.7,4.0,12.1,0.6,7809,702,7107,9.0,0.52,0.57,0.51,419019223,2247769011,3190,11815,1.2,233.9,3.1,2.0,163,137,0,0,0,0,0,0.0,0,0,0,0,0,0
965.0,2026-05-17T18:28:28,0016c001f10c2ef6,20.3,2.9,17.4,0.0,7809,702,7107,9.0,0.52,0.57,0.51,419022313,2247780892,3090,11881,1.2,233.9,3.1,2.0,163,137,0,0,0,0,0,0.0,0,0,0,0,0,0
965.4,2026-05-17T18:28:28,0016c001f10c2ef6,18.9,1.8,17.2,0.0,7809,702,7107,9.0,0.52,0.57,0.51,419025551,2247792707,3238,11815,1.2,233.9,3.1,2.0,163,137,0,0,0,0,0,0.0,0,0,0,0,0,0
965.9,2026-05-17T18:28:28,0016c001f10c2ef6,18.7,2.9,15.8,0.0,7809,701,7108,9.0,0.52,0.57,0.51,419029670,2247837169,4119,44462,1.2,233.9,3.1,2.0,163,137,0,0,0,0,0,0.0,0,0,0,0,0,0
966.4,2026-05-17T18:28:29,0016c001f10c2ef6,8.8,2.6,6.2,0.0,7809,702,7107,9.0,0.52,0.57,0.51,419032708,2247849050,3038,11881,1.2,233.9,3.1,2.0,163,137,0,0,0,0,0,0.0,0,0,0,0,0,0
966.8,2026-05-17T18:28:29,0016c001f10c2ef6,5.8,2.3,3.5,0.0,7809,703,7106,9.0,0.48,0.56,0.51,419035998,2247860865,3290,11815,1.2,233.9,3.1,2.0,163,137,0,0,0,0,0,0.0,0,0,0,0,0,0
967.2,2026-05-17T18:28:30,0016c001f10c2ef6,4.7,2.3,2.3,0.0,7809,703,7106,9.0,0.48,0.56,0.51,419039036,2247872680,3038,11815,1.2,233.9,3.1,2.0,163,137,0,0,0,0,0,0.0,0,0,0,0,0,0
967.7,2026-05-17T18:28:30,0016c001f10c2ef6,7.6,2.9,4.7,0.0,7809,703,7106,9.0,0.48,0.56,0.51,419043203,2247917142,4167,44462,1.2,233.9,3.1,2.0,163,137,0,0,0,0,0,0.0,0,0,0,0,0,0
968.1,2026-05-17T18:28:31,0016c001f10c2ef6,6.3,2.9,3.4,0.0,7809,703,7106,9.0,0.48,0.56,0.51,419046241,2247928957,3038,11815,1.2,233.9,3.1,2.0,163,137,0,0,0,0,0,0.0,0,0,0,0,0,0
968.5,2026-05-17T18:28:31,0016c001f10c2ef6,7.7,3.0,4.8,0.0,7809,703,7106,9.0,0.48,0.56,0.51,419049427,2247940772,3186,11815,1.2,233.9,3.1,2.0,163,137,0,0,0,0,0,0.0,0,0,0,0,0,0
969.0,2026-05-17T18:28:31,0016c001f10c2ef6,6.4,1.8,4.7,0.0,7809,702,7107,9.0,0.48,0.56,0.51,419052465,2247952587,3038,11815,1.2,233.9,3.1,2.0,163,137,0,0,0,0,0,0.0,0,0,0,0,0,0
969.4,2026-05-17T18:28:32,0016c001f10c2ef6,5.9,2.4,3.6,0.0,7809,702,7107,9.0,0.48,0.56,0.51,419055551,2247964402,3086,11815,1.2,233.9,3.1,2.0,163,137,0,0,0,0,0,0.0,0,0,0,0,0,0
969.8,2026-05-17T18:28:32,0016c001f10c2ef6,5.7,2.3,3.4,0.0,7809,702,7107,9.0,0.48,0.56,0.51,419059722,2248008864,4171,44462,1.2,233.9,3.1,2.0,163,137,0,0,0,0,0,0.0,0,0,0,0,0,0
970.3,2026-05-17T18:28:33,0016c001f10c2ef6,7.0,2.9,4.1,0.0,7809,702,7107,9.0,0.48,0.56,0.51,419063012,2248020679,3290,11815,1.2,234.1,3.1,2.0,163,137,0,0,0,0,0,0.0,0,0,0,0,0,0
970.7,2026-05-17T18:28:33,0016c001f10c2ef6,5.6,1.7,4.0,0.0,7809,702,7107,9.0,0.48,0.56,0.51,419066202,2248032494,3190,11815,1.2,234.1,3.1,2.0,163,137,0,0,0,0,0,0.0,0,0,0,0,0,0
971.1,2026-05-17T18:28:34,0016c001f10c2ef6,7.4,2.9,4.6,0.0,7809,701,7108,9.0,0.48,0.56,0.51,419069340,2248044309,3138,11815,1.2,234.1,3.1,2.0,163,137,0,0,0,0,0,0.0,0,0,0,0,0,0
971.6,2026-05-17T18:28:34,0016c001f10c2ef6,10.0,3.0,7.0,0.0,7809,702,7107,9.0,0.52,0.56,0.51,419072478,2248056256,3138,11947,1.2,234.1,3.1,2.0,163,137,0,0,0,0,0,0.0,0,0,0,0,0,0
972.1,2026-05-17T18:28:35,0016c001f10c2ef6,6.9,2.9,4.0,0.0,7809,702,7107,9.0,0.52,0.56,0.51,419076393,2248100718,3915,44462,1.2,234.1,3.1,2.0,163,137,0,0,0,0,0,0.0,0,0,0,0,0,0
972.5,2026-05-17T18:28:35,0016c001f10c2ef6,7.0,2.3,4.7,0.0,7809,703,7106,9.0,0.52,0.56,0.51,419079527,2248112533,3134,11815,1.2,234.0,3.1,2.0,163,137,0,0,0,0,0,0.0,0,0,0,0,0,0
972.9,2026-05-17T18:28:35,0016c001f10c2ef6,8.6,2.3,5.7,0.6,7809,702,7107,9.0,0.52,0.56,0.51,419082789,2248125109,3262,12576,1.2,234.0,3.1,2.0,163,137,0,0,0,0,0,0.0,0,0,0,0,0,0
973.3,2026-05-17T18:28:36,0016c001f10c2ef6,6.9,1.1,5.7,0.0,7809,703,7106,9.0,0.52,0.56,0.51,419086025,2248138522,3236,13413,1.2,234.0,3.1,2.0,163,137,0,0,0,0,0,0.0,0,0,0,0,0,0
973.8,2026-05-17T18:28:36,0016c001f10c2ef6,6.3,2.3,4.0,0.0,7809,703,7106,9.0,0.52,0.56,0.51,419090264,2248183146,4239,44624,1.2,234.0,3.1,2.0,163,137,0,0,0,0,0,0.0,0,0,0,0,0,0
974.2,2026-05-17T18:28:37,0016c001f10c2ef6,9.7,3.6,4.2,1.8,7809,703,7106,9.0,0.52,0.56,0.51,419093987,2248196754,3723,13608,1.2,234.0,3.1,2.0,163,137,0,0,0,0,0,0.0,0,0,0,0,0,0
974.6,2026-05-17T18:28:37,0016c001f10c2ef6,9.9,3.8,5.5,0.5,7809,702,7107,9.0,0.52,0.56,0.51,419096973,2248208569,2986,11815,1.2,234.0,3.1,2.0,163,137,0,0,0,0,0,0.0,0,0,0,0,0,0
975.0,2026-05-17T18:28:38,0016c001f10c2ef6,5.1,1.1,4.0,0.0,7809,702,7107,9.0,0.52,0.56,0.51,419100309,2248222358,3336,13789,1.2,234.0,3.1,2.0,163,137,0,0,0,0,0,0.0,0,0,0,0,0,0
975.5,2026-05-17T18:28:38,0016c001f10c2ef6,8.7,4.0,4.6,0.0,7809,703,7106,9.0,0.52,0.56,0.51,419103347,2248234173,3038,11815,1.2,234.0,3.1,2.0,163,137,0,0,0,0,0,0.0,0,0,0,0,0,0
975.9,2026-05-17T18:28:38,0016c001f10c2ef6,4.8,1.2,3.6,0.0,7809,703,7106,9.0,0.52,0.56,0.51,419107258,2248278716,3911,44543,1.2,234.0,3.1,2.0,163,137,0,0,0,0,0,0.0,0,0,0,0,0,0
976.3,2026-05-17T18:28:39,0016c001f10c2ef6,19.9,3.0,16.9,0.0,7809,703,7106,9.0,0.56,0.57,0.51,419110548,2248290531,3290,11815,1.2,234.0,3.1,2.0,163,137,0,0,0,0,0,0.0,0,0,0,0,0,0
976.7,2026-05-17T18:28:39,0016c001f10c2ef6,20.3,2.8,17.5,0.0,7809,703,7106,9.0,0.56,0.57,0.51,419113638,2248302346,3090,11815,1.2,234.0,3.1,2.0,163,137,0,0,0,0,0,0.0,0,0,0,0,0,0
977.2,2026-05-17T18:28:40,0016c001f10c2ef6,20.3,3.5,16.9,0.0,7809,702,7107,9.0,0.56,0.57,0.51,419116928,2248314161,3290,11815,1.2,234.0,3.1,2.0,163,137,0,0,0,0,0,0.0,0,0,0,0,0,0
977.6,2026-05-17T18:28:40,0016c001f10c2ef6,12.6,1.1,11.4,0.0,7809,702,7107,9.0,0.56,0.57,0.51,419120118,2248325976,3190,11815,1.2,234.0,3.1,2.0,163,137,0,0,0,0,0,0.0,0,0,0,0,0,0
978.0,2026-05-17T18:28:41,0016c001f10c2ef6,8.8,4.4,4.4,0.0,7809,702,7107,9.0,0.56,0.57,0.51,419124261,2248370675,4143,44699,1.2,234.0,3.1,2.0,163,137,0,0,0,0,0,0.0,0,0,0,0,0,0
978.5,2026-05-17T18:28:41,0016c001f10c2ef6,5.4,1.2,4.2,0.0,7809,702,7107,9.0,0.56,0.57,0.51,419127399,2248382490,3138,11815,1.2,234.0,3.1,2.0,163,137,0,0,0,0,0,0.0,0,0,0,0,0,0
978.9,2026-05-17T18:28:41,0016c001f10c2ef6,7.0,2.3,4.7,0.0,7809,702,7107,9.0,0.56,0.57,0.51,419130641,2248394305,3242,11815,1.2,234.0,3.1,2.0,163,137,0,0,0,0,0,0.0,0,0,0,0,0,0
979.3,2026-05-17T18:28:42,0016c001f10c2ef6,6.8,1.7,5.1,0.0,7809,702,7107,9.0,0.56,0.57,0.51,419133883,2248406120,3242,11815,1.2,234.0,3.1,2.0,163,137,0,0,0,0,0,0.0,0,0,0,0,0,0
979.7,2026-05-17T18:28:42,0016c001f10c2ef6,5.7,2.3,3.4,0.0,7809,703,7106,9.0,0.56,0.57,0.51,419136921,2248417935,3038,11815,1.2,234.0,3.1,2.0,163,137,0,0,0,0,0,0.0,0,0,0,0,0,0
980.2,2026-05-17T18:28:43,0016c001f10c2ef6,9.9,5.2,4.7,0.0,7809,703,7106,9.0,0.56,0.57,0.51,419141040,2248462478,4119,44543,1.2,234.0,3.1,2.0,163,137,0,0,0,0,0,0.0,0,0,0,0,0,0
980.6,2026-05-17T18:28:43,0016c001f10c2ef6,5.7,2.3,3.4,0.0,7809,703,7106,9.0,0.56,0.57,0.51,419144250,2248474371,3210,11893,1.2,234.0,3.1,2.0,163,137,0,0,0,0,0,0.0,0,0,0,0,0,0
981.0,2026-05-17T18:28:44,0016c001f10c2ef6,5.8,1.8,4.1,0.0,7809,702,7107,9.0,0.56,0.57,0.51,419147436,2248486186,3186,11815,1.2,234.0,3.1,2.0,163,137,0,0,0,0,0,0.0,0,0,0,0,0,0
981.4,2026-05-17T18:28:44,0016c001f10c2ef6,8.6,3.8,4.8,0.0,7809,703,7106,9.0,0.51,0.56,0.51,419150678,2248498001,3242,11815,1.2,234.0,3.1,2.0,163,137,0,0,0,0,0,0.0,0,0,0,0,0,0
981.9,2026-05-17T18:28:44,0016c001f10c2ef6,8.5,3.0,5.5,0.0,7809,702,7107,9.0,0.51,0.56,0.51,419154797,2248542610,4119,44609,1.2,234.0,3.1,2.0,163,137,0,0,0,0,0,0.0,0,0,0,0,0,0
982.3,2026-05-17T18:28:45,0016c001f10c2ef6,7.6,2.3,5.3,0.0,7809,702,7107,9.0,0.51,0.56,0.51,419158039,2248554425,3242,11815,1.2,234.0,3.1,2.0,163,137,0,0,0,0,0,0.0,0,0,0,0,0,0
982.8,2026-05-17T18:28:45,0016c001f10c2ef6,8.1,4.1,3.5,0.6,7809,703,7106,9.0,0.51,0.56,0.51,419161123,2248569272,3084,14847,1.2,234.0,3.1,2.0,163,137,0,0,0,0,0,0.0,0,0,0,0,0,0
983.2,2026-05-17T18:28:46,0016c001f10c2ef6,5.9,3.6,2.4,0.0,7809,703,7106,9.0,0.51,0.56,0.51,419164313,2248581087,3190,11815,1.2,234.0,3.1,2.0,163,137,0,0,0,0,0,0.0,0,0,0,0,0,0
983.6,2026-05-17T18:28:46,0016c001f10c2ef6,6.3,1.7,4.6,0.0,7809,702,7107,9.0,0.51,0.56,0.51,419167603,2248592902,3290,11815,1.2,234.0,3.1,2.0,163,137,0,0,0,0,0,0.0,0,0,0,0,0,0
984.0,2026-05-17T18:28:47,0016c001f10c2ef6,5.6,2.3,3.4,0.0,7809,703,7106,9.0,0.51,0.56,0.51,419172099,2248637445,4496,44543,1.2,234.0,3.1,2.0,163,137,0,0,0,0,0,0.0,0,0,0,0,0,0
984.4,2026-05-17T18:28:47,0016c001f10c2ef6,5.4,3.0,2.4,0.0,7809,703,7106,9.0,0.51,0.56,0.51,419175241,2248649260,3142,11815,1.2,234.0,3.1,2.0,163,137,0,0,0,0,0,0.0,0,0,0,0,0,0
984.8,2026-05-17T18:28:47,0016c001f10c2ef6,5.8,2.3,3.5,0.0,7809,703,7106,9.0,0.51,0.56,0.51,419178479,2248661075,3238,11815,1.2,234.0,3.1,2.0,163,137,0,0,0,0,0,0.0,0,0,0,0,0,0
985.3,2026-05-17T18:28:48,0016c001f10c2ef6,7.4,2.8,4.5,0.0,7809,702,7107,9.0,0.51,0.56,0.51,419181617,2248672890,3138,11815,1.2,234.0,3.1,2.0,163,137,0,0,0,0,0,0.0,0,0,0,0,0,0
985.7,2026-05-17T18:28:48,0016c001f10c2ef6,5.8,2.3,3.5,0.0,7809,702,7107,9.0,0.51,0.56,0.51,419184859,2248684705,3242,11815,1.2,234.0,3.1,2.0,163,137,0,0,0,0,0,0.0,0,0,0,0,0,0
986.1,2026-05-17T18:28:49,0016c001f10c2ef6,7.5,3.4,4.0,0.0,7809,702,7107,9.0,0.55,0.57,0.51,419188874,2248729248,4015,44543,1.2,234.0,3.1,2.0,163,137,0,0,0,0,0,0.0,0,0,0,0,0,0
986.5,2026-05-17T18:28:49,0016c001f10c2ef6,5.4,2.4,3.0,0.0,7809,702,7107,9.0,0.55,0.57,0.51,419192064,2248741063,3190,11815,1.2,234.0,3.1,2.0,163,137,0,0,0,0,0,0.0,0,0,0,0,0,0
987.0,2026-05-17T18:28:50,0016c001f10c2ef6,9.5,4.5,5.0,0.0,7809,702,7107,9.0,0.55,0.57,0.51,419195150,2248752944,3086,11881,1.2,234.0,3.1,2.0,163,137,0,0,0,0,0,0.0,0,0,0,0,0,0
987.4,2026-05-17T18:28:50,0016c001f10c2ef6,12.0,2.9,9.1,0.0,7809,703,7106,9.0,0.55,0.57,0.51,419198288,2248764759,3138,11815,1.2,234.0,3.1,2.0,163,137,0,0,0,0,0,0.0,0,0,0,0,0,0
987.9,2026-05-17T18:28:50,0016c001f10c2ef6,18.5,1.8,16.7,0.0,7809,703,7106,9.0,0.55,0.57,0.51,419201478,2248776574,3190,11815,1.2,234.0,3.1,2.0,163,137,0,0,0,0,0,0.0,0,0,0,0,0,0
988.3,2026-05-17T18:28:51,0016c001f10c2ef6,20.2,3.5,16.8,0.0,7809,702,7107,9.0,0.55,0.57,0.51,419205465,2248821195,3987,44621,1.2,234.0,3.1,2.0,163,137,0,0,0,0,0,0.0,0,0,0,0,0,0
988.7,2026-05-17T18:28:51,0016c001f10c2ef6,19.4,1.8,17.6,0.0,7809,702,7107,9.0,0.55,0.57,0.51,419208703,2248833010,3238,11815,1.2,234.0,3.1,2.0,167,141,4,4,0,0,0,0.0,0,0,0,0,0,0
989.1,2026-05-17T18:28:52,0016c001f10c2ef6,6.9,2.3,4.6,0.0,7809,702,7107,9.0,0.55,0.57,0.51,419211793,2248844825,3090,11815,1.2,234.0,3.1,2.0,167,141,0,0,0,0,0,0.0,0,0,0,0,0,0
989.6,2026-05-17T18:28:52,0016c001f10c2ef6,5.9,2.4,3.0,0.6,7809,703,7106,9.0,0.55,0.57,0.51,419215083,2248856640,3290,11815,1.2,234.0,3.1,2.0,167,141,0,0,0,0,0,0.0,0,0,0,0,0,0
990.0,2026-05-17T18:28:53,0016c001f10c2ef6,6.2,1.7,4.5,0.0,7809,702,7107,9.0,0.55,0.57,0.51,419219098,2248901183,4015,44543,1.2,234.0,3.1,2.0,167,141,0,0,0,0,0,0.0,0,0,0,0,0,0
990.4,2026-05-17T18:28:53,0016c001f10c2ef6,6.4,2.9,3.5,0.0,7809,701,7108,9.0,0.55,0.57,0.51,419222240,2248912998,3142,11815,1.2,234.0,3.1,2.0,167,141,0,0,0,0,0,0.0,0,0,0,0,0,0
990.8,2026-05-17T18:28:53,0016c001f10c2ef6,8.0,2.9,5.1,0.0,7809,702,7107,9.0,0.51,0.56,0.51,419225530,2248924813,3290,11815,1.2,234.0,3.1,2.0,167,141,0,0,0,0,0,0.0,0,0,0,0,0,0
991.3,2026-05-17T18:28:54,0016c001f10c2ef6,5.8,0.6,5.2,0.0,7809,703,7106,9.0,0.51,0.56,0.51,419228620,2248936628,3090,11815,1.2,234.0,3.1,2.0,167,141,0,0,0,0,0,0.0,0,0,0,0,0,0
991.7,2026-05-17T18:28:54,0016c001f10c2ef6,8.6,3.4,5.1,0.0,7809,703,7106,9.0,0.51,0.56,0.51,419231858,2248948443,3238,11815,1.2,234.0,3.1,2.0,167,141,0,0,0,0,0,0.0,0,0,0,0,0,0
992.2,2026-05-17T18:28:55,0016c001f10c2ef6,11.1,4.0,7.1,0.0,7809,703,7106,9.0,0.51,0.56,0.51,419235977,2248993052,4119,44609,1.2,234.0,3.1,2.0,167,141,0,0,0,0,0,0.0,0,0,0,0,0,0
992.7,2026-05-17T18:28:55,0016c001f10c2ef6,8.8,2.6,6.2,0.0,7809,703,7106,9.0,0.51,0.56,0.51,419239167,2249004933,3190,11881,1.2,234.0,3.1,2.0,167,141,0,0,0,0,0,0.0,0,0,0,0,0,0
993.1,2026-05-17T18:28:56,0016c001f10c2ef6,5.8,2.3,3.5,0.0,7809,703,7106,9.0,0.51,0.56,0.51,419242357,2249016748,3190,11815,1.2,234.0,3.1,2.0,167,141,0,0,0,0,0,0.0,0,0,0,0,0,0
993.5,2026-05-17T18:28:56,0016c001f10c2ef6,6.2,2.8,3.4,0.0,7809,703,7106,9.0,0.51,0.56,0.51,419245876,2249028563,3519,11815,1.2,234.0,3.1,2.0,167,141,0,0,0,0,0,0.0,0,0,0,0,0,0
994.0,2026-05-17T18:28:56,0016c001f10c2ef6,7.3,2.2,5.1,0.0,7809,703,7106,9.0,0.51,0.56,0.51,419249114,2249040378,3238,11815,1.2,234.0,3.1,2.0,167,141,0,0,0,0,0,0.0,0,0,0,0,0,0
994.4,2026-05-17T18:28:57,0016c001f10c2ef6,6.9,2.9,4.0,0.0,7809,703,7106,9.0,0.51,0.56,0.51,419253285,2249084921,4171,44543,1.2,234.0,3.1,2.0,167,141,0,0,0,0,0,0.0,0,0,0,0,0,0
994.8,2026-05-17T18:28:57,0016c001f10c2ef6,7.3,2.8,4.5,0.0,7809,702,7107,9.0,0.51,0.56,0.51,419256475,2249096736,3190,11815,1.2,234.0,3.1,2.0,167,141,0,0,0,0,0,0.0,0,0,0,0,0,0
995.2,2026-05-17T18:28:58,0016c001f10c2ef6,8.4,4.2,4.2,0.0,7809,702,7107,9.0,0.51,0.56,0.51,419259721,2249109917,3246,13181,1.2,234.1,3.1,2.0,167,141,0,0,0,0,0,0.0,0,0,0,0,0,0
995.6,2026-05-17T18:28:58,0016c001f10c2ef6,9.4,2.9,5.8,0.6,7809,702,7107,9.0,0.47,0.55,0.51,419263069,2249124356,3348,14439,1.2,234.1,3.1,2.0,167,141,0,0,0,0,0,0.0,0,0,0,0,0,0
996.1,2026-05-17T18:28:59,0016c001f10c2ef6,5.0,1.7,3.3,0.0,7809,702,7107,9.0,0.47,0.55,0.51,419267108,2249168977,4039,44621,1.2,234.1,3.1,2.0,167,141,0,0,0,0,0,0.0,0,0,0,0,0,0
996.5,2026-05-17T18:28:59,0016c001f10c2ef6,8.3,3.0,5.4,0.0,7809,702,7107,9.0,0.47,0.55,0.51,419270294,2249180792,3186,11815,1.2,234.1,3.1,2.0,167,141,0,0,0,0,0,0.0,0,0,0,0,0,0
996.9,2026-05-17T18:29:00,0016c001f10c2ef6,6.2,2.8,3.4,0.0,7809,702,7107,9.0,0.47,0.55,0.51,419273484,2249192607,3190,11815,1.2,234.1,3.1,2.0,167,141,0,0,0,0,0,0.0,0,0,0,0,0,0
997.4,2026-05-17T18:29:01,0016c001f10c2ef6,5.8,2.9,2.9,0.0,7809,701,7108,9.0,0.47,0.55,0.51,419276726,2249204422,3242,11815,1.2,234.1,3.1,2.0,167,141,0,0,0,0,0,0.0,0,0,0,0,0,0
997.9,2026-05-17T18:29:01,0016c001f10c2ef6,10.2,3.6,6.6,0.0,7809,701,7108,9.0,0.47,0.55,0.51,419279916,2249216303,3190,11881,1.2,234.1,3.1,2.0,167,141,0,0,0,0,0,0.0,0,0,0,0,0,0
998.4,2026-05-17T18:29:02,0016c001f10c2ef6,10.3,3.6,6.7,0.0,7809,703,7106,9.0,0.47,0.55,0.51,419283931,2249260912,4015,44609,1.2,234.1,3.1,2.0,167,141,0,0,0,0,0,0.0,0,0,0,0,0,0
998.8,2026-05-17T18:29:02,0016c001f10c2ef6,7.5,2.3,5.2,0.0,7809,703,7106,9.0,0.47,0.55,0.51,419287021,2249272727,3090,11815,1.2,234.1,3.1,2.0,167,141,0,0,0,0,0,0.0,0,0,0,0,0,0
999.3,2026-05-17T18:29:03,0016c001f10c2ef6,19.6,2.2,17.3,0.0,7809,703,7106,9.0,0.47,0.55,0.51,419290107,2249284542,3086,11815,1.2,234.1,3.1,2.0,167,141,0,0,0,0,0,0.0,0,0,0,0,0,0
999.7,2026-05-17T18:29:03,0016c001f10c2ef6,18.9,2.3,16.6,0.0,7809,702,7107,9.0,0.47,0.55,0.51,419293193,2249296357,3086,11815,1.2,234.1,3.1,2.0,167,141,0,0,0,0,0,0.0,0,0,0,0,0,0
1000.2,2026-05-17T18:29:04,0016c001f10c2ef6,18.6,1.2,17.4,0.0,7809,703,7106,9.0,0.47,0.55,0.51,419297312,2249340900,4119,44543,1.2,234.1,3.1,2.0,167,141,0,0,0,0,0,0.0,0,0,0,0,0,0
1000.6,2026-05-17T18:29:04,0016c001f10c2ef6,10.5,2.3,8.2,0.0,7809,702,7107,9.0,0.43,0.54,0.5,419300554,2249352715,3242,11815,1.2,234.1,3.1,2.0,167,141,0,0,0,0,0,0.0,0,0,0,0,0,0
1001.1,2026-05-17T18:29:04,0016c001f10c2ef6,5.3,2.4,3.0,0.0,7809,703,7106,9.0,0.43,0.54,0.5,419303792,2249364530,3238,11815,1.2,234.1,3.1,2.0,167,141,0,0,0,0,0,0.0,0,0,0,0,0,0
1001.5,2026-05-17T18:29:05,0016c001f10c2ef6,5.4,2.7,2.7,0.0,7809,703,7106,9.0,0.43,0.54,0.5,419306902,2249376431,3110,11901,1.2,234.1,3.1,2.0,167,141,0,0,0,0,0,0.0,0,0,0,0,0,0
1002.0,2026-05-17T18:29:05,0016c001f10c2ef6,7.6,4.1,3.5,0.0,7809,702,7107,9.0,0.43,0.54,0.5,419310040,2249388246,3138,11815,1.2,234.1,3.1,2.0,167,141,0,0,0,0,0,0.0,0,0,0,0,0,0
1002.4,2026-05-17T18:29:06,0016c001f10c2ef6,7.1,3.0,4.2,0.0,7809,702,7107,9.0,0.43,0.54,0.5,419314311,2249432855,4271,44609,1.2,234.1,3.1,2.0,167,141,0,0,0,0,0,0.0,0,0,0,0,0,0
1002.8,2026-05-17T18:29:06,0016c001f10c2ef6,6.4,1.8,4.7,0.0,7809,703,7106,9.0,0.43,0.54,0.5,419317501,2249444670,3190,11815,1.2,234.1,3.1,2.0,167,141,0,0,0,0,0,0.0,0,0,0,0,0,0
1003.2,2026-05-17T18:29:07,0016c001f10c2ef6,5.9,2.4,3.6,0.0,7809,703,7106,9.0,0.43,0.54,0.5,419320743,2249456485,3242,11815,1.2,234.1,3.1,2.0,167,141,0,0,0,0,0,0.0,0,0,0,0,0,0
1003.7,2026-05-17T18:29:07,0016c001f10c2ef6,10.1,3.2,6.9,0.0,7809,703,7106,9.0,0.43,0.54,0.5,419324258,2249468366,3515,11881,1.2,234.1,3.1,2.0,167,141,0,0,0,0,0,0.0,0,0,0,0,0,0
1004.1,2026-05-17T18:29:08,0016c001f10c2ef6,9.2,2.6,6.7,0.0,7809,703,7106,9.0,0.43,0.54,0.5,419328429,2249512975,4171,44609,1.2,234.1,3.1,2.0,167,141,0,0,0,0,0,0.0,0,0,0,0,0,0
1004.6,2026-05-17T18:29:08,0016c001f10c2ef6,10.9,5.7,5.2,0.0,7809,703,7106,9.0,0.43,0.54,0.5,419331571,2249524856,3142,11881,1.2,234.1,3.1,2.0,167,141,0,0,0,0,0,0.0,0,0,0,0,0,0
1005.1,2026-05-17T18:29:08,0016c001f10c2ef6,7.5,2.3,5.2,0.0,7809,703,7106,9.0,0.43,0.54,0.5,419335017,2249539224,3446,14368,1.2,234.0,3.1,2.0,167,141,0,0,0,0,0,0.0,0,0,0,0,0,0
1005.5,2026-05-17T18:29:09,0016c001f10c2ef6,9.1,5.1,3.4,0.6,7809,704,7105,9.0,0.43,0.54,0.5,419338149,2249554632,3132,15408,1.2,234.0,3.1,2.0,167,141,0,0,0,0,0,0.0,0,0,0,0,0,0
1005.9,2026-05-17T18:29:09,0016c001f10c2ef6,6.4,2.3,4.1,0.0,7809,703,7106,9.0,0.56,0.57,0.51,419341187,2249566447,3038,11815,1.2,234.0,3.1,2.0,167,141,0,0,0,0,0,0.0,0,0,0,0,0,0
1006.3,2026-05-17T18:29:10,0016c001f10c2ef6,6.4,2.3,4.1,0.0,7809,703,7106,9.0,0.56,0.57,0.51,419345458,2249611071,4271,44624,1.2,234.0,3.1,2.0,167,141,0,0,0,0,0,0.0,0,0,0,0,0,0
1006.7,2026-05-17T18:29:10,0016c001f10c2ef6,8.7,2.9,5.8,0.0,7809,702,7107,9.0,0.56,0.57,0.51,419348392,2249622886,2934,11815,1.2,234.0,3.1,2.0,167,141,0,0,0,0,0,0.0,0,0,0,0,0,0
1007.2,2026-05-17T18:29:11,0016c001f10c2ef6,6.1,1.7,4.4,0.0,7809,703,7106,9.0,0.56,0.57,0.51,419351554,2249634857,3162,11971,1.2,234.0,3.1,2.0,167,141,0,0,0,0,0,0.0,0,0,0,0,0,0
1007.6,2026-05-17T18:29:11,0016c001f10c2ef6,5.5,1.1,4.4,0.0,7809,703,7106,9.0,0.56,0.57,0.51,419354536,2249646672,2982,11815,1.2,234.0,3.1,2.0,167,141,0,0,0,0,0,0.0,0,0,0,0,0,0
1008.0,2026-05-17T18:29:11,0016c001f10c2ef6,7.0,2.9,4.1,0.0,7809,703,7106,9.0,0.56,0.57,0.51,419357670,2249658487,3134,11815,1.2,234.0,3.1,2.0,167,141,0,0,0,0,0,0.0,0,0,0,0,0,0
1008.5,2026-05-17T18:29:12,0016c001f10c2ef6,7.1,3.3,3.8,0.0,7809,703,7106,9.0,0.56,0.57,0.51,419361533,2249703111,3863,44624,1.2,234.0,3.1,2.0,167,141,0,0,0,0,0,0.0,0,0,0,0,0,0
1008.9,2026-05-17T18:29:12,0016c001f10c2ef6,5.7,1.1,4.6,0.0,7809,703,7106,9.0,0.56,0.57,0.51,419364771,2249714926,3238,11815,1.2,234.0,3.1,2.0,167,141,0,0,0,0,0,0.0,0,0,0,0,0,0
1009.3,2026-05-17T18:29:13,0016c001f10c2ef6,7.9,3.4,4.5,0.0,7809,703,7106,9.0,0.56,0.57,0.51,419368013,2249726741,3242,11815,1.2,234.0,3.1,2.0,167,141,0,0,0,0,0,0.0,0,0,0,0,0,0
1009.8,2026-05-17T18:29:13,0016c001f10c2ef6,10.8,4.9,5.9,0.0,7809,702,7107,9.0,0.56,0.57,0.51,419371203,2249738622,3190,11881,1.2,234.0,3.1,2.0,167,141,0,0,0,0,0,0.0,0,0,0,0,0,0
1010.3,2026-05-17T18:29:14,0016c001f10c2ef6,7.3,2.3,4.5,0.6,7809,702,7107,9.0,0.56,0.57,0.51,419375218,2249783246,4015,44624,1.2,234.0,3.1,2.0,167,141,0,0,0,0,0,0.0,0,0,0,0,0,0
1010.7,2026-05-17T18:29:14,0016c001f10c2ef6,19.2,2.4,16.8,0.0,7809,702,7107,9.0,0.59,0.57,0.51,419378356,2249795061,3138,11815,1.2,234.0,3.1,2.0,167,141,0,0,0,0,0,0.0,0,0,0,0,0,0
1011.1,2026-05-17T18:29:14,0016c001f10c2ef6,19.8,2.3,17.4,0.0,7809,702,7107,9.0,0.59,0.57,0.51,419381342,2249806876,2986,11815,1.2,234.0,3.1,2.0,167,141,0,0,0,0,0,0.0,0,0,0,0,0,0
1011.5,2026-05-17T18:29:15,0016c001f10c2ef6,18.5,3.0,15.5,0.0,7809,702,7107,9.0,0.59,0.57,0.51,419384428,2249818691,3086,11815,1.2,234.0,3.1,2.0,167,141,0,0,0,0,0,0.0,0,0,0,0,0,0
1012.0,2026-05-17T18:29:15,0016c001f10c2ef6,16.2,2.9,12.1,1.2,7809,703,7106,9.0,0.59,0.57,0.51,419387690,2249830584,3262,11893,1.2,234.0,3.1,2.0,167,141,0,0,0,0,0,0.0,0,0,0,0,0,0
1012.4,2026-05-17T18:29:16,0016c001f10c2ef6,7.3,4.0,3.4,0.0,7809,702,7107,9.0,0.59,0.57,0.51,419391857,2249875208,4167,44624,1.2,234.0,3.1,2.0,167,141,0,0,0,0,0,0.0,0,0,0,0,0,0
1012.8,2026-05-17T18:29:16,0016c001f10c2ef6,6.5,2.4,4.1,0.0,7809,703,7106,9.0,0.59,0.57,0.51,419395047,2249887023,3190,11815,1.2,234.0,3.1,2.0,167,141,0,0,0,0,0,0.0,0,0,0,0,0,0
1013.2,2026-05-17T18:29:17,0016c001f10c2ef6,5.1,0.6,4.6,0.0,7809,704,7105,9.0,0.59,0.57,0.51,419398514,2249898838,3467,11815,1.2,234.0,3.1,2.0,167,141,0,0,0,0,0,0.0,0,0,0,0,0,0
1013.7,2026-05-17T18:29:17,0016c001f10c2ef6,6.8,2.3,4.5,0.0,7809,704,7105,9.0,0.59,0.57,0.51,419401752,2249910653,3238,11815,1.2,234.0,3.1,2.0,167,141,0,0,0,0,0,0.0,0,0,0,0,0,0
1014.1,2026-05-17T18:29:17,0016c001f10c2ef6,6.3,1.1,5.2,0.0,7809,702,7107,9.0,0.59,0.57,0.51,419404842,2249922468,3090,11815,1.2,234.0,3.1,2.0,167,141,0,0,0,0,0,0.0,0,0,0,0,0,0
1014.5,2026-05-17T18:29:18,0016c001f10c2ef6,6.3,1.7,4.6,0.0,7809,702,7107,9.0,0.59,0.57,0.51,419408905,2249967092,4063,44624,1.2,234.0,3.1,2.0,167,141,0,0,0,0,0,0.0,0,0,0,0,0,0
1015.0,2026-05-17T18:29:18,0016c001f10c2ef6,12.2,5.1,7.1,0.0,7809,701,7108,9.0,0.59,0.57,0.51,419412193,2249981218,3288,14126,1.2,234.0,3.1,2.0,167,141,0,0,0,0,0,0.0,0,0,0,0,0,0
1015.4,2026-05-17T18:29:19,0016c001f10c2ef6,11.5,5.8,5.8,0.0,7809,701,7108,9.0,0.54,0.56,0.51,419415435,2249993099,3242,11881,1.2,234.0,3.1,2.0,167,141,0,0,0,0,0,0.0,0,0,0,0,0,0
1015.9,2026-05-17T18:29:19,0016c001f10c2ef6,8.8,2.6,6.2,0.0,7809,702,7107,9.0,0.54,0.56,0.51,419418625,2250004980,3190,11881,1.2,234.0,3.1,2.0,167,141,0,0,0,0,0,0.0,0,0,0,0,0,0
1016.4,2026-05-17T18:29:20,0016c001f10c2ef6,10.3,3.1,7.2,0.0,7809,702,7107,9.0,0.54,0.56,0.51,419422692,2250049670,4067,44690,1.2,234.2,3.1,2.0,167,141,0,0,0,0,0,0.0,0,0,0,0,0,0
1016.8,2026-05-17T18:29:20,0016c001f10c2ef6,7.3,2.3,4.5,0.6,7809,702,7107,9.0,0.54,0.56,0.51,419425882,2250061485,3190,11815,1.2,234.2,3.1,2.0,167,141,0,0,0,0,0,0.0,0,0,0,0,0,0
1017.2,2026-05-17T18:29:21,0016c001f10c2ef6,5.8,1.8,4.1,0.0,7809,702,7107,9.0,0.54,0.56,0.51,419429024,2250073300,3142,11815,1.2,234.2,3.1,2.0,167,141,0,0,0,0,0,0.0,0,0,0,0,0,0
1017.6,2026-05-17T18:29:21,0016c001f10c2ef6,6.4,1.8,4.7,0.0,7809,702,7107,9.0,0.54,0.56,0.51,419432210,2250085115,3186,11815,1.2,234.2,3.1,2.0,172,145,5,4,0,0,0,0.0,0,0,0,0,0,0
1018.1,2026-05-17T18:29:21,0016c001f10c2ef6,6.8,2.8,4.0,0.0,7809,701,7108,9.0,0.54,0.56,0.51,419435400,2250096930,3190,11815,1.2,234.2,3.1,2.0,172,145,0,0,0,0,0,0.0,0,0,0,0,0,0
1018.5,2026-05-17T18:29:22,0016c001f10c2ef6,7.4,2.8,4.5,0.0,7809,702,7107,9.0,0.54,0.56,0.51,419439519,2250141554,4119,44624,1.2,234.2,3.1,2.0,172,145,0,0,0,0,0,0.0,0,0,0,0,0,0
1018.9,2026-05-17T18:29:22,0016c001f10c2ef6,5.2,1.7,3.4,0.0,7809,703,7106,9.0,0.54,0.56,0.51,419442609,2250153369,3090,11815,1.2,234.2,3.1,2.0,172,145,0,0,0,0,0,0.0,0,0,0,0,0,0
1019.3,2026-05-17T18:29:23,0016c001f10c2ef6,6.7,2.2,4.5,0.0,7809,703,7106,9.0,0.54,0.56,0.51,419445919,2250165262,3310,11893,1.2,234.2,3.1,2.0,172,145,0,0,0,0,0,0.0,0,0,0,0,0,0
1019.8,2026-05-17T18:29:23,0016c001f10c2ef6,6.2,1.7,4.5,0.0,7809,703,7106,9.0,0.54,0.56,0.51,419449057,2250177077,3138,11815,1.2,234.2,3.1,2.0,172,145,0,0,0,0,0,0.0,0,0,0,0,0,0
1020.2,2026-05-17T18:29:24,0016c001f10c2ef6,6.9,2.9,4.0,0.0,7809,703,7106,9.0,0.5,0.55,0.51,419452195,2250188892,3138,11815,1.2,234.2,3.1,2.0,172,145,0,0,0,0,0,0.0,0,0,0,0,0,0
1020.6,2026-05-17T18:29:24,0016c001f10c2ef6,6.9,2.9,4.0,0.0,7809,703,7106,9.0,0.5,0.55,0.51,419456210,2250233516,4015,44624,1.2,234.2,3.1,2.0,172,145,0,0,0,0,0,0.0,0,0,0,0,0,0
1021.0,2026-05-17T18:29:24,0016c001f10c2ef6,7.3,2.3,5.1,0.0,7809,702,7107,9.0,0.5,0.55,0.51,419459400,2250245331,3190,11815,1.2,234.2,3.1,2.0,172,145,0,0,0,0,0,0.0,0,0,0,0,0,0
1021.5,2026-05-17T18:29:25,0016c001f10c2ef6,9.0,4.0,5.0,0.0,7809,703,7106,9.0,0.5,0.55,0.51,419462538,2250257212,3138,11881,1.2,234.2,3.1,2.0,172,145,0,0,0,0,0,0.0,0,0,0,0,0,0
1022.0,2026-05-17T18:29:25,0016c001f10c2ef6,19.0,2.3,16.7,0.0,7809,703,7106,9.0,0.5,0.55,0.51,419465728,2250269027,3190,11815,1.2,234.2,3.1,2.0,172,145,0,0,0,0,0,0.0,0,0,0,0,0,0
1022.4,2026-05-17T18:29:26,0016c001f10c2ef6,18.3,1.8,16.6,0.0,7809,703,7106,9.0,0.5,0.55,0.51,419469691,2250313651,3963,44624,1.2,234.2,3.1,2.0,172,145,0,0,0,0,0,0.0,0,0,0,0,0,0
1022.9,2026-05-17T18:29:26,0016c001f10c2ef6,19.8,3.4,16.4,0.0,7809,703,7106,9.0,0.5,0.55,0.51,419473258,2250325466,3567,11815,1.2,234.2,3.1,2.0,172,145,0,0,0,0,0,0.0,0,0,0,0,0,0
1023.3,2026-05-17T18:29:27,0016c001f10c2ef6,13.6,2.8,10.8,0.0,7809,703,7106,9.0,0.5,0.55,0.51,419476396,2250337281,3138,11815,1.2,234.2,3.1,2.0,172,145,0,0,0,0,0,0.0,0,0,0,0,0,0
1023.7,2026-05-17T18:29:27,0016c001f10c2ef6,6.8,2.3,4.5,0.0,7809,703,7106,9.0,0.5,0.55,0.51,419479534,2250349096,3138,11815,1.2,234.2,3.1,2.0,172,145,0,0,0,0,0,0.0,0,0,0,0,0,0
1024.2,2026-05-17T18:29:28,0016c001f10c2ef6,6.5,2.4,4.1,0.0,7809,702,7107,9.0,0.5,0.55,0.51,419482572,2250360911,3038,11815,1.2,234.2,3.1,2.0,172,145,0,0,0,0,0,0.0,0,0,0,0,0,0
1024.6,2026-05-17T18:29:28,0016c001f10c2ef6,7.0,2.9,4.1,0.0,7809,703,7106,9.0,0.5,0.55,0.51,419486791,2250407629,4219,46718,1.2,234.1,3.1,2.0,172,145,0,0,0,0,0,0.0,0,0,0,0,0,0
1025.0,2026-05-17T18:29:28,0016c001f10c2ef6,9.4,2.9,5.8,0.6,7809,703,7106,9.0,0.46,0.54,0.51,419489975,2250419444,3184,11815,1.2,234.1,3.1,2.0,172,145,0,0,0,0,0,0.0,0,0,0,0,0,0
1025.4,2026-05-17T18:29:29,0016c001f10c2ef6,6.4,2.9,3.5,0.0,7809,702,7107,9.0,0.46,0.54,0.51,419493113,2250431259,3138,11815,1.2,234.1,3.1,2.0,172,145,0,0,0,0,0,0.0,0,0,0,0,0,0
1025.8,2026-05-17T18:29:29,0016c001f10c2ef6,6.5,1.8,4.8,0.0,7809,702,7107,9.0,0.46,0.54,0.51,419496145,2250444023,3032,12764,1.2,234.1,3.1,2.0,172,145,0,0,0,0,0,0.0,0,0,0,0,0,0
1026.3,2026-05-17T18:29:30,0016c001f10c2ef6,7.1,3.6,3.6,0.0,7809,701,7108,9.0,0.46,0.54,0.51,419499435,2250455838,3290,11815,1.2,234.1,3.1,2.0,172,145,0,0,0,0,0,0.0,0,0,0,0,0,0
1026.7,2026-05-17T18:29:30,0016c001f10c2ef6,9.2,4.9,4.3,0.0,7809,702,7107,9.0,0.46,0.54,0.51,419503402,2250500553,3967,44715,1.2,234.1,3.1,2.0,172,145,0,0,0,0,0,0.0,0,0,0,0,0,0
1027.1,2026-05-17T18:29:31,0016c001f10c2ef6,8.2,2.9,5.3,0.0,7809,702,7107,9.0,0.46,0.54,0.51,419506560,2250512446,3158,11893,1.2,234.1,3.1,2.0,172,145,0,0,0,0,0,0.0,0,0,0,0,0,0
1027.6,2026-05-17T18:29:31,0016c001f10c2ef6,7.5,4.0,3.4,0.0,7809,701,7108,9.0,0.46,0.54,0.51,419509850,2250524261,3290,11815,1.2,234.1,3.1,2.0,172,145,0,0,0,0,0,0.0,0,0,0,0,0,0
1028.0,2026-05-17T18:29:31,0016c001f10c2ef6,7.0,2.9,4.1,0.0,7809,701,7108,9.0,0.46,0.54,0.51,419512988,2250536076,3138,11815,1.2,234.1,3.1,2.0,172,145,0,0,0,0,0,0.0,0,0,0,0,0,0
1028.4,2026-05-17T18:29:32,0016c001f10c2ef6,5.3,1.8,3.6,0.0,7809,702,7107,9.0,0.46,0.54,0.51,419516126,2250547891,3138,11815,1.2,234.1,3.1,2.0,172,145,0,0,0,0,0,0.0,0,0,0,0,0,0
1028.8,2026-05-17T18:29:32,0016c001f10c2ef6,6.0,2.4,3.6,0.0,7809,702,7107,9.0,0.46,0.54,0.51,419520245,2250592540,4119,44649,1.2,234.1,3.1,2.0,172,145,0,0,0,0,0,0.0,0,0,0,0,0,0
1029.2,2026-05-17T18:29:34,0016c001f10c2ef6,5.9,1.8,4.1,0.0,7809,702,7107,9.0,0.46,0.54,0.51,419523435,2250604355,3190,11815,1.2,234.1,3.1,2.0,172,145,0,0,0,0,0,0.0,0,0,0,0,0,0
1029.7,2026-05-17T18:29:34,0016c001f10c2ef6,5.2,1.2,4.0,0.0,7809,701,7108,9.0,0.46,0.54,0.51,419526625,2250616170,3190,11815,1.2,234.1,3.1,2.0,172,145,0,0,0,0,0,0.0,0,0,0,0,0,0
1030.1,2026-05-17T18:29:34,0016c001f10c2ef6,7.9,2.8,5.1,0.0,7809,701,7108,9.0,0.5,0.55,0.51,419529867,2250627985,3242,11815,1.2,234.1,3.1,2.0,172,145,0,0,0,0,0,0.0,0,0,0,0,0,0
1030.6,2026-05-17T18:29:35,0016c001f10c2ef6,5.2,1.2,4.1,0.0,7809,702,7107,9.0,0.5,0.55,0.51,419533834,2250672634,3967,44649,1.2,234.1,3.1,2.0,172,145,0,0,0,0,0,0.0,0,0,0,0,0,0
1031.0,2026-05-17T18:29:35,0016c001f10c2ef6,7.1,3.5,3.5,0.0,7809,702,7107,9.0,0.5,0.55,0.51,419537072,2250684449,3238,11815,1.2,234.1,3.1,2.0,172,145,0,0,0,0,0,0.0,0,0,0,0,0,0
1031.5,2026-05-17T18:29:36,0016c001f10c2ef6,5.7,1.7,4.0,0.0,7809,702,7107,9.0,0.5,0.55,0.51,419540210,2250696264,3138,11815,1.2,234.1,3.1,2.0,172,145,0,0,0,0,0,0.0,0,0,0,0,0,0
1032.0,2026-05-17T18:29:36,0016c001f10c2ef6,9.4,2.6,6.8,0.0,7809,703,7106,9.0,0.5,0.55,0.51,419543348,2250708145,3138,11881,1.2,234.1,3.1,2.0,172,145,0,0,0,0,0,0.0,0,0,0,0,0,0
1032.4,2026-05-17T18:29:37,0016c001f10c2ef6,6.4,2.9,3.5,0.0,7809,703,7106,9.0,0.5,0.55,0.51,419546386,2250719960,3038,11815,1.2,234.1,3.1,2.0,172,145,0,0,0,0,0,0.0,0,0,0,0,0,0
1032.8,2026-05-17T18:29:37,0016c001f10c2ef6,6.8,2.8,4.0,0.0,7809,703,7106,9.0,0.5,0.55,0.51,419550726,2250764609,4340,44649,1.2,234.1,3.1,2.0,172,145,0,0,0,0,0,0.0,0,0,0,0,0,0
1033.3,2026-05-17T18:29:38,0016c001f10c2ef6,8.0,2.9,5.2,0.0,7809,703,7106,9.0,0.5,0.55,0.51,419553964,2250776424,3238,11815,1.2,234.1,3.1,2.0,172,145,0,0,0,0,0,0.0,0,0,0,0,0,0
1033.7,2026-05-17T18:29:38,0016c001f10c2ef6,19.0,2.5,16.6,0.0,7809,703,7106,9.0,0.5,0.55,0.51,419557154,2250788239,3190,11815,1.2,234.1,3.1,2.0,172,145,0,0,0,0,0,0.0,0,0,0,0,0,0
1034.2,2026-05-17T18:29:38,0016c001f10c2ef6,19.8,1.7,18.0,0.0,7809,703,7106,9.0,0.5,0.55,0.51,419560244,2250800054,3090,11815,1.2,234.1,3.1,2.0,172,145,0,0,0,0,0,0.0,0,0,0,0,0,0
1034.6,2026-05-17T18:29:39,0016c001f10c2ef6,18.4,2.3,16.1,0.0,7809,703,7106,9.0,0.5,0.55,0.51,419564359,2250844769,4115,44715,1.2,234.1,3.1,2.0,172,145,0,0,0,0,0,0.0,0,0,0,0,0,0
1035.1,2026-05-17T18:29:39,0016c001f10c2ef6,12.1,2.9,9.2,0.0,7809,703,7106,9.0,0.46,0.54,0.51,419567445,2250856584,3086,11815,1.2,234.1,3.1,2.0,172,145,0,0,0,0,0,0.0,0,0,0,0,0,0
1035.5,2026-05-17T18:29:40,0016c001f10c2ef6,7.6,1.8,5.9,0.0,7809,703,7106,9.0,0.46,0.54,0.51,419570659,2250869160,3214,12576,1.2,234.1,3.1,2.0,172,145,0,0,0,0,0,0.0,0,0,0,0,0,0
1035.9,2026-05-17T18:29:40,0016c001f10c2ef6,8.4,3.9,3.9,0.6,7809,703,7106,9.0,0.46,0.54,0.51,419573943,2250882541,3284,13381,1.2,234.1,3.1,2.0,172,145,0,0,0,0,0,0.0,0,0,0,0,0,0
1036.3,2026-05-17T18:29:41,0016c001f10c2ef6,5.8,1.8,4.1,0.0,7809,702,7107,9.0,0.46,0.54,0.51,419577209,2250894512,3266,11971,1.2,234.1,3.1,2.0,172,145,0,0,0,0,0,0.0,0,0,0,0,0,0
1036.8,2026-05-17T18:29:41,0016c001f10c2ef6,6.1,1.8,4.2,0.0,7809,702,7107,9.0,0.46,0.54,0.51,419581276,2250939161,4067,44649,1.2,234.0,3.1,2.0,172,145,0,0,0,0,0,0.0,0,0,0,0,0,0
1037.2,2026-05-17T18:29:42,0016c001f10c2ef6,10.1,3.5,6.6,0.0,7809,702,7107,9.0,0.46,0.54,0.51,419584466,2250951042,3190,11881,1.2,234.0,3.1,2.0,172,145,0,0,0,0,0,0.0,0,0,0,0,0,0
1037.7,2026-05-17T18:29:42,0016c001f10c2ef6,6.4,3.5,2.9,0.0,7809,702,7107,9.0,0.46,0.54,0.51,419587604,2250962857,3138,11815,1.2,234.0,3.1,2.0,172,145,0,0,0,0,0,0.0,0,0,0,0,0,0
1038.1,2026-05-17T18:29:42,0016c001f10c2ef6,5.9,1.8,4.1,0.0,7809,701,7108,9.0,0.46,0.54,0.51,419590642,2250974672,3038,11815,1.2,234.0,3.1,2.0,172,145,0,0,0,0,0,0.0,0,0,0,0,0,0
1038.5,2026-05-17T18:29:43,0016c001f10c2ef6,8.6,4.6,4.0,0.0,7809,701,7108,9.0,0.46,0.54,0.51,419593880,2250986487,3238,11815,1.2,234.0,3.1,2.0,172,145,0,0,0,0,0,0.0,0,0,0,0,0,0
1038.9,2026-05-17T18:29:43,0016c001f10c2ef6,6.9,2.9,4.0,0.0,7809,702,7107,9.0,0.46,0.54,0.51,419597895,2251031202,4015,44715,1.2,234.0,3.1,2.0,172,145,0,0,0,0,0,0.0,0,0,0,0,0,0
1039.3,2026-05-17T18:29:44,0016c001f10c2ef6,6.3,1.7,4.6,0.0,7809,702,7107,9.0,0.46,0.54,0.51,419601085,2251043017,3190,11815,1.2,234.0,3.1,2.0,172,145,0,0,0,0,0,0.0,0,0,0,0,0,0
1039.8,2026-05-17T18:29:44,0016c001f10c2ef6,7.3,2.8,4.5,0.0,7809,702,7107,9.0,0.43,0.53,0.5,419604227,2251054832,3142,11815,1.2,234.0,3.1,2.0,172,145,0,0,0,0,0,0.0,0,0,0,0,0,0
1040.2,2026-05-17T18:29:44,0016c001f10c2ef6,6.9,2.3,4.6,0.0,7809,704,7105,9.0,0.43,0.53,0.5,419607437,2251066733,3210,11901,1.2,234.0,3.1,2.0,172,145,0,0,0,0,0,0.0,0,0,0,0,0,0
1040.6,2026-05-17T18:29:45,0016c001f10c2ef6,6.4,1.2,5.2,0.0,7809,703,7106,9.0,0.43,0.53,0.5,419611448,2251111382,4011,44649,1.2,234.0,3.1,2.0,172,145,0,0,0,0,0,0.0,0,0,0,0,0,0
1041.0,2026-05-17T18:29:45,0016c001f10c2ef6,7.4,2.9,4.6,0.0,7809,703,7106,9.0,0.43,0.53,0.5,419614794,2251123197,3346,11815,1.2,234.0,3.1,2.0,172,145,0,0,0,0,0,0.0,0,0,0,0,0,0
1041.5,2026-05-17T18:29:46,0016c001f10c2ef6,5.3,1.8,3.5,0.0,7809,703,7106,9.0,0.43,0.53,0.5,419617984,2251135012,3190,11815,1.2,234.0,3.1,2.0,172,145,0,0,0,0,0,0.0,0,0,0,0,0,0
1041.9,2026-05-17T18:29:46,0016c001f10c2ef6,7.3,1.1,6.2,0.0,7809,703,7106,9.0,0.43,0.53,0.5,419621226,2251146827,3242,11815,1.2,234.0,3.1,2.0,172,145,0,0,0,0,0,0.0,0,0,0,0,0,0
1042.4,2026-05-17T18:29:47,0016c001f10c2ef6,9.6,4.5,5.1,0.0,7809,703,7106,9.0,0.43,0.53,0.5,419624821,2251158798,3595,11971,1.2,234.0,3.1,2.0,172,145,0,0,0,0,0,0.0,0,0,0,0,0,0
1042.8,2026-05-17T18:29:47,0016c001f10c2ef6,5.9,2.4,3.5,0.0,7809,703,7106,9.0,0.43,0.53,0.5,419629040,2251203447,4219,44649,1.2,234.0,3.1,2.0,172,145,0,0,0,0,0,0.0,0,0,0,0,0,0
1043.2,2026-05-17T18:29:47,0016c001f10c2ef6,8.1,2.9,5.2,0.0,7809,703,7106,9.0,0.43,0.53,0.5,419632026,2251215262,2986,11815,1.2,234.0,3.1,2.0,172,145,0,0,0,0,0,0.0,0,0,0,0,0,0
1043.6,2026-05-17T18:29:48,0016c001f10c2ef6,6.0,2.4,3.0,0.6,7809,703,7106,9.0,0.43,0.53,0.5,419635264,2251227077,3238,11815,1.2,234.0,3.1,2.0,172,145,0,0,0,0,0,0.0,0,0,0,0,0,0
1044.0,2026-05-17T18:29:48,0016c001f10c2ef6,6.3,2.3,4.0,0.0,7809,703,7106,9.0,0.43,0.53,0.5,419638354,2251238892,3090,11815,1.2,234.0,3.1,2.0,172,145,0,0,0,0,0,0.0,0,0,0,0,0,0
1044.4,2026-05-17T18:29:49,0016c001f10c2ef6,6.4,1.7,4.7,0.0,7809,702,7107,9.0,0.43,0.53,0.5,419641492,2251250707,3138,11815,1.2,234.0,3.1,2.0,172,145,0,0,0,0,0,0.0,0,0,0,0,0,0
1044.9,2026-05-17T18:29:49,0016c001f10c2ef6,13.0,2.3,10.7,0.0,7809,702,7107,9.0,0.39,0.52,0.5,419645555,2251295356,4063,44649,1.2,234.0,3.1,2.0,172,145,0,0,0,0,0,0.0,0,0,0,0,0,0
1045.3,2026-05-17T18:29:50,0016c001f10c2ef6,18.0,1.7,16.3,0.0,7809,702,7107,9.0,0.39,0.52,0.5,419648745,2251307920,3190,12564,1.2,234.0,3.1,2.0,172,145,0,0,0,0,0,0.0,0,0,0,0,0,0
1045.7,2026-05-17T18:29:50,0016c001f10c2ef6,21.6,4.0,17.6,0.0,7809,703,7106,9.0,0.39,0.52,0.5,419651887,2251319735,3142,11815,1.2,234.0,3.1,2.0,172,145,0,0,0,0,0,0.0,0,0,0,0,0,0
1046.2,2026-05-17T18:29:50,0016c001f10c2ef6,18.2,2.3,15.9,0.0,7809,703,7106,9.0,0.39,0.52,0.5,419655177,2251333059,3290,13324,1.2,234.0,3.1,2.0,172,145,0,0,0,0,0,0.0,0,0,0,0,0,0
1046.6,2026-05-17T18:29:51,0016c001f10c2ef6,6.4,2.3,4.1,0.0,7809,703,7106,9.0,0.39,0.52,0.5,419658413,2251344874,3236,11815,1.2,234.0,3.1,2.0,172,145,0,0,0,0,0,0.0,0,0,0,0,0,0
1047.0,2026-05-17T18:29:51,0016c001f10c2ef6,6.4,3.5,2.9,0.0,7809,702,7107,9.0,0.39,0.52,0.5,419662584,2251389523,4171,44649,1.2,234.0,3.1,2.0,175,148,3,3,0,0,0,0.0,0,0,0,0,0,0
1047.5,2026-05-17T18:29:52,0016c001f10c2ef6,10.3,4.9,5.4,0.0,7809,703,7106,9.0,0.39,0.52,0.5,419665670,2251401404,3086,11881,1.2,234.0,3.1,2.0,175,148,0,0,0,0,0,0.0,0,0,0,0,0,0
1047.9,2026-05-17T18:29:52,0016c001f10c2ef6,7.1,3.6,3.6,0.0,7809,703,7106,9.0,0.39,0.52,0.5,419668756,2251413219,3086,11815,1.2,234.0,3.1,2.0,175,148,0,0,0,0,0,0.0,0,0,0,0,0,0
1048.3,2026-05-17T18:29:53,0016c001f10c2ef6,5.8,2.9,2.9,0.0,7809,703,7106,9.0,0.39,0.52,0.5,419671894,2251425034,3138,11815,1.2,234.0,3.1,2.0,175,148,0,0,0,0,0,0.0,0,0,0,0,0,0
1048.7,2026-05-17T18:29:53,0016c001f10c2ef6,6.1,2.2,3.9,0.0,7809,701,7108,9.0,0.39,0.52,0.5,419674932,2251436849,3038,11815,1.2,234.0,3.1,2.0,175,148,0,0,0,0,0,0.0,0,0,0,0,0,0
1049.1,2026-05-17T18:29:53,0016c001f10c2ef6,6.3,2.3,4.0,0.0,7809,702,7107,9.0,0.39,0.52,0.5,419678999,2251481498,4067,44649,1.2,234.0,3.1,2.0,175,148,0,0,0,0,0,0.0,0,0,0,0,0,0
1049.5,2026-05-17T18:29:54,0016c001f10c2ef6,6.2,2.3,4.0,0.0,7809,703,7106,9.0,0.36,0.52,0.5,419682137,2251493313,3138,11815,1.2,234.0,3.1,2.0,175,148,0,0,0,0,0,0.0,0,0,0,0,0,0
1050.0,2026-05-17T18:29:54,0016c001f10c2ef6,6.4,2.9,3.5,0.0,7809,702,7107,9.0,0.36,0.52,0.5,419685223,2251505128,3086,11815,1.2,234.0,3.1,2.0,175,148,0,0,0,0,0,0.0,0,0,0,0,0,0
1050.4,2026-05-17T18:29:55,0016c001f10c2ef6,5.9,2.0,3.9,0.0,7809,703,7106,9.0,0.36,0.52,0.5,419688493,2251518204,3270,13076,1.2,234.0,3.1,2.0,175,148,0,0,0,0,0,0.0,0,0,0,0,0,0
1050.8,2026-05-17T18:29:55,0016c001f10c2ef6,6.8,1.7,5.1,0.0,7809,703,7106,9.0,0.36,0.52,0.5,419692356,2251562853,3863,44649,1.2,234.0,3.1,2.0,175,148,0,0,0,0,0,0.0,0,0,0,0,0,0
1051.3,2026-05-17T18:29:56,0016c001f10c2ef6,7.1,3.5,3.5,0.0,7809,703,7106,9.0,0.36,0.52,0.5,419695598,2251574668,3242,11815,1.2,234.0,3.1,2.0,175,148,0,0,0,0,0,0.0,0,0,0,0,0,0
1051.7,2026-05-17T18:29:56,0016c001f10c2ef6,6.3,1.7,4.6,0.0,7809,702,7107,9.0,0.36,0.52,0.5,419698632,2251586483,3034,11815,1.2,234.0,3.1,2.0,175,148,0,0,0,0,0,0.0,0,0,0,0,0,0
1052.1,2026-05-17T18:29:56,0016c001f10c2ef6,5.8,2.3,3.5,0.0,7809,702,7107,9.0,0.36,0.52,0.5,419702299,2251598298,3667,11815,1.2,234.0,3.1,2.0,175,148,0,0,0,0,0,0.0,0,0,0,0,0,0
1052.6,2026-05-17T18:29:57,0016c001f10c2ef6,10.8,3.9,6.9,0.0,7809,702,7107,9.0,0.36,0.52,0.5,419705385,2251610179,3086,11881,1.2,234.0,3.1,2.0,175,148,0,0,0,0,0,0.0,0,0,0,0,0,0
1053.1,2026-05-17T18:29:57,0016c001f10c2ef6,7.5,2.3,5.2,0.0,7809,702,7107,9.0,0.36,0.52,0.5,419709400,2251654828,4015,44649,1.2,234.0,3.1,2.0,175,148,0,0,0,0,0,0.0,0,0,0,0,0,0
1053.5,2026-05-17T18:29:58,0016c001f10c2ef6,7.5,1.7,5.8,0.0,7809,701,7108,9.0,0.36,0.52,0.5,419712538,2251666643,3138,11815,1.2,234.0,3.1,2.0,175,148,0,0,0,0,0,0.0,0,0,0,0,0,0
1053.9,2026-05-17T18:29:58,0016c001f10c2ef6,6.1,1.7,4.5,0.0,7809,701,7108,9.0,0.36,0.52,0.5,419715576,2251678458,3038,11815,1.2,234.0,3.1,2.0,175,148,0,0,0,0,0,0.0,0,0,0,0,0,0
1054.3,2026-05-17T18:29:59,0016c001f10c2ef6,6.8,1.7,4.5,0.6,7809,702,7107,9.0,0.33,0.51,0.49,419718766,2251690956,3190,12498,1.2,234.0,3.1,2.0,175,148,0,0,0,0,0,0.0,0,0,0,0,0,0
1054.8,2026-05-17T18:29:59,0016c001f10c2ef6,8.0,4.0,4.0,0.0,7809,703,7106,9.0,0.33,0.51,0.49,419722102,2251704357,3336,13401,1.2,234.1,3.1,2.0,175,148,0,0,0,0,0,0.0,0,0,0,0,0,0
1055.2,2026-05-17T18:29:59,0016c001f10c2ef6,7.6,3.5,4.1,0.0,7809,702,7107,9.0,0.33,0.51,0.49,419726173,2251750799,4071,46442,1.2,234.1,3.1,2.0,175,148,0,0,0,0,0,0.0,0,0,0,0,0,0
1055.6,2026-05-17T18:30:00,0016c001f10c2ef6,9.4,4.1,5.3,0.0,7809,702,7107,9.0,0.33,0.51,0.49,419729411,2251762614,3238,11815,1.2,234.1,3.1,2.0,175,148,0,0,0,0,0,0.0,0,0,0,0,0,0
1056.1,2026-05-17T18:30:00,0016c001f10c2ef6,7.9,1.7,6.2,0.0,7809,702,7107,9.0,0.33,0.51,0.49,419732547,2251776404,3136,13790,1.2,234.1,3.1,2.0,175,148,0,0,0,0,0,0.0,0,0,0,0,0,0
1056.5,2026-05-17T18:30:01,0016c001f10c2ef6,20.0,2.9,17.1,0.0,7809,703,7106,9.0,0.33,0.51,0.49,419735737,2251788219,3190,11815,1.2,234.1,3.1,2.0,175,148,0,0,0,0,0,0.0,0,0,0,0,0,0
1056.9,2026-05-17T18:30:01,0016c001f10c2ef6,18.0,1.8,16.2,0.0,7809,705,7104,9.0,0.33,0.51,0.49,419739904,2251832949,4167,44730,1.2,234.1,3.1,2.0,175,148,0,0,0,0,0,0.0,0,0,0,0,0,0
1057.4,2026-05-17T18:30:02,0016c001f10c2ef6,19.7,2.3,17.3,0.0,7809,704,7105,9.0,0.33,0.51,0.49,419743042,2251844764,3138,11815,1.2,234.1,3.1,2.0,175,148,0,0,0,0,0,0.0,0,0,0,0,0,0
1057.8,2026-05-17T18:30:02,0016c001f10c2ef6,10.2,2.0,8.1,0.0,7809,705,7104,9.0,0.33,0.51,0.49,419746180,2251856579,3138,11815,1.2,234.1,3.1,2.0,175,148,0,0,0,0,0,0.0,0,0,0,0,0,0
1058.3,2026-05-17T18:30:03,0016c001f10c2ef6,6.9,2.9,4.0,0.0,7809,704,7105,9.0,0.33,0.51,0.49,419749390,2251868472,3210,11893,1.2,234.1,3.1,2.0,175,148,0,0,0,0,0,0.0,0,0,0,0,0,0
1058.7,2026-05-17T18:30:03,0016c001f10c2ef6,5.8,1.7,4.0,0.0,7809,703,7106,9.0,0.33,0.51,0.49,419752428,2251880287,3038,11815,1.2,234.1,3.1,2.0,175,148,0,0,0,0,0,0.0,0,0,0,0,0,0
1059.1,2026-05-17T18:30:03,0016c001f10c2ef6,7.4,2.3,5.1,0.0,7809,703,7106,9.0,0.38,0.51,0.5,419756339,2251925017,3911,44730,1.2,234.2,3.1,2.0,175,148,0,0,0,0,0,0.0,0,0,0,0,0,0
1059.6,2026-05-17T18:30:04,0016c001f10c2ef6,7.8,2.8,4.5,0.6,7809,703,7106,9.0,0.38,0.51,0.5,419759425,2251936832,3086,11815,1.2,234.2,3.1,2.0,175,148,0,0,0,0,0,0.0,0,0,0,0,0,0
1060.0,2026-05-17T18:30:04,0016c001f10c2ef6,6.3,1.7,4.6,0.0,7809,701,7108,9.0,0.38,0.51,0.5,419762511,2251948647,3086,11815,1.2,234.2,3.1,2.0,175,148,0,0,0,0,0,0.0,0,0,0,0,0,0
1060.4,2026-05-17T18:30:05,0016c001f10c2ef6,7.5,1.7,5.7,0.0,7809,702,7107,9.0,0.38,0.51,0.5,419765545,2251960462,3034,11815,1.2,234.2,3.1,2.0,175,148,0,0,0,0,0,0.0,0,0,0,0,0,0
1060.8,2026-05-17T18:30:05,0016c001f10c2ef6,5.8,3.5,2.3,0.0,7809,702,7107,9.0,0.38,0.51,0.5,419768683,2251972277,3138,11815,1.2,234.2,3.1,2.0,175,148,0,0,0,0,0,0.0,0,0,0,0,0,0
1061.3,2026-05-17T18:30:06,0016c001f10c2ef6,7.6,2.9,4.7,0.0,7809,702,7107,9.0,0.38,0.51,0.5,419772698,2252017023,4015,44746,1.2,234.2,3.1,2.0,175,148,0,0,0,0,0,0.0,0,0,0,0,0,0
1061.7,2026-05-17T18:30:07,0016c001f10c2ef6,5.1,1.7,3.4,0.0,7809,702,7107,9.0,0.38,0.51,0.5,419776265,2252028838,3567,11815,1.2,234.2,3.1,2.0,175,148,0,0,0,0,0,0.0,0,0,0,0,0,0
1062.2,2026-05-17T18:30:07,0016c001f10c2ef6,7.5,2.9,4.6,0.0,7809,702,7107,9.0,0.38,0.51,0.5,419779403,2252040653,3138,11815,1.2,234.2,3.1,2.0,175,148,0,0,0,0,0,0.0,0,0,0,0,0,0
1062.7,2026-05-17T18:30:08,0016c001f10c2ef6,7.8,2.1,5.7,0.0,7809,701,7108,9.0,0.38,0.51,0.5,419782541,2252052534,3138,11881,1.2,234.2,3.1,2.0,175,148,0,0,0,0,0,0.0,0,0,0,0,0,0
1063.1,2026-05-17T18:30:08,0016c001f10c2ef6,5.7,2.3,3.4,0.0,7809,702,7107,9.0,0.38,0.51,0.5,419786660,2252097264,4119,44730,1.2,234.2,3.1,2.0,175,148,0,0,0,0,0,0.0,0,0,0,0,0,0
1063.5,2026-05-17T18:30:09,0016c001f10c2ef6,7.1,2.9,4.1,0.0,7809,702,7107,9.0,0.38,0.51,0.5,419789694,2252109079,3034,11815,1.2,234.2,3.1,2.0,175,148,0,0,0,0,0,0.0,0,0,0,0,0,0
1064.0,2026-05-17T18:30:09,0016c001f10c2ef6,5.9,1.2,4.7,0.0,7809,702,7107,9.0,0.35,0.51,0.49,419792932,2252120894,3238,11815,1.2,234.2,3.1,2.0,175,148,0,0,0,0,0,0.0,0,0,0,0,0,0
1064.4,2026-05-17T18:30:10,0016c001f10c2ef6,7.4,2.3,5.1,0.0,7809,703,7106,9.0,0.35,0.51,0.49,419796018,2252132709,3086,11815,1.2,234.2,3.1,2.0,175,148,0,0,0,0,0,0.0,0,0,0,0,0,0
1064.9,2026-05-17T18:30:10,0016c001f10c2ef6,8.0,4.0,4.0,0.0,7809,702,7107,9.0,0.35,0.51,0.49,419799306,2252146793,3288,14084,1.2,234.2,3.1,2.0,175,148,0,0,0,0,0,0.0,0,0,0,0,0,0
1065.3,2026-05-17T18:30:10,0016c001f10c2ef6,7.6,2.3,5.2,0.0,7809,702,7107,9.0,0.35,0.51,0.49,419803425,2252191523,4119,44730,34.5,247.1,3.1,2.0,175,148,0,0,0,0,0,0.0,0,0,0,0,0,0
1065.7,2026-05-17T18:30:11,0016c001f10c2ef6,8.2,3.5,4.1,0.6,7809,704,7105,9.0,0.35,0.51,0.49,419806743,2252203672,3318,12149,1.2,234.2,3.1,2.0,175,148,0,0,0,0,0,0.0,0,0,0,0,0,0
1066.2,2026-05-17T18:30:11,0016c001f10c2ef6,7.3,1.7,5.6,0.0,7809,703,7106,9.0,0.35,0.51,0.49,419809953,2252215565,3210,11893,1.2,234.2,3.1,2.0,175,148,0,0,0,0,0,0.0,0,0,0,0,0,0
1066.6,2026-05-17T18:30:12,0016c001f10c2ef6,5.8,3.5,2.3,0.0,7809,704,7105,9.0,0.35,0.51,0.49,419812939,2252227380,2986,11815,1.2,234.2,3.1,2.0,175,148,0,0,0,0,0,0.0,0,0,0,0,0,0
1067.0,2026-05-17T18:30:12,0016c001f10c2ef6,5.3,1.2,4.1,0.0,7809,703,7106,9.0,0.35,0.51,0.49,419816902,2252272110,3963,44730,1.2,234.1,3.1,2.0,175,148,0,0,0,0,0,0.0,0,0,0,0,0,0
1067.5,2026-05-17T18:30:13,0016c001f10c2ef6,7.8,3.9,3.9,0.0,7809,703,7106,9.0,0.35,0.51,0.49,419820192,2252283925,3290,11815,1.2,234.1,3.1,2.0,175,148,0,0,0,0,0,0.0,0,0,0,0,0,0
1067.9,2026-05-17T18:30:13,0016c001f10c2ef6,18.3,4.8,13.4,0.0,7809,702,7107,9.0,0.35,0.51,0.49,419823282,2252295806,3090,11881,1.2,234.1,3.1,2.0,175,148,0,0,0,0,0,0.0,0,0,0,0,0,0
1068.4,2026-05-17T18:30:14,0016c001f10c2ef6,19.4,1.2,18.2,0.0,7809,703,7106,9.0,0.35,0.51,0.49,419826420,2252307621,3138,11815,1.2,234.1,3.1,2.0,175,148,0,0,0,0,0,0.0,0,0,0,0,0,0
1068.8,2026-05-17T18:30:14,0016c001f10c2ef6,19.1,1.7,17.3,0.0,7809,703,7106,9.0,0.35,0.51,0.49,419829658,2252319436,3238,11815,1.2,234.1,3.1,2.0,175,148,0,0,0,0,0,0.0,0,0,0,0,0,0
1069.2,2026-05-17T18:30:14,0016c001f10c2ef6,18.7,3.5,15.2,0.0,7809,704,7105,9.0,0.49,0.53,0.5,419833573,2252364166,3915,44730,1.2,234.3,3.1,2.0,175,148,0,0,0,0,0,0.0,0,0,0,0,0,0
1069.7,2026-05-17T18:30:15,0016c001f10c2ef6,5.7,2.3,2.9,0.6,7809,704,7105,9.0,0.49,0.53,0.5,419836711,2252375981,3138,11815,1.2,234.3,3.1,2.0,175,148,0,0,0,0,0,0.0,0,0,0,0,0,0
1070.1,2026-05-17T18:30:15,0016c001f10c2ef6,4.6,1.7,2.9,0.0,7809,704,7105,9.0,0.49,0.53,0.5,419839797,2252387796,3086,11815,1.2,234.3,3.1,2.0,175,148,0,0,0,0,0,0.0,0,0,0,0,0,0
1070.5,2026-05-17T18:30:16,0016c001f10c2ef6,6.3,2.9,3.4,0.0,7809,705,7104,9.0,0.49,0.53,0.5,419842883,2252399611,3086,11815,1.2,234.3,3.1,2.0,175,148,0,0,0,0,0,0.0,0,0,0,0,0,0
1070.9,2026-05-17T18:30:16,0016c001f10c2ef6,5.7,2.3,3.4,0.0,7809,704,7105,9.0,0.49,0.53,0.5,419845969,2252411426,3086,11815,1.2,234.3,3.1,2.0,175,148,0,0,0,0,0,0.0,0,0,0,0,0,0
1071.3,2026-05-17T18:30:17,0016c001f10c2ef6,10.7,4.8,4.8,1.2,7809,704,7105,9.0,0.49,0.53,0.5,419849932,2252456156,3963,44730,1.2,234.3,3.1,2.0,175,148,0,0,0,0,0,0.0,0,0,0,0,0,0
1071.8,2026-05-17T18:30:17,0016c001f10c2ef6,5.8,1.2,4.6,0.0,7809,704,7105,9.0,0.49,0.53,0.5,419853395,2252467971,3463,11815,1.2,234.3,3.1,2.0,175,148,0,0,0,0,0,0.0,0,0,0,0,0,0
1072.2,2026-05-17T18:30:17,0016c001f10c2ef6,8.4,4.5,3.9,0.0,7809,703,7106,9.0,0.49,0.53,0.5,419856533,2252479786,3138,11815,1.2,234.3,3.1,2.0,175,148,0,0,0,0,0,0.0,0,0,0,0,0,0
1072.6,2026-05-17T18:30:18,0016c001f10c2ef6,5.7,1.7,4.0,0.0,7809,703,7106,9.0,0.49,0.53,0.5,419859719,2252491601,3186,11815,1.2,234.3,3.1,2.0,175,148,0,0,0,0,0,0.0,0,0,0,0,0,0
1073.1,2026-05-17T18:30:18,0016c001f10c2ef6,8.2,3.1,5.2,0.0,7809,703,7106,9.0,0.49,0.53,0.5,419863890,2252536397,4171,44796,1.2,234.3,3.1,2.0,175,148,0,0,0,0,0,0.0,0,0,0,0,0,0
1073.6,2026-05-17T18:30:19,0016c001f10c2ef6,10.3,3.9,6.4,0.0,7809,703,7106,9.0,0.49,0.53,0.5,419866928,2252548278,3038,11881,1.2,234.3,3.1,2.0,175,148,0,0,0,0,0,0.0,0,0,0,0,0,0
1074.0,2026-05-17T18:30:19,0016c001f10c2ef6,6.1,3.4,2.8,0.0,7809,702,7107,9.0,0.45,0.52,0.5,419870086,2252560171,3158,11893,1.2,234.3,3.1,2.0,175,148,0,0,0,0,0,0.0,0,0,0,0,0,0
1074.4,2026-05-17T18:30:20,0016c001f10c2ef6,6.9,1.7,5.2,0.0,7809,702,7107,9.0,0.45,0.52,0.5,419873376,2252574886,3290,14715,1.2,234.3,3.1,2.0,175,148,0,0,0,0,0,0.0,0,0,0,0,0,0
1074.9,2026-05-17T18:30:20,0016c001f10c2ef6,9.7,5.1,4.0,0.6,7809,703,7106,9.0,0.45,0.52,0.5,419876512,2252586701,3136,11815,1.2,234.3,3.1,2.0,175,148,0,0,0,0,0,0.0,0,0,0,0,0,0
1075.3,2026-05-17T18:30:20,0016c001f10c2ef6,6.4,1.7,4.6,0.0,7809,702,7107,9.0,0.45,0.52,0.5,419880683,2252631512,4171,44811,1.2,234.3,3.1,2.0,175,148,0,0,0,0,0,0.0,0,0,0,0,0,0
1075.7,2026-05-17T18:30:21,0016c001f10c2ef6,9.1,4.0,5.1,0.0,7809,703,7106,9.0,0.45,0.52,0.5,419883763,2252644276,3080,12764,1.2,234.3,3.1,2.0,175,148,0,0,0,0,0,0.0,0,0,0,0,0,0
1076.1,2026-05-17T18:30:21,0016c001f10c2ef6,6.4,3.5,2.9,0.0,7809,703,7106,9.0,0.45,0.52,0.5,419886953,2252656091,3190,11815,1.2,234.3,3.1,2.0,179,152,4,4,0,0,0,0.0,0,0,0,0,0,0
1076.6,2026-05-17T18:30:22,0016c001f10c2ef6,6.8,1.7,5.1,0.0,7809,703,7106,9.0,0.45,0.52,0.5,419890091,2252667906,3138,11815,1.2,234.3,3.1,2.0,179,152,0,0,0,0,0,0.0,0,0,0,0,0,0
1077.0,2026-05-17T18:30:22,0016c001f10c2ef6,7.0,2.3,4.7,0.0,7809,702,7107,9.0,0.45,0.52,0.5,419893125,2252679721,3034,11815,1.2,234.3,3.1,2.0,179,152,0,0,0,0,0,0.0,0,0,0,0,0,0
1077.4,2026-05-17T18:30:23,0016c001f10c2ef6,5.8,2.3,3.5,0.0,7809,702,7107,9.0,0.45,0.52,0.5,419897140,2252724532,4015,44811,1.2,234.3,3.1,2.0,179,152,0,0,0,0,0,0.0,0,0,0,0,0,0
1077.8,2026-05-17T18:30:23,0016c001f10c2ef6,6.3,1.7,4.6,0.0,7809,703,7106,9.0,0.45,0.52,0.5,419900226,2252736347,3086,11815,1.2,234.3,3.1,2.0,179,152,0,0,0,0,0,0.0,0,0,0,0,0,0
1078.2,2026-05-17T18:30:23,0016c001f10c2ef6,6.9,2.9,4.0,0.0,7809,703,7106,9.0,0.45,0.52,0.5,419903360,2252748162,3134,11815,1.2,234.3,3.1,2.0,179,152,0,0,0,0,0,0.0,0,0,0,0,0,0
1078.7,2026-05-17T18:30:24,0016c001f10c2ef6,8.0,3.0,5.0,0.0,7809,703,7106,9.0,0.49,0.53,0.5,419906346,2252760043,2986,11881,1.2,234.3,3.1,2.0,179,152,0,0,0,0,0,0.0,0,0,0,0,0,0
1079.1,2026-05-17T18:30:24,0016c001f10c2ef6,12.1,2.9,9.2,0.0,7809,703,7106,9.0,0.49,0.53,0.5,419909452,2252771944,3106,11901,1.2,234.3,3.1,2.0,179,152,0,0,0,0,0,0.0,0,0,0,0,0,0
1079.6,2026-05-17T18:30:25,0016c001f10c2ef6,20.2,2.8,17.4,0.0,7809,704,7105,9.0,0.49,0.53,0.5,419913415,2252816755,3963,44811,1.2,234.3,3.1,2.0,179,152,0,0,0,0,0,0.0,0,0,0,0,0,0
1080.0,2026-05-17T18:30:25,0016c001f10c2ef6,19.7,2.9,16.8,0.0,7809,702,7107,9.0,0.49,0.53,0.5,419916501,2252828570,3086,11815,1.2,234.3,3.1,2.0,179,152,0,0,0,0,0,0.0,0,0,0,0,0,0
1080.4,2026-05-17T18:30:26,0016c001f10c2ef6,20.0,2.4,17.6,0.0,7809,703,7106,9.0,0.49,0.53,0.5,419919535,2252840385,3034,11815,1.2,234.3,3.1,2.0,179,152,0,0,0,0,0,0.0,0,0,0,0,0,0
1080.8,2026-05-17T18:30:26,0016c001f10c2ef6,7.5,2.3,5.2,0.0,7809,703,7106,9.0,0.49,0.53,0.5,419922621,2252852200,3086,11815,1.2,234.3,3.1,2.0,179,152,0,0,0,0,0,0.0,0,0,0,0,0,0
1081.3,2026-05-17T18:30:26,0016c001f10c2ef6,6.1,2.2,3.9,0.0,7809,703,7106,9.0,0.49,0.53,0.5,419927065,2252897011,4444,44811,1.2,234.3,3.1,2.0,179,152,0,0,0,0,0,0.0,0,0,0,0,0,0
1081.7,2026-05-17T18:30:27,0016c001f10c2ef6,6.2,2.3,3.4,0.6,7809,703,7106,9.0,0.49,0.53,0.5,419930099,2252908826,3034,11815,1.2,234.3,3.1,2.0,179,152,0,0,0,0,0,0.0,0,0,0,0,0,0
1082.1,2026-05-17T18:30:27,0016c001f10c2ef6,6.3,1.7,4.6,0.0,7809,703,7106,9.0,0.49,0.53,0.5,419933185,2252920641,3086,11815,1.2,234.3,3.1,2.0,179,152,0,0,0,0,0,0.0,0,0,0,0,0,0
1082.5,2026-05-17T18:30:28,0016c001f10c2ef6,6.3,1.7,4.6,0.0,7809,703,7106,9.0,0.49,0.53,0.5,419936271,2252932456,3086,11815,1.2,234.3,3.1,2.0,179,152,0,0,0,0,0,0.0,0,0,0,0,0,0
1083.0,2026-05-17T18:30:28,0016c001f10c2ef6,7.5,1.7,5.8,0.0,7809,702,7107,9.0,0.49,0.53,0.5,419939357,2252944271,3086,11815,1.2,234.3,3.1,2.0,179,152,0,0,0,0,0,0.0,0,0,0,0,0,0
1083.4,2026-05-17T18:30:29,0016c001f10c2ef6,7.3,2.8,4.5,0.0,7809,704,7105,9.0,0.45,0.52,0.5,419943524,2252989082,4167,44811,1.2,234.3,3.1,2.0,179,152,0,0,0,0,0,0.0,0,0,0,0,0,0
1083.9,2026-05-17T18:30:29,0016c001f10c2ef6,9.5,5.0,4.5,0.0,7809,703,7106,9.0,0.45,0.52,0.5,419946510,2253000963,2986,11881,1.2,234.3,3.1,2.0,179,152,0,0,0,0,0,0.0,0,0,0,0,0,0
1084.3,2026-05-17T18:30:29,0016c001f10c2ef6,6.4,1.7,4.6,0.0,7809,703,7106,9.0,0.45,0.52,0.5,419949596,2253012778,3086,11815,1.2,234.3,3.1,2.0,179,152,0,0,0,0,0,0.0,0,0,0,0,0,0
1084.7,2026-05-17T18:30:30,0016c001f10c2ef6,7.0,1.7,5.2,0.0,7809,703,7106,9.0,0.45,0.52,0.5,419952630,2253024593,3034,11815,1.2,234.3,3.1,2.0,179,152,0,0,0,0,0,0.0,0,0,0,0,0,0
1085.1,2026-05-17T18:30:30,0016c001f10c2ef6,7.4,2.9,4.0,0.6,7809,703,7106,9.0,0.45,0.52,0.5,419955716,2253036408,3086,11815,1.2,234.3,3.1,2.0,179,152,0,0,0,0,0,0.0,0,0,0,0,0,0
1085.6,2026-05-17T18:30:31,0016c001f10c2ef6,7.7,2.7,4.9,0.0,7809,703,7106,9.0,0.45,0.52,0.5,419959783,2253081219,4067,44811,1.2,234.3,3.1,2.0,179,152,0,0,0,0,0,0.0,0,0,0,0,0,0
1086.0,2026-05-17T18:30:31,0016c001f10c2ef6,6.1,2.2,3.9,0.0,7809,702,7107,9.0,0.45,0.52,0.5,419962869,2253094582,3086,13363,1.2,234.3,3.1,2.0,179,152,0,0,0,0,0,0.0,0,0,0,0,0,0
1086.4,2026-05-17T18:30:32,0016c001f10c2ef6,8.1,2.9,4.7,0.6,7809,702,7107,9.0,0.45,0.52,0.5,419966001,2253106397,3132,11815,1.2,234.3,3.1,2.0,179,152,0,0,0,0,0,0.0,0,0,0,0,0,0
1086.9,2026-05-17T18:30:32,0016c001f10c2ef6,6.4,2.3,4.1,0.0,7809,702,7107,9.0,0.45,0.52,0.5,419969035,2253118212,3034,11815,1.2,234.3,3.1,2.0,179,152,0,0,0,0,0,0.0,0,0,0,0,0,0
1087.3,2026-05-17T18:30:32,0016c001f10c2ef6,6.4,1.7,4.6,0.0,7809,702,7107,9.0,0.45,0.52,0.5,419972780,2253145640,3745,27428,1.2,234.3,3.1,2.0,179,152,0,0,0,0,0,0.0,0,0,0,0,0,0
1087.7,2026-05-17T18:30:33,0016c001f10c2ef6,7.5,4.0,3.5,0.0,7809,702,7107,9.0,0.45,0.52,0.5,419976234,2253175559,3454,29919,1.2,234.3,3.1,2.0,179,152,0,0,0,0,0,0.0,0,0,0,0,0,0
1088.1,2026-05-17T18:30:33,0016c001f10c2ef6,6.4,1.2,5.2,0.0,7809,702,7107,9.0,0.41,0.51,0.5,419979372,2253187374,3138,11815,1.2,234.3,3.1,2.0,179,152,0,0,0,0,0,0.0,0,0,0,0,0,0
1088.6,2026-05-17T18:30:34,0016c001f10c2ef6,6.4,2.3,4.1,0.0,7809,702,7107,9.0,0.41,0.51,0.5,419982558,2253199189,3186,11815,1.2,234.2,3.1,2.0,179,152,0,0,0,0,0,0.0,0,0,0,0,0,0
1089.1,2026-05-17T18:30:34,0016c001f10c2ef6,10.8,3.9,6.9,0.0,7809,701,7108,9.0,0.41,0.51,0.5,419985800,2253211070,3242,11881,1.2,234.2,3.1,2.0,179,152,0,0,0,0,0,0.0,0,0,0,0,0,0
1089.6,2026-05-17T18:30:35,0016c001f10c2ef6,10.9,4.5,6.5,0.0,7809,702,7107,9.0,0.41,0.51,0.5,419990043,2253256025,4243,44955,1.2,234.2,3.1,2.0,179,152,0,0,0,0,0,0.0,0,0,0,0,0,0
1090.0,2026-05-17T18:30:35,0016c001f10c2ef6,9.0,4.0,5.0,0.0,7809,701,7108,9.0,0.41,0.51,0.5,419993233,2253267906,3190,11881,1.2,234.2,3.1,2.0,179,152,0,0,0,0,0,0.0,0,0,0,0,0,0
1090.5,2026-05-17T18:30:36,0016c001f10c2ef6,15.9,3.5,12.4,0.0,7809,701,7108,9.0,0.41,0.51,0.5,419996219,2253279787,2986,11881,1.2,234.2,3.1,2.0,179,152,0,0,0,0,0,0.0,0,0,0,0,0,0
1091.0,2026-05-17T18:30:36,0016c001f10c2ef6,18.5,1.2,17.3,0.0,7809,703,7106,9.0,0.41,0.51,0.5,419999405,2253291602,3186,11815,1.2,234.2,3.1,2.0,179,152,0,0,0,0,0,0.0,0,0,0,0,0,0
1091.4,2026-05-17T18:30:37,0016c001f10c2ef6,19.5,1.7,17.8,0.0,7809,703,7106,9.0,0.41,0.51,0.5,420003476,2253336413,4071,44811,1.2,234.3,3.1,2.0,179,152,0,0,0,0,0,0.0,0,0,0,0,0,0
1091.9,2026-05-17T18:30:37,0016c001f10c2ef6,19.3,1.8,17.5,0.0,7809,703,7106,9.0,0.41,0.51,0.5,420006510,2253348228,3034,11815,1.2,234.3,3.1,2.0,179,152,0,0,0,0,0,0.0,0,0,0,0,0,0
1092.3,2026-05-17T18:30:37,0016c001f10c2ef6,8.0,3.4,4.0,0.6,7809,703,7106,9.0,0.41,0.51,0.5,420009648,2253360109,3138,11881,1.2,234.3,3.1,2.0,179,152,0,0,0,0,0,0.0,0,0,0,0,0,0
1092.7,2026-05-17T18:30:38,0016c001f10c2ef6,6.6,2.7,3.8,0.0,7809,703,7106,9.0,0.41,0.51,0.5,420012682,2253371924,3034,11815,1.2,234.3,3.1,2.0,179,152,0,0,0,0,0,0.0,0,0,0,0,0,0
1093.2,2026-05-17T18:30:38,0016c001f10c2ef6,6.9,1.7,5.2,0.0,7809,703,7106,9.0,0.38,0.5,0.49,420015716,2253383739,3034,11815,1.2,234.3,3.1,2.0,179,152,0,0,0,0,0,0.0,0,0,0,0,0,0
1093.6,2026-05-17T18:30:40,0016c001f10c2ef6,7.1,1.8,5.3,0.0,7809,703,7106,9.0,0.38,0.5,0.49,420019679,2253428550,3963,44811,1.2,234.3,3.1,2.0,179,152,0,0,0,0,0,0.0,0,0,0,0,0,0
1094.0,2026-05-17T18:30:40,0016c001f10c2ef6,5.8,1.7,4.1,0.0,7809,703,7106,9.0,0.38,0.5,0.49,420022713,2253440365,3034,11815,1.2,234.3,3.1,2.0,179,152,0,0,0,0,0,0.0,0,0,0,0,0,0
1094.4,2026-05-17T18:30:41,0016c001f10c2ef6,7.0,2.9,4.1,0.0,7809,702,7107,9.0,0.38,0.5,0.49,420025927,2253452336,3214,11971,1.2,234.3,3.1,2.0,179,152,0,0,0,0,0,0.0,0,0,0,0,0,0
1094.9,2026-05-17T18:30:41,0016c001f10c2ef6,6.2,1.7,4.5,0.0,7809,702,7107,9.0,0.38,0.5,0.49,420029117,2253464151,3190,11815,1.2,234.3,3.1,2.0,179,152,0,0,0,0,0,0.0,0,0,0,0,0,0
1095.3,2026-05-17T18:30:41,0016c001f10c2ef6,6.2,2.8,3.4,0.0,7809,702,7107,9.0,0.38,0.5,0.49,420032303,2253475966,3186,11815,1.2,234.2,3.1,2.0,179,152,0,0,0,0,0,0.0,0,0,0,0,0,0
1095.8,2026-05-17T18:30:42,0016c001f10c2ef6,10.1,4.5,5.6,0.0,7809,702,7107,9.0,0.38,0.5,0.49,420036218,2253520843,3915,44877,1.2,234.2,3.1,2.0,179,152,0,0,0,0,0,0.0,0,0,0,0,0,0
1096.2,2026-05-17T18:30:42,0016c001f10c2ef6,8.7,2.9,5.8,0.0,7809,702,7107,9.0,0.38,0.5,0.49,420039356,2253533341,3138,12498,1.2,234.1,3.1,2.0,179,152,0,0,0,0,0,0.0,0,0,0,0,0,0
1096.7,2026-05-17T18:30:43,0016c001f10c2ef6,8.9,4.4,4.4,0.0,7809,702,7107,9.0,0.38,0.5,0.49,420042494,2253545156,3138,11815,1.2,234.1,3.1,2.0,179,152,0,0,0,0,0,0.0,0,0,0,0,0,0
1097.1,2026-05-17T18:30:43,0016c001f10c2ef6,6.1,1.1,5.0,0.0,7809,701,7108,9.0,0.38,0.5,0.49,420045626,2253558557,3132,13401,1.2,234.1,3.1,2.0,179,152,0,0,0,0,0,0.0,0,0,0,0,0,0
1097.5,2026-05-17T18:30:44,0016c001f10c2ef6,6.6,1.8,4.8,0.0,7809,702,7107,9.0,0.38,0.5,0.49,420049557,2253603446,3931,44889,1.2,234.1,3.1,2.0,179,152,0,0,0,0,0,0.0,0,0,0,0,0,0
1098.0,2026-05-17T18:30:44,0016c001f10c2ef6,7.6,2.3,4.7,0.6,7809,702,7107,9.0,0.35,0.49,0.49,420052643,2253615261,3086,11815,1.2,234.1,3.1,2.0,179,152,0,0,0,0,0,0.0,0,0,0,0,0,0
1098.4,2026-05-17T18:30:44,0016c001f10c2ef6,5.8,2.9,2.9,0.0,7809,702,7107,9.0,0.35,0.49,0.49,420055781,2253627076,3138,11815,1.2,234.1,3.1,2.0,179,152,0,0,0,0,0,0.0,0,0,0,0,0,0
1098.8,2026-05-17T18:30:45,0016c001f10c2ef6,6.4,2.9,3.5,0.0,7809,702,7107,9.0,0.35,0.49,0.49,420058815,2253638891,3034,11815,1.2,234.1,3.1,2.0,179,152,0,0,0,0,0,0.0,0,0,0,0,0,0
1099.2,2026-05-17T18:30:45,0016c001f10c2ef6,6.5,1.8,4.7,0.0,7809,702,7107,9.0,0.35,0.49,0.49,420061901,2253650706,3086,11815,1.2,234.1,3.1,2.0,179,152,0,0,0,0,0,0.0,0,0,0,0,0,0
1099.7,2026-05-17T18:30:46,0016c001f10c2ef6,6.7,2.2,4.5,0.0,7809,702,7107,9.0,0.35,0.49,0.49,420065916,2253695517,4015,44811,1.2,234.1,3.1,2.0,179,152,0,0,0,0,0,0.0,0,0,0,0,0,0
1100.1,2026-05-17T18:30:46,0016c001f10c2ef6,7.2,3.3,3.9,0.0,7809,702,7107,9.0,0.35,0.49,0.49,420068950,2253707332,3034,11815,1.2,234.1,3.1,2.0,179,152,0,0,0,0,0,0.0,0,0,0,0,0,0
1100.6,2026-05-17T18:30:47,0016c001f10c2ef6,5.7,2.3,3.4,0.0,7809,702,7107,9.0,0.35,0.49,0.49,420072565,2253719147,3615,11815,1.2,234.1,3.1,2.0,179,152,0,0,0,0,0,0.0,0,0,0,0,0,0
1101.0,2026-05-17T18:30:47,0016c001f10c2ef6,9.0,3.5,5.5,0.0,7809,703,7106,9.0,0.35,0.49,0.49,420075703,2253731028,3138,11881,1.2,234.1,3.1,2.0,179,152,0,0,0,0,0,0.0,0,0,0,0,0,0
1101.5,2026-05-17T18:30:48,0016c001f10c2ef6,8.5,4.0,4.5,0.0,7809,702,7107,9.0,0.35,0.49,0.49,420079770,2253775905,4067,44877,1.2,234.1,3.1,2.0,179,152,0,0,0,0,0,0.0,0,0,0,0,0,0
1102.0,2026-05-17T18:30:48,0016c001f10c2ef6,15.7,3.9,11.8,0.0,7809,701,7108,9.0,0.35,0.49,0.49,420082756,2253787786,2986,11881,1.2,234.1,3.1,2.0,179,152,0,0,0,0,0,0.0,0,0,0,0,0,0
1102.5,2026-05-17T18:30:49,0016c001f10c2ef6,19.9,2.3,17.5,0.0,7809,702,7107,9.0,0.35,0.49,0.49,420085842,2253799601,3086,11815,1.2,234.1,3.1,2.0,179,152,0,0,0,0,0,0.0,0,0,0,0,0,0
1102.9,2026-05-17T18:30:49,0016c001f10c2ef6,17.9,1.7,16.2,0.0,7809,702,7107,9.0,0.4,0.5,0.49,420088980,2253811416,3138,11815,1.2,234.1,3.1,2.0,179,152,0,0,0,0,0,0.0,0,0,0,0,0,0
1103.3,2026-05-17T18:30:49,0016c001f10c2ef6,18.8,2.2,16.6,0.0,7809,702,7107,9.0,0.4,0.5,0.49,420092014,2253823231,3034,11815,1.2,234.1,3.1,2.0,179,152,0,0,0,0,0,0.0,0,0,0,0,0,0
1103.8,2026-05-17T18:30:50,0016c001f10c2ef6,6.5,2.4,4.1,0.0,7809,701,7108,9.0,0.4,0.5,0.49,420096181,2253868042,4167,44811,1.2,234.1,3.1,2.0,179,152,0,0,0,0,0,0.0,0,0,0,0,0,0
1104.2,2026-05-17T18:30:50,0016c001f10c2ef6,6.3,2.3,4.0,0.0,7809,701,7108,9.0,0.4,0.5,0.49,420099219,2253879857,3038,11815,1.2,234.1,3.1,2.0,179,152,0,0,0,0,0,0.0,0,0,0,0,0,0
1104.6,2026-05-17T18:30:51,0016c001f10c2ef6,6.1,2.2,3.9,0.0,7809,700,7109,9.0,0.4,0.5,0.49,420102305,2253891672,3086,11815,1.2,234.1,3.1,2.0,179,152,0,0,0,0,0,0.0,0,0,0,0,0,0
1105.0,2026-05-17T18:30:51,0016c001f10c2ef6,5.2,1.7,3.5,0.0,7809,701,7108,9.0,0.4,0.5,0.49,420105463,2253903565,3158,11893,1.2,234.1,3.1,2.0,179,152,0,0,0,0,0,0.0,0,0,0,0,0,0
1105.5,2026-05-17T18:30:52,0016c001f10c2ef6,8.2,2.7,5.5,0.0,7809,701,7108,9.0,0.4,0.5,0.49,420108549,2253915380,3086,11815,1.2,234.1,3.1,2.0,182,154,3,2,0,0,0,0.0,0,0,0,0,0,0
1105.9,2026-05-17T18:30:52,0016c001f10c2ef6,7.7,2.2,5.5,0.0,7809,701,7108,9.0,0.4,0.5,0.49,420112616,2253961995,4067,46615,1.2,234.0,3.1,2.0,182,154,0,0,0,0,0,0.0,0,0,0,0,0,0
1106.3,2026-05-17T18:30:52,0016c001f10c2ef6,9.0,3.9,4.5,0.6,7809,702,7107,9.0,0.4,0.5,0.49,420115702,2253973810,3086,11815,1.2,234.0,3.1,2.0,182,154,0,0,0,0,0,0.0,0,0,0,0,0,0
1106.8,2026-05-17T18:30:53,0016c001f10c2ef6,6.7,2.8,3.9,0.0,7809,702,7107,9.0,0.4,0.5,0.49,420118934,2253987631,3232,13821,1.2,234.0,3.1,2.0,182,154,0,0,0,0,0,0.0,0,0,0,0,0,0
1107.3,2026-05-17T18:30:53,0016c001f10c2ef6,8.9,3.9,4.9,0.0,7809,702,7107,9.0,0.4,0.5,0.49,420122176,2253999512,3242,11881,1.2,234.0,3.1,2.0,182,154,0,0,0,0,0,0.0,0,0,0,0,0,0
1107.7,2026-05-17T18:30:54,0016c001f10c2ef6,3.5,1.0,2.5,0.0,7809,702,7107,9.0,0.37,0.49,0.49,420126295,2254044470,4119,44958,1.2,234.0,3.1,2.0,182,154,0,0,0,0,0,0.0,0,0,0,0,0,0
1108.2,2026-05-17T18:30:54,0016c001f10c2ef6,7.4,2.8,4.5,0.0,7809,702,7107,9.0,0.37,0.49,0.49,420129437,2254056285,3142,11815,1.2,234.0,3.1,2.0,182,154,0,0,0,0,0,0.0,0,0,0,0,0,0
1108.6,2026-05-17T18:30:55,0016c001f10c2ef6,7.1,1.6,5.5,0.0,7809,702,7107,9.0,0.37,0.49,0.49,420132675,2254068100,3238,11815,1.2,234.0,3.1,2.0,182,154,0,0,0,0,0,0.0,0,0,0,0,0,0
1109.0,2026-05-17T18:30:55,0016c001f10c2ef6,6.2,2.8,3.4,0.0,7809,702,7107,9.0,0.37,0.49,0.49,420135661,2254079915,2986,11815,1.2,234.0,3.1,2.0,182,154,0,0,0,0,0,0.0,0,0,0,0,0,0
1109.5,2026-05-17T18:30:56,0016c001f10c2ef6,5.8,2.9,2.9,0.0,7809,702,7107,9.0,0.37,0.49,0.49,420138747,2254091730,3086,11815,1.2,234.0,3.1,2.0,182,154,0,0,0,0,0,0.0,0,0,0,0,0,0
1109.9,2026-05-17T18:30:56,0016c001f10c2ef6,7.6,2.3,5.2,0.0,7809,702,7107,9.0,0.37,0.49,0.49,420142710,2254136688,3963,44958,1.2,234.2,3.1,2.0,182,154,0,0,0,0,0,0.0,0,0,0,0,0,0
1110.3,2026-05-17T18:30:56,0016c001f10c2ef6,6.3,2.9,3.4,0.0,7809,702,7107,9.0,0.37,0.49,0.49,420146173,2254148503,3463,11815,1.2,234.2,3.1,2.0,182,154,0,0,0,0,0,0.0,0,0,0,0,0,0
1110.7,2026-05-17T18:30:57,0016c001f10c2ef6,6.5,1.8,4.7,0.0,7809,702,7107,9.0,0.37,0.49,0.49,420149207,2254160318,3034,11815,1.2,234.2,3.1,2.0,182,154,0,0,0,0,0,0.0,0,0,0,0,0,0
1111.1,2026-05-17T18:30:57,0016c001f10c2ef6,7.3,3.9,3.4,0.0,7809,703,7106,9.0,0.37,0.49,0.49,420152241,2254172133,3034,11815,1.2,234.2,3.1,2.0,182,154,0,0,0,0,0,0.0,0,0,0,0,0,0
1111.6,2026-05-17T18:30:58,0016c001f10c2ef6,5.8,1.8,3.5,0.6,7809,703,7106,9.0,0.37,0.49,0.49,420155275,2254183948,3034,11815,1.2,234.2,3.1,2.0,182,154,0,0,0,0,0,0.0,0,0,0,0,0,0
1112.0,2026-05-17T18:30:58,0016c001f10c2ef6,8.5,3.4,5.1,0.0,7809,702,7107,9.0,0.37,0.49,0.49,420159442,2254228906,4167,44958,1.2,234.1,3.1,2.0,182,154,0,0,0,0,0,0.0,0,0,0,0,0,0
1112.5,2026-05-17T18:30:59,0016c001f10c2ef6,11.7,3.9,7.8,0.0,7809,703,7106,9.0,0.42,0.5,0.49,420162630,2254243045,3188,14139,1.2,234.1,3.1,2.0,182,154,0,0,0,0,0,0.0,0,0,0,0,0,0
1112.9,2026-05-17T18:30:59,0016c001f10c2ef6,6.3,2.3,4.0,0.0,7809,703,7106,9.0,0.42,0.5,0.49,420165736,2254254938,3106,11893,1.2,234.1,3.1,2.0,182,154,0,0,0,0,0,0.0,0,0,0,0,0,0
1113.4,2026-05-17T18:30:59,0016c001f10c2ef6,11.3,1.2,10.1,0.0,7809,702,7107,9.0,0.42,0.5,0.49,420168822,2254266753,3086,11815,1.2,234.1,3.1,2.0,182,154,0,0,0,0,0,0.0,0,0,0,0,0,0
1113.8,2026-05-17T18:31:00,0016c001f10c2ef6,18.8,2.3,16.5,0.0,7809,702,7107,9.0,0.42,0.5,0.49,420172889,2254311711,4067,44958,1.2,234.1,3.1,2.0,182,154,0,0,0,0,0,0.0,0,0,0,0,0,0
1114.2,2026-05-17T18:31:00,0016c001f10c2ef6,19.6,2.4,17.3,0.0,7809,702,7107,9.0,0.42,0.5,0.49,420175923,2254323526,3034,11815,1.2,234.1,3.1,2.0,182,154,0,0,0,0,0,0.0,0,0,0,0,0,0
1114.7,2026-05-17T18:31:01,0016c001f10c2ef6,19.3,2.3,17.0,0.0,7809,701,7108,9.0,0.42,0.5,0.49,420179009,2254335341,3086,11815,1.2,234.1,3.1,2.0,182,154,0,0,0,0,0,0.0,0,0,0,0,0,0
1115.1,2026-05-17T18:31:01,0016c001f10c2ef6,7.6,3.5,4.1,0.0,7809,701,7108,9.0,0.42,0.5,0.49,420182095,2254347156,3086,11815,1.2,234.1,3.1,2.0,182,154,0,0,0,0,0,0.0,0,0,0,0,0,0
1115.5,2026-05-17T18:31:02,0016c001f10c2ef6,6.8,2.3,4.5,0.0,7809,701,7108,9.0,0.42,0.5,0.49,420185181,2254358971,3086,11815,1.2,234.1,3.1,2.0,182,154,0,0,0,0,0,0.0,0,0,0,0,0,0
1115.9,2026-05-17T18:31:02,0016c001f10c2ef6,7.5,3.4,4.0,0.0,7809,702,7107,9.0,0.42,0.5,0.49,420189196,2254403929,4015,44958,1.2,234.1,3.1,2.0,182,154,0,0,0,0,0,0.0,0,0,0,0,0,0
1116.3,2026-05-17T18:31:02,0016c001f10c2ef6,7.4,2.3,5.1,0.0,7809,702,7107,9.0,0.42,0.5,0.49,420192382,2254416427,3186,12498,1.2,234.1,3.1,2.0,182,154,0,0,0,0,0,0.0,0,0,0,0,0,0
1116.8,2026-05-17T18:31:03,0016c001f10c2ef6,9.0,3.4,5.6,0.0,7809,703,7106,9.0,0.42,0.5,0.49,420195520,2254428242,3138,11815,1.2,234.1,3.1,2.0,182,154,0,0,0,0,0,0.0,0,0,0,0,0,0
1117.2,2026-05-17T18:31:03,0016c001f10c2ef6,7.3,2.8,4.0,0.6,7809,702,7107,9.0,0.39,0.49,0.49,420198756,2254441652,3236,13410,1.2,234.1,3.1,2.0,182,154,0,0,0,0,0,0.0,0,0,0,0,0,0
1117.7,2026-05-17T18:31:04,0016c001f10c2ef6,8.2,2.6,5.7,0.0,7809,702,7107,9.0,0.39,0.49,0.49,420201918,2254453619,3162,11967,1.2,234.1,3.1,2.0,182,154,0,0,0,0,0,0.0,0,0,0,0,0,0
1118.1,2026-05-17T18:31:04,0016c001f10c2ef6,7.4,2.8,4.5,0.0,7809,702,7107,9.0,0.39,0.49,0.49,420205985,2254498577,4067,44958,1.2,234.1,3.1,2.0,182,154,0,0,0,0,0,0.0,0,0,0,0,0,0
1118.6,2026-05-17T18:31:05,0016c001f10c2ef6,5.1,1.7,3.4,0.0,7809,703,7106,9.0,0.39,0.49,0.49,420209071,2254510392,3086,11815,1.2,234.1,3.1,2.0,182,154,0,0,0,0,0,0.0,0,0,0,0,0,0
1119.0,2026-05-17T18:31:05,0016c001f10c2ef6,6.9,2.3,4.6,0.0,7809,703,7106,9.0,0.39,0.49,0.49,420212157,2254522207,3086,11815,1.2,234.1,3.1,2.0,182,154,0,0,0,0,0,0.0,0,0,0,0,0,0
1119.4,2026-05-17T18:31:06,0016c001f10c2ef6,6.5,2.4,4.1,0.0,7809,702,7107,9.0,0.39,0.49,0.49,420215191,2254534022,3034,11815,1.2,234.0,3.1,2.0,182,154,0,0,0,0,0,0.0,0,0,0,0,0,0
1119.8,2026-05-17T18:31:06,0016c001f10c2ef6,6.4,1.7,4.7,0.0,7809,702,7107,9.0,0.39,0.49,0.49,420219787,2254578980,4596,44958,1.2,234.0,3.1,2.0,182,154,0,0,0,0,0,0.0,0,0,0,0,0,0
1120.3,2026-05-17T18:31:06,0016c001f10c2ef6,6.9,2.9,4.0,0.0,7809,702,7107,9.0,0.39,0.49,0.49,420222925,2254590795,3138,11815,1.2,234.0,3.1,2.0,182,154,0,0,0,0,0,0.0,0,0,0,0,0,0
1120.7,2026-05-17T18:31:07,0016c001f10c2ef6,5.6,1.7,4.0,0.0,7809,702,7107,9.0,0.39,0.49,0.49,420225911,2254602610,2986,11815,1.2,234.0,3.1,2.0,182,154,0,0,0,0,0,0.0,0,0,0,0,0,0
1121.1,2026-05-17T18:31:07,0016c001f10c2ef6,6.4,1.2,5.3,0.0,7809,702,7107,9.0,0.39,0.49,0.49,420228945,2254614425,3034,11815,1.2,234.0,3.1,2.0,182,154,0,0,0,0,0,0.0,0,0,0,0,0,0
1121.5,2026-05-17T18:31:08,0016c001f10c2ef6,5.9,1.8,4.1,0.0,7809,702,7107,9.0,0.39,0.49,0.49,420232183,2254626240,3238,11815,1.2,234.0,3.1,2.0,182,154,0,0,0,0,0,0.0,0,0,0,0,0,0
1122.0,2026-05-17T18:31:08,0016c001f10c2ef6,6.6,2.2,4.4,0.0,7809,701,7108,9.0,0.39,0.49,0.49,420236046,2254671198,3863,44958,1.2,234.0,3.1,2.0,182,154,0,0,0,0,0,0.0,0,0,0,0,0,0
1122.4,2026-05-17T18:31:09,0016c001f10c2ef6,7.1,3.6,3.6,0.0,7809,701,7108,9.0,0.36,0.49,0.49,420239284,2254683013,3238,11815,1.2,234.0,3.1,2.0,182,154,0,0,0,0,0,0.0,0,0,0,0,0,0
1122.9,2026-05-17T18:31:09,0016c001f10c2ef6,10.9,3.0,7.4,0.5,7809,701,7108,9.0,0.36,0.49,0.49,420242474,2254694894,3190,11881,1.2,234.0,3.1,2.0,182,154,0,0,0,0,0,0.0,0,0,0,0,0,0
1123.4,2026-05-17T18:31:09,0016c001f10c2ef6,9.9,3.5,6.4,0.0,7809,702,7107,9.0,0.36,0.49,0.49,420245664,2254706775,3190,11881,101.2,247.3,3.1,2.0,182,154,0,0,0,0,0,0.0,0,0,0,0,0,0
1123.9,2026-05-17T18:31:10,0016c001f10c2ef6,13.4,5.0,8.5,0.0,7809,702,7107,9.0,0.36,0.49,0.49,420250067,2254752133,4403,45358,1.2,234.0,3.1,2.0,182,154,0,0,0,0,0,0.0,0,0,0,0,0,0
1124.4,2026-05-17T18:31:10,0016c001f10c2ef6,10.1,4.0,6.0,0.0,7809,702,7107,9.0,0.36,0.49,0.49,420253257,2254764014,3190,11881,1.2,234.0,3.1,2.0,182,154,0,0,0,0,0,0.0,0,0,0,0,0,0
1124.9,2026-05-17T18:31:11,0016c001f10c2ef6,13.8,2.6,11.3,0.0,7809,702,7107,9.0,0.36,0.49,0.49,420256243,2254775895,2986,11881,1.2,234.0,3.1,2.0,182,154,0,0,0,0,0,0.0,0,0,0,0,0,0
1125.3,2026-05-17T18:31:11,0016c001f10c2ef6,18.3,1.2,17.2,0.0,7809,702,7107,9.0,0.36,0.49,0.49,420259277,2254787710,3034,11815,1.2,234.0,3.1,2.0,182,154,0,0,0,0,0,0.0,0,0,0,0,0,0
1125.8,2026-05-17T18:31:12,0016c001f10c2ef6,19.9,2.3,17.5,0.0,7809,702,7107,9.0,0.36,0.49,0.49,420262363,2254799525,3086,11815,1.2,234.0,3.1,2.0,182,154,0,0,0,0,0,0.0,0,0,0,0,0,0
1126.2,2026-05-17T18:31:13,0016c001f10c2ef6,20.2,2.9,17.3,0.0,7809,702,7107,9.0,0.36,0.49,0.49,420266326,2254844483,3963,44958,1.2,234.0,3.1,2.0,182,154,0,0,0,0,0,0.0,0,0,0,0,0,0
1126.6,2026-05-17T18:31:14,0016c001f10c2ef6,10.3,5.2,4.6,0.6,7809,702,7107,9.0,0.36,0.49,0.49,420269516,2254858090,3190,13607,1.2,233.9,3.1,2.0,182,154,0,0,0,0,0,0.0,0,0,0,0,0,0
1127.1,2026-05-17T18:31:14,0016c001f10c2ef6,6.4,2.3,4.1,0.0,7809,703,7106,9.0,0.33,0.48,0.48,420272800,2254871864,3284,13774,1.2,233.9,3.1,2.0,182,154,0,0,0,0,0,0.0,0,0,0,0,0,0
1127.5,2026-05-17T18:31:15,0016c001f10c2ef6,5.8,1.7,4.1,0.0,7809,703,7106,9.0,0.33,0.48,0.48,420275838,2254883679,3038,11815,1.2,233.9,3.1,2.0,182,154,0,0,0,0,0,0.0,0,0,0,0,0,0
1128.0,2026-05-17T18:31:15,0016c001f10c2ef6,7.4,1.7,5.7,0.0,7809,703,7106,9.0,0.33,0.48,0.48,420279905,2254928718,4067,45039,1.2,233.9,3.1,2.0,182,154,0,0,0,0,0,0.0,0,0,0,0,0,0
1128.4,2026-05-17T18:31:15,0016c001f10c2ef6,7.0,3.5,3.5,0.0,7809,703,7106,9.0,0.33,0.48,0.48,420283063,2254940611,3158,11893,1.2,233.9,3.1,2.0,182,154,0,0,0,0,0,0.0,0,0,0,0,0,0
1128.8,2026-05-17T18:31:16,0016c001f10c2ef6,6.9,1.7,5.1,0.0,7809,702,7107,9.0,0.33,0.48,0.48,420286201,2254952426,3138,11815,1.2,233.9,3.1,2.0,182,154,0,0,0,0,0,0.0,0,0,0,0,0,0
1129.3,2026-05-17T18:31:16,0016c001f10c2ef6,7.0,2.3,4.7,0.0,7809,701,7108,9.0,0.33,0.48,0.48,420289339,2254964241,3138,11815,1.2,233.9,3.1,2.0,182,154,0,0,0,0,0,0.0,0,0,0,0,0,0
1129.7,2026-05-17T18:31:17,0016c001f10c2ef6,6.9,2.9,4.0,0.0,7809,701,7108,9.0,0.33,0.48,0.48,420292954,2254976056,3615,11815,1.2,233.9,3.1,2.0,182,154,0,0,0,0,0,0.0,0,0,0,0,0,0
1130.2,2026-05-17T18:31:17,0016c001f10c2ef6,11.2,3.0,8.1,0.0,7809,702,7107,9.0,0.33,0.48,0.48,420296869,2255021161,3915,45105,1.2,233.9,3.1,2.0,182,154,0,0,0,0,0,0.0,0,0,0,0,0,0
1130.7,2026-05-17T18:31:18,0016c001f10c2ef6,8.4,2.8,4.5,1.1,7809,703,7106,9.0,0.33,0.48,0.48,420299955,2255032976,3086,11815,1.2,233.9,3.1,2.0,182,154,0,0,0,0,0,0.0,0,0,0,0,0,0
1131.1,2026-05-17T18:31:18,0016c001f10c2ef6,6.7,2.8,3.9,0.0,7809,703,7106,9.0,0.33,0.48,0.48,420303041,2255044791,3086,11815,1.2,233.9,3.1,2.0,182,154,0,0,0,0,0,0.0,0,0,0,0,0,0
1131.5,2026-05-17T18:31:19,0016c001f10c2ef6,6.1,1.7,4.5,0.0,7809,702,7107,9.0,0.33,0.48,0.48,420306075,2255056606,3034,11815,1.2,233.9,3.1,2.0,182,154,0,0,0,0,0,0.0,0,0,0,0,0,0
1132.0,2026-05-17T18:31:19,0016c001f10c2ef6,5.7,2.3,3.4,0.0,7809,703,7106,9.0,0.33,0.48,0.48,420309722,2255068421,3647,11815,1.2,233.9,3.1,2.0,182,154,0,0,0,0,0,0.0,0,0,0,0,0,0
1132.4,2026-05-17T18:31:19,0016c001f10c2ef6,8.0,4.0,4.0,0.0,7809,702,7107,9.0,0.38,0.49,0.49,420313124,2255113460,3402,45039,1.2,233.9,3.1,2.0,182,154,0,0,0,0,0,0.0,0,0,0,0,0,0
1132.8,2026-05-17T18:31:20,0016c001f10c2ef6,7.5,2.3,5.2,0.0,7809,702,7107,9.0,0.38,0.49,0.49,420316210,2255125275,3086,11815,1.2,233.9,3.1,2.0,182,154,0,0,0,0,0,0.0,0,0,0,0,0,0
1133.3,2026-05-17T18:31:20,0016c001f10c2ef6,5.6,1.7,3.9,0.0,7809,702,7107,9.0,0.38,0.49,0.49,420319348,2255137090,3138,11815,1.2,233.9,3.1,2.0,182,154,0,0,0,0,0,0.0,0,0,0,0,0,0
1133.7,2026-05-17T18:31:21,0016c001f10c2ef6,6.8,3.4,3.4,0.0,7809,702,7107,9.0,0.38,0.49,0.49,420322638,2255148905,3290,11815,1.2,233.9,3.1,2.0,182,154,0,0,0,0,0,0.0,0,0,0,0,0,0
1134.1,2026-05-17T18:31:21,0016c001f10c2ef6,6.7,2.2,4.5,0.0,7809,701,7108,9.0,0.38,0.49,0.49,420326653,2255193944,4015,45039,1.2,233.9,3.1,2.0,182,154,0,0,0,0,0,0.0,0,0,0,0,0,0
1134.6,2026-05-17T18:31:22,0016c001f10c2ef6,8.5,5.1,3.4,0.0,7809,700,7109,9.0,0.38,0.49,0.49,420329739,2255205759,3086,11815,1.2,233.9,3.1,2.0,186,158,4,4,0,0,0,0.0,0,0,0,0,0,0
1135.0,2026-05-17T18:31:22,0016c001f10c2ef6,5.8,2.3,3.5,0.0,7809,700,7109,9.0,0.38,0.49,0.49,420332877,2255217574,3138,11815,1.2,233.9,3.1,2.0,186,158,0,0,0,0,0,0.0,0,0,0,0,0,0
1135.5,2026-05-17T18:31:23,0016c001f10c2ef6,8.4,3.0,5.4,0.0,7809,700,7109,9.0,0.38,0.49,0.49,420336067,2255229455,3190,11881,1.2,233.9,3.1,2.0,186,158,0,0,0,0,0,0.0,0,0,0,0,0,0
1136.0,2026-05-17T18:31:23,0016c001f10c2ef6,10.4,4.5,5.9,0.0,7809,701,7108,9.0,0.38,0.49,0.49,420339053,2255241336,2986,11881,1.2,233.9,3.1,2.0,186,158,0,0,0,0,0,0.0,0,0,0,0,0,0
1136.4,2026-05-17T18:31:23,0016c001f10c2ef6,10.9,2.9,8.0,0.0,7809,702,7107,9.0,0.38,0.49,0.49,420343036,2255286453,3983,45117,1.2,233.9,3.1,2.0,186,158,0,0,0,0,0,0.0,0,0,0,0,0,0
1136.9,2026-05-17T18:31:24,0016c001f10c2ef6,18.2,2.3,15.9,0.0,7809,702,7107,9.0,0.38,0.49,0.49,420346122,2255298268,3086,11815,1.2,233.9,3.1,2.0,186,158,0,0,0,0,0,0.0,0,0,0,0,0,0
1137.3,2026-05-17T18:31:24,0016c001f10c2ef6,18.4,1.7,16.8,0.0,7809,702,7107,9.0,0.43,0.5,0.49,420349208,2255310083,3086,11815,1.2,233.9,3.1,2.0,186,158,0,0,0,0,0,0.0,0,0,0,0,0,0
1137.7,2026-05-17T18:31:25,0016c001f10c2ef6,19.0,1.7,17.2,0.0,7809,703,7106,9.0,0.43,0.5,0.49,420352294,2255321898,3086,11815,1.2,233.9,3.1,2.0,186,158,0,0,0,0,0,0.0,0,0,0,0,0,0
1138.2,2026-05-17T18:31:25,0016c001f10c2ef6,10.6,3.4,7.3,0.0,7809,703,7106,9.0,0.43,0.5,0.49,420356309,2255367620,4015,45722,1.2,233.9,3.1,2.0,186,158,0,0,0,0,0,0.0,0,0,0,0,0,0
1138.6,2026-05-17T18:31:26,0016c001f10c2ef6,7.8,3.3,4.4,0.0,7809,703,7106,9.0,0.43,0.5,0.49,420359395,2255379435,3086,11815,1.2,233.9,3.1,2.0,186,158,0,0,0,0,0,0.0,0,0,0,0,0,0
1139.0,2026-05-17T18:31:26,0016c001f10c2ef6,5.8,1.2,4.6,0.0,7809,702,7107,9.0,0.43,0.5,0.49,420362683,2255392894,3288,13459,1.2,233.9,3.1,2.0,186,158,0,0,0,0,0,0.0,0,0,0,0,0,0
1139.5,2026-05-17T18:31:27,0016c001f10c2ef6,6.1,2.8,3.3,0.0,7809,702,7107,9.0,0.43,0.5,0.49,420365769,2255404709,3086,11815,1.2,233.9,3.1,2.0,186,158,0,0,0,0,0,0.0,0,0,0,0,0,0
1139.9,2026-05-17T18:31:27,0016c001f10c2ef6,5.9,1.8,4.1,0.0,7809,703,7106,9.0,0.43,0.5,0.49,420368955,2255416524,3186,11815,1.2,233.9,3.1,2.0,186,158,0,0,0,0,0,0.0,0,0,0,0,0,0
1140.3,2026-05-17T18:31:27,0016c001f10c2ef6,6.9,2.3,4.6,0.0,7809,703,7106,9.0,0.43,0.5,0.49,420372974,2255461563,4019,45039,1.2,234.0,3.1,2.0,186,158,0,0,0,0,0,0.0,0,0,0,0,0,0
1140.8,2026-05-17T18:31:28,0016c001f10c2ef6,8.2,2.2,6.0,0.0,7809,702,7107,9.0,0.43,0.5,0.49,420376212,2255473378,3238,11815,1.2,234.0,3.1,2.0,186,158,0,0,0,0,0,0.0,0,0,0,0,0,0
1141.3,2026-05-17T18:31:28,0016c001f10c2ef6,10.7,3.4,6.8,0.5,7809,701,7108,9.0,0.43,0.5,0.49,420379198,2255485259,2986,11881,1.2,234.0,3.1,2.0,186,158,0,0,0,0,0,0.0,0,0,0,0,0,0
1141.7,2026-05-17T18:31:29,0016c001f10c2ef6,7.2,2.8,4.4,0.0,7809,701,7108,9.0,0.43,0.5,0.49,420382232,2255497074,3034,11815,1.2,234.0,3.1,2.0,186,158,0,0,0,0,0,0.0,0,0,0,0,0,0
1142.1,2026-05-17T18:31:29,0016c001f10c2ef6,5.7,2.3,3.4,0.0,7809,702,7107,9.0,0.4,0.49,0.49,420385318,2255508889,3086,11815,1.2,233.8,3.1,2.0,186,158,0,0,0,0,0,0.0,0,0,0,0,0,0
1142.5,2026-05-17T18:31:30,0016c001f10c2ef6,8.4,2.8,5.6,0.0,7809,702,7107,9.0,0.4,0.49,0.49,420389281,2255553994,3963,45105,1.2,233.8,3.1,2.0,186,158,0,0,0,0,0,0.0,0,0,0,0,0,0
1143.0,2026-05-17T18:31:30,0016c001f10c2ef6,5.6,2.3,3.4,0.0,7809,701,7108,9.0,0.4,0.49,0.49,420392315,2255565809,3034,11815,1.2,233.8,3.1,2.0,186,158,0,0,0,0,0,0.0,0,0,0,0,0,0
1143.4,2026-05-17T18:31:30,0016c001f10c2ef6,6.2,2.3,4.0,0.0,7809,701,7108,9.0,0.4,0.49,0.49,420395401,2255577624,3086,11815,1.2,233.8,3.1,2.0,186,158,0,0,0,0,0,0.0,0,0,0,0,0,0
1143.8,2026-05-17T18:31:31,0016c001f10c2ef6,5.1,1.7,3.4,0.0,7809,701,7108,9.0,0.4,0.49,0.49,420398487,2255589439,3086,11815,1.2,233.8,3.1,2.0,186,158,0,0,0,0,0,0.0,0,0,0,0,0,0
1144.2,2026-05-17T18:31:31,0016c001f10c2ef6,6.2,2.2,3.9,0.0,7809,701,7108,9.0,0.4,0.49,0.49,420402522,2255634556,4035,45117,1.2,233.8,3.1,2.0,186,158,0,0,0,0,0,0.0,0,0,0,0,0,0
1144.6,2026-05-17T18:31:32,0016c001f10c2ef6,7.5,2.9,4.6,0.0,7809,701,7108,9.0,0.4,0.49,0.49,420405656,2255646371,3134,11815,1.2,233.8,3.1,2.0,186,158,0,0,0,0,0,0.0,0,0,0,0,0,0
1145.1,2026-05-17T18:31:32,0016c001f10c2ef6,6.0,1.1,4.9,0.0,7809,701,7108,9.0,0.4,0.49,0.49,420408642,2255658186,2986,11815,1.2,233.8,3.1,2.0,186,158,0,0,0,0,0,0.0,0,0,0,0,0,0
1145.5,2026-05-17T18:31:33,0016c001f10c2ef6,5.6,1.7,3.9,0.0,7809,702,7107,9.0,0.4,0.49,0.49,420411728,2255670001,3086,11815,1.2,233.8,3.1,2.0,186,158,0,0,0,0,0,0.0,0,0,0,0,0,0
1145.9,2026-05-17T18:31:33,0016c001f10c2ef6,5.7,2.3,3.4,0.0,7809,701,7108,9.0,0.4,0.49,0.49,420415018,2255681816,3290,11815,1.2,233.8,3.1,2.0,186,158,0,0,0,0,0,0.0,0,0,0,0,0,0
1146.4,2026-05-17T18:31:33,0016c001f10c2ef6,10.8,4.4,6.4,0.0,7809,701,7108,9.0,0.4,0.49,0.49,420419137,2255726921,4119,45105,1.2,233.8,3.1,2.0,186,158,0,0,0,0,0,0.0,0,0,0,0,0,0
1146.9,2026-05-17T18:31:34,0016c001f10c2ef6,8.5,3.0,5.5,0.0,7809,701,7108,9.0,0.36,0.48,0.48,420422379,2255738802,3242,11881,1.2,233.8,3.1,2.0,186,158,0,0,0,0,0,0.0,0,0,0,0,0,0
1147.4,2026-05-17T18:31:34,0016c001f10c2ef6,8.7,3.4,5.3,0.0,7809,701,7108,9.0,0.36,0.48,0.48,420425365,2255750683,2986,11881,1.2,233.8,3.1,2.0,186,158,0,0,0,0,0,0.0,0,0,0,0,0,0
1147.8,2026-05-17T18:31:35,0016c001f10c2ef6,15.9,2.4,13.5,0.0,7809,702,7107,9.0,0.36,0.48,0.48,420428607,2255763181,3242,12498,1.2,233.8,3.1,2.0,186,158,0,0,0,0,0,0.0,0,0,0,0,0,0
1148.3,2026-05-17T18:31:35,0016c001f10c2ef6,18.9,2.9,16.0,0.0,7809,702,7107,9.0,0.36,0.48,0.48,420432664,2255809806,4057,46625,1.2,233.8,3.1,2.0,186,158,0,0,0,0,0,0.0,0,0,0,0,0,0
1148.7,2026-05-17T18:31:36,0016c001f10c2ef6,20.1,1.8,18.3,0.0,7809,701,7108,9.0,0.36,0.48,0.48,420435802,2255821621,3138,11815,1.2,233.8,3.1,2.0,186,158,0,0,0,0,0,0.0,0,0,0,0,0,0
1149.1,2026-05-17T18:31:36,0016c001f10c2ef6,16.6,2.3,14.3,0.0,7809,701,7108,9.0,0.36,0.48,0.48,420439317,2255833452,3515,11831,1.2,233.8,3.1,2.0,186,158,0,0,0,0,0,0.0,0,0,0,0,0,0
1149.6,2026-05-17T18:31:37,0016c001f10c2ef6,6.3,1.7,4.6,0.0,7809,701,7108,9.0,0.36,0.48,0.48,420442303,2255845267,2986,11815,1.2,233.8,3.1,2.0,186,158,0,0,0,0,0,0.0,0,0,0,0,0,0
1150.0,2026-05-17T18:31:37,0016c001f10c2ef6,7.6,2.9,4.7,0.0,7809,701,7108,9.0,0.36,0.48,0.48,420445389,2255857082,3086,11815,1.2,233.8,3.1,2.0,186,158,0,0,0,0,0,0.0,0,0,0,0,0,0
1150.4,2026-05-17T18:31:37,0016c001f10c2ef6,5.9,1.8,4.1,0.0,7809,703,7106,9.0,0.36,0.48,0.48,420449608,2255902121,4219,45039,1.2,233.8,3.1,2.0,186,158,0,0,0,0,0,0.0,0,0,0,0,0,0
1150.8,2026-05-17T18:31:38,0016c001f10c2ef6,6.4,1.7,4.6,0.0,7809,702,7107,9.0,0.36,0.48,0.48,420452594,2255913936,2986,11815,1.2,233.8,3.1,2.0,186,158,0,0,0,0,0,0.0,0,0,0,0,0,0
1151.3,2026-05-17T18:31:38,0016c001f10c2ef6,5.7,1.7,4.0,0.0,7809,702,7107,9.0,0.36,0.48,0.48,420455680,2255925751,3086,11815,1.2,233.8,3.1,2.0,186,158,0,0,0,0,0,0.0,0,0,0,0,0,0
1151.7,2026-05-17T18:31:39,0016c001f10c2ef6,5.7,2.9,2.9,0.0,7809,702,7107,9.0,0.33,0.47,0.48,420458838,2255937644,3158,11893,1.2,233.8,3.1,2.0,186,158,0,0,0,0,0,0.0,0,0,0,0,0,0
1152.1,2026-05-17T18:31:39,0016c001f10c2ef6,6.4,3.5,2.9,0.0,7809,702,7107,9.0,0.33,0.47,0.48,420461924,2255949459,3086,11815,1.2,233.8,3.1,2.0,186,158,0,0,0,0,0,0.0,0,0,0,0,0,0
1152.6,2026-05-17T18:31:40,0016c001f10c2ef6,10.6,4.0,6.5,0.0,7809,702,7107,9.0,0.33,0.47,0.48,420465939,2255994564,4015,45105,1.2,233.8,3.1,2.0,186,158,0,0,0,0,0,0.0,0,0,0,0,0,0
1153.0,2026-05-17T18:31:40,0016c001f10c2ef6,7.5,2.3,5.2,0.0,7809,702,7107,9.0,0.33,0.47,0.48,420469153,2256006535,3214,11971,1.2,233.8,3.1,2.0,186,158,0,0,0,0,0,0.0,0,0,0,0,0,0
1153.5,2026-05-17T18:31:41,0016c001f10c2ef6,6.3,2.9,3.4,0.0,7809,702,7107,9.0,0.33,0.47,0.48,420472239,2256018350,3086,11815,1.2,233.8,3.1,2.0,186,158,0,0,0,0,0,0.0,0,0,0,0,0,0
1153.9,2026-05-17T18:31:41,0016c001f10c2ef6,5.3,1.2,4.1,0.0,7809,702,7107,9.0,0.33,0.47,0.48,420475273,2256030165,3034,11815,1.2,233.8,3.1,2.0,186,158,0,0,0,0,0,0.0,0,0,0,0,0,0
1154.3,2026-05-17T18:31:41,0016c001f10c2ef6,5.8,2.3,3.5,0.0,7809,702,7107,9.0,0.33,0.47,0.48,420478820,2256041980,3547,11815,1.2,233.8,3.1,2.0,186,158,0,0,0,0,0,0.0,0,0,0,0,0,0
1154.7,2026-05-17T18:31:42,0016c001f10c2ef6,7.5,3.5,4.0,0.0,7809,702,7107,9.0,0.33,0.47,0.48,420482270,2256087085,3450,45105,1.2,233.8,3.1,2.0,186,158,0,0,0,0,0,0.0,0,0,0,0,0,0
1155.2,2026-05-17T18:31:42,0016c001f10c2ef6,9.1,4.0,5.1,0.0,7809,701,7108,9.0,0.33,0.47,0.48,420485304,2256098900,3034,11815,1.2,233.8,3.1,2.0,186,158,0,0,0,0,0,0.0,0,0,0,0,0,0
1155.6,2026-05-17T18:31:43,0016c001f10c2ef6,4.5,1.1,3.4,0.0,7809,701,7108,9.0,0.33,0.47,0.48,420488338,2256110715,3034,11815,1.2,233.8,3.1,2.0,186,158,0,0,0,0,0,0.0,0,0,0,0,0,0
1156.0,2026-05-17T18:31:43,0016c001f10c2ef6,5.8,2.3,3.5,0.0,7809,701,7108,9.0,0.33,0.47,0.48,420491372,2256122530,3034,11815,1.2,233.8,3.1,2.0,186,158,0,0,0,0,0,0.0,0,0,0,0,0,0
1156.5,2026-05-17T18:31:44,0016c001f10c2ef6,6.4,1.2,5.2,0.0,7809,701,7108,9.0,0.39,0.48,0.48,420495335,2256167569,3963,45039,1.2,233.8,3.1,2.0,186,158,0,0,0,0,0,0.0,0,0,0,0,0,0
1156.9,2026-05-17T18:31:44,0016c001f10c2ef6,7.2,2.2,5.0,0.0,7809,701,7108,9.0,0.39,0.48,0.48,420498541,2256179470,3206,11901,1.2,233.8,3.1,2.0,186,158,0,0,0,0,0,0.0,0,0,0,0,0,0
1157.3,2026-05-17T18:31:44,0016c001f10c2ef6,6.2,2.3,4.0,0.0,7809,703,7106,9.0,0.39,0.48,0.48,420501627,2256191285,3086,11815,1.2,233.8,3.1,2.0,186,158,0,0,0,0,0,0.0,0,0,0,0,0,0
1157.8,2026-05-17T18:31:45,0016c001f10c2ef6,11.7,5.1,6.1,0.5,7809,703,7106,9.0,0.39,0.48,0.48,420504717,2256204970,3090,13685,1.2,233.7,3.1,2.0,186,158,0,0,0,0,0,0.0,0,0,0,0,0,0
1158.3,2026-05-17T18:31:46,0016c001f10c2ef6,7.5,4.0,3.5,0.0,7809,703,7106,9.0,0.39,0.48,0.48,420508053,2256218771,3336,13801,1.2,233.8,3.1,2.0,186,158,0,0,0,0,0,0.0,0,0,0,0,0,0
1158.7,2026-05-17T18:31:47,0016c001f10c2ef6,6.9,2.9,4.0,0.0,7809,701,7108,9.0,0.39,0.48,0.48,420512020,2256263891,3967,45120,1.2,233.8,3.1,2.0,186,158,0,0,0,0,0,0.0,0,0,0,0,0,0
1159.1,2026-05-17T18:31:47,0016c001f10c2ef6,9.2,2.9,6.4,0.0,7809,702,7107,9.0,0.39,0.48,0.48,420515535,2256275706,3515,11815,1.2,233.8,3.1,2.0,186,158,0,0,0,0,0,0.0,0,0,0,0,0,0
1159.6,2026-05-17T18:31:48,0016c001f10c2ef6,18.6,2.3,16.3,0.0,7809,703,7106,9.0,0.39,0.48,0.48,420518621,2256287521,3086,11815,1.2,233.8,3.1,2.0,186,158,0,0,0,0,0,0.0,0,0,0,0,0,0
1160.0,2026-05-17T18:31:48,0016c001f10c2ef6,18.5,3.0,15.5,0.0,7809,703,7106,9.0,0.39,0.48,0.48,420521811,2256299336,3190,11815,1.2,233.8,3.1,2.0,186,158,0,0,0,0,0,0.0,0,0,0,0,0,0
1160.5,2026-05-17T18:31:48,0016c001f10c2ef6,19.5,1.7,17.8,0.0,7809,703,7106,9.0,0.39,0.48,0.48,420525826,2256344456,4015,45120,1.2,233.8,3.1,2.0,186,158,0,0,0,0,0,0.0,0,0,0,0,0,0
1160.9,2026-05-17T18:31:49,0016c001f10c2ef6,10.6,2.8,7.8,0.0,7809,703,7106,9.0,0.39,0.48,0.48,420528964,2256356271,3138,11815,1.2,233.8,3.1,2.0,186,158,0,0,0,0,0,0.0,0,0,0,0,0,0
1161.4,2026-05-17T18:31:49,0016c001f10c2ef6,6.3,2.3,4.0,0.0,7809,701,7108,9.0,0.36,0.47,0.48,420532102,2256368086,3138,11815,1.2,233.8,3.1,2.0,186,158,0,0,0,0,0,0.0,0,0,0,0,0,0
1161.8,2026-05-17T18:31:50,0016c001f10c2ef6,6.1,1.1,5.0,0.0,7809,701,7108,9.0,0.36,0.47,0.48,420535188,2256379901,3086,11815,1.2,233.8,3.1,2.0,186,158,0,0,0,0,0,0.0,0,0,0,0,0,0
1162.3,2026-05-17T18:31:50,0016c001f10c2ef6,7.0,2.3,4.7,0.0,7809,701,7108,9.0,0.36,0.47,0.48,420538274,2256391716,3086,11815,1.2,233.8,3.1,2.0,186,158,0,0,0,0,0,0.0,0,0,0,0,0,0
1162.7,2026-05-17T18:31:51,0016c001f10c2ef6,8.6,3.4,4.6,0.6,7809,701,7108,9.0,0.36,0.47,0.48,420542337,2256436836,4063,45120,1.2,233.8,3.1,2.0,186,158,0,0,0,0,0,0.0,0,0,0,0,0,0
1163.2,2026-05-17T18:31:51,0016c001f10c2ef6,11.1,4.5,6.6,0.0,7809,700,7109,9.0,0.36,0.47,0.48,420545475,2256448717,3138,11881,1.2,233.8,3.1,2.0,186,158,0,0,0,0,0,0.0,0,0,0,0,0,0
1163.7,2026-05-17T18:31:52,0016c001f10c2ef6,9.5,3.5,6.0,0.0,7809,702,7107,9.0,0.36,0.47,0.48,420548461,2256460598,2986,11881,1.2,233.6,3.1,2.0,189,161,3,3,0,0,0,0.0,0,0,0,0,0,0
1164.1,2026-05-17T18:31:52,0016c001f10c2ef6,6.3,1.7,4.6,0.0,7809,702,7107,9.0,0.36,0.47,0.48,420551699,2256472413,3238,11815,1.2,233.7,3.1,2.0,189,161,0,0,0,0,0,0.0,0,0,0,0,0,0
1164.6,2026-05-17T18:31:53,0016c001f10c2ef6,5.1,1.7,3.4,0.0,7809,702,7107,9.0,0.36,0.47,0.48,420555614,2256517533,3915,45120,1.2,233.7,3.1,2.0,189,161,0,0,0,0,0,0.0,0,0,0,0,0,0
1165.0,2026-05-17T18:31:53,0016c001f10c2ef6,6.9,2.9,4.0,0.0,7809,702,7107,9.0,0.36,0.47,0.48,420558700,2256529348,3086,11815,1.2,233.7,3.1,2.0,189,161,0,0,0,0,0,0.0,0,0,0,0,0,0
1165.4,2026-05-17T18:31:53,0016c001f10c2ef6,6.2,1.1,5.1,0.0,7809,701,7108,9.0,0.36,0.47,0.48,420561886,2256541163,3186,11815,1.2,233.7,3.1,2.0,189,161,0,0,0,0,0,0.0,0,0,0,0,0,0
1165.8,2026-05-17T18:31:54,0016c001f10c2ef6,6.7,1.7,5.1,0.0,7809,702,7107,9.0,0.36,0.47,0.48,420564872,2256552978,2986,11815,1.2,233.7,3.1,2.0,189,161,0,0,0,0,0,0.0,0,0,0,0,0,0
1166.3,2026-05-17T18:31:54,0016c001f10c2ef6,6.4,2.3,4.1,0.0,7809,701,7108,9.0,0.33,0.46,0.48,420567906,2256564793,3034,11815,1.2,233.7,3.1,2.0,189,161,0,0,0,0,0,0.0,0,0,0,0,0,0
1166.7,2026-05-17T18:31:55,0016c001f10c2ef6,7.0,2.3,4.7,0.0,7809,702,7107,9.0,0.33,0.46,0.48,420571817,2256609913,3911,45120,1.2,233.7,3.1,2.0,189,161,0,0,0,0,0,0.0,0,0,0,0,0,0
1167.1,2026-05-17T18:31:55,0016c001f10c2ef6,5.8,2.9,2.9,0.0,7809,702,7107,9.0,0.33,0.46,0.48,420574851,2256621728,3034,11815,1.2,233.7,3.1,2.0,189,161,0,0,0,0,0,0.0,0,0,0,0,0,0
1167.5,2026-05-17T18:31:56,0016c001f10c2ef6,5.6,1.7,3.9,0.0,7809,702,7107,9.0,0.33,0.46,0.48,420578009,2256633621,3158,11893,1.2,233.7,3.1,2.0,189,161,0,0,0,0,0,0.0,0,0,0,0,0,0
1168.0,2026-05-17T18:31:56,0016c001f10c2ef6,7.3,2.3,4.5,0.6,7809,701,7108,9.0,0.33,0.46,0.48,420581159,2256645546,3150,11925,1.2,233.7,3.1,2.0,189,161,0,0,0,0,0,0.0,0,0,0,0,0,0
1168.4,2026-05-17T18:31:56,0016c001f10c2ef6,6.1,1.7,4.4,0.0,7809,701,7108,9.0,0.33,0.46,0.48,420584449,2256657361,3290,11815,1.2,233.7,3.1,2.0,189,161,0,0,0,0,0,0.0,0,0,0,0,0,0
1168.9,2026-05-17T18:31:57,0016c001f10c2ef6,11.0,5.2,5.7,0.0,7809,701,7108,9.0,0.33,0.46,0.48,420589049,2256702547,4600,45186,1.2,233.7,3.1,2.0,189,161,0,0,0,0,0,0.0,0,0,0,0,0,0
1169.4,2026-05-17T18:31:57,0016c001f10c2ef6,9.0,3.0,6.0,0.0,7809,701,7108,9.0,0.33,0.46,0.48,420592291,2256714428,3242,11881,1.2,233.7,3.1,2.0,189,161,0,0,0,0,0,0.0,0,0,0,0,0,0
1169.9,2026-05-17T18:31:58,0016c001f10c2ef6,8.6,2.9,5.7,0.0,7809,702,7107,9.0,0.33,0.46,0.48,420595481,2256726309,3190,11881,1.2,233.7,3.1,2.0,189,161,0,0,0,0,0,0.0,0,0,0,0,0,0
1170.5,2026-05-17T18:31:58,0016c001f10c2ef6,8.3,2.9,5.3,0.0,7809,702,7107,9.0,0.33,0.46,0.48,420598519,2256738190,3038,11881,1.2,233.7,3.1,2.0,189,161,0,0,0,0,0,0.0,0,0,0,0,0,0
1170.9,2026-05-17T18:31:59,0016c001f10c2ef6,17.5,4.5,13.0,0.0,7809,702,7107,9.0,0.33,0.46,0.48,420602586,2256783310,4067,45120,1.2,233.7,3.1,2.0,189,161,0,0,0,0,0,0.0,0,0,0,0,0,0
1171.3,2026-05-17T18:31:59,0016c001f10c2ef6,18.8,2.3,16.5,0.0,7809,702,7107,9.0,0.38,0.47,0.48,420605568,2256795125,2982,11815,1.2,233.7,3.1,2.0,189,161,0,0,0,0,0,0.0,0,0,0,0,0,0
1171.7,2026-05-17T18:32:00,0016c001f10c2ef6,19.6,3.0,16.7,0.0,7809,702,7107,9.0,0.38,0.47,0.48,420608706,2256806940,3138,11815,1.2,233.7,3.1,2.0,189,161,0,0,0,0,0,0.0,0,0,0,0,0,0
1172.2,2026-05-17T18:32:00,0016c001f10c2ef6,17.0,2.3,14.6,0.0,7809,702,7107,9.0,0.38,0.47,0.48,420611740,2256818755,3034,11815,1.2,233.7,3.1,2.0,189,161,0,0,0,0,0,0.0,0,0,0,0,0,0
1172.6,2026-05-17T18:32:01,0016c001f10c2ef6,6.9,1.7,5.2,0.0,7809,702,7107,9.0,0.38,0.47,0.48,420615387,2256845462,3647,26707,1.2,233.7,3.1,2.0,189,161,0,0,0,0,0,0.0,0,0,0,0,0,0
1173.0,2026-05-17T18:32:01,0016c001f10c2ef6,7.6,2.9,4.7,0.0,7809,703,7106,9.0,0.38,0.47,0.48,420618737,2256875690,3350,30228,1.2,233.7,3.1,2.0,189,161,0,0,0,0,0,0.0,0,0,0,0,0,0
1173.5,2026-05-17T18:32:01,0016c001f10c2ef6,5.4,2.5,3.0,0.0,7809,703,7106,9.0,0.38,0.47,0.48,420621771,2256887505,3034,11815,1.2,233.7,3.1,2.0,189,161,0,0,0,0,0,0.0,0,0,0,0,0,0
1173.9,2026-05-17T18:32:02,0016c001f10c2ef6,6.3,2.3,4.0,0.0,7809,703,7106,9.0,0.38,0.47,0.48,420625061,2256899320,3290,11815,1.2,233.7,3.1,2.0,189,161,0,0,0,0,0,0.0,0,0,0,0,0,0
1174.3,2026-05-17T18:32:02,0016c001f10c2ef6,6.9,2.3,4.6,0.0,7809,702,7107,9.0,0.38,0.47,0.48,420628099,2256911135,3038,11815,1.2,233.7,3.1,2.0,189,161,0,0,0,0,0,0.0,0,0,0,0,0,0
1174.8,2026-05-17T18:32:03,0016c001f10c2ef6,6.3,1.7,4.6,0.0,7809,702,7107,9.0,0.38,0.47,0.48,420632114,2256956255,4015,45120,1.2,233.7,3.1,2.0,189,161,0,0,0,0,0,0.0,0,0,0,0,0,0
1175.2,2026-05-17T18:32:03,0016c001f10c2ef6,8.0,2.9,5.2,0.0,7809,703,7106,9.0,0.38,0.47,0.48,420635424,2256968148,3310,11893,1.2,233.7,3.1,2.0,189,161,0,0,0,0,0,0.0,0,0,0,0,0,0
1175.7,2026-05-17T18:32:04,0016c001f10c2ef6,9.7,4.3,5.3,0.0,7809,703,7106,9.0,0.38,0.47,0.48,420638410,2256980029,2986,11881,1.2,233.7,3.1,2.0,189,161,0,0,0,0,0,0.0,0,0,0,0,0,0
1176.1,2026-05-17T18:32:04,0016c001f10c2ef6,5.1,1.1,3.9,0.0,7809,702,7107,9.0,0.43,0.48,0.48,420641444,2256991844,3034,11815,1.2,233.7,3.1,2.0,189,161,0,0,0,0,0,0.0,0,0,0,0,0,0
1176.5,2026-05-17T18:32:04,0016c001f10c2ef6,5.8,1.8,4.1,0.0,7809,702,7107,9.0,0.43,0.48,0.48,420644578,2257003659,3134,11815,1.2,233.7,3.1,2.0,189,161,0,0,0,0,0,0.0,0,0,0,0,0,0
1177.0,2026-05-17T18:32:05,0016c001f10c2ef6,8.2,2.7,5.5,0.0,7809,702,7107,9.0,0.43,0.48,0.48,420648489,2257048779,3911,45120,1.2,233.7,3.1,2.0,189,161,0,0,0,0,0,0.0,0,0,0,0,0,0
1177.4,2026-05-17T18:32:05,0016c001f10c2ef6,7.3,2.8,4.5,0.0,7809,702,7107,9.0,0.43,0.48,0.48,420651579,2257060594,3090,11815,1.2,233.7,3.1,2.0,189,161,0,0,0,0,0,0.0,0,0,0,0,0,0
1177.8,2026-05-17T18:32:06,0016c001f10c2ef6,7.9,3.4,4.5,0.0,7809,702,7107,9.0,0.43,0.48,0.48,420654971,2257073957,3392,13363,1.2,233.7,3.1,2.0,189,161,0,0,0,0,0,0.0,0,0,0,0,0,0
1178.2,2026-05-17T18:32:06,0016c001f10c2ef6,5.5,2.2,3.3,0.0,7809,702,7107,9.0,0.43,0.48,0.48,420658109,2257085772,3138,11815,1.2,233.7,3.1,2.0,189,161,0,0,0,0,0,0.0,0,0,0,0,0,0
1178.7,2026-05-17T18:32:07,0016c001f10c2ef6,7.5,2.9,4.6,0.0,7809,703,7106,9.0,0.43,0.48,0.48,420662289,2257098308,4180,12536,1.2,233.7,3.1,2.0,189,161,0,0,0,0,0,0.0,0,0,0,0,0,0
1179.1,2026-05-17T18:32:07,0016c001f10c2ef6,7.7,2.8,4.4,0.6,7809,701,7108,9.0,0.43,0.48,0.48,420665841,2257143428,3552,45120,1.2,233.7,3.1,2.0,189,161,0,0,0,0,0,0.0,0,0,0,0,0,0
1179.5,2026-05-17T18:32:07,0016c001f10c2ef6,6.3,2.3,4.0,0.0,7809,701,7108,9.0,0.43,0.48,0.48,420669083,2257155243,3242,11815,1.2,233.7,3.1,2.0,189,161,0,0,0,0,0,0.0,0,0,0,0,0,0
1179.9,2026-05-17T18:32:08,0016c001f10c2ef6,7.2,1.7,5.6,0.0,7809,702,7107,9.0,0.43,0.48,0.48,420672169,2257167058,3086,11815,1.2,233.7,3.1,2.0,189,161,0,0,0,0,0,0.0,0,0,0,0,0,0
1180.4,2026-05-17T18:32:08,0016c001f10c2ef6,6.1,2.8,3.4,0.0,7809,702,7107,9.0,0.43,0.48,0.48,420675407,2257178873,3238,11815,1.2,233.7,3.1,2.0,189,161,0,0,0,0,0,0.0,0,0,0,0,0,0
1180.9,2026-05-17T18:32:09,0016c001f10c2ef6,9.7,3.6,6.1,0.0,7809,701,7108,9.0,0.64,0.52,0.5,420679474,2257224059,4067,45186,1.2,233.7,3.1,2.0,189,161,0,0,0,0,0,0.0,0,0,0,0,0,0
1181.4,2026-05-17T18:32:09,0016c001f10c2ef6,11.1,3.5,7.6,0.0,7809,701,7108,9.0,0.64,0.52,0.5,420682616,2257235940,3142,11881,1.2,233.7,3.1,2.0,189,161,0,0,0,0,0,0.0,0,0,0,0,0,0
1181.8,2026-05-17T18:32:10,0016c001f10c2ef6,6.6,2.7,3.8,0.0,7809,701,7108,9.0,0.64,0.52,0.5,420685702,2257247755,3086,11815,1.2,233.7,3.1,2.0,189,161,0,0,0,0,0,0.0,0,0,0,0,0,0
1182.2,2026-05-17T18:32:10,0016c001f10c2ef6,15.9,2.9,12.9,0.0,7809,703,7106,9.0,0.64,0.52,0.5,420689016,2257259726,3314,11971,1.2,233.7,3.1,2.0,189,161,0,0,0,0,0,0.0,0,0,0,0,0,0
1182.7,2026-05-17T18:32:11,0016c001f10c2ef6,18.5,1.7,16.8,0.0,7809,703,7106,9.0,0.64,0.52,0.5,420692074,2257271619,3058,11893,1.2,233.7,3.1,2.0,189,161,0,0,0,0,0,0.0,0,0,0,0,0,0
1183.1,2026-05-17T18:32:11,0016c001f10c2ef6,19.9,1.8,18.1,0.0,7809,703,7106,9.0,0.64,0.52,0.5,420696401,2257316739,4327,45120,1.2,233.7,3.1,2.0,189,161,0,0,0,0,0,0.0,0,0,0,0,0,0
1183.5,2026-05-17T18:32:11,0016c001f10c2ef6,16.9,2.9,14.0,0.0,7809,703,7106,9.0,0.64,0.52,0.5,420699487,2257328554,3086,11815,1.2,233.7,3.1,2.0,189,161,0,0,0,0,0,0.0,0,0,0,0,0,0
1184.0,2026-05-17T18:32:12,0016c001f10c2ef6,5.1,1.7,3.4,0.0,7809,702,7107,9.0,0.64,0.52,0.5,420702621,2257340369,3134,11815,1.2,233.7,3.1,2.0,189,161,0,0,0,0,0,0.0,0,0,0,0,0,0
1184.4,2026-05-17T18:32:12,0016c001f10c2ef6,8.4,3.9,4.5,0.0,7809,702,7107,9.0,0.64,0.52,0.5,420705811,2257352184,3190,11815,1.2,233.7,3.1,2.0,189,161,0,0,0,0,0,0.0,0,0,0,0,0,0
1184.8,2026-05-17T18:32:13,0016c001f10c2ef6,6.7,2.2,4.5,0.0,7809,702,7107,9.0,0.64,0.52,0.5,420709622,2257397304,3811,45120,1.2,233.7,3.1,2.0,189,161,0,0,0,0,0,0.0,0,0,0,0,0,0
1185.3,2026-05-17T18:32:13,0016c001f10c2ef6,8.0,2.9,5.2,0.0,7809,702,7107,9.0,0.64,0.52,0.5,420712708,2257409119,3086,11815,1.2,233.7,3.1,2.0,189,161,0,0,0,0,0,0.0,0,0,0,0,0,0
1185.7,2026-05-17T18:32:14,0016c001f10c2ef6,6.6,1.6,4.9,0.0,7809,702,7107,9.0,0.59,0.51,0.5,420715846,2257420934,3138,11815,1.2,233.7,3.1,2.0,189,161,0,0,0,0,0,0.0,0,0,0,0,0,0
1186.1,2026-05-17T18:32:14,0016c001f10c2ef6,5.1,1.7,3.4,0.0,7809,701,7108,9.0,0.59,0.51,0.5,420719032,2257432749,3186,11815,1.2,233.7,3.1,2.0,189,161,0,0,0,0,0,0.0,0,0,0,0,0,0
1186.6,2026-05-17T18:32:15,0016c001f10c2ef6,9.1,3.0,6.1,0.0,7809,702,7107,9.0,0.59,0.51,0.5,420722122,2257444630,3090,11881,1.2,233.7,3.1,2.0,189,161,0,0,0,0,0,0.0,0,0,0,0,0,0
1187.1,2026-05-17T18:32:15,0016c001f10c2ef6,10.3,4.4,5.9,0.0,7809,701,7108,9.0,0.59,0.51,0.5,420726289,2257489882,4167,45252,1.2,233.7,3.1,2.0,189,161,0,0,0,0,0,0.0,0,0,0,0,0,0
1187.6,2026-05-17T18:32:16,0016c001f10c2ef6,13.1,5.1,8.1,0.0,7809,701,7108,9.0,0.59,0.51,0.5,420729583,2257503556,3294,13674,1.2,233.7,3.1,2.0,189,161,0,0,0,0,0,0.0,0,0,0,0,0,0
1188.1,2026-05-17T18:32:16,0016c001f10c2ef6,10.9,4.5,5.9,0.5,7809,701,7108,9.0,0.59,0.51,0.5,420733202,2257515437,3619,11881,1.2,233.9,3.1,2.0,189,161,0,0,0,0,0,0.0,0,0,0,0,0,0
1188.6,2026-05-17T18:32:17,0016c001f10c2ef6,9.6,3.5,6.1,0.0,7809,701,7108,9.0,0.59,0.51,0.5,420736490,2257529308,3288,13871,1.2,233.9,3.1,2.0,189,161,0,0,0,0,0,0.0,0,0,0,0,0,0
1189.1,2026-05-17T18:32:17,0016c001f10c2ef6,8.8,3.6,5.2,0.0,7809,702,7107,9.0,0.59,0.51,0.5,420740661,2257574575,4171,45267,1.2,233.9,3.1,2.0,189,161,0,0,0,0,0,0.0,0,0,0,0,0,0
1189.6,2026-05-17T18:32:18,0016c001f10c2ef6,10.6,4.5,6.0,0.0,7809,702,7107,9.0,0.59,0.51,0.5,420743851,2257586456,3190,11881,1.2,233.9,3.1,2.0,189,161,0,0,0,0,0,0.0,0,0,0,0,0,0
1190.1,2026-05-17T18:32:18,0016c001f10c2ef6,11.7,4.6,5.6,1.5,7809,702,7107,9.0,0.59,0.51,0.5,420747093,2257598337,3242,11881,1.2,233.9,3.1,2.0,189,161,0,0,0,0,0,0.0,0,0,0,0,0,0
1190.6,2026-05-17T18:32:19,0016c001f10c2ef6,10.1,3.5,6.6,0.0,7809,703,7106,9.0,0.7,0.54,0.5,420750355,2257610296,3262,11959,1.2,233.9,3.1,2.0,189,161,0,0,0,0,0,0.0,0,0,0,0,0,0
1191.1,2026-05-17T18:32:20,0016c001f10c2ef6,9.6,4.5,5.1,0.0,7809,703,7106,9.0,0.7,0.54,0.5,420754526,2257655563,4171,45267,1.2,233.9,3.1,2.0,189,161,0,0,0,0,0,0.0,0,0,0,0,0,0
1191.6,2026-05-17T18:32:20,0016c001f10c2ef6,9.6,4.6,5.1,0.0,7809,703,7106,9.0,0.7,0.54,0.5,420757716,2257667510,3190,11947,1.2,233.9,3.1,2.0,189,161,0,0,0,0,0,0.0,0,0,0,0,0,0
1192.1,2026-05-17T18:32:21,0016c001f10c2ef6,9.0,4.0,5.0,0.0,7809,702,7107,9.0,0.7,0.54,0.5,420760854,2257679391,3138,11881,1.2,233.9,3.1,2.0,189,161,0,0,0,0,0,0.0,0,0,0,0,0,0
1192.6,2026-05-17T18:32:21,0016c001f10c2ef6,9.5,3.0,6.5,0.0,7809,702,7107,9.0,0.7,0.54,0.5,420763940,2257691272,3086,11881,1.2,233.9,3.1,2.0,189,161,0,0,0,0,0,0.0,0,0,0,0,0,0
1193.1,2026-05-17T18:32:22,0016c001f10c2ef6,10.4,3.5,7.0,0.0,7809,702,7107,9.0,0.7,0.54,0.5,420768007,2257736539,4067,45267,1.2,233.9,3.1,2.0,191,163,2,2,0,0,0,0.0,0,0,0,0,0,0
1193.7,2026-05-17T18:32:23,0016c001f10c2ef6,13.4,3.5,10.0,0.0,7809,702,7107,9.0,0.7,0.54,0.5,420770993,2257748420,2986,11881,1.2,233.9,3.1,2.0,191,163,0,0,0,0,0,0.0,0,0,0,0,0,0
1194.1,2026-05-17T18:32:23,0016c001f10c2ef6,19.3,2.3,17.0,0.0,7809,702,7107,9.0,0.7,0.54,0.5,420774079,2257760235,3086,11815,1.2,233.9,3.1,2.0,191,163,0,0,0,0,0,0.0,0,0,0,0,0,0
1194.5,2026-05-17T18:32:23,0016c001f10c2ef6,18.4,1.7,16.7,0.0,7809,702,7107,9.0,0.7,0.54,0.5,420777113,2257772050,3034,11815,1.2,233.9,3.1,2.0,191,163,0,0,0,0,0,0.0,0,0,0,0,0,0
1195.0,2026-05-17T18:32:24,0016c001f10c2ef6,19.6,2.4,17.3,0.0,7809,702,7107,9.0,0.7,0.54,0.5,420781180,2257817251,4067,45201,1.2,233.9,3.1,2.0,191,163,0,0,0,0,0,0.0,0,0,0,0,0,0
1195.4,2026-05-17T18:32:24,0016c001f10c2ef6,9.7,4.0,5.7,0.0,7809,702,7107,9.0,0.64,0.53,0.5,420784214,2257829066,3034,11815,1.2,233.9,3.1,2.0,191,163,0,0,0,0,0,0.0,0,0,0,0,0,0
1195.8,2026-05-17T18:32:25,0016c001f10c2ef6,5.9,2.4,3.5,0.0,7809,702,7107,9.0,0.64,0.53,0.5,420787372,2257840967,3158,11901,1.2,233.9,3.1,2.0,191,163,0,0,0,0,0,0.0,0,0,0,0,0,0
1196.2,2026-05-17T18:32:25,0016c001f10c2ef6,6.9,2.3,4.6,0.0,7809,701,7108,9.0,0.64,0.53,0.5,420790406,2257852782,3034,11815,1.2,234.0,3.1,2.0,191,163,0,0,0,0,0,0.0,0,0,0,0,0,0
1196.7,2026-05-17T18:32:26,0016c001f10c2ef6,6.3,2.3,4.0,0.0,7809,702,7107,9.0,0.64,0.53,0.5,420793440,2257864597,3034,11815,1.2,234.0,3.1,2.0,191,163,0,0,0,0,0,0.0,0,0,0,0,0,0
1197.1,2026-05-17T18:32:26,0016c001f10c2ef6,6.4,2.9,3.5,0.0,7809,702,7107,9.0,0.64,0.53,0.5,420797351,2257909864,3911,45267,1.2,234.0,3.1,2.0,191,163,0,0,0,0,0,0.0,0,0,0,0,0,0
1197.5,2026-05-17T18:32:26,0016c001f10c2ef6,8.3,2.8,5.6,0.0,7809,702,7107,9.0,0.64,0.53,0.5,420800489,2257921679,3138,11815,1.2,234.0,3.1,2.0,191,163,0,0,0,0,0,0.0,0,0,0,0,0,0
1198.0,2026-05-17T18:32:27,0016c001f10c2ef6,6.3,2.3,4.0,0.0,7809,702,7107,9.0,0.64,0.53,0.5,420804004,2257933494,3515,11815,1.2,234.0,3.1,2.0,191,163,0,0,0,0,0,0.0,0,0,0,0,0,0
1198.4,2026-05-17T18:32:27,0016c001f10c2ef6,6.1,2.8,3.3,0.0,7809,701,7108,9.0,0.64,0.53,0.5,420807142,2257945309,3138,11815,1.2,234.0,3.1,2.0,191,163,0,0,0,0,0,0.0,0,0,0,0,0,0
1198.9,2026-05-17T18:32:28,0016c001f10c2ef6,8.6,3.0,5.6,0.0,7809,703,7106,9.0,0.64,0.53,0.5,420810280,2257957190,3138,11881,1.2,234.0,3.1,2.0,191,163,0,0,0,0,0,0.0,0,0,0,0,0,0
1199.3,2026-05-17T18:32:28,0016c001f10c2ef6,6.7,3.4,3.4,0.0,7809,703,7106,9.0,0.64,0.53,0.5,420814243,2258002391,3963,45201,1.2,234.0,3.1,2.0,191,163,0,0,0,0,0,0.0,0,0,0,0,0,0
1199.7,2026-05-17T18:32:29,0016c001f10c2ef6,5.6,1.7,3.9,0.0,7809,703,7106,9.0,0.64,0.53,0.5,420817381,2258014206,3138,11815,1.2,234.0,3.1,2.0,191,163,0,0,0,0,0,0.0,0,0,0,0,0,0
1200.2,2026-05-17T18:32:29,0016c001f10c2ef6,5.6,2.2,3.3,0.0,7809,703,7106,9.0,0.59,0.52,0.5,420820467,2258026021,3086,11815,1.2,234.0,3.1,2.0,191,163,0,0,0,0,0,0.0,0,0,0,0,0,0
1200.6,2026-05-17T18:32:29,0016c001f10c2ef6,6.4,1.7,4.6,0.0,7809,702,7107,9.0,0.59,0.52,0.5,420823553,2258037836,3086,11815,1.2,234.0,3.1,2.0,191,163,0,0,0,0,0,0.0,0,0,0,0,0,0
1201.0,2026-05-17T18:32:30,0016c001f10c2ef6,6.1,1.7,4.4,0.0,7809,702,7107,9.0,0.59,0.52,0.5,420827464,2258083037,3911,45201,1.2,234.0,3.1,2.0,191,163,0,0,0,0,0,0.0,0,0,0,0,0,0
1201.4,2026-05-17T18:32:30,0016c001f10c2ef6,7.1,3.0,4.2,0.0,7809,703,7106,9.0,0.59,0.52,0.5,420830550,2258094852,3086,11815,1.2,234.0,3.1,2.0,191,163,0,0,0,0,0,0.0,0,0,0,0,0,0
1201.9,2026-05-17T18:32:31,0016c001f10c2ef6,5.1,2.2,2.8,0.0,7809,703,7106,9.0,0.59,0.52,0.5,420833636,2258106667,3086,11815,1.2,234.0,3.1,2.0,191,163,0,0,0,0,0,0.0,0,0,0,0,0,0
1202.3,2026-05-17T18:32:31,0016c001f10c2ef6,8.4,2.2,6.1,0.0,7809,702,7107,9.0,0.59,0.52,0.5,420836670,2258118482,3034,11815,1.2,234.0,3.1,2.0,191,163,0,0,0,0,0,0.0,0,0,0,0,0,0
1202.8,2026-05-17T18:32:32,0016c001f10c2ef6,6.0,1.1,4.9,0.0,7809,701,7108,9.0,0.59,0.52,0.5,420839756,2258130297,3086,11815,1.2,234.0,3.1,2.0,191,163,0,0,0,0,0,0.0,0,0,0,0,0,0
1203.2,2026-05-17T18:32:32,0016c001f10c2ef6,6.6,2.2,4.4,0.0,7809,702,7107,9.0,0.59,0.52,0.5,420843667,2258175498,3911,45201,1.2,234.0,3.1,2.0,191,163,0,0,0,0,0,0.0,0,0,0,0,0,0
1203.6,2026-05-17T18:32:32,0016c001f10c2ef6,5.2,1.7,3.4,0.0,7809,702,7107,9.0,0.59,0.52,0.5,420846905,2258187313,3238,11815,1.2,234.0,3.1,2.0,191,163,0,0,0,0,0,0.0,0,0,0,0,0,0
1204.1,2026-05-17T18:32:33,0016c001f10c2ef6,10.4,4.0,6.4,0.0,7809,703,7106,9.0,0.59,0.52,0.5,420850043,2258199194,3138,11881,1.2,234.0,3.1,2.0,191,163,0,0,0,0,0,0.0,0,0,0,0,0,0
1204.5,2026-05-17T18:32:33,0016c001f10c2ef6,4.5,1.1,3.4,0.0,7809,702,7107,9.0,0.59,0.52,0.5,420853029,2258211009,2986,11815,1.2,234.0,3.1,2.0,191,163,0,0,0,0,0,0.0,0,0,0,0,0,0
1205.0,2026-05-17T18:32:34,0016c001f10c2ef6,8.2,2.9,5.3,0.0,7809,702,7107,9.0,0.63,0.53,0.5,420856063,2258222824,3034,11815,1.2,234.0,3.1,2.0,191,163,0,0,0,0,0,0.0,0,0,0,0,0,0
1205.4,2026-05-17T18:32:34,0016c001f10c2ef6,21.3,3.6,17.8,0.0,7809,702,7107,9.0,0.63,0.53,0.5,420860126,2258268091,4063,45267,1.2,234.0,3.1,2.0,191,163,0,0,0,0,0,0.0,0,0,0,0,0,0
1205.8,2026-05-17T18:32:35,0016c001f10c2ef6,18.8,1.7,16.5,0.6,7809,702,7107,9.0,0.63,0.53,0.5,420863112,2258279906,2986,11815,1.2,234.0,3.1,2.0,191,163,0,0,0,0,0,0.0,0,0,0,0,0,0
1206.3,2026-05-17T18:32:35,0016c001f10c2ef6,18.7,1.8,17.0,0.0,7809,703,7106,9.0,0.63,0.53,0.5,420866322,2258291799,3210,11893,1.2,234.0,3.1,2.0,191,163,0,0,0,0,0,0.0,0,0,0,0,0,0
1206.7,2026-05-17T18:32:36,0016c001f10c2ef6,10.3,2.3,8.0,0.0,7809,702,7107,9.0,0.63,0.53,0.5,420869408,2258303614,3086,11815,1.2,234.0,3.1,2.0,191,163,0,0,0,0,0,0.0,0,0,0,0,0,0
1207.1,2026-05-17T18:32:36,0016c001f10c2ef6,5.2,2.3,2.9,0.0,7809,702,7107,9.0,0.63,0.53,0.5,420873471,2258348815,4063,45201,1.2,234.0,3.1,2.0,191,163,0,0,0,0,0,0.0,0,0,0,0,0,0
1207.5,2026-05-17T18:32:36,0016c001f10c2ef6,6.7,3.4,3.4,0.0,7809,703,7106,9.0,0.63,0.53,0.5,420876938,2258360630,3467,11815,1.2,234.0,3.1,2.0,191,163,0,0,0,0,0,0.0,0,0,0,0,0,0
1208.0,2026-05-17T18:32:37,0016c001f10c2ef6,6.2,1.7,4.5,0.0,7809,703,7106,9.0,0.63,0.53,0.5,420879972,2258372445,3034,11815,1.2,234.0,3.1,2.0,191,163,0,0,0,0,0,0.0,0,0,0,0,0,0
1208.4,2026-05-17T18:32:37,0016c001f10c2ef6,6.8,2.8,4.0,0.0,7809,703,7106,9.0,0.63,0.53,0.5,420883158,2258384260,3186,11815,1.2,234.0,3.1,2.0,191,163,0,0,0,0,0,0.0,0,0,0,0,0,0
1208.8,2026-05-17T18:32:38,0016c001f10c2ef6,5.6,2.3,3.4,0.0,7809,701,7108,9.0,0.63,0.53,0.5,420886348,2258396075,3190,11815,1.2,234.0,3.1,2.0,191,163,0,0,0,0,0,0.0,0,0,0,0,0,0
1209.3,2026-05-17T18:32:38,0016c001f10c2ef6,12.9,6.9,5.9,0.0,7809,701,7108,9.0,0.63,0.53,0.5,420890263,2258442025,3915,45950,1.2,234.0,3.1,2.0,191,163,0,0,0,0,0,0.0,0,0,0,0,0,0
1209.7,2026-05-17T18:32:39,0016c001f10c2ef6,4.6,1.2,3.5,0.0,7809,701,7108,9.0,0.58,0.52,0.5,420893495,2258455415,3232,13390,1.2,234.0,3.1,2.0,191,163,0,0,0,0,0,0.0,0,0,0,0,0,0
1210.2,2026-05-17T18:32:39,0016c001f10c2ef6,7.3,2.3,5.1,0.0,7809,701,7108,9.0,0.58,0.52,0.5,420896481,2258467230,2986,11815,1.2,234.0,3.1,2.0,191,163,0,0,0,0,0,0.0,0,0,0,0,0,0
1210.6,2026-05-17T18:32:39,0016c001f10c2ef6,5.7,1.7,4.0,0.0,7809,701,7108,9.0,0.58,0.52,0.5,420899619,2258479045,3138,11815,1.2,234.0,3.1,2.0,191,163,0,0,0,0,0,0.0,0,0,0,0,0,0
1211.0,2026-05-17T18:32:40,0016c001f10c2ef6,5.7,2.9,2.9,0.0,7809,701,7108,9.0,0.58,0.52,0.5,420902705,2258490860,3086,11815,1.2,234.0,3.1,2.0,191,163,0,0,0,0,0,0.0,0,0,0,0,0,0
1211.4,2026-05-17T18:32:40,0016c001f10c2ef6,7.0,2.3,4.7,0.0,7809,702,7107,9.0,0.58,0.52,0.5,420906848,2258536217,4143,45357,1.2,233.9,3.1,2.0,191,163,0,0,0,0,0,0.0,0,0,0,0,0,0
1211.9,2026-05-17T18:32:41,0016c001f10c2ef6,6.9,2.3,4.6,0.0,7809,702,7107,9.0,0.58,0.52,0.5,420909934,2258548032,3086,11815,1.2,233.9,3.1,2.0,191,163,0,0,0,0,0,0.0,0,0,0,0,0,0
1212.3,2026-05-17T18:32:41,0016c001f10c2ef6,6.2,2.2,3.9,0.0,7809,702,7107,9.0,0.58,0.52,0.5,420913020,2258559847,3086,11815,1.2,233.9,3.1,2.0,191,163,0,0,0,0,0,0.0,0,0,0,0,0,0
1212.7,2026-05-17T18:32:42,0016c001f10c2ef6,6.1,2.2,3.9,0.0,7809,701,7108,9.0,0.58,0.52,0.5,420916154,2258571662,3134,11815,1.2,233.9,3.1,2.0,191,163,0,0,0,0,0,0.0,0,0,0,0,0,0
1213.2,2026-05-17T18:32:42,0016c001f10c2ef6,7.4,3.4,4.0,0.0,7809,701,7108,9.0,0.58,0.52,0.5,420919753,2258583477,3599,11815,1.2,233.9,3.1,2.0,191,163,0,0,0,0,0,0.0,0,0,0,0,0,0
1213.6,2026-05-17T18:32:42,0016c001f10c2ef6,10.7,4.5,6.2,0.0,7809,701,7108,9.0,0.58,0.52,0.5,420923155,2258628678,3402,45201,1.2,233.9,3.1,2.0,191,163,0,0,0,0,0,0.0,0,0,0,0,0,0
1214.0,2026-05-17T18:32:43,0016c001f10c2ef6,6.4,1.7,4.6,0.0,7809,701,7108,9.0,0.58,0.52,0.5,420926465,2258640571,3310,11893,1.2,233.9,3.1,2.0,191,163,0,0,0,0,0,0.0,0,0,0,0,0,0
1214.5,2026-05-17T18:32:43,0016c001f10c2ef6,9.3,2.9,6.3,0.0,7809,701,7108,9.0,0.58,0.52,0.5,420929603,2258652452,3138,11881,1.2,233.9,3.1,2.0,191,163,0,0,0,0,0,0.0,0,0,0,0,0,0
1215.0,2026-05-17T18:32:44,0016c001f10c2ef6,9.3,2.4,6.8,0.0,7809,701,7108,9.0,0.69,0.54,0.51,420932589,2258664333,2986,11881,1.2,233.9,3.1,2.0,191,163,0,0,0,0,0,0.0,0,0,0,0,0,0
1215.5,2026-05-17T18:32:44,0016c001f10c2ef6,6.9,2.9,4.0,0.0,7809,701,7108,9.0,0.69,0.54,0.51,420936704,2258709534,4115,45201,1.2,233.9,3.1,2.0,191,163,0,0,0,0,0,0.0,0,0,0,0,0,0
1215.9,2026-05-17T18:32:45,0016c001f10c2ef6,6.9,1.7,4.6,0.6,7809,701,7108,9.0,0.69,0.54,0.51,420939690,2258721349,2986,11815,1.2,233.9,3.1,2.0,191,163,0,0,0,0,0,0.0,0,0,0,0,0,0
1216.3,2026-05-17T18:32:45,0016c001f10c2ef6,7.3,2.3,5.1,0.0,7809,702,7107,9.0,0.69,0.54,0.51,420942876,2258733164,3186,11815,1.2,233.9,3.1,2.0,191,163,0,0,0,0,0,0.0,0,0,0,0,0,0
1216.8,2026-05-17T18:32:46,0016c001f10c2ef6,18.8,1.8,17.1,0.0,7809,702,7107,9.0,0.69,0.54,0.51,420945862,2258744979,2986,11815,1.2,233.9,3.1,2.0,191,163,0,0,0,0,0,0.0,0,0,0,0,0,0
1217.2,2026-05-17T18:32:46,0016c001f10c2ef6,19.5,2.4,17.2,0.0,7809,703,7106,9.0,0.69,0.54,0.51,420949429,2258756794,3567,11815,1.2,233.9,3.1,2.0,191,163,0,0,0,0,0,0.0,0,0,0,0,0,0
1217.6,2026-05-17T18:32:46,0016c001f10c2ef6,20.2,4.0,16.2,0.0,7809,703,7106,9.0,0.69,0.54,0.51,420953496,2258801995,4067,45201,1.2,233.9,3.1,2.0,191,163,0,0,0,0,0,0.0,0,0,0,0,0,0
1218.1,2026-05-17T18:32:47,0016c001f10c2ef6,10.3,1.7,8.6,0.0,7809,703,7106,9.0,0.69,0.54,0.51,420956582,2258813810,3086,11815,1.2,233.9,3.1,2.0,191,163,0,0,0,0,0,0.0,0,0,0,0,0,0
1218.5,2026-05-17T18:32:47,0016c001f10c2ef6,6.9,2.3,4.6,0.0,7809,703,7106,9.0,0.69,0.54,0.51,420959720,2258825625,3138,11815,1.2,233.9,3.1,2.0,191,163,0,0,0,0,0,0.0,0,0,0,0,0,0
1218.9,2026-05-17T18:32:48,0016c001f10c2ef6,8.5,3.4,5.1,0.0,7809,701,7108,9.0,0.69,0.54,0.51,420963014,2258839916,3294,14291,1.2,233.9,3.1,2.0,191,163,0,0,0,0,0,0.0,0,0,0,0,0,0
1219.4,2026-05-17T18:32:48,0016c001f10c2ef6,7.7,4.1,3.6,0.0,7809,702,7107,9.0,0.69,0.54,0.51,420967025,2258885198,4011,45282,1.2,233.9,3.1,2.0,191,163,0,0,0,0,0,0.0,0,0,0,0,0,0
1219.8,2026-05-17T18:32:49,0016c001f10c2ef6,8.0,3.4,4.5,0.0,7809,702,7107,9.0,0.63,0.54,0.5,420970209,2258900566,3184,15368,1.2,233.9,3.1,2.0,191,163,0,0,0,0,0,0.0,0,0,0,0,0,0
1220.3,2026-05-17T18:32:49,0016c001f10c2ef6,10.1,4.5,5.5,0.0,7809,703,7106,9.0,0.63,0.54,0.5,420973451,2258912447,3242,11881,1.2,233.9,3.1,2.0,191,163,0,0,0,0,0,0.0,0,0,0,0,0,0
1220.8,2026-05-17T18:32:50,0016c001f10c2ef6,9.4,2.5,6.9,0.0,7809,703,7106,9.0,0.63,0.54,0.5,420976589,2258924328,3138,11881,1.2,233.9,3.1,2.0,191,163,0,0,0,0,0,0.0,0,0,0,0,0,0
1221.3,2026-05-17T18:32:50,0016c001f10c2ef6,10.3,3.4,6.4,0.5,7809,703,7106,9.0,0.63,0.54,0.5,420980760,2258969676,4171,45348,1.2,233.9,3.1,2.0,191,163,0,0,0,0,0,0.0,0,0,0,0,0,0
1221.8,2026-05-17T18:32:51,0016c001f10c2ef6,11.9,4.6,7.2,0.0,7809,703,7106,9.0,0.63,0.54,0.5,420984074,2258981635,3314,11959,1.2,233.9,3.1,2.0,194,166,3,3,0,0,0,0.0,0,0,0,0,0,0
1222.3,2026-05-17T18:32:51,0016c001f10c2ef6,9.5,3.0,6.5,0.0,7809,703,7106,9.0,0.63,0.54,0.5,420987060,2258993516,2986,11881,1.2,233.9,3.1,2.0,194,166,0,0,0,0,0,0.0,0,0,0,0,0,0
1222.7,2026-05-17T18:32:52,0016c001f10c2ef6,6.3,2.3,4.0,0.0,7809,702,7107,9.0,0.63,0.54,0.5,420990146,2259005331,3086,11815,1.2,233.9,3.1,2.0,194,166,0,0,0,0,0,0.0,0,0,0,0,0,0
1223.1,2026-05-17T18:32:53,0016c001f10c2ef6,5.2,1.2,4.1,0.0,7809,702,7107,9.0,0.63,0.54,0.5,420993180,2259017146,3034,11815,1.2,233.9,3.1,2.0,194,166,0,0,0,0,0,0.0,0,0,0,0,0,0
1223.6,2026-05-17T18:32:53,0016c001f10c2ef6,6.9,2.9,4.0,0.0,7809,701,7108,9.0,0.63,0.54,0.5,420997195,2259062428,4015,45282,1.2,233.9,3.1,2.0,194,166,0,0,0,0,0,0.0,0,0,0,0,0,0
1224.0,2026-05-17T18:32:54,0016c001f10c2ef6,6.7,2.2,4.4,0.0,7809,702,7107,9.0,0.63,0.54,0.5,421000281,2259074243,3086,11815,1.2,233.9,3.1,2.0,194,166,0,0,0,0,0,0.0,0,0,0,0,0,0
1224.5,2026-05-17T18:32:54,0016c001f10c2ef6,4.6,2.9,1.7,0.0,7809,702,7107,9.0,0.58,0.53,0.5,421003367,2259086058,3086,11815,1.2,233.8,3.1,2.0,194,166,0,0,0,0,0,0.0,0,0,0,0,0,0
1224.9,2026-05-17T18:32:55,0016c001f10c2ef6,6.9,2.9,4.0,0.0,7809,703,7106,9.0,0.58,0.53,0.5,421006401,2259097873,3034,11815,1.2,233.8,3.1,2.0,194,166,0,0,0,0,0,0.0,0,0,0,0,0,0
1225.4,2026-05-17T18:32:55,0016c001f10c2ef6,6.3,1.7,4.6,0.0,7809,702,7107,9.0,0.58,0.53,0.5,421010312,2259143155,3911,45282,1.2,233.8,3.1,2.0,194,166,0,0,0,0,0,0.0,0,0,0,0,0,0
1225.9,2026-05-17T18:32:56,0016c001f10c2ef6,7.0,2.0,5.0,0.0,7809,703,7106,9.0,0.58,0.53,0.5,421013346,2259154970,3034,11815,1.2,233.8,3.1,2.0,194,166,0,0,0,0,0,0.0,0,0,0,0,0,0
1226.3,2026-05-17T18:32:56,0016c001f10c2ef6,5.7,2.3,3.4,0.0,7809,703,7106,9.0,0.58,0.53,0.5,421016484,2259166785,3138,11815,1.2,233.8,3.1,2.0,194,166,0,0,0,0,0,0.0,0,0,0,0,0,0
1226.7,2026-05-17T18:32:56,0016c001f10c2ef6,6.8,2.8,4.0,0.0,7809,702,7107,9.0,0.58,0.53,0.5,421019674,2259178600,3190,11815,1.2,233.8,3.1,2.0,194,166,0,0,0,0,0,0.0,0,0,0,0,0,0
1227.2,2026-05-17T18:32:57,0016c001f10c2ef6,6.5,2.2,4.3,0.0,7809,702,7107,9.0,0.58,0.53,0.5,421023289,2259190415,3615,11815,1.2,233.8,3.1,2.0,194,166,0,0,0,0,0,0.0,0,0,0,0,0,0
1227.7,2026-05-17T18:32:57,0016c001f10c2ef6,10.7,5.4,5.4,0.0,7809,702,7107,9.0,0.58,0.53,0.5,421027100,2259235763,3811,45348,1.2,234.0,3.1,2.0,194,166,0,0,0,0,0,0.0,0,0,0,0,0,0
